family,src,target,w,h,L,p_H1,p_H2,slope_H1,slope_H2,t_H1,t_H2,found,rep
外部需求 → 日本,jp_exp,T1,1,1,0,0.0473,0.2254,0.3296,-0.1654,1.9834,-1.2123,False,False
外部需求 → 日本,jp_exp,T1,1,1,3,0.7603,0.047,0.0446,0.2372,0.3051,1.9864,False,False
外部需求 → 日本,jp_exp,T1,1,1,6,0.172,0.6814,0.1693,-0.0581,1.3659,-0.4106,False,False
外部需求 → 日本,jp_exp,T1,1,3,0,0.112,0.1909,0.5758,-0.2918,1.5893,-1.3079,False,False
外部需求 → 日本,jp_exp,T1,1,3,3,0.9965,0.2357,0.0012,0.2539,0.0044,1.1857,False,False
外部需求 → 日本,jp_exp,T1,1,3,6,0.6058,0.3791,0.1211,-0.1718,0.5161,-0.8795,False,False
外部需求 → 日本,jp_exp,T1,1,6,0,0.3238,0.7003,0.5614,0.107,0.9867,0.385,False,False
外部需求 → 日本,jp_exp,T1,1,6,3,0.7044,0.6638,0.1297,0.0998,0.3793,0.4346,False,False
外部需求 → 日本,jp_exp,T1,1,6,6,0.6672,0.4955,0.2017,0.1485,0.43,0.6816,False,False
外部需求 → 日本,jp_exp,T1,3,1,0,0.0493,0.3261,0.1375,-0.0805,1.966,-0.982,False,False
外部需求 → 日本,jp_exp,T1,3,1,3,0.9568,0.1948,-0.0031,0.0968,-0.0542,1.2965,False,False
外部需求 → 日本,jp_exp,T1,3,1,6,0.8346,0.2672,0.0128,-0.0714,0.2088,-1.1096,False,False
外部需求 → 日本,jp_exp,T1,3,3,0,0.3244,0.3429,0.215,0.1242,0.9855,0.9485,False,False
外部需求 → 日本,jp_exp,T1,3,3,3,0.9334,0.9084,0.0114,0.0198,0.0836,0.115,False,False
外部需求 → 日本,jp_exp,T1,3,3,6,0.8075,0.6571,0.0422,-0.049,0.2437,-0.444,False,False
外部需求 → 日本,jp_exp,T1,3,6,0,0.4587,0.3915,0.2163,0.1825,0.7411,0.857,False,False
外部需求 → 日本,jp_exp,T1,3,6,3,0.839,0.9114,0.0504,-0.0234,0.2032,-0.1113,False,False
外部需求 → 日本,jp_exp,T1,3,6,6,0.3842,0.1858,0.2195,0.195,0.8703,1.3233,False,False
外部需求 → 日本,jp_exp,T1,6,1,0,0.2344,0.7225,0.0586,0.0186,1.1892,0.3551,False,False
外部需求 → 日本,jp_exp,T1,6,1,3,0.8422,0.7299,0.0071,0.024,0.1991,0.3453,False,False
外部需求 → 日本,jp_exp,T1,6,1,6,0.6937,0.5137,0.0174,0.0248,0.3939,0.6531,False,False
外部需求 → 日本,jp_exp,T1,6,3,0,0.4277,0.5754,0.1033,0.0806,0.7932,0.5602,False,False
外部需求 → 日本,jp_exp,T1,6,3,3,0.8861,0.9384,0.0149,-0.0093,0.1432,-0.0772,False,False
外部需求 → 日本,jp_exp,T1,6,3,6,0.4321,0.1752,0.0883,0.1131,0.7856,1.3558,False,False
外部需求 → 日本,jp_exp,T1,6,6,0,0.5408,0.6572,0.1128,0.0945,0.6116,0.4438,False,False
外部需求 → 日本,jp_exp,T1,6,6,3,0.5995,0.5448,0.1008,0.0996,0.5252,0.6056,False,False
外部需求 → 日本,jp_exp,T1,6,6,6,0.707,0.0006,0.0618,0.3517,0.3759,3.4132,False,False
外部需求 → 日本,jp_exp,T10,1,1,0,0.1406,0.4107,-0.1353,0.1224,-1.4736,0.8227,False,False
外部需求 → 日本,jp_exp,T10,1,1,3,0.4316,0.2412,0.0941,-0.1698,0.7865,-1.172,False,False
外部需求 → 日本,jp_exp,T10,1,1,6,0.9504,0.7026,-0.0067,0.0494,-0.0622,0.3818,False,False
外部需求 → 日本,jp_exp,T10,1,3,0,0.6958,0.0633,-0.0872,0.4471,-0.391,1.8574,False,False
外部需求 → 日本,jp_exp,T10,1,3,3,0.9561,0.0716,0.0124,-0.4179,0.055,-1.8016,False,False
外部需求 → 日本,jp_exp,T10,1,3,6,0.1129,0.8572,-0.2573,0.0337,-1.5854,0.1799,False,False
外部需求 → 日本,jp_exp,T10,1,6,0,0.8558,0.5124,-0.0775,-0.1499,-0.1817,-0.6551,False,False
外部需求 → 日本,jp_exp,T10,1,6,3,0.3246,0.0928,-0.2498,-0.3552,-0.9851,-1.6809,False,False
外部需求 → 日本,jp_exp,T10,1,6,6,0.0164,0.765,-0.5933,0.076,-2.3995,0.299,False,False
外部需求 → 日本,jp_exp,T10,3,1,0,0.629,0.0515,-0.0245,0.1355,-0.4832,1.9469,False,False
外部需求 → 日本,jp_exp,T10,3,1,3,0.9939,0.0211,0.0004,-0.174,0.0076,-2.3055,False,False
外部需求 → 日本,jp_exp,T10,3,1,6,0.2351,0.8686,-0.0626,0.0097,-1.1874,0.1654,False,False
外部需求 → 日本,jp_exp,T10,3,3,0,0.9839,0.4064,0.0028,0.0854,0.0202,0.8303,False,False
外部需求 → 日本,jp_exp,T10,3,3,3,0.7022,0.0812,-0.0407,-0.2202,-0.3823,-1.7439,False,False
外部需求 → 日本,jp_exp,T10,3,3,6,0.0231,0.5916,-0.2317,-0.0594,-2.2713,-0.5365,False,False
外部需求 → 日本,jp_exp,T10,3,6,0,0.8753,0.1794,-0.0347,-0.1631,-0.1569,-1.3426,False,False
外部需求 → 日本,jp_exp,T10,3,6,3,0.022,0.0054,-0.2711,-0.2735,-2.2905,-2.78,False,False
外部需求 → 日本,jp_exp,T10,3,6,6,0.0053,0.6807,-0.3641,0.071,-2.7888,0.4115,False,False
外部需求 → 日本,jp_exp,T10,6,1,0,0.5256,0.7403,-0.0197,-0.0139,-0.6348,-0.3315,False,False
外部需求 → 日本,jp_exp,T10,6,1,3,0.1903,0.0833,-0.0308,-0.0826,-1.3097,-1.7319,False,False
外部需求 → 日本,jp_exp,T10,6,1,6,0.0587,0.967,-0.0515,0.002,-1.8903,0.0414,False,False
外部需求 → 日本,jp_exp,T10,6,3,0,0.7302,0.3089,-0.0307,-0.0665,-0.3448,-1.0174,False,False
外部需求 → 日本,jp_exp,T10,6,3,3,0.0411,0.0027,-0.1203,-0.1557,-2.043,-2.9959,False,False
外部需求 → 日本,jp_exp,T10,6,3,6,0.0097,0.6951,-0.1509,0.0349,-2.5876,0.392,False,False
外部需求 → 日本,jp_exp,T10,6,6,0,0.1443,0.0019,-0.149,-0.2364,-1.4601,-3.0987,False,False
外部需求 → 日本,jp_exp,T10,6,6,3,0.0085,0.3721,-0.2685,-0.1114,-2.632,-0.8925,False,False
外部需求 → 日本,jp_exp,T10,6,6,6,0.0294,0.9284,-0.1432,0.013,-2.1779,0.0899,False,False
外部需求 → 日本,jp_exp,T11,1,1,0,0.0448,0.5557,-0.2163,0.099,-2.0065,0.5892,False,False
外部需求 → 日本,jp_exp,T11,1,1,3,0.1511,0.2667,0.1634,-0.1498,1.4357,-1.1106,False,False
外部需求 → 日本,jp_exp,T11,1,1,6,0.8629,0.2048,0.016,-0.1647,0.1727,-1.268,False,False
外部需求 → 日本,jp_exp,T11,1,3,0,0.7165,0.0648,-0.0855,0.5033,-0.3631,1.8469,False,False
外部需求 → 日本,jp_exp,T11,1,3,3,0.2043,0.2388,0.1794,-0.2743,1.2694,-1.1779,False,False
外部需求 → 日本,jp_exp,T11,1,3,6,0.0101,0.3725,-0.3691,-0.1731,-2.5709,-0.8917,False,False
外部需求 → 日本,jp_exp,T11,1,6,0,0.7766,0.9903,0.0949,0.0029,0.2838,0.0121,False,False
外部需求 → 日本,jp_exp,T11,1,6,3,0.3569,0.0107,-0.1996,-0.4392,-0.9212,-2.552,False,False
外部需求 → 日本,jp_exp,T11,1,6,6,0.0123,0.8009,-0.6684,0.0429,-2.5034,0.2522,False,False
外部需求 → 日本,jp_exp,T11,3,1,0,0.744,0.0473,-0.0186,0.1719,-0.3266,1.9837,False,False
外部需求 → 日本,jp_exp,T11,3,1,3,0.4185,0.0419,0.0329,-0.1231,0.8091,-2.0349,False,False
外部需求 → 日本,jp_exp,T11,3,1,6,0.015,0.3853,-0.0898,-0.0619,-2.433,-0.8682,False,False
外部需求 → 日本,jp_exp,T11,3,3,0,0.4827,0.2085,0.0907,0.2099,0.702,1.2578,False,False
外部需求 → 日本,jp_exp,T11,3,3,3,0.9913,0.0251,0.0008,-0.2495,0.0109,-2.2394,False,False
外部需求 → 日本,jp_exp,T11,3,3,6,0.0003,0.93,-0.2937,0.0107,-3.5941,0.0879,True,False
外部需求 → 日本,jp_exp,T11,3,6,0,0.5876,0.4343,0.0968,-0.1419,0.5423,-0.7818,False,False
外部需求 → 日本,jp_exp,T11,3,6,3,0.0168,0.0266,-0.2938,-0.2509,-2.3918,-2.2174,False,False
外部需求 → 日本,jp_exp,T11,3,6,6,0.0121,0.1355,-0.3732,0.2127,-2.5104,1.4928,False,False
外部需求 → 日本,jp_exp,T11,6,1,0,0.982,0.6471,-0.0006,0.0298,-0.0226,0.4578,False,False
外部需求 → 日本,jp_exp,T11,6,1,3,0.1223,0.0904,-0.0247,-0.0948,-1.5452,-1.6935,False,False
外部需求 → 日本,jp_exp,T11,6,1,6,0.0124,0.953,-0.0628,0.0019,-2.4993,0.059,False,False
外部需求 → 日本,jp_exp,T11,6,3,0,0.6412,0.8681,0.0285,-0.0235,0.4661,-0.1661,False,False
外部需求 → 日本,jp_exp,T11,6,3,3,0.0058,0.1653,-0.1256,-0.1234,-2.76,-1.3876,False,False
外部需求 → 日本,jp_exp,T11,6,3,6,0.0187,0.1828,-0.155,0.0986,-2.3506,1.3323,False,False
外部需求 → 日本,jp_exp,T11,6,6,0,0.2117,0.1328,-0.0954,-0.2116,-1.2489,-1.5032,False,False
外部需求 → 日本,jp_exp,T11,6,6,3,0.0108,0.9274,-0.2832,-0.009,-2.5476,-0.0911,False,False
外部需求 → 日本,jp_exp,T11,6,6,6,0.0851,0.2675,-0.165,0.1381,-1.7219,1.1088,False,False
外部需求 → 日本,jp_exp,T13,1,1,0,0.458,0.0285,-0.0847,0.3182,-0.7421,2.1902,False,False
外部需求 → 日本,jp_exp,T13,1,1,3,0.6689,0.5709,0.0464,-0.076,0.4277,-0.5667,False,False
外部需求 → 日本,jp_exp,T13,1,1,6,0.6021,0.2757,-0.0484,-0.1698,-0.5214,-1.09,False,False
外部需求 → 日本,jp_exp,T13,1,3,0,0.7247,0.0084,0.0884,0.8071,0.3522,2.6361,False,False
外部需求 → 日本,jp_exp,T13,1,3,3,0.3449,0.2547,0.1421,-0.3163,0.9445,-1.139,False,False
外部需求 → 日本,jp_exp,T13,1,3,6,0.0446,0.1841,-0.2988,-0.3254,-2.0083,-1.3284,False,False
外部需求 → 日本,jp_exp,T13,1,6,0,0.4834,0.1287,0.2171,0.5686,0.7009,1.5192,False,False
外部需求 → 日本,jp_exp,T13,1,6,3,0.4532,0.0837,-0.159,-0.6348,-0.7501,-1.7293,False,False
外部需求 → 日本,jp_exp,T13,1,6,6,0.1229,0.5007,-0.2994,-0.1907,-1.5429,-0.6733,False,False
外部需求 → 日本,jp_exp,T13,3,1,0,0.8038,0.0006,0.0174,0.262,0.2484,3.4238,False,False
外部需求 → 日本,jp_exp,T13,3,1,3,0.3015,0.1684,0.0382,-0.1411,1.0333,-1.3775,False,False
外部需求 → 日本,jp_exp,T13,3,1,6,0.1188,0.0594,-0.0593,-0.1154,-1.5597,-1.8851,False,False
外部需求 → 日本,jp_exp,T13,3,3,0,0.4233,0.0421,0.1214,0.4125,0.8007,2.0329,False,False
外部需求 → 日本,jp_exp,T13,3,3,3,0.5223,0.033,0.0551,-0.4373,0.6398,-2.1326,False,False
外部需求 → 日本,jp_exp,T13,3,3,6,0.0176,0.498,-0.1796,-0.1029,-2.3744,-0.6776,False,False
外部需求 → 日本,jp_exp,T13,3,6,0,0.3582,0.7833,0.1651,0.0531,0.9189,0.2751,False,False
外部需求 → 日本,jp_exp,T13,3,6,3,0.2474,0.0555,-0.1253,-0.54,-1.1568,-1.9152,False,False
外部需求 → 日本,jp_exp,T13,3,6,6,0.635,0.5471,-0.0579,-0.1107,-0.4747,-0.6021,False,False
外部需求 → 日本,jp_exp,T13,6,1,0,0.5685,0.1146,0.0213,0.0703,0.5703,1.5777,False,False
外部需求 → 日本,jp_exp,T13,6,1,3,0.8119,0.0021,-0.0053,-0.1547,-0.238,-3.08,False,False
外部需求 → 日本,jp_exp,T13,6,1,6,0.3137,0.3812,-0.0207,-0.0448,-1.0074,-0.8757,False,False
外部需求 → 日本,jp_exp,T13,6,3,0,0.3512,0.7926,0.0742,-0.0291,0.9323,-0.2629,False,False
外部需求 → 日本,jp_exp,T13,6,3,3,0.4244,0.0244,-0.041,-0.34,-0.7988,-2.2515,False,False
外部需求 → 日本,jp_exp,T13,6,3,6,0.6683,0.611,-0.0245,-0.0613,-0.4284,-0.5087,False,False
外部需求 → 日本,jp_exp,T13,6,6,0,0.7454,0.0352,0.0279,-0.3332,0.3247,-2.1057,False,False
外部需求 → 日本,jp_exp,T13,6,6,3,0.3551,0.0603,-0.0652,-0.4131,-0.9247,-1.8784,False,False
外部需求 → 日本,jp_exp,T13,6,6,6,0.2032,0.4552,0.1229,0.178,1.2725,0.7469,False,False
外部需求 → 日本,jp_exp,T2,1,1,0,0.0273,0.7166,0.2565,-0.0445,2.2075,-0.363,False,False
外部需求 → 日本,jp_exp,T2,1,1,3,0.5073,0.314,0.0862,-0.0935,0.6631,-1.0068,False,False
外部需求 → 日本,jp_exp,T2,1,1,6,0.8002,0.6,-0.0243,0.0672,-0.2531,0.5244,False,False
外部需求 → 日本,jp_exp,T2,1,3,0,0.0655,0.2248,0.6366,-0.248,1.8418,-1.2138,False,False
外部需求 → 日本,jp_exp,T2,1,3,3,0.9753,0.2806,-0.0069,-0.1761,-0.031,-1.0789,False,False
外部需求 → 日本,jp_exp,T2,1,3,6,0.4748,0.7387,0.1959,0.0818,0.7147,0.3336,False,False
外部需求 → 日本,jp_exp,T2,1,6,0,0.2358,0.1664,0.6555,-0.3711,1.1855,-1.3839,False,False
外部需求 → 日本,jp_exp,T2,1,6,3,0.4728,0.7361,0.2001,-0.1071,0.718,-0.337,False,False
外部需求 → 日本,jp_exp,T2,1,6,6,0.1448,0.9005,0.6111,-0.0489,1.4581,-0.1251,False,False
外部需求 → 日本,jp_exp,T2,3,1,0,0.0076,0.2983,0.1641,-0.0871,2.671,-1.0401,False,False
外部需求 → 日本,jp_exp,T2,3,1,3,0.9829,0.2011,-0.0011,-0.0581,-0.0214,-1.2786,False,False
外部需求 → 日本,jp_exp,T2,3,1,6,0.6073,0.6863,0.037,0.0292,0.514,0.4039,False,False
外部需求 → 日本,jp_exp,T2,3,3,0,0.0633,0.032,0.3399,-0.3305,1.8574,-2.1444,False,False
外部需求 → 日本,jp_exp,T2,3,3,3,0.4594,0.6416,-0.0808,-0.0687,-0.7398,-0.4655,False,False
外部需求 → 日本,jp_exp,T2,3,3,6,0.2489,0.8789,0.2373,0.0274,1.1531,0.1523,False,False
外部需求 → 日本,jp_exp,T2,3,6,0,0.2096,0.0936,0.2779,-0.3664,1.2547,-1.6766,False,False
外部需求 → 日本,jp_exp,T2,3,6,3,0.5436,0.8905,0.1642,-0.0374,0.6074,-0.1377,False,False
外部需求 → 日本,jp_exp,T2,3,6,6,0.1345,0.8576,0.3757,-0.049,1.4965,-0.1794,False,False
外部需求 → 日本,jp_exp,T2,6,1,0,0.1017,0.0561,0.0709,-0.088,1.6369,-1.9103,False,False
外部需求 → 日本,jp_exp,T2,6,1,3,0.6955,0.6087,0.015,-0.0202,0.3913,-0.5119,False,False
外部需求 → 日本,jp_exp,T2,6,1,6,0.3446,0.9661,0.0464,0.0026,0.9451,0.0425,False,False
外部需求 → 日本,jp_exp,T2,6,3,0,0.2866,0.0053,0.1207,-0.235,1.0657,-2.7898,False,False
外部需求 → 日本,jp_exp,T2,6,3,3,0.6395,0.8547,0.0574,-0.0221,0.4685,-0.1832,False,False
外部需求 → 日本,jp_exp,T2,6,3,6,0.2002,0.8822,0.1502,-0.0219,1.2811,-0.1481,False,False
外部需求 → 日本,jp_exp,T2,6,6,0,0.1992,0.1728,0.1894,-0.2362,1.2838,-1.3634,False,False
外部需求 → 日本,jp_exp,T2,6,6,3,0.3452,0.8151,0.2116,-0.0532,0.9439,-0.2338,False,False
外部需求 → 日本,jp_exp,T2,6,6,6,0.5381,0.4469,0.0765,0.135,0.6156,0.7605,False,False
外部需求 → 日本,jp_exp,T3,1,1,0,0.002,0.0067,-0.2719,0.477,-3.0963,2.7131,True,False
外部需求 → 日本,jp_exp,T3,1,1,3,0.6634,0.0125,-0.0444,-0.3542,-0.4352,-2.4972,False,False
外部需求 → 日本,jp_exp,T3,1,1,6,0.71,0.4446,-0.0302,-0.1172,-0.3719,-0.7644,False,False
外部需求 → 日本,jp_exp,T3,1,3,0,0.2974,0.0009,-0.2443,0.8884,-1.0421,3.3196,False,False
外部需求 → 日本,jp_exp,T3,1,3,3,0.3633,0.0094,0.1747,-0.6057,0.909,-2.5956,False,False
外部需求 → 日本,jp_exp,T3,1,3,6,0.3205,0.2827,-0.1608,-0.2664,-0.9935,-1.0743,False,False
外部需求 → 日本,jp_exp,T3,1,6,0,0.8999,0.6163,-0.0426,0.1518,-0.1258,0.5011,False,False
外部需求 → 日本,jp_exp,T3,1,6,3,0.7705,0.0005,0.0396,-0.8448,0.2917,-3.4833,False,False
外部需求 → 日本,jp_exp,T3,1,6,6,0.0019,0.4669,-0.5162,0.2703,-3.1037,0.7276,True,False
外部需求 → 日本,jp_exp,T3,3,1,0,0.089,0.0018,-0.0761,0.3141,-1.7006,3.1281,False,False
外部需求 → 日本,jp_exp,T3,3,1,3,0.4122,0.0042,0.0396,-0.2136,0.82,-2.8649,False,False
外部需求 → 日本,jp_exp,T3,3,1,6,0.3039,0.3386,-0.0432,-0.0637,-1.0282,-0.957,False,False
外部需求 → 日本,jp_exp,T3,3,3,0,0.7038,0.1076,-0.0618,0.241,-0.3801,1.6092,False,False
外部需求 → 日本,jp_exp,T3,3,3,3,0.0956,0.0005,0.1144,-0.4464,1.6665,-3.4815,False,False
外部需求 → 日本,jp_exp,T3,3,3,6,0.0192,0.917,-0.192,0.014,-2.3419,0.1042,False,False
外部需求 → 日本,jp_exp,T3,3,6,0,0.7561,0.3105,0.0578,-0.1997,0.3106,-1.0141,False,False
外部需求 → 日本,jp_exp,T3,3,6,3,0.3295,0.0081,-0.0679,-0.4374,-0.9752,-2.6488,False,False
外部需求 → 日本,jp_exp,T3,3,6,6,0.0025,0.7429,-0.3698,0.0937,-3.0282,0.328,True,False
外部需求 → 日本,jp_exp,T3,6,1,0,0.6184,0.4046,-0.0178,0.0508,-0.4981,0.8335,False,False
外部需求 → 日本,jp_exp,T3,6,1,3,0.8873,0.0078,-0.0026,-0.154,-0.1418,-2.66,False,False
外部需求 → 日本,jp_exp,T3,6,1,6,0.0305,0.4386,-0.0494,0.0461,-2.1633,0.7745,False,False
外部需求 → 日本,jp_exp,T3,6,3,0,0.9082,0.327,0.0106,-0.1119,0.1153,-0.9801,False,False
外部需求 → 日本,jp_exp,T3,6,3,3,0.4203,0.0083,-0.0337,-0.2409,-0.8058,-2.6407,False,False
外部需求 → 日本,jp_exp,T3,6,3,6,0.009,0.8053,-0.1522,0.0331,-2.6102,0.2465,False,False
外部需求 → 日本,jp_exp,T3,6,6,0,0.8044,0.0341,-0.0171,-0.3578,-0.2476,-2.1185,False,False
外部需求 → 日本,jp_exp,T3,6,6,3,0.015,0.2753,-0.1816,-0.1961,-2.4317,-1.0908,False,False
外部需求 → 日本,jp_exp,T3,6,6,6,0.0349,0.9268,-0.1919,-0.0181,-2.1093,-0.0918,False,False
外部需求 → 日本,jp_exp,T4,1,1,0,0.8825,0.3958,-0.018,0.0758,-0.1478,0.8491,False,False
外部需求 → 日本,jp_exp,T4,1,1,3,0.8744,0.2182,-0.0122,-0.0866,-0.158,-1.2314,False,False
外部需求 → 日本,jp_exp,T4,1,1,6,0.0975,0.0309,0.1096,-0.1646,1.6572,-2.1584,False,False
外部需求 → 日本,jp_exp,T4,1,3,0,0.4883,0.0021,0.1661,0.4122,0.6931,3.0784,False,False
外部需求 → 日本,jp_exp,T4,1,3,3,0.884,0.181,0.0235,-0.2169,0.1459,-1.3376,False,False
外部需求 → 日本,jp_exp,T4,1,3,6,0.9705,0.2179,0.0042,-0.1473,0.037,-1.2321,False,False
外部需求 → 日本,jp_exp,T4,1,6,0,0.5397,0.5509,0.192,0.1126,0.6133,0.5964,False,False
外部需求 → 日本,jp_exp,T4,1,6,3,0.8925,0.0056,0.0267,-0.3484,0.1352,-2.7684,False,False
外部需求 → 日本,jp_exp,T4,1,6,6,0.0382,0.5679,-0.4121,-0.0763,-2.0724,-0.5712,False,False
外部需求 → 日本,jp_exp,T4,3,1,0,0.5813,0.0041,0.0356,0.138,0.5516,2.8721,False,False
外部需求 → 日本,jp_exp,T4,3,1,3,0.8507,0.0732,0.0072,-0.0868,0.1883,-1.7914,False,False
外部需求 → 日本,jp_exp,T4,3,1,6,0.8254,0.2524,0.0062,-0.0518,0.2205,-1.1444,False,False
外部需求 → 日本,jp_exp,T4,3,3,0,0.6215,0.0208,0.07,0.1845,0.4938,2.312,False,False
外部需求 → 日本,jp_exp,T4,3,3,3,0.3024,0.0388,0.0989,-0.2406,1.0314,-2.0663,False,False
外部需求 → 日本,jp_exp,T4,3,3,6,0.0401,0.2082,-0.1517,-0.0788,-2.0525,-1.2586,False,False
外部需求 → 日本,jp_exp,T4,3,6,0,0.3717,0.5616,0.1693,-0.0725,0.8932,-0.5805,False,False
外部需求 → 日本,jp_exp,T4,3,6,3,0.5822,0.0041,-0.0535,-0.3182,-0.5502,-2.8674,False,False
外部需求 → 日本,jp_exp,T4,3,6,6,0.0241,0.7809,-0.3203,-0.0299,-2.256,-0.2782,False,False
外部需求 → 日本,jp_exp,T4,6,1,0,0.803,0.2748,0.0087,0.03,0.2494,1.092,False,False
外部需求 → 日本,jp_exp,T4,6,1,3,0.726,0.0624,0.0072,-0.0794,0.3505,-1.8632,False,False
外部需求 → 日本,jp_exp,T4,6,1,6,0.1033,0.2232,-0.0387,-0.0237,-1.629,-1.2181,False,False
外部需求 → 日本,jp_exp,T4,6,3,0,0.5199,0.5481,0.0556,-0.0307,0.6434,-0.6006,False,False
外部需求 → 日本,jp_exp,T4,6,3,3,0.6642,0.0208,-0.0173,-0.1886,-0.4342,-2.3113,False,False
外部需求 → 日本,jp_exp,T4,6,3,6,0.0384,0.7306,-0.1387,-0.0183,-2.0702,-0.3444,False,False
外部需求 → 日本,jp_exp,T4,6,6,0,0.6701,0.025,0.038,-0.2303,0.426,-2.2409,False,False
外部需求 → 日本,jp_exp,T4,6,6,3,0.0552,0.0293,-0.1574,-0.2031,-1.9174,-2.1794,False,False
外部需求 → 日本,jp_exp,T4,6,6,6,0.2267,0.5115,-0.1435,-0.0494,-1.2089,-0.6565,False,False
外部需求 → 日本,jp_exp,T5,1,1,0,0.4221,0.889,0.0672,0.0139,0.8028,0.1396,False,False
外部需求 → 日本,jp_exp,T5,1,1,3,0.5449,0.4487,0.0519,-0.0848,0.6055,-0.7576,False,False
外部需求 → 日本,jp_exp,T5,1,1,6,0.3159,0.8249,-0.0701,0.0208,-1.0028,0.2213,False,False
外部需求 → 日本,jp_exp,T5,1,3,0,0.0778,0.6843,0.232,0.084,1.7633,0.4066,False,False
外部需求 → 日本,jp_exp,T5,1,3,3,0.7637,0.4199,0.0434,0.117,0.3006,0.8066,False,False
外部需求 → 日本,jp_exp,T5,1,3,6,0.8378,0.853,0.0241,-0.0286,0.2047,-0.1853,False,False
外部需求 → 日本,jp_exp,T5,1,6,0,0.2444,0.5976,0.2937,0.1185,1.1642,0.5278,False,False
外部需求 → 日本,jp_exp,T5,1,6,3,0.6291,0.483,0.1009,0.117,0.483,0.7015,False,False
外部需求 → 日本,jp_exp,T5,1,6,6,0.6052,0.912,0.0966,-0.0184,0.517,-0.1105,False,False
外部需求 → 日本,jp_exp,T5,3,1,0,0.0967,0.8216,0.0551,0.0132,1.6608,0.2255,False,False
外部需求 → 日本,jp_exp,T5,3,1,3,0.6565,0.6792,0.0148,0.02,0.4447,0.4136,False,False
外部需求 → 日本,jp_exp,T5,3,1,6,0.9871,0.8937,-0.0005,0.0063,-0.0161,0.1336,False,False
外部需求 → 日本,jp_exp,T5,3,3,0,0.1447,0.702,0.1193,-0.0545,1.4587,-0.3827,False,False
外部需求 → 日本,jp_exp,T5,3,3,3,0.8872,0.0737,0.0118,0.1498,0.1419,1.7883,False,False
外部需求 → 日本,jp_exp,T5,3,3,6,0.625,0.5786,0.0368,0.0526,0.4888,0.5554,False,False
外部需求 → 日本,jp_exp,T5,3,6,0,0.3787,0.6084,0.1419,0.0841,0.8803,0.5123,False,False
外部需求 → 日本,jp_exp,T5,3,6,3,0.6651,0.1049,0.0547,0.2075,0.433,1.6215,False,False
外部需求 → 日本,jp_exp,T5,3,6,6,0.748,0.5168,0.0412,-0.0777,0.3213,-0.6483,False,False
外部需求 → 日本,jp_exp,T5,6,1,0,0.1243,0.6114,0.0325,0.0222,1.537,0.5081,False,False
外部需求 → 日本,jp_exp,T5,6,1,3,0.7536,0.599,0.0069,0.0179,0.3139,0.5258,False,False
外部需求 → 日本,jp_exp,T5,6,1,6,0.5567,0.9588,0.0114,0.0019,0.5877,0.0517,False,False
外部需求 → 日本,jp_exp,T5,6,3,0,0.3321,0.5919,0.0633,0.0472,0.9699,0.5361,False,False
外部需求 → 日本,jp_exp,T5,6,3,3,0.7426,0.0655,0.0158,0.1256,0.3284,1.8419,False,False
外部需求 → 日本,jp_exp,T5,6,3,6,0.6644,0.5821,0.0226,-0.0492,0.4339,-0.5503,False,False
外部需求 → 日本,jp_exp,T5,6,6,0,0.4473,0.1925,0.086,0.1708,0.76,1.3031,False,False
外部需求 → 日本,jp_exp,T5,6,6,3,0.6946,0.5669,0.038,0.0788,0.3927,0.5727,False,False
外部需求 → 日本,jp_exp,T5,6,6,6,0.7855,0.1173,-0.0246,-0.1712,-0.2721,-1.566,False,False
外部需求 → 日本,jp_exp,T6,1,1,0,0.3265,0.5806,0.1022,0.0503,0.9812,0.5525,False,False
外部需求 → 日本,jp_exp,T6,1,1,3,0.7095,0.3975,0.0414,-0.0814,0.3726,-0.8461,False,False
外部需求 → 日本,jp_exp,T6,1,1,6,0.2983,0.7699,-0.1028,0.0254,-1.0401,0.2925,False,False
外部需求 → 日本,jp_exp,T6,1,3,0,0.232,0.6672,0.3262,0.0649,1.1952,0.43,False,False
外部需求 → 日本,jp_exp,T6,1,3,3,0.9326,0.8272,0.0177,0.0264,0.0846,0.2183,False,False
外部需求 → 日本,jp_exp,T6,1,3,6,0.9095,0.7356,-0.0195,-0.0409,-0.1136,-0.3377,False,False
外部需求 → 日本,jp_exp,T6,1,6,0,0.4546,0.8269,0.3692,0.041,0.7477,0.2187,False,False
外部需求 → 日本,jp_exp,T6,1,6,3,0.9998,0.9982,0.0001,-0.0003,0.0003,-0.0022,False,False
外部需求 → 日本,jp_exp,T6,1,6,6,0.2272,0.8668,0.3764,-0.0335,1.2075,-0.1677,False,False
外部需求 → 日本,jp_exp,T6,3,1,0,0.2442,0.6967,0.0742,0.0183,1.1646,0.3898,False,False
外部需求 → 日本,jp_exp,T6,3,1,3,0.8212,0.519,0.0101,-0.0326,0.226,-0.6449,False,False
外部需求 → 日本,jp_exp,T6,3,1,6,0.8329,0.9155,-0.0073,0.0045,-0.211,0.1061,False,False
外部需求 → 日本,jp_exp,T6,3,3,0,0.3388,0.9221,0.1666,-0.0129,0.9566,-0.0978,False,False
外部需求 → 日本,jp_exp,T6,3,3,3,0.8511,0.5403,-0.0236,0.0487,-0.1877,0.6124,False,False
外部需求 → 日本,jp_exp,T6,3,3,6,0.3018,0.7043,0.0915,-0.0311,1.0325,-0.3795,False,False
外部需求 → 日本,jp_exp,T6,3,6,0,0.5821,0.7179,0.1563,0.0563,0.5503,0.3612,False,False
外部需求 → 日本,jp_exp,T6,3,6,3,0.7136,0.8963,0.0738,0.0188,0.367,0.1304,False,False
外部需求 → 日本,jp_exp,T6,3,6,6,0.0759,0.4777,0.3309,-0.1108,1.7748,-0.71,False,False
外部需求 → 日本,jp_exp,T6,6,1,0,0.3267,0.9083,0.0439,0.0042,0.9807,0.1152,False,False
外部需求 → 日本,jp_exp,T6,6,1,3,0.8152,0.6977,0.0069,-0.0122,0.2338,-0.3884,False,False
外部需求 → 日本,jp_exp,T6,6,1,6,0.1521,0.7749,0.035,0.0102,1.4323,0.2859,False,False
外部需求 → 日本,jp_exp,T6,6,3,0,0.5054,0.8878,0.0769,0.0137,0.666,0.1411,False,False
外部需求 → 日本,jp_exp,T6,6,3,3,0.6581,0.8206,0.0311,0.0162,0.4425,0.2268,False,False
外部需求 → 日本,jp_exp,T6,6,3,6,0.0626,0.4762,0.1361,-0.0575,1.8619,-0.7124,False,False
外部需求 → 日本,jp_exp,T6,6,6,0,0.5162,0.7801,0.116,0.0419,0.6492,0.2792,False,False
外部需求 → 日本,jp_exp,T6,6,6,3,0.2149,0.765,0.1722,-0.042,1.2401,-0.2989,False,False
外部需求 → 日本,jp_exp,T6,6,6,6,0.0498,0.2979,0.2338,-0.1229,1.9617,-1.0408,False,False
外部需求 → 日本,jp_exp,T7,1,1,0,0.5122,0.3448,-0.1194,-0.1848,-0.6553,-0.9447,False,False
外部需求 → 日本,jp_exp,T7,1,1,3,0.1185,0.21,0.3284,-0.2512,1.561,-1.2535,False,False
外部需求 → 日本,jp_exp,T7,1,1,6,0.3169,0.8325,0.2051,0.0465,1.0009,0.2115,False,False
外部需求 → 日本,jp_exp,T7,1,3,0,0.4134,0.1706,-0.3234,-0.6681,-0.8179,-1.3702,False,False
外部需求 → 日本,jp_exp,T7,1,3,3,0.5126,0.7571,0.3435,-0.1037,0.6548,-0.3093,False,False
外部需求 → 日本,jp_exp,T7,1,3,6,0.4167,0.9594,0.4039,-0.0148,0.8122,-0.0509,False,False
外部需求 → 日本,jp_exp,T7,1,6,0,0.9364,0.0563,0.0748,-0.8915,0.0799,-1.909,False,False
外部需求 → 日本,jp_exp,T7,1,6,3,0.3736,0.8092,0.8211,-0.1064,0.8898,-0.2415,False,False
外部需求 → 日本,jp_exp,T7,1,6,6,0.3552,0.3485,-0.5762,0.2488,-0.9246,0.9376,False,False
外部需求 → 日本,jp_exp,T7,3,1,0,0.557,0.1081,-0.0561,-0.2295,-0.5873,-1.6068,False,False
外部需求 → 日本,jp_exp,T7,3,1,3,0.5707,0.92,0.074,-0.0136,0.567,-0.1004,False,False
外部需求 → 日本,jp_exp,T7,3,1,6,0.2528,0.6932,0.1224,-0.0329,1.1435,-0.3946,False,False
外部需求 → 日本,jp_exp,T7,3,3,0,0.9613,0.0034,-0.0154,-0.759,-0.0486,-2.9282,False,False
外部需求 → 日本,jp_exp,T7,3,3,3,0.5134,0.627,0.2342,0.1392,0.6536,0.4859,False,False
外部需求 → 日本,jp_exp,T7,3,3,6,0.8472,0.9954,0.0374,-0.001,0.1926,-0.0058,False,False
外部需求 → 日本,jp_exp,T7,3,6,0,0.6967,0.0001,0.2557,-0.661,0.3898,-4.0425,False,False
外部需求 → 日本,jp_exp,T7,3,6,3,0.5335,0.7421,0.2916,0.1184,0.6227,0.329,False,False
外部需求 → 日本,jp_exp,T7,3,6,6,0.0245,0.3335,-0.8872,0.1373,-2.2491,0.9671,False,False
外部需求 → 日本,jp_exp,T7,6,1,0,0.9875,0.0495,0.0014,-0.1468,0.0156,-1.9646,False,False
外部需求 → 日本,jp_exp,T7,6,1,3,0.4387,0.9505,0.0705,-0.005,0.7743,-0.0621,False,False
外部需求 → 日本,jp_exp,T7,6,1,6,0.3783,0.6001,-0.0446,0.0292,-0.881,0.5243,False,False
外部需求 → 日本,jp_exp,T7,6,3,0,0.8083,0.061,0.0656,-0.3456,0.2426,-1.8736,False,False
外部需求 → 日本,jp_exp,T7,6,3,3,0.5351,0.6479,0.1088,0.09,0.6202,0.4567,False,False
外部需求 → 日本,jp_exp,T7,6,3,6,0.0259,0.5942,-0.35,0.0609,-2.2275,0.5327,False,False
外部需求 → 日本,jp_exp,T7,6,6,0,0.6305,0.1714,0.1977,-0.2906,0.481,-1.3678,False,False
外部需求 → 日本,jp_exp,T7,6,6,3,0.2107,0.5692,-0.2577,0.144,-1.2517,0.5692,False,False
外部需求 → 日本,jp_exp,T7,6,6,6,0.0003,0.7542,-0.9488,-0.061,-3.6505,-0.3132,True,False
外部需求 → 日本,jp_exp,T8,1,1,0,0.4948,0.5174,0.0502,-0.0619,0.6826,-0.6473,False,False
外部需求 → 日本,jp_exp,T8,1,1,3,0.6956,0.4423,-0.0296,-0.0893,-0.3913,-0.7683,False,False
外部需求 → 日本,jp_exp,T8,1,1,6,0.6417,0.0538,0.0372,0.2136,0.4653,1.9282,False,False
外部需求 → 日本,jp_exp,T8,1,3,0,0.6141,0.7369,-0.0631,-0.0626,-0.5042,-0.336,False,False
外部需求 → 日本,jp_exp,T8,1,3,3,0.0746,0.7366,-0.1832,-0.0619,-1.7832,-0.3363,False,False
外部需求 → 日本,jp_exp,T8,1,3,6,0.2345,0.3093,0.1347,0.2205,1.1889,1.0166,False,False
外部需求 → 日本,jp_exp,T8,1,6,0,0.1277,0.7243,-0.2302,-0.0826,-1.5231,-0.3527,False,False
外部需求 → 日本,jp_exp,T8,1,6,3,0.7937,0.5602,-0.0354,0.1365,-0.2615,0.5826,False,False
外部需求 → 日本,jp_exp,T8,1,6,6,0.1576,0.4762,0.2259,0.1979,1.4131,0.7125,False,False
外部需求 → 日本,jp_exp,T8,3,1,0,0.6171,0.5356,-0.0142,-0.04,-0.4999,-0.6195,False,False
外部需求 → 日本,jp_exp,T8,3,1,3,0.2772,0.9342,-0.0371,0.0053,-1.0866,0.0826,False,False
外部需求 → 日本,jp_exp,T8,3,1,6,0.2682,0.1916,0.0278,0.0776,1.1072,1.3059,False,False
外部需求 → 日本,jp_exp,T8,3,3,0,0.1295,0.4946,-0.0884,-0.1232,-1.516,-0.6829,False,False
外部需求 → 日本,jp_exp,T8,3,3,3,0.3906,0.0082,-0.0594,0.2266,-0.8585,2.6447,False,False
外部需求 → 日本,jp_exp,T8,3,3,6,0.0896,0.8976,0.1078,-0.0202,1.6976,-0.1288,False,False
外部需求 → 日本,jp_exp,T8,3,6,0,0.1999,0.4945,-0.1516,0.1074,-1.2819,0.6832,False,False
外部需求 → 日本,jp_exp,T8,3,6,3,0.5233,0.1799,0.0464,0.2008,0.6382,1.3409,False,False
外部需求 → 日本,jp_exp,T8,3,6,6,0.7316,0.979,0.0389,0.0055,0.3429,0.0263,False,False
外部需求 → 日本,jp_exp,T8,6,1,0,0.2747,0.7028,-0.0191,-0.0185,-1.0923,-0.3815,False,False
外部需求 → 日本,jp_exp,T8,6,1,3,0.65,0.0435,-0.0078,0.0594,-0.4538,2.0193,False,False
外部需求 → 日本,jp_exp,T8,6,1,6,0.2457,0.3397,0.0201,0.0381,1.1608,0.9548,False,False
外部需求 → 日本,jp_exp,T8,6,3,0,0.2412,0.4428,-0.0599,0.059,-1.1719,0.7676,False,False
外部需求 → 日本,jp_exp,T8,6,3,3,0.6151,0.0697,0.0163,0.136,0.5029,1.8137,False,False
外部需求 → 日本,jp_exp,T8,6,3,6,0.7254,0.8675,0.0173,0.0171,0.3513,0.1668,False,False
外部需求 → 日本,jp_exp,T8,6,6,0,0.5259,0.0798,-0.0458,0.197,-0.6343,1.7517,False,False
外部需求 → 日本,jp_exp,T8,6,6,3,0.6234,0.3924,0.0333,0.1475,0.491,0.8552,False,False
外部需求 → 日本,jp_exp,T8,6,6,6,0.2526,0.6982,-0.0747,-0.0471,-1.1441,-0.3877,False,False
外部需求 → 日本,jp_exp,T9,1,1,0,0.744,0.217,-0.0573,0.2635,-0.3265,1.2346,False,False
外部需求 → 日本,jp_exp,T9,1,1,3,0.786,0.1957,-0.0409,-0.2943,-0.2715,-1.2939,False,False
外部需求 → 日本,jp_exp,T9,1,1,6,0.624,0.8417,-0.0725,-0.0506,-0.4902,-0.1998,False,False
外部需求 → 日本,jp_exp,T9,1,3,0,0.6896,0.0179,-0.2057,0.7916,-0.3994,2.3681,False,False
外部需求 → 日本,jp_exp,T9,1,3,3,0.2713,0.0658,-0.3392,-0.7321,-1.1001,-1.8401,False,False
外部需求 → 日本,jp_exp,T9,1,3,6,0.0024,0.6318,-0.6839,-0.1263,-3.0335,-0.4792,True,False
外部需求 → 日本,jp_exp,T9,1,6,0,0.4877,0.8788,-0.5807,-0.0758,-0.6939,-0.1525,False,False
外部需求 → 日本,jp_exp,T9,1,6,3,0.0069,0.0509,-1.044,-0.7979,-2.6994,-1.9526,False,False
外部需求 → 日本,jp_exp,T9,1,6,6,0.0001,0.8897,-1.4167,-0.0469,-3.9675,-0.1387,True,False
外部需求 → 日本,jp_exp,T9,3,1,0,0.726,0.0132,-0.0376,0.2498,-0.3504,2.4792,False,False
外部需求 → 日本,jp_exp,T9,3,1,3,0.1201,0.0321,-0.0935,-0.279,-1.5545,-2.1432,False,False
外部需求 → 日本,jp_exp,T9,3,1,6,0.0155,0.7052,-0.1546,-0.0401,-2.4202,-0.3782,False,False
外部需求 → 日本,jp_exp,T9,3,3,0,0.5719,0.2247,-0.1715,0.2089,-0.5652,1.2141,False,False
外部需求 → 日本,jp_exp,T9,3,3,3,0.0172,0.0511,-0.3248,-0.4755,-2.3814,-1.9504,False,False
外部需求 → 日本,jp_exp,T9,3,3,6,0.001,0.1321,-0.4898,-0.2202,-3.2834,-1.506,True,False
外部需求 → 日本,jp_exp,T9,3,6,0,0.1672,0.3125,-0.5041,-0.3138,-1.3814,-1.01,False,False
外部需求 → 日本,jp_exp,T9,3,6,3,0.0006,0.0036,-0.8286,-0.6949,-3.4415,-2.908,True,True
外部需求 → 日本,jp_exp,T9,3,6,6,0.0031,0.7101,-0.828,-0.0902,-2.9604,-0.3717,True,False
外部需求 → 日本,jp_exp,T9,6,1,0,0.3169,0.8514,-0.0622,-0.0124,-1.0009,-0.1874,False,False
外部需求 → 日本,jp_exp,T9,6,1,3,0.002,0.0252,-0.1049,-0.1719,-3.0866,-2.2387,True,True
外部需求 → 日本,jp_exp,T9,6,1,6,0.0154,0.681,-0.1199,-0.0277,-2.4238,-0.4111,False,False
外部需求 → 日本,jp_exp,T9,6,3,0,0.1116,0.2707,-0.224,-0.1428,-1.5912,-1.1014,False,False
外部需求 → 日本,jp_exp,T9,6,3,3,0.0022,0.0023,-0.3409,-0.3951,-3.0633,-3.0543,True,True
外部需求 → 日本,jp_exp,T9,6,3,6,0.0096,0.6663,-0.3237,-0.0748,-2.5914,-0.4312,False,False
外部需求 → 日本,jp_exp,T9,6,6,0,0.0008,0.0161,-0.5745,-0.5673,-3.3372,-2.4068,True,True
外部需求 → 日本,jp_exp,T9,6,6,3,0.0039,0.1193,-0.6751,-0.448,-2.8867,-1.5576,False,False
外部需求 → 日本,jp_exp,T9,6,6,6,0.0588,0.5836,-0.3665,-0.1396,-1.8898,-0.5482,False,False
外部需求 → 日本,jp_exp,その他製品,1,1,0,0.9432,0.2133,-0.0038,-0.0471,-0.0712,-1.2447,False,False
外部需求 → 日本,jp_exp,その他製品,1,1,3,0.6176,0.4645,0.0195,0.0366,0.4993,0.7314,False,False
外部需求 → 日本,jp_exp,その他製品,1,1,6,0.9971,0.0143,-0.0001,0.0926,-0.0037,2.449,False,False
外部需求 → 日本,jp_exp,その他製品,1,3,0,0.8389,0.4455,0.0166,0.0403,0.2033,0.7629,False,False
外部需求 → 日本,jp_exp,その他製品,1,3,3,0.4726,0.4907,0.0428,0.0505,0.7183,0.6891,False,False
外部需求 → 日本,jp_exp,その他製品,1,3,6,0.8984,0.3714,0.0078,0.0705,0.1277,0.8938,False,False
外部需求 → 日本,jp_exp,その他製品,1,6,0,0.6112,0.3122,0.0606,0.1046,0.5084,1.0106,False,False
外部需求 → 日本,jp_exp,その他製品,1,6,3,0.448,0.3584,0.0552,0.1171,0.7587,0.9183,False,False
外部需求 → 日本,jp_exp,その他製品,1,6,6,0.731,0.4977,0.0246,0.0776,0.3437,0.6781,False,False
外部需求 → 日本,jp_exp,その他製品,3,1,0,0.891,0.6769,-0.003,0.0069,-0.1371,0.4168,False,False
外部需求 → 日本,jp_exp,その他製品,3,1,3,0.3628,0.5184,0.0151,0.0152,0.9101,0.6458,False,False
外部需求 → 日本,jp_exp,その他製品,3,1,6,0.9745,0.1416,-0.0005,0.032,-0.032,1.4699,False,False
外部需求 → 日本,jp_exp,その他製品,3,3,0,0.2726,0.0231,0.0334,0.0772,1.097,2.2726,False,False
外部需求 → 日本,jp_exp,その他製品,3,3,3,0.5773,0.3171,0.0191,0.0578,0.5573,1.0004,False,False
外部需求 → 日本,jp_exp,その他製品,3,3,6,0.7523,0.6842,0.0092,0.0267,0.3156,0.4067,False,False
外部需求 → 日本,jp_exp,その他製品,3,6,0,0.3291,0.1089,0.053,0.1263,0.9759,1.6031,False,False
外部需求 → 日本,jp_exp,その他製品,3,6,3,0.5166,0.4484,0.0292,0.0799,0.6485,0.7581,False,False
外部需求 → 日本,jp_exp,その他製品,3,6,6,0.724,0.9484,-0.0174,-0.0059,-0.3532,-0.0648,False,False
外部需求 → 日本,jp_exp,その他製品,6,1,0,0.3202,0.4932,0.0092,0.0112,0.9941,0.6853,False,False
外部需求 → 日本,jp_exp,その他製品,6,1,3,0.4394,0.1485,0.0066,0.0231,0.7732,1.4449,False,False
外部需求 → 日本,jp_exp,その他製品,6,1,6,0.9922,0.3462,-0.0001,0.0169,-0.0097,0.9419,False,False
外部需求 → 日本,jp_exp,その他製品,6,3,0,0.1807,0.0729,0.0267,0.0705,1.3387,1.7932,False,False
外部需求 → 日本,jp_exp,その他製品,6,3,3,0.5277,0.2275,0.0129,0.0499,0.6316,1.2068,False,False
外部需求 → 日本,jp_exp,その他製品,6,3,6,0.6257,0.9018,-0.0108,-0.005,-0.4878,-0.1233,False,False
外部需求 → 日本,jp_exp,その他製品,6,6,0,0.2902,0.1192,0.0403,0.1131,1.0577,1.5583,False,False
外部需求 → 日本,jp_exp,その他製品,6,6,3,0.9254,0.5189,0.0035,0.0438,0.0936,0.645,False,False
外部需求 → 日本,jp_exp,その他製品,6,6,6,0.1758,0.5696,-0.0588,-0.0458,-1.3538,-0.5686,False,False
外部需求 → 日本,jp_exp,その他金融業,1,1,0,0.4682,0.621,-0.111,0.0309,-0.7254,0.4944,False,False
外部需求 → 日本,jp_exp,その他金融業,1,1,3,0.88,0.5906,0.0191,0.0243,0.1509,0.538,False,False
外部需求 → 日本,jp_exp,その他金融業,1,1,6,0.6241,0.9564,-0.059,-0.0031,-0.49,-0.0547,False,False
外部需求 → 日本,jp_exp,その他金融業,1,3,0,0.0588,0.2034,-0.4092,0.0844,-1.8897,1.2718,False,False
外部需求 → 日本,jp_exp,その他金融業,1,3,3,0.4734,0.3554,0.1384,0.0734,0.717,0.9241,False,False
外部需求 → 日本,jp_exp,その他金融業,1,3,6,0.2377,0.7376,-0.1932,-0.0271,-1.1809,-0.3351,False,False
外部需求 → 日本,jp_exp,その他金融業,1,6,0,0.1297,0.0715,-0.3198,0.187,-1.5151,1.8026,False,False
外部需求 → 日本,jp_exp,その他金融業,1,6,3,0.8044,0.7302,-0.0505,0.0436,-0.2476,0.3449,False,False
外部需求 → 日本,jp_exp,その他金融業,1,6,6,0.1979,0.555,-0.3126,-0.0702,-1.2875,-0.5902,False,False
外部需求 → 日本,jp_exp,その他金融業,3,1,0,0.0521,0.0839,-0.1204,0.0394,-1.942,1.7282,False,False
外部需求 → 日本,jp_exp,その他金融業,3,1,3,0.4004,0.4441,0.0442,0.0202,0.841,0.7653,False,False
外部需求 → 日本,jp_exp,その他金融業,3,1,6,0.3205,0.7261,-0.0457,-0.0111,-0.9935,-0.3504,False,False
外部需求 → 日本,jp_exp,その他金融業,3,3,0,0.125,0.025,-0.1981,0.1032,-1.5339,2.2419,False,False
外部需求 → 日本,jp_exp,その他金融業,3,3,3,0.3373,0.9434,0.0963,0.0048,0.9595,0.071,False,False
外部需求 → 日本,jp_exp,その他金融業,3,3,6,0.0224,0.7213,-0.1981,0.0245,-2.2838,0.3567,False,False
外部需求 → 日本,jp_exp,その他金融業,3,6,0,0.2994,0.1931,-0.1267,0.1186,-1.0378,1.3014,False,False
外部需求 → 日本,jp_exp,その他金融業,3,6,3,0.4345,0.7595,-0.1,0.031,-0.7815,0.3062,False,False
外部需求 → 日本,jp_exp,その他金融業,3,6,6,0.3486,0.4289,-0.1343,-0.0639,-0.9373,-0.791,False,False
外部需求 → 日本,jp_exp,その他金融業,6,1,0,0.4584,0.0046,-0.0313,0.0358,-0.7416,2.8307,False,False
外部需求 → 日本,jp_exp,その他金融業,6,1,3,0.99,0.9772,-0.0004,-0.0006,-0.0125,-0.0286,False,False
外部需求 → 日本,jp_exp,その他金融業,6,1,6,0.2169,0.4759,-0.032,-0.0158,-1.2348,-0.7128,False,False
外部需求 → 日本,jp_exp,その他金融業,6,3,0,0.651,0.1531,-0.0393,0.0572,-0.4524,1.4287,False,False
外部需求 → 日本,jp_exp,その他金融業,6,3,3,0.6504,0.856,-0.0333,0.0087,-0.4532,0.1815,False,False
外部需求 → 日本,jp_exp,その他金融業,6,3,6,0.3311,0.3806,-0.0674,-0.0371,-0.9718,-0.8769,False,False
外部需求 → 日本,jp_exp,その他金融業,6,6,0,0.3454,0.3308,-0.0815,0.0714,-0.9436,0.9726,False,False
外部需求 → 日本,jp_exp,その他金融業,6,6,3,0.2532,0.6998,-0.0977,-0.0284,-1.1427,-0.3855,False,False
外部需求 → 日本,jp_exp,その他金融業,6,6,6,0.5913,0.0061,0.058,-0.1606,0.537,-2.74,False,False
外部需求 → 日本,jp_exp,ガラス・土石製品,1,1,0,0.365,0.9686,-0.0574,0.0027,-0.9059,0.0394,False,False
外部需求 → 日本,jp_exp,ガラス・土石製品,1,1,3,0.1707,0.8418,0.0684,-0.0145,1.3699,-0.1996,False,False
外部需求 → 日本,jp_exp,ガラス・土石製品,1,1,6,0.9012,0.9623,-0.0062,0.0035,-0.1241,0.0473,False,False
外部需求 → 日本,jp_exp,ガラス・土石製品,1,3,0,0.568,0.2384,0.0752,0.1186,0.571,1.179,False,False
外部需求 → 日本,jp_exp,ガラス・土石製品,1,3,3,0.1195,0.7668,0.1518,0.0243,1.5571,0.2965,False,False
外部需求 → 日本,jp_exp,ガラス・土石製品,1,3,6,0.5964,0.4512,-0.0587,-0.0772,-0.5295,-0.7534,False,False
外部需求 → 日本,jp_exp,ガラス・土石製品,1,6,0,0.2354,0.5297,0.2264,0.0603,1.1865,0.6284,False,False
外部需求 → 日本,jp_exp,ガラス・土石製品,1,6,3,0.5146,0.5015,0.091,-0.0495,0.6517,-0.6722,False,False
外部需求 → 日本,jp_exp,ガラス・土石製品,1,6,6,0.0857,0.6335,-0.2374,0.0549,-1.7187,0.4769,False,False
外部需求 → 日本,jp_exp,ガラス・土石製品,3,1,0,0.7548,0.1926,0.0089,0.0526,0.3123,1.3029,False,False
外部需求 → 日本,jp_exp,ガラス・土石製品,3,1,3,0.1873,0.7435,0.0324,-0.0104,1.3187,-0.3272,False,False
外部需求 → 日本,jp_exp,ガラス・土石製品,3,1,6,0.6714,0.3376,-0.0125,-0.0326,-0.4242,-0.9589,False,False
外部需求 → 日本,jp_exp,ガラス・土石製品,3,3,0,0.3056,0.1431,0.0816,0.0899,1.0244,1.4642,False,False
外部需求 → 日本,jp_exp,ガラス・土石製品,3,3,3,0.1769,0.6358,0.0786,0.0148,1.3505,0.4735,False,False
外部需求 → 日本,jp_exp,ガラス・土石製品,3,3,6,0.087,0.7908,-0.0863,-0.0153,-1.7115,-0.2652,False,False
外部需求 → 日本,jp_exp,ガラス・土石製品,3,6,0,0.111,0.1641,0.1602,0.0932,1.5939,1.3914,False,False
外部需求 → 日本,jp_exp,ガラス・土石製品,3,6,3,0.9073,0.968,-0.0085,-0.002,-0.1165,-0.0402,False,False
外部需求 → 日本,jp_exp,ガラス・土石製品,3,6,6,0.0787,0.1256,-0.1434,0.1101,-1.7584,1.5315,False,False
外部需求 → 日本,jp_exp,ガラス・土石製品,6,1,0,0.4008,0.2123,0.0152,0.0296,0.8402,1.2473,False,False
外部需求 → 日本,jp_exp,ガラス・土石製品,6,1,3,0.5708,0.3612,0.007,-0.0186,0.5669,-0.9131,False,False
外部需求 → 日本,jp_exp,ガラス・土石製品,6,1,6,0.1198,0.6954,-0.0223,0.0085,-1.5558,0.3916,False,False
外部需求 → 日本,jp_exp,ガラス・土石製品,6,3,0,0.1841,0.1198,0.061,0.0645,1.3281,1.5554,False,False
外部需求 → 日本,jp_exp,ガラス・土石製品,6,3,3,0.8748,0.9236,-0.0049,-0.0026,-0.1575,-0.0959,False,False
外部需求 → 日本,jp_exp,ガラス・土石製品,6,3,6,0.0521,0.163,-0.0659,0.0631,-1.9423,1.3951,False,False
外部需求 → 日本,jp_exp,ガラス・土石製品,6,6,0,0.2252,0.3323,0.0559,0.0544,1.2127,0.9694,False,False
外部需求 → 日本,jp_exp,ガラス・土石製品,6,6,3,0.11,0.2323,-0.0708,0.0647,-1.5981,1.1943,False,False
外部需求 → 日本,jp_exp,ガラス・土石製品,6,6,6,0.5534,0.2675,-0.0426,0.0634,-0.5927,1.1088,False,False
外部需求 → 日本,jp_exp,ゴム製品,1,1,0,0.1173,0.0534,-0.1501,-0.1621,-1.5664,-1.9319,False,False
外部需求 → 日本,jp_exp,ゴム製品,1,1,3,0.2147,0.1436,0.1295,0.162,1.2407,1.4625,False,False
外部需求 → 日本,jp_exp,ゴム製品,1,1,6,0.0041,0.7493,0.3151,-0.0361,2.8729,-0.3196,False,False
外部需求 → 日本,jp_exp,ゴム製品,1,3,0,0.0343,0.5934,-0.3522,0.0752,-2.1169,0.5339,False,False
外部需求 → 日本,jp_exp,ゴム製品,1,3,3,0.0022,0.055,0.3965,0.3581,3.0578,1.9188,True,True
外部需求 → 日本,jp_exp,ゴム製品,1,3,6,0.009,0.1882,0.409,-0.2669,2.6117,-1.3159,False,False
外部需求 → 日本,jp_exp,ゴム製品,1,6,0,0.8344,0.0514,0.0386,0.4462,0.209,1.9478,False,False
外部需求 → 日本,jp_exp,ゴム製品,1,6,3,0.0,0.8834,0.8062,0.0359,5.9958,0.1467,True,False
外部需求 → 日本,jp_exp,ゴム製品,1,6,6,0.0105,0.0676,0.4928,-0.4443,2.5605,-1.828,False,False
外部需求 → 日本,jp_exp,ゴム製品,3,1,0,0.1089,0.2965,-0.0782,0.0524,-1.6031,1.044,False,False
外部需求 → 日本,jp_exp,ゴム製品,3,1,3,0.0207,0.0009,0.0852,0.1404,2.3133,3.3183,False,False
外部需求 → 日本,jp_exp,ゴム製品,3,1,6,0.0175,0.2382,0.0879,-0.0954,2.3762,-1.1795,False,False
外部需求 → 日本,jp_exp,ゴム製品,3,3,0,0.5157,0.002,-0.0527,0.3232,-0.65,3.0854,False,False
外部需求 → 日本,jp_exp,ゴム製品,3,3,3,0.0,0.0487,0.3226,0.2124,4.5367,1.9709,True,True
外部需求 → 日本,jp_exp,ゴム製品,3,3,6,0.0271,0.0008,0.1829,-0.2904,2.2094,-3.3523,False,False
外部需求 → 日本,jp_exp,ゴム製品,3,6,0,0.0026,0.0001,0.2678,0.4998,3.0106,3.9401,True,True
外部需求 → 日本,jp_exp,ゴム製品,3,6,3,0.0,0.4866,0.5051,-0.0858,5.2755,-0.6958,True,False
外部需求 → 日本,jp_exp,ゴム製品,3,6,6,0.4722,0.0005,0.0693,-0.4053,0.7189,-3.4782,False,False
外部需求 → 日本,jp_exp,ゴム製品,6,1,0,0.7268,0.0014,0.0064,0.1047,0.3494,3.1888,False,False
外部需求 → 日本,jp_exp,ゴム製品,6,1,3,0.0004,0.4496,0.0708,0.0251,3.5654,0.756,True,False
外部需求 → 日本,jp_exp,ゴム製品,6,1,6,0.0458,0.0002,0.0477,-0.1106,1.9976,-3.7409,False,False
外部需求 → 日本,jp_exp,ゴム製品,6,3,0,0.0038,0.0,0.1143,0.3025,2.8913,4.8507,False,False
外部需求 → 日本,jp_exp,ゴム製品,6,3,3,0.0,0.5204,0.2016,-0.0403,4.4526,-0.6428,True,False
外部需求 → 日本,jp_exp,ゴム製品,6,3,6,0.4632,0.0015,0.0331,-0.2676,0.7336,-3.1742,False,False
外部需求 → 日本,jp_exp,ゴム製品,6,6,0,0.0,0.0047,0.3149,0.2384,4.5055,2.8285,True,True
外部需求 → 日本,jp_exp,ゴム製品,6,6,3,0.0,0.0004,0.2332,-0.2883,4.0557,-3.5105,True,False
外部需求 → 日本,jp_exp,ゴム製品,6,6,6,0.3517,0.0395,-0.053,-0.2612,-0.9313,-2.0587,False,False
外部需求 → 日本,jp_exp,サービス業,1,1,0,0.2708,0.981,0.0513,-0.0017,1.1013,-0.0238,False,False
外部需求 → 日本,jp_exp,サービス業,1,1,3,0.218,0.2502,-0.0683,-0.0833,-1.2318,-1.1499,False,False
外部需求 → 日本,jp_exp,サービス業,1,1,6,0.6468,0.195,-0.0245,0.0755,-0.4582,1.296,False,False
外部需求 → 日本,jp_exp,サービス業,1,3,0,0.2684,0.7658,-0.1575,-0.0324,-1.1067,-0.2979,False,False
外部需求 → 日本,jp_exp,サービス業,1,3,3,0.0262,0.2648,-0.1687,-0.0934,-2.2227,-1.1152,False,False
外部需求 → 日本,jp_exp,サービス業,1,3,6,0.1301,0.0428,0.1512,0.1892,1.5137,2.0254,False,False
外部需求 → 日本,jp_exp,サービス業,1,6,0,0.0352,0.503,-0.3249,-0.0876,-2.1061,-0.6697,False,False
外部需求 → 日本,jp_exp,サービス業,1,6,3,0.8988,0.5274,-0.0167,0.0809,-0.1271,0.6319,False,False
外部需求 → 日本,jp_exp,サービス業,1,6,6,0.1075,0.3631,0.2029,0.1356,1.6095,0.9094,False,False
外部需求 → 日本,jp_exp,サービス業,3,1,0,0.3486,0.795,-0.033,-0.011,-0.9373,-0.2598,False,False
外部需求 → 日本,jp_exp,サービス業,3,1,3,0.0417,0.794,-0.0373,-0.0087,-2.0367,-0.2612,False,False
外部需求 → 日本,jp_exp,サービス業,3,1,6,0.1614,0.0218,0.0342,0.0746,1.4005,2.2942,False,False
外部需求 → 日本,jp_exp,サービス業,3,3,0,0.0619,0.2331,-0.1528,-0.0958,-1.8669,-1.1923,False,False
外部需求 → 日本,jp_exp,サービス業,3,3,3,0.1667,0.2701,-0.0695,0.0699,-1.3829,1.1029,False,False
外部需求 → 日本,jp_exp,サービス業,3,3,6,0.0014,0.1039,0.0975,0.1163,3.1877,1.626,True,False
外部需求 → 日本,jp_exp,サービス業,3,6,0,0.0283,0.7635,-0.2228,-0.0346,-2.1925,-0.3009,False,False
外部需求 → 日本,jp_exp,サービス業,3,6,3,0.664,0.1266,0.0274,0.1872,0.4344,1.5277,False,False
外部需求 → 日本,jp_exp,サービス業,3,6,6,0.1275,0.465,0.094,0.071,1.524,0.7306,False,False
外部需求 → 日本,jp_exp,サービス業,6,1,0,0.1682,0.3494,-0.0259,-0.0254,-1.3779,-0.9357,False,False
外部需求 → 日本,jp_exp,サービス業,6,1,3,0.821,0.2189,-0.0027,0.031,-0.2262,1.2295,False,False
外部需求 → 日本,jp_exp,サービス業,6,1,6,0.0902,0.1774,0.018,0.0297,1.6942,1.349,False,False
外部需求 → 日本,jp_exp,サービス業,6,3,0,0.0395,0.756,-0.0863,-0.0239,-2.059,-0.3108,False,False
外部需求 → 日本,jp_exp,サービス業,6,3,3,0.748,0.0761,0.009,0.1096,0.3212,1.7735,False,False
外部需求 → 日本,jp_exp,サービス業,6,3,6,0.152,0.327,0.0391,0.0467,1.4325,0.9802,False,False
外部需求 → 日本,jp_exp,サービス業,6,6,0,0.1682,0.5336,-0.0776,0.0824,-1.378,0.6225,False,False
外部需求 → 日本,jp_exp,サービス業,6,6,3,0.1689,0.096,0.0483,0.1554,1.3758,1.6648,False,False
外部需求 → 日本,jp_exp,サービス業,6,6,6,0.8954,0.62,0.0069,-0.0439,0.1314,-0.4959,False,False
外部需求 → 日本,jp_exp,パルプ・紙,1,1,0,0.108,0.8299,0.204,0.0242,1.6071,0.2148,False,False
外部需求 → 日本,jp_exp,パルプ・紙,1,1,3,0.101,0.4325,0.1873,0.0774,1.6399,0.7848,False,False
外部需求 → 日本,jp_exp,パルプ・紙,1,1,6,0.0121,0.5903,0.3255,0.0578,2.5101,0.5385,False,False
外部需求 → 日本,jp_exp,パルプ・紙,1,3,0,0.7038,0.5776,0.1084,0.1176,0.3802,0.5569,False,False
外部需求 → 日本,jp_exp,パルプ・紙,1,3,3,0.2326,0.8196,0.2239,-0.0327,1.1936,-0.2281,False,False
外部需求 → 日本,jp_exp,パルプ・紙,1,3,6,0.1376,0.7977,0.2988,-0.037,1.4848,-0.2564,False,False
外部需求 → 日本,jp_exp,パルプ・紙,1,6,0,0.39,0.3584,0.3498,0.2118,0.8597,0.9184,False,False
外部需求 → 日本,jp_exp,パルプ・紙,1,6,3,0.0627,0.6569,0.5027,-0.0864,1.8613,-0.4442,False,False
外部需求 → 日本,jp_exp,パルプ・紙,1,6,6,0.1874,0.7678,0.4002,0.0519,1.3184,0.2952,False,False
外部需求 → 日本,jp_exp,パルプ・紙,3,1,0,0.5059,0.4853,0.0376,0.0457,0.6652,0.6978,False,False
外部需求 → 日本,jp_exp,パルプ・紙,3,1,3,0.409,0.8639,0.0375,0.0091,0.8256,0.1714,False,False
外部需求 → 日本,jp_exp,パルプ・紙,3,1,6,0.1779,0.7307,0.0657,-0.0173,1.3473,-0.3441,False,False
外部需求 → 日本,jp_exp,パルプ・紙,3,3,0,0.501,0.1565,0.1076,0.1688,0.673,1.4169,False,False
外部需求 → 日本,jp_exp,パルプ・紙,3,3,3,0.1068,0.7463,0.1828,-0.0477,1.6128,-0.3235,False,False
外部需求 → 日本,jp_exp,パルプ・紙,3,3,6,0.303,0.904,0.1166,0.0098,1.03,0.1206,False,False
外部需求 → 日本,jp_exp,パルプ・紙,3,6,0,0.1448,0.1805,0.2908,0.1421,1.458,1.3392,False,False
外部需求 → 日本,jp_exp,パルプ・紙,3,6,3,0.1418,0.8414,0.2966,-0.0366,1.4693,-0.2001,False,False
外部需求 → 日本,jp_exp,パルプ・紙,3,6,6,0.358,0.9062,0.1611,-0.0131,0.9191,-0.1178,False,False
外部需求 → 日本,jp_exp,パルプ・紙,6,1,0,0.259,0.3537,0.0349,0.0348,1.1288,0.9274,False,False
外部需求 → 日本,jp_exp,パルプ・紙,6,1,3,0.1497,0.8453,0.042,-0.0077,1.4407,-0.1951,False,False
外部需求 → 日本,jp_exp,パルプ・紙,6,1,6,0.1899,0.9572,0.0415,0.0018,1.3108,0.0536,False,False
外部需求 → 日本,jp_exp,パルプ・紙,6,3,0,0.1207,0.2608,0.1267,0.0666,1.552,1.1245,False,False
外部需求 → 日本,jp_exp,パルプ・紙,6,3,3,0.1755,0.7777,0.1163,-0.0283,1.3546,-0.2824,False,False
外部需求 → 日本,jp_exp,パルプ・紙,6,3,6,0.3314,0.7899,0.0732,-0.0171,0.9713,-0.2664,False,False
外部需求 → 日本,jp_exp,パルプ・紙,6,6,0,0.0705,0.6166,0.2421,0.0497,1.8088,0.5007,False,False
外部需求 → 日本,jp_exp,パルプ・紙,6,6,3,0.1948,0.7397,0.1868,-0.046,1.2965,-0.3323,False,False
外部需求 → 日本,jp_exp,パルプ・紙,6,6,6,0.6005,0.9797,0.052,0.0026,0.5237,0.0255,False,False
外部需求 → 日本,jp_exp,不動産業,1,1,0,0.3599,0.2702,-0.1249,0.0973,-0.9156,1.1025,False,False
外部需求 → 日本,jp_exp,不動産業,1,1,3,0.1978,0.3057,-0.157,-0.058,-1.2879,-1.0244,False,False
外部需求 → 日本,jp_exp,不動産業,1,1,6,0.7774,0.3748,0.0299,0.0561,0.2827,0.8876,False,False
外部需求 → 日本,jp_exp,不動産業,1,3,0,0.0009,0.4943,-0.6966,0.0632,-3.3299,0.6836,True,False
外部需求 → 日本,jp_exp,不動産業,1,3,3,0.1177,0.791,-0.2315,0.0226,-1.5644,0.265,False,False
外部需求 → 日本,jp_exp,不動産業,1,3,6,0.3781,0.7473,-0.1532,0.0249,-0.8814,0.3222,False,False
外部需求 → 日本,jp_exp,不動産業,1,6,0,0.0001,0.2242,-0.9767,0.1278,-3.7969,1.2155,True,False
外部需求 → 日本,jp_exp,不動産業,1,6,3,0.1251,0.7144,-0.3881,0.0433,-1.5337,0.3659,False,False
外部需求 → 日本,jp_exp,不動産業,1,6,6,0.5301,0.7283,-0.1635,0.0399,-0.6279,0.3474,False,False
外部需求 → 日本,jp_exp,不動産業,3,1,0,0.001,0.2751,-0.1688,0.0431,-3.3003,1.0915,True,False
外部需求 → 日本,jp_exp,不動産業,3,1,3,0.3381,0.9462,-0.045,0.0021,-0.958,0.0675,False,False
外部需求 → 日本,jp_exp,不動産業,3,1,6,0.4897,0.475,-0.0348,0.0212,-0.6908,0.7144,False,False
外部需求 → 日本,jp_exp,不動産業,3,3,0,0.0,0.9054,-0.4362,-0.0073,-4.1614,-0.1188,True,False
外部需求 → 日本,jp_exp,不動産業,3,3,3,0.6569,0.56,-0.0419,0.0354,-0.4443,0.5828,False,False
外部需求 → 日本,jp_exp,不動産業,3,3,6,0.3617,0.7771,-0.1172,0.0163,-0.9121,0.2831,False,False
外部需求 → 日本,jp_exp,不動産業,3,6,0,0.0059,0.5473,-0.5053,0.0532,-2.7543,0.6019,False,False
外部需求 → 日本,jp_exp,不動産業,3,6,3,0.3692,0.4767,-0.18,0.0606,-0.898,0.7117,False,False
外部需求 → 日本,jp_exp,不動産業,3,6,6,0.4549,0.5025,-0.1268,-0.0522,-0.7473,-0.6706,False,False
外部需求 → 日本,jp_exp,不動産業,6,1,0,0.0045,0.5189,-0.0876,0.0154,-2.8424,0.645,False,False
外部需求 → 日本,jp_exp,不動産業,6,1,3,0.2748,0.978,-0.0316,-0.0006,-1.092,-0.0276,False,False
外部需求 → 日本,jp_exp,不動産業,6,1,6,0.6342,0.4524,-0.0122,0.0144,-0.4758,0.7514,False,False
外部需求 → 日本,jp_exp,不動産業,6,3,0,0.0144,0.9903,-0.1927,0.0007,-2.4466,0.0121,False,False
外部需求 → 日本,jp_exp,不動産業,6,3,3,0.428,0.6522,-0.0572,0.0214,-0.7926,0.4507,False,False
外部需求 → 日本,jp_exp,不動産業,6,3,6,0.5128,0.5256,-0.0443,-0.0243,-0.6545,-0.6347,False,False
外部需求 → 日本,jp_exp,不動産業,6,6,0,0.0969,0.6547,-0.2694,0.0401,-1.6602,0.4473,False,False
外部需求 → 日本,jp_exp,不動産業,6,6,3,0.4414,0.9189,-0.1139,-0.0065,-0.7698,-0.1018,False,False
外部需求 → 日本,jp_exp,不動産業,6,6,6,0.7311,0.2876,-0.0384,-0.0658,-0.3436,-1.0634,False,False
外部需求 → 日本,jp_exp,保険業,1,1,0,0.301,0.5804,-0.1138,-0.0537,-1.0342,-0.5529,False,False
外部需求 → 日本,jp_exp,保険業,1,1,3,0.0222,0.5949,0.2388,0.0544,2.287,0.5317,False,False
外部需求 → 日本,jp_exp,保険業,1,1,6,0.4069,0.2655,0.0726,-0.0983,0.8293,-1.1135,False,False
外部需求 → 日本,jp_exp,保険業,1,3,0,0.7187,0.1401,0.0604,-0.1623,0.3602,-1.4753,False,False
外部需求 → 日本,jp_exp,保険業,1,3,3,0.1804,0.4884,0.2499,-0.0933,1.3395,-0.6929,False,False
外部需求 → 日本,jp_exp,保険業,1,3,6,0.5145,0.2328,-0.1164,0.1665,-0.6518,1.1932,False,False
外部需求 → 日本,jp_exp,保険業,1,6,0,0.295,0.1536,0.3545,-0.2,1.0471,-1.4269,False,False
外部需求 → 日本,jp_exp,保険業,1,6,3,0.6103,0.6866,0.1553,0.071,0.5097,0.4035,False,False
外部需求 → 日本,jp_exp,保険業,1,6,6,0.7749,0.3245,0.0623,0.1574,0.2859,0.9852,False,False
外部需求 → 日本,jp_exp,保険業,3,1,0,0.7047,0.4849,0.0197,-0.0346,0.379,-0.6985,False,False
外部需求 → 日本,jp_exp,保険業,3,1,3,0.2257,0.4613,0.0613,-0.0287,1.2115,-0.7368,False,False
外部需求 → 日本,jp_exp,保険業,3,1,6,0.5792,0.199,-0.0236,0.0686,-0.5546,1.2844,False,False
外部需求 → 日本,jp_exp,保険業,3,3,0,0.0639,0.3062,0.1857,-0.0768,1.8527,-1.0233,False,False
外部需求 → 日本,jp_exp,保険業,3,3,3,0.5299,0.2388,0.0645,-0.0972,0.6282,-1.1779,False,False
外部需求 → 日本,jp_exp,保険業,3,3,6,0.6531,0.0848,-0.038,0.1802,-0.4494,1.7233,False,False
外部需求 → 日本,jp_exp,保険業,3,6,0,0.1604,0.0974,0.2695,-0.156,1.4038,-1.6574,False,False
外部需求 → 日本,jp_exp,保険業,3,6,3,0.8425,0.3783,0.0308,0.0891,0.1987,0.881,False,False
外部需求 → 日本,jp_exp,保険業,3,6,6,0.3675,0.3963,0.1012,0.0985,0.9012,0.8482,False,False
外部需求 → 日本,jp_exp,保険業,6,1,0,0.3632,0.1707,0.0277,-0.0375,0.9093,-1.3699,False,False
外部需求 → 日本,jp_exp,保険業,6,1,3,0.5034,0.7377,0.018,0.0097,0.6691,0.3349,False,False
外部需求 → 日本,jp_exp,保険業,6,1,6,0.4896,0.3982,0.014,0.0225,0.6909,0.8448,False,False
外部需求 → 日本,jp_exp,保険業,6,3,0,0.1726,0.0341,0.1048,-0.0916,1.3638,-2.1186,False,False
外部需求 → 日本,jp_exp,保険業,6,3,3,0.7545,0.4918,0.0178,0.0385,0.3127,0.6874,False,False
外部需求 → 日本,jp_exp,保険業,6,3,6,0.2912,0.4905,0.0503,0.046,1.0555,0.6895,False,False
外部需求 → 日本,jp_exp,保険業,6,6,0,0.2484,0.5993,0.132,-0.0401,1.1542,-0.5254,False,False
外部需求 → 日本,jp_exp,保険業,6,6,3,0.403,0.3738,0.0695,0.0849,0.8363,0.8894,False,False
外部需求 → 日本,jp_exp,保険業,6,6,6,0.1069,0.9061,0.1266,0.0131,1.6123,0.118,False,False
外部需求 → 日本,jp_exp,化学,1,1,0,0.043,0.7064,0.0572,0.0144,2.024,0.3767,False,False
外部需求 → 日本,jp_exp,化学,1,1,3,0.8305,0.5666,-0.007,-0.0227,-0.2141,-0.5731,False,False
外部需求 → 日本,jp_exp,化学,1,1,6,0.663,0.8689,0.0161,0.0064,0.4358,0.1651,False,False
外部需求 → 日本,jp_exp,化学,1,3,0,0.0917,0.263,0.0767,0.0604,1.6865,1.1193,False,False
外部需求 → 日本,jp_exp,化学,1,3,3,0.2175,0.23,-0.0764,-0.0703,-1.2332,-1.2003,False,False
外部需求 → 日本,jp_exp,化学,1,3,6,0.6407,0.863,-0.0256,0.0099,-0.4667,0.1726,False,False
外部需求 → 日本,jp_exp,化学,1,6,0,0.9991,0.5631,0.0001,-0.0357,0.0011,-0.5783,False,False
外部需求 → 日本,jp_exp,化学,1,6,3,0.233,0.1512,-0.1008,-0.0591,-1.1928,-1.4352,False,False
外部需求 → 日本,jp_exp,化学,1,6,6,0.9894,0.6846,0.0011,0.0236,0.0133,0.4062,False,False
外部需求 → 日本,jp_exp,化学,3,1,0,0.1907,0.3677,0.0157,0.0173,1.3087,0.9008,False,False
外部需求 → 日本,jp_exp,化学,3,1,3,0.1212,0.0682,-0.0197,-0.0356,-1.5498,-1.8236,False,False
外部需求 → 日本,jp_exp,化学,3,1,6,0.6594,0.7352,-0.0053,0.0062,-0.4407,0.3382,False,False
外部需求 → 日本,jp_exp,化学,3,3,0,0.6383,0.9164,0.0162,0.0036,0.4701,0.1049,False,False
外部需求 → 日本,jp_exp,化学,3,3,3,0.0934,0.249,-0.0472,-0.0314,-1.6777,-1.1527,False,False
外部需求 → 日本,jp_exp,化学,3,3,6,0.8998,0.1068,-0.0036,0.045,-0.1259,1.6126,False,False
外部需求 → 日本,jp_exp,化学,3,6,0,0.4769,0.2912,-0.0324,-0.0379,-0.7113,-1.0554,False,False
外部需求 → 日本,jp_exp,化学,3,6,3,0.2033,0.6512,-0.0511,0.0118,-1.2723,0.4521,False,False
外部需求 → 日本,jp_exp,化学,3,6,6,0.8073,0.1561,0.0099,0.049,0.244,1.4183,False,False
外部需求 → 日本,jp_exp,化学,6,1,0,0.7622,0.6455,-0.0022,-0.0067,-0.3026,-0.46,False,False
外部需求 → 日本,jp_exp,化学,6,1,3,0.1269,0.3277,-0.0108,-0.0119,-1.5263,-0.9788,False,False
外部需求 → 日本,jp_exp,化学,6,1,6,0.7606,0.2771,-0.0021,0.0131,-0.3046,1.0869,False,False
外部需求 → 日本,jp_exp,化学,6,3,0,0.38,0.6693,-0.0158,-0.0116,-0.8779,-0.4272,False,False
外部需求 → 日本,jp_exp,化学,6,3,3,0.125,0.4654,-0.0239,0.0121,-1.5339,0.73,False,False
外部需求 → 日本,jp_exp,化学,6,3,6,0.9942,0.1789,-0.0001,0.0312,-0.0073,1.3443,False,False
外部需求 → 日本,jp_exp,化学,6,6,0,0.1238,0.8506,-0.0405,-0.0061,-1.539,-0.1884,False,False
外部需求 → 日本,jp_exp,化学,6,6,3,0.4188,0.1135,-0.0233,0.0456,-0.8085,1.5824,False,False
外部需求 → 日本,jp_exp,化学,6,6,6,0.915,0.1645,0.0028,0.0523,0.1067,1.3903,False,False
外部需求 → 日本,jp_exp,医薬品,1,1,0,0.0079,0.4418,0.1971,-0.0673,2.6574,-0.7692,False,False
外部需求 → 日本,jp_exp,医薬品,1,1,3,0.4389,0.3091,-0.0578,-0.1007,-0.774,-1.0171,False,False
外部需求 → 日本,jp_exp,医薬品,1,1,6,0.9109,0.1512,-0.0103,0.1588,-0.1119,1.4352,False,False
外部需求 → 日本,jp_exp,医薬品,1,3,0,0.4315,0.7456,0.1382,-0.0449,0.7866,-0.3244,False,False
外部需求 → 日本,jp_exp,医薬品,1,3,3,0.0188,0.6494,-0.2974,-0.0621,-2.3495,-0.4546,False,False
外部需求 → 日本,jp_exp,医薬品,1,3,6,0.0998,0.0024,0.219,0.3133,1.6457,3.0419,False,False
外部需求 → 日本,jp_exp,医薬品,1,6,0,0.5124,0.7263,-0.1498,-0.0674,-0.6552,-0.35,False,False
外部需求 → 日本,jp_exp,医薬品,1,6,3,0.6653,0.0787,-0.0848,0.258,-0.4326,1.7585,False,False
外部需求 → 日本,jp_exp,医薬品,1,6,6,0.0072,0.3804,0.587,0.13,2.6886,0.8772,False,False
外部需求 → 日本,jp_exp,医薬品,3,1,0,0.276,0.4449,0.0432,-0.0399,1.0893,-0.7639,False,False
外部需求 → 日本,jp_exp,医薬品,3,1,3,0.0263,0.8062,-0.0716,-0.0143,-2.2225,-0.2454,False,False
外部需求 → 日本,jp_exp,医薬品,3,1,6,0.1475,0.041,0.0494,0.0903,1.4483,2.0431,False,False
外部需求 → 日本,jp_exp,医薬品,3,3,0,0.8222,0.7217,-0.0213,-0.0501,-0.2247,-0.3561,False,False
外部需求 → 日本,jp_exp,医薬品,3,3,3,0.0267,0.1862,-0.1485,0.1226,-2.2158,1.3218,False,False
外部需求 → 日本,jp_exp,医薬品,3,3,6,0.0124,0.0781,0.2357,0.1327,2.5014,1.7617,False,False
外部需求 → 日本,jp_exp,医薬品,3,6,0,0.2069,0.4042,-0.1649,0.1079,-1.2621,0.8341,False,False
外部需求 → 日本,jp_exp,医薬品,3,6,3,0.4775,0.0514,0.0892,0.2641,0.7104,1.9485,False,False
外部需求 → 日本,jp_exp,医薬品,3,6,6,0.0049,0.9135,0.3732,0.0126,2.8133,0.1087,False,False
外部需求 → 日本,jp_exp,医薬品,6,1,0,0.8127,0.4764,-0.0063,-0.0322,-0.237,-0.712,False,False
外部需求 → 日本,jp_exp,医薬品,6,1,3,0.7655,0.0478,-0.0052,0.051,-0.2983,1.9794,False,False
外部需求 → 日本,jp_exp,医薬品,6,1,6,0.0199,0.4788,0.0587,0.0225,2.3276,0.7082,False,False
外部需求 → 日本,jp_exp,医薬品,6,3,0,0.2721,0.7355,-0.0635,0.0294,-1.0982,0.3379,False,False
外部需求 → 日本,jp_exp,医薬品,6,3,3,0.5014,0.0146,0.0356,0.1479,0.6723,2.4429,False,False
外部需求 → 日本,jp_exp,医薬品,6,3,6,0.0094,0.82,0.1581,0.0185,2.5978,0.2275,False,False
外部需求 → 日本,jp_exp,医薬品,6,6,0,0.7503,0.1014,-0.025,0.2024,-0.3182,1.6381,False,False
外部需求 → 日本,jp_exp,医薬品,6,6,3,0.0761,0.2221,0.1963,0.1613,1.7738,1.2209,False,False
外部需求 → 日本,jp_exp,医薬品,6,6,6,0.0461,0.9879,0.1672,-0.0016,1.9944,-0.0151,False,False
外部需求 → 日本,jp_exp,卸売業,1,1,0,0.4183,0.2126,0.0402,-0.0429,0.8093,-1.2465,False,False
外部需求 → 日本,jp_exp,卸売業,1,1,3,0.0585,0.0191,-0.0706,0.0792,-1.8921,2.3436,False,False
外部需求 → 日本,jp_exp,卸売業,1,1,6,0.8438,0.0391,0.006,0.0623,0.197,2.063,False,False
外部需求 → 日本,jp_exp,卸売業,1,3,0,0.2583,0.0002,0.0971,-0.1613,1.1305,-3.6654,False,False
外部需求 → 日本,jp_exp,卸売業,1,3,3,0.0645,0.317,-0.1142,0.0593,-1.8487,1.0007,False,False
外部需求 → 日本,jp_exp,卸売業,1,3,6,0.0415,0.0211,0.1242,0.0939,2.0384,2.3054,False,False
外部需求 → 日本,jp_exp,卸売業,1,6,0,0.8954,0.2079,-0.013,-0.0794,-0.1314,-1.2593,False,False
外部需求 → 日本,jp_exp,卸売業,1,6,3,0.8851,0.0089,0.0139,0.1558,0.1444,2.6145,False,False
外部需求 → 日本,jp_exp,卸売業,1,6,6,0.0002,0.2887,0.2917,0.053,3.7587,1.061,True,False
外部需求 → 日本,jp_exp,卸売業,3,1,0,0.3182,0.0003,0.0212,-0.0683,0.9981,-3.6281,False,False
外部需求 → 日本,jp_exp,卸売業,3,1,3,0.0135,0.1968,-0.028,0.0283,-2.4694,1.2907,False,False
外部需求 → 日本,jp_exp,卸売業,3,1,6,0.0504,0.0057,0.0308,0.0336,1.9568,2.7666,False,False
外部需求 → 日本,jp_exp,卸売業,3,3,0,0.9002,0.0625,0.0061,-0.0623,0.1254,-1.8627,False,False
外部需求 → 日本,jp_exp,卸売業,3,3,3,0.3444,0.144,-0.0322,0.0533,-0.9455,1.4612,False,False
外部需求 → 日本,jp_exp,卸売業,3,3,6,0.0,0.0011,0.1091,0.0636,4.1044,3.2555,True,True
外部需求 → 日本,jp_exp,卸売業,3,6,0,0.671,0.9683,-0.0245,-0.0018,-0.4248,-0.0398,False,False
外部需求 → 日本,jp_exp,卸売業,3,6,3,0.15,0.0012,0.0779,0.1177,1.4396,3.2305,False,False
外部需求 → 日本,jp_exp,卸売業,3,6,6,0.0,0.2713,0.1741,0.0389,4.9274,1.1,True,False
外部需求 → 日本,jp_exp,卸売業,6,1,0,0.8741,0.0689,-0.002,-0.0184,-0.1584,-1.8191,False,False
外部需求 → 日本,jp_exp,卸売業,6,1,3,0.9682,0.0036,0.0004,0.0362,0.0399,2.9084,False,False
外部需求 → 日本,jp_exp,卸売業,6,1,6,0.0004,0.1139,0.0262,0.0154,3.5669,1.5807,True,False
外部需求 → 日本,jp_exp,卸売業,6,3,0,0.6957,0.9193,-0.0107,-0.0021,-0.3911,-0.1014,False,False
外部需求 → 日本,jp_exp,卸売業,6,3,3,0.2539,0.0002,0.03,0.0682,1.1409,3.672,False,False
外部需求 → 日本,jp_exp,卸売業,6,3,6,0.0,0.1678,0.0691,0.0284,5.1663,1.3793,True,False
外部需求 → 日本,jp_exp,卸売業,6,6,0,0.6112,0.0266,0.0204,0.0713,0.5084,2.2172,False,False
外部需求 → 日本,jp_exp,卸売業,6,6,3,0.0024,0.0013,0.1004,0.0937,3.0399,3.218,True,True
外部需求 → 日本,jp_exp,卸売業,6,6,6,0.0003,0.0338,0.0847,0.0622,3.658,2.1227,True,True
外部需求 → 日本,jp_exp,小売業,1,1,0,0.0348,0.0756,0.1168,-0.104,2.111,-1.7766,False,False
外部需求 → 日本,jp_exp,小売業,1,1,3,0.4542,0.0547,-0.0431,0.1054,-0.7484,1.9215,False,False
外部需求 → 日本,jp_exp,小売業,1,1,6,0.37,0.0569,-0.0509,0.1044,-0.8964,1.904,False,False
外部需求 → 日本,jp_exp,小売業,1,3,0,0.8121,0.0001,0.0356,-0.2803,0.2377,-3.8205,False,False
外部需求 → 日本,jp_exp,小売業,1,3,3,0.0734,0.3991,-0.185,0.0928,-1.7902,0.8432,False,False
外部需求 → 日本,jp_exp,小売業,1,3,6,0.127,0.2171,0.209,0.0932,1.5259,1.2342,False,False
外部需求 → 日本,jp_exp,小売業,1,6,0,0.3985,0.1327,-0.1237,-0.1574,-0.8443,-1.5035,False,False
外部需求 → 日本,jp_exp,小売業,1,6,3,0.932,0.1021,0.0164,0.1779,0.0853,1.6345,False,False
外部需求 → 日本,jp_exp,小売業,1,6,6,0.0293,0.9346,0.4154,-0.0071,2.1798,-0.0821,False,False
外部需求 → 日本,jp_exp,小売業,3,1,0,0.7072,0.0005,0.0117,-0.0983,0.3756,-3.4639,False,False
外部需求 → 日本,jp_exp,小売業,3,1,3,0.045,0.3929,-0.0415,0.0294,-2.0043,0.8543,False,False
外部需求 → 日本,jp_exp,小売業,3,1,6,0.2288,0.1782,0.0453,0.0334,1.2035,1.3464,False,False
外部需求 → 日本,jp_exp,小売業,3,3,0,0.4739,0.018,-0.0528,-0.1101,-0.7162,-2.3657,False,False
外部需求 → 日本,jp_exp,小売業,3,3,3,0.1238,0.2611,-0.0891,0.0715,-1.5389,1.1238,False,False
外部需求 → 日本,jp_exp,小売業,3,3,6,0.0447,0.9256,0.1787,0.0039,2.0077,0.0933,False,False
外部需求 → 日本,jp_exp,小売業,3,6,0,0.0307,0.624,-0.1381,-0.0305,-2.1604,-0.4902,False,False
外部需求 → 日本,jp_exp,小売業,3,6,3,0.5267,0.3136,0.0878,0.0754,0.6331,1.0077,False,False
外部需求 → 日本,jp_exp,小売業,3,6,6,0.0583,0.2901,0.2456,-0.0724,1.8935,-1.0578,False,False
外部需求 → 日本,jp_exp,小売業,6,1,0,0.5569,0.1092,-0.0108,-0.0348,-0.5874,-1.6018,False,False
外部需求 → 日本,jp_exp,小売業,6,1,3,0.9973,0.1022,-0.0001,0.036,-0.0033,1.6344,False,False
外部需求 → 日本,jp_exp,小売業,6,1,6,0.1044,0.8433,0.0363,0.0036,1.6239,0.1977,False,False
外部需求 → 日本,jp_exp,小売業,6,3,0,0.1484,0.5308,-0.0552,-0.0231,-1.4451,-0.6268,False,False
外部需求 → 日本,jp_exp,小売業,6,3,3,0.5974,0.2949,0.0337,0.0448,0.5282,1.0475,False,False
外部需求 → 日本,jp_exp,小売業,6,3,6,0.0679,0.3403,0.1048,-0.0407,1.8255,-0.9536,False,False
外部需求 → 日本,jp_exp,小売業,6,6,0,0.7405,0.5933,-0.0208,0.0275,-0.3312,0.5341,False,False
外部需求 → 日本,jp_exp,小売業,6,6,3,0.2414,0.9665,0.1364,0.003,1.1716,0.0419,False,False
外部需求 → 日本,jp_exp,小売業,6,6,6,0.2634,0.2402,0.0764,-0.0594,1.1184,-1.1744,False,False
外部需求 → 日本,jp_exp,建設業,1,1,0,0.7751,0.7587,0.0191,-0.0163,0.2857,-0.3072,False,False
外部需求 → 日本,jp_exp,建設業,1,1,3,0.4918,0.8084,-0.0588,0.0166,-0.6874,0.2425,False,False
外部需求 → 日本,jp_exp,建設業,1,1,6,0.254,0.9853,-0.1002,0.0011,-1.1406,0.0184,False,False
外部需求 → 日本,jp_exp,建設業,1,3,0,0.3521,0.6248,0.1154,-0.0501,0.9306,-0.489,False,False
外部需求 → 日本,jp_exp,建設業,1,3,3,0.4357,0.0443,0.1339,0.1491,0.7794,2.0116,False,False
外部需求 → 日本,jp_exp,建設業,1,3,6,0.8586,0.1486,0.0306,-0.0984,0.1782,-1.4446,False,False
外部需求 → 日本,jp_exp,建設業,1,6,0,0.2202,0.4798,0.2778,0.0938,1.2261,0.7066,False,False
外部需求 → 日本,jp_exp,建設業,1,6,3,0.6851,0.4692,0.1294,0.0692,0.4055,0.7238,False,False
外部需求 → 日本,jp_exp,建設業,1,6,6,0.4261,0.4786,0.1678,-0.0753,0.7958,-0.7085,False,False
外部需求 → 日本,jp_exp,建設業,3,1,0,0.42,0.5454,0.0219,-0.0192,0.8064,-0.6047,False,False
外部需求 → 日本,jp_exp,建設業,3,1,3,0.4452,0.393,0.0259,0.0265,0.7634,0.8541,False,False
外部需求 → 日本,jp_exp,建設業,3,1,6,0.9804,0.4156,0.0009,-0.0216,0.0246,-0.8141,False,False
外部需求 → 日本,jp_exp,建設業,3,3,0,0.2591,0.7137,0.0773,-0.0367,1.1286,-0.3668,False,False
外部需求 → 日本,jp_exp,建設業,3,3,3,0.4062,0.1798,0.0903,0.0739,0.8306,1.3415,False,False
外部需求 → 日本,jp_exp,建設業,3,3,6,0.466,0.2146,0.0558,-0.0551,0.729,-1.241,False,False
外部需求 → 日本,jp_exp,建設業,3,6,0,0.2326,0.5215,0.1706,0.0715,1.1936,0.6411,False,False
外部需求 → 日本,jp_exp,建設業,3,6,3,0.4542,0.8115,0.1277,0.0217,0.7485,0.2385,False,False
外部需求 → 日本,jp_exp,建設業,3,6,6,0.1786,0.2408,0.1434,-0.0754,1.345,-1.1729,False,False
外部需求 → 日本,jp_exp,建設業,6,1,0,0.1246,0.7852,0.0239,0.0067,1.5359,0.2725,False,False
外部需求 → 日本,jp_exp,建設業,6,1,3,0.5738,0.9005,0.0155,0.003,0.5624,0.125,False,False
外部需求 → 日本,jp_exp,建設業,6,1,6,0.432,0.8189,0.0151,-0.0037,0.7858,-0.229,False,False
外部需求 → 日本,jp_exp,建設業,6,3,0,0.114,0.8446,0.0779,0.0147,1.5803,0.196,False,False
外部需求 → 日本,jp_exp,建設業,6,3,3,0.3389,0.8067,0.0668,0.0129,0.9564,0.2447,False,False
外部需求 → 日本,jp_exp,建設業,6,3,6,0.203,0.1734,0.0617,-0.0376,1.2731,-1.3615,False,False
外部需求 → 日本,jp_exp,建設業,6,6,0,0.1979,0.6444,0.137,0.0481,1.2875,0.4616,False,False
外部需求 → 日本,jp_exp,建設業,6,6,3,0.2304,0.6868,0.1179,-0.0286,1.1992,-0.4032,False,False
外部需求 → 日本,jp_exp,建設業,6,6,6,0.0673,0.8539,0.1285,-0.0097,1.8297,-0.1841,False,False
外部需求 → 日本,jp_exp,情報・通信業,1,1,0,0.4525,0.8854,0.0403,-0.0111,0.7513,-0.1441,False,False
外部需求 → 日本,jp_exp,情報・通信業,1,1,3,0.7535,0.7248,-0.0133,-0.0282,-0.3141,-0.352,False,False
外部需求 → 日本,jp_exp,情報・通信業,1,1,6,0.6166,0.5996,-0.0254,0.0375,-0.5007,0.525,False,False
外部需求 → 日本,jp_exp,情報・通信業,1,3,0,0.5363,0.1492,0.0731,-0.1962,0.6184,-1.4423,False,False
外部需求 → 日本,jp_exp,情報・通信業,1,3,3,0.2313,0.6068,-0.0998,-0.0597,-1.197,-0.5147,False,False
外部需求 → 日本,jp_exp,情報・通信業,1,3,6,0.3989,0.2583,0.0709,0.1549,0.8437,1.1305,False,False
外部需求 → 日本,jp_exp,情報・通信業,1,6,0,0.8679,0.249,-0.0308,-0.2145,-0.1664,-1.1528,False,False
外部需求 → 日本,jp_exp,情報・通信業,1,6,3,0.816,0.5632,-0.0256,0.0916,-0.2326,0.5781,False,False
外部需求 → 日本,jp_exp,情報・通信業,1,6,6,0.0774,0.6288,0.2009,0.0795,1.7661,0.4835,False,False
外部需求 → 日本,jp_exp,情報・通信業,3,1,0,0.3555,0.0113,0.0218,-0.0867,0.9239,-2.5329,False,False
外部需求 → 日本,jp_exp,情報・通信業,3,1,3,0.3196,0.8717,-0.0239,0.0065,-0.9952,0.1615,False,False
外部需求 → 日本,jp_exp,情報・通信業,3,1,6,0.5533,0.132,0.0119,0.0615,0.5928,1.5064,False,False
外部需求 → 日本,jp_exp,情報・通信業,3,3,0,0.6823,0.0003,0.0255,-0.2321,0.4093,-3.6619,False,False
外部需求 → 日本,jp_exp,情報・通信業,3,3,3,0.2224,0.4252,-0.0631,0.0604,-1.2201,0.7973,False,False
外部需求 → 日本,jp_exp,情報・通信業,3,3,6,0.039,0.5579,0.0852,0.0468,2.0642,0.5859,False,False
外部需求 → 日本,jp_exp,情報・通信業,3,6,0,0.718,0.0805,-0.0382,-0.1657,-0.3611,-1.7476,False,False
外部需求 → 日本,jp_exp,情報・通信業,3,6,3,0.7133,0.3055,0.0213,0.1073,0.3674,1.0246,False,False
外部需求 → 日本,jp_exp,情報・通信業,3,6,6,0.1711,0.8788,0.1026,0.0196,1.3688,0.1525,False,False
外部需求 → 日本,jp_exp,情報・通信業,6,1,0,0.8625,0.0404,0.003,-0.0524,0.1732,-2.0493,False,False
外部需求 → 日本,jp_exp,情報・通信業,6,1,3,0.5688,0.1897,-0.0063,0.0394,-0.5698,1.3115,False,False
外部需求 → 日本,jp_exp,情報・通信業,6,1,6,0.1214,0.4209,0.0173,0.0189,1.5489,0.8048,False,False
外部需求 → 日本,jp_exp,情報・通信業,6,3,0,0.7944,0.0586,-0.0114,-0.099,-0.2606,-1.8911,False,False
外部需求 → 日本,jp_exp,情報・通信業,6,3,3,0.7715,0.2145,0.0063,0.0692,0.2904,1.2414,False,False
外部需求 → 日本,jp_exp,情報・通信業,6,3,6,0.1756,0.7296,0.0452,0.0234,1.3543,0.3456,False,False
外部需求 → 日本,jp_exp,情報・通信業,6,6,0,0.9232,0.7435,-0.0057,-0.0245,-0.0964,-0.3272,False,False
外部需求 → 日本,jp_exp,情報・通信業,6,6,3,0.2112,0.3982,0.0506,0.0896,1.2503,0.8448,False,False
外部需求 → 日本,jp_exp,情報・通信業,6,6,6,0.5364,0.5907,0.0217,-0.0718,0.6183,-0.5378,False,False
外部需求 → 日本,jp_exp,機械,1,1,0,0.133,0.1267,-0.0965,0.0812,-1.5022,1.5271,False,False
外部需求 → 日本,jp_exp,機械,1,1,3,0.4508,0.184,0.0455,-0.0729,0.754,-1.3285,False,False
外部需求 → 日本,jp_exp,機械,1,1,6,0.3374,0.0607,-0.05,-0.1046,-0.9592,-1.8758,False,False
外部需求 → 日本,jp_exp,機械,1,3,0,0.9039,0.0275,0.0206,0.2194,0.1207,2.2039,False,False
外部需求 → 日本,jp_exp,機械,1,3,3,0.1608,0.0649,0.1446,-0.1822,1.4025,-1.846,False,False
外部需求 → 日本,jp_exp,機械,1,3,6,0.0059,0.0275,-0.2446,-0.1732,-2.7556,-2.2038,False,False
外部需求 → 日本,jp_exp,機械,1,6,0,0.5403,0.9497,0.153,-0.0074,0.6123,-0.0631,False,False
外部需求 → 日本,jp_exp,機械,1,6,3,0.4836,0.0004,-0.0993,-0.3439,-0.7005,-3.5374,False,False
外部需求 → 日本,jp_exp,機械,1,6,6,0.0003,0.4856,-0.5606,-0.0814,-3.6481,-0.6974,True,False
外部需求 → 日本,jp_exp,機械,3,1,0,0.942,0.0172,0.0027,0.0709,0.0727,2.3822,False,False
外部需求 → 日本,jp_exp,機械,3,1,3,0.394,0.0164,0.0236,-0.0671,0.8525,-2.3999,False,False
外部需求 → 日本,jp_exp,機械,3,1,6,0.0323,0.0286,-0.0573,-0.0631,-2.1405,-2.1892,False,False
外部需求 → 日本,jp_exp,機械,3,3,0,0.4416,0.3395,0.0738,0.0522,0.7695,0.9552,False,False
外部需求 → 日本,jp_exp,機械,3,3,3,0.6581,0.0009,0.0295,-0.1688,0.4426,-3.311,False,False
外部需求 → 日本,jp_exp,機械,3,3,6,0.002,0.0698,-0.1899,-0.0779,-3.0858,-1.813,True,True
外部需求 → 日本,jp_exp,機械,3,6,0,0.4896,0.0693,0.1006,-0.1255,0.6909,-1.8168,False,False
外部需求 → 日本,jp_exp,機械,3,6,3,0.0587,0.0,-0.161,-0.2443,-1.8907,-4.6669,False,False
外部需求 → 日本,jp_exp,機械,3,6,6,0.002,0.5961,-0.3305,-0.0374,-3.0857,-0.53,True,False
外部需求 → 日本,jp_exp,機械,6,1,0,0.7044,0.8198,0.0081,0.0036,0.3794,0.2278,False,False
外部需求 → 日本,jp_exp,機械,6,1,3,0.3347,0.0019,-0.0134,-0.0697,-0.9648,-3.1098,False,False
外部需求 → 日本,jp_exp,機械,6,1,6,0.0112,0.2035,-0.0503,-0.0206,-2.5362,-1.2717,False,False
外部需求 → 日本,jp_exp,機械,6,3,0,0.5517,0.0908,0.0338,-0.0609,0.5952,-1.691,False,False
外部需求 → 日本,jp_exp,機械,6,3,3,0.0698,0.0,-0.0671,-0.1392,-1.8129,-4.3767,False,False
外部需求 → 日本,jp_exp,機械,6,3,6,0.0068,0.4583,-0.1338,-0.0241,-2.7052,-0.7417,False,False
外部需求 → 日本,jp_exp,機械,6,6,0,0.6324,0.0001,-0.0346,-0.2051,-0.4784,-4.0215,False,False
外部需求 → 日本,jp_exp,機械,6,6,3,0.0136,0.0012,-0.2016,-0.1618,-2.4682,-3.2482,False,False
外部需求 → 日本,jp_exp,機械,6,6,6,0.0911,0.9976,-0.1375,0.0002,-1.6898,0.0029,False,False
外部需求 → 日本,jp_exp,水産・農林業,1,1,0,0.0208,0.0113,0.202,-0.2077,2.3112,-2.5326,False,False
外部需求 → 日本,jp_exp,水産・農林業,1,1,3,0.0825,0.012,0.1628,0.1823,1.7361,2.5122,False,False
外部需求 → 日本,jp_exp,水産・農林業,1,1,6,0.2257,0.1361,0.0928,0.1254,1.2115,1.4903,False,False
外部需求 → 日本,jp_exp,水産・農林業,1,3,0,0.2194,0.0926,0.2679,-0.2157,1.2282,-1.6821,False,False
外部需求 → 日本,jp_exp,水産・農林業,1,3,3,0.3543,0.1365,0.1662,0.1937,0.9263,1.4888,False,False
外部需求 → 日本,jp_exp,水産・農林業,1,3,6,0.9404,0.5312,0.0116,0.0868,0.0747,0.6262,False,False
外部需求 → 日本,jp_exp,水産・農林業,1,6,0,0.16,0.7704,0.483,0.0481,1.4052,0.2919,False,False
外部需求 → 日本,jp_exp,水産・農林業,1,6,3,0.3694,0.0168,0.179,0.2666,0.8976,2.3915,False,False
外部需求 → 日本,jp_exp,水産・農林業,1,6,6,0.5913,0.1792,0.1274,0.1773,0.5369,1.3432,False,False
外部需求 → 日本,jp_exp,水産・農林業,3,1,0,0.1508,0.1574,0.0773,-0.0752,1.4369,-1.4139,False,False
外部需求 → 日本,jp_exp,水産・農林業,3,1,3,0.3783,0.2163,0.0402,0.0568,0.8811,1.2365,False,False
外部需求 → 日本,jp_exp,水産・農林業,3,1,6,0.9126,0.6086,0.0041,0.0246,0.1098,0.5121,False,False
外部需求 → 日本,jp_exp,水産・農林業,3,3,0,0.3502,0.3493,0.1368,0.0838,0.9343,0.936,False,False
外部需求 → 日本,jp_exp,水産・農林業,3,3,3,0.5044,0.2378,0.0694,0.115,0.6676,1.1804,False,False
外部需求 → 日本,jp_exp,水産・農林業,3,3,6,0.561,0.4618,0.0463,0.053,0.5814,0.7359,False,False
外部需求 → 日本,jp_exp,水産・農林業,3,6,0,0.1769,0.0092,0.2302,0.2457,1.3503,2.6036,False,False
外部需求 → 日本,jp_exp,水産・農林業,3,6,3,0.3695,0.0868,0.116,0.1681,0.8975,1.7126,False,False
外部需求 → 日本,jp_exp,水産・農林業,3,6,6,0.518,0.209,0.0909,0.1313,0.6465,1.2563,False,False
外部需求 → 日本,jp_exp,水産・農林業,6,1,0,0.1238,0.9331,0.0494,0.0031,1.539,0.0839,False,False
外部需求 → 日本,jp_exp,水産・農林業,6,1,3,0.519,0.1969,0.0168,0.0485,0.6448,1.2904,False,False
外部需求 → 日本,jp_exp,水産・農林業,6,1,6,0.3909,0.2036,0.0209,0.0357,0.8579,1.2714,False,False
外部需求 → 日本,jp_exp,水産・農林業,6,3,0,0.2756,0.1138,0.0905,0.117,1.0902,1.5811,False,False
外部需求 → 日本,jp_exp,水産・農林業,6,3,3,0.4815,0.1191,0.0442,0.0934,0.7039,1.5587,False,False
外部需求 → 日本,jp_exp,水産・農林業,6,3,6,0.538,0.1804,0.0407,0.0675,0.6158,1.3394,False,False
外部需求 → 日本,jp_exp,水産・農林業,6,6,0,0.1311,0.0184,0.147,0.2362,1.5096,2.3581,False,False
外部需求 → 日本,jp_exp,水産・農林業,6,6,3,0.3548,0.0758,0.0844,0.1584,0.9254,1.7756,False,False
外部需求 → 日本,jp_exp,水産・農林業,6,6,6,0.9489,0.0613,-0.0062,0.1811,-0.0641,1.8711,False,False
外部需求 → 日本,jp_exp,海運業,1,1,0,0.7279,0.3767,-0.0506,0.1661,-0.348,0.884,False,False
外部需求 → 日本,jp_exp,海運業,1,1,3,0.0807,0.8093,0.2623,0.0499,1.7466,0.2413,False,False
外部需求 → 日本,jp_exp,海運業,1,1,6,0.2294,0.569,0.1509,0.1131,1.202,0.5696,False,False
外部需求 → 日本,jp_exp,海運業,1,3,0,0.5437,0.5796,0.1519,0.1716,0.6072,0.554,False,False
外部需求 → 日本,jp_exp,海運業,1,3,3,0.0,0.4913,0.8653,0.3283,4.0637,0.6882,True,False
外部需求 → 日本,jp_exp,海運業,1,3,6,0.883,0.7605,-0.0367,0.154,-0.1471,0.3048,False,False
外部需求 → 日本,jp_exp,海運業,1,6,0,0.0015,0.345,1.0223,0.6546,3.1825,0.9444,True,False
外部需求 → 日本,jp_exp,海運業,1,6,3,0.0237,0.5831,0.8369,0.4664,2.2623,0.5489,False,False
外部需求 → 日本,jp_exp,海運業,1,6,6,0.0031,0.6684,-1.0651,0.3364,-2.9536,0.4284,True,False
外部需求 → 日本,jp_exp,海運業,3,1,0,0.5513,0.5314,0.0369,0.0594,0.5957,0.6258,False,False
外部需求 → 日本,jp_exp,海運業,3,1,3,0.0,0.3719,0.181,0.144,4.2529,0.893,True,False
外部需求 → 日本,jp_exp,海運業,3,1,6,0.7878,0.9155,0.0131,0.0158,0.2691,0.1061,False,False
外部需求 → 日本,jp_exp,海運業,3,3,0,0.0084,0.5936,0.3282,0.156,2.6375,0.5336,False,False
外部需求 → 日本,jp_exp,海運業,3,3,3,0.0004,0.3674,0.4124,0.3509,3.5433,0.9013,True,False
外部需求 → 日本,jp_exp,海運業,3,3,6,0.0345,0.9078,-0.3073,0.0551,-2.1137,0.1158,False,False
外部需求 → 日本,jp_exp,海運業,3,6,0,0.0,0.3548,0.7435,0.556,4.198,0.9253,True,False
外部需求 → 日本,jp_exp,海運業,3,6,3,0.6371,0.5861,0.1072,0.4039,0.4718,0.5445,False,False
外部需求 → 日本,jp_exp,海運業,3,6,6,0.0008,0.9009,-0.8395,-0.0885,-3.3532,-0.1245,True,False
外部需求 → 日本,jp_exp,海運業,6,1,0,0.02,0.3112,0.0832,0.1112,2.3258,1.0128,False,False
外部需求 → 日本,jp_exp,海運業,6,1,3,0.0037,0.3878,0.0799,0.0849,2.9034,0.8635,True,False
外部需求 → 日本,jp_exp,海運業,6,1,6,0.0474,0.9901,-0.0864,-0.0014,-1.9825,-0.0124,False,False
外部需求 → 日本,jp_exp,海運業,6,3,0,0.0004,0.3249,0.2913,0.2925,3.5676,0.9844,True,False
外部需求 → 日本,jp_exp,海運業,6,3,3,0.5488,0.5773,0.0581,0.1854,0.5995,0.5573,False,False
外部需求 → 日本,jp_exp,海運業,6,3,6,0.0046,0.7301,-0.346,-0.109,-2.8309,-0.345,False,False
外部需求 → 日本,jp_exp,海運業,6,6,0,0.0087,0.3563,0.3515,0.5012,2.6219,0.9225,False,False
外部需求 → 日本,jp_exp,海運業,6,6,3,0.1689,0.86,-0.2878,0.1053,-1.3759,0.1764,False,False
外部需求 → 日本,jp_exp,海運業,6,6,6,0.0,0.7433,-0.495,-0.2093,-4.5189,-0.3275,True,False
外部需求 → 日本,jp_exp,石油・石炭製品,1,1,0,0.8986,0.8501,0.0196,-0.0273,0.1275,-0.189,False,False
外部需求 → 日本,jp_exp,石油・石炭製品,1,1,3,0.0411,0.0515,0.2821,0.2626,2.0426,1.9474,False,False
外部需求 → 日本,jp_exp,石油・石炭製品,1,1,6,0.0373,0.2218,0.2451,-0.1719,2.0822,-1.2218,False,False
外部需求 → 日本,jp_exp,石油・石炭製品,1,3,0,0.5312,0.3158,0.1709,0.2926,0.6262,1.0031,False,False
外部需求 → 日本,jp_exp,石油・石炭製品,1,3,3,0.0185,0.5144,0.5589,0.1358,2.3565,0.6521,False,False
外部需求 → 日本,jp_exp,石油・石炭製品,1,3,6,0.112,0.5403,0.3964,-0.1697,1.5894,-0.6124,False,False
外部需求 → 日本,jp_exp,石油・石炭製品,1,6,0,0.0093,0.0417,0.7194,0.5921,2.6004,2.0363,False,False
外部需求 → 日本,jp_exp,石油・石炭製品,1,6,3,0.0247,0.8145,0.927,-0.0715,2.2464,-0.2346,False,False
外部需求 → 日本,jp_exp,石油・石炭製品,1,6,6,0.1517,0.7141,0.4185,-0.0989,1.4336,-0.3663,False,False
外部需求 → 日本,jp_exp,石油・石炭製品,3,1,0,0.3457,0.1808,0.0572,0.1159,0.9429,1.3384,False,False
外部需求 → 日本,jp_exp,石油・石炭製品,3,1,3,0.0279,0.2225,0.1104,0.0796,2.1989,1.2198,False,False
外部需求 → 日本,jp_exp,石油・石炭製品,3,1,6,0.0092,0.2252,0.1166,-0.1105,2.6038,-1.2129,False,False
外部需求 → 日本,jp_exp,石油・石炭製品,3,3,0,0.0398,0.0001,0.2747,0.5825,2.0556,3.8834,False,False
外部需求 → 日本,jp_exp,石油・石炭製品,3,3,3,0.0071,0.3572,0.3491,-0.1568,2.6903,-0.9208,False,False
外部需求 → 日本,jp_exp,石油・石炭製品,3,3,6,0.0407,0.4452,0.2164,-0.1116,2.0469,-0.7634,False,False
外部需求 → 日本,jp_exp,石油・石炭製品,3,6,0,0.0,0.0328,0.5913,0.5156,4.8971,2.1339,True,True
外部需求 → 日本,jp_exp,石油・石炭製品,3,6,3,0.0029,0.1722,0.5385,-0.2737,2.9799,-1.3651,True,False
外部需求 → 日本,jp_exp,石油・石炭製品,3,6,6,0.2793,0.9136,0.2224,0.019,1.0819,0.1085,False,False
外部需求 → 日本,jp_exp,石油・石炭製品,6,1,0,0.0067,0.0841,0.0692,0.1148,2.7098,1.7276,False,False
外部需求 → 日本,jp_exp,石油・石炭製品,6,1,3,0.0003,0.7567,0.0965,-0.0183,3.6569,-0.3099,True,False
外部需求 → 日本,jp_exp,石油・石炭製品,6,1,6,0.1401,0.423,0.0465,-0.0441,1.4754,-0.8013,False,False
外部需求 → 日本,jp_exp,石油・石炭製品,6,3,0,0.0,0.136,0.2425,0.2647,5.2607,1.4908,True,False
外部需求 → 日本,jp_exp,石油・石炭製品,6,3,3,0.0001,0.1551,0.2461,-0.1801,3.9294,-1.4217,True,False
外部需求 → 日本,jp_exp,石油・石炭製品,6,3,6,0.3517,0.9427,0.0845,0.0082,0.9313,0.0718,False,False
外部需求 → 日本,jp_exp,石油・石炭製品,6,6,0,0.0,0.5921,0.4655,0.1251,6.3312,0.5358,True,False
外部需求 → 日本,jp_exp,石油・石炭製品,6,6,3,0.0001,0.2559,0.3287,-0.1852,3.7942,-1.1361,True,False
外部需求 → 日本,jp_exp,石油・石炭製品,6,6,6,0.4921,0.2251,0.1109,0.2605,0.687,1.2131,False,False
外部需求 → 日本,jp_exp,精密機器,1,1,0,0.1453,0.7411,-0.0958,0.0189,-1.4563,0.3304,False,False
外部需求 → 日本,jp_exp,精密機器,1,1,3,0.5135,0.5835,-0.0439,-0.0305,-0.6534,-0.5482,False,False
外部需求 → 日本,jp_exp,精密機器,1,1,6,0.5598,0.7653,0.0286,-0.0193,0.5832,-0.2985,False,False
外部需求 → 日本,jp_exp,精密機器,1,3,0,0.0202,0.0804,-0.2094,0.1759,-2.3231,1.7483,False,False
外部需求 → 日本,jp_exp,精密機器,1,3,3,0.9172,0.8431,0.0117,-0.0189,0.1039,-0.1979,False,False
外部需求 → 日本,jp_exp,精密機器,1,3,6,0.4235,0.4718,0.062,0.0554,0.8003,0.7196,False,False
外部需求 → 日本,jp_exp,精密機器,1,6,0,0.2883,0.1663,-0.1991,0.1283,-1.0619,1.3843,False,False
外部需求 → 日本,jp_exp,精密機器,1,6,3,0.5318,0.6122,0.071,0.0475,0.6252,0.507,False,False
外部需求 → 日本,jp_exp,精密機器,1,6,6,0.1186,0.3212,-0.1544,0.0786,-1.5607,0.9919,False,False
外部需求 → 日本,jp_exp,精密機器,3,1,0,0.0186,0.0295,-0.0539,0.0644,-2.3536,2.177,False,False
外部需求 → 日本,jp_exp,精密機器,3,1,3,0.7391,0.6006,0.0083,-0.0167,0.3331,-0.5235,False,False
外部需求 → 日本,jp_exp,精密機器,3,1,6,0.3975,0.2759,0.0155,0.0258,0.8461,1.0895,False,False
外部需求 → 日本,jp_exp,精密機器,3,3,0,0.0766,0.0571,-0.1116,0.1212,-1.771,1.9027,False,False
外部需求 → 日本,jp_exp,精密機器,3,3,3,0.2748,0.9587,0.054,0.0033,1.0921,0.0518,False,False
外部需求 → 日本,jp_exp,精密機器,3,3,6,0.6221,0.6417,-0.019,0.0217,-0.4928,0.4653,False,False
外部需求 → 日本,jp_exp,精密機器,3,6,0,0.5371,0.0848,-0.0597,0.1119,-0.6171,1.7237,False,False
外部需求 → 日本,jp_exp,精密機器,3,6,3,0.5881,0.7003,0.0336,0.0255,0.5417,0.385,False,False
外部需求 → 日本,jp_exp,精密機器,3,6,6,0.0118,0.1924,-0.1682,0.0937,-2.5194,1.3034,False,False
外部需求 → 日本,jp_exp,精密機器,6,1,0,0.2475,0.2563,-0.0193,0.028,-1.1565,1.1352,False,False
外部需求 → 日本,jp_exp,精密機器,6,1,3,0.4785,0.9268,0.0095,0.0017,0.7088,0.0918,False,False
外部需求 → 日本,jp_exp,精密機器,6,1,6,0.3629,0.3354,-0.0125,0.0146,-0.9099,0.9632,False,False
外部需求 → 日本,jp_exp,精密機器,6,3,0,0.5286,0.108,-0.0292,0.0726,-0.6301,1.6073,False,False
外部需求 → 日本,jp_exp,精密機器,6,3,3,0.5973,0.6766,0.0142,0.0115,0.5283,0.4171,False,False
外部需求 → 日本,jp_exp,精密機器,6,3,6,0.0355,0.2115,-0.0671,0.0478,-2.1027,1.2494,False,False
外部需求 → 日本,jp_exp,精密機器,6,6,0,0.7888,0.0991,-0.0165,0.0768,-0.2679,1.6493,False,False
外部需求 → 日本,jp_exp,精密機器,6,6,3,0.2957,0.1122,-0.0543,0.0596,-1.0457,1.5883,False,False
外部需求 → 日本,jp_exp,精密機器,6,6,6,0.0041,0.4829,-0.131,0.0737,-2.8742,0.7016,False,False
外部需求 → 日本,jp_exp,繊維製品,1,1,0,0.6379,0.4191,-0.0249,0.0746,-0.4706,0.8081,False,False
外部需求 → 日本,jp_exp,繊維製品,1,1,3,0.3487,0.0055,0.0652,0.1878,0.9372,2.7762,False,False
外部需求 → 日本,jp_exp,繊維製品,1,1,6,0.9267,0.4574,-0.0061,0.0466,-0.0919,0.7432,False,False
外部需求 → 日本,jp_exp,繊維製品,1,3,0,0.5677,0.7549,-0.0468,0.0521,-0.5715,0.3121,False,False
外部需求 → 日本,jp_exp,繊維製品,1,3,3,0.107,0.0959,0.1345,0.2772,1.6118,1.6649,False,False
外部需求 → 日本,jp_exp,繊維製品,1,3,6,0.3222,0.6829,0.1113,-0.0487,0.9899,-0.4085,False,False
外部需求 → 日本,jp_exp,繊維製品,1,6,0,0.4791,0.1504,0.0853,0.3398,0.7077,1.4381,False,False
外部需求 → 日本,jp_exp,繊維製品,1,6,3,0.0302,0.1466,0.2476,0.2322,2.1671,1.4515,False,False
外部需求 → 日本,jp_exp,繊維製品,1,6,6,0.1215,0.3254,0.2121,-0.1512,1.5484,-0.9835,False,False
外部需求 → 日本,jp_exp,繊維製品,3,1,0,0.697,0.6361,-0.0098,0.0303,-0.3893,0.4732,False,False
外部需求 → 日本,jp_exp,繊維製品,3,1,3,0.2584,0.0218,0.0279,0.0961,1.1301,2.2933,False,False
外部需求 → 日本,jp_exp,繊維製品,3,1,6,0.3471,0.4264,0.0246,-0.0328,0.9402,-0.7955,False,False
外部需求 → 日本,jp_exp,繊維製品,3,3,0,0.9317,0.0088,-0.0041,0.2107,-0.0857,2.6182,False,False
外部需求 → 日本,jp_exp,繊維製品,3,3,3,0.0602,0.1627,0.0795,0.1247,1.8795,1.3962,False,False
外部需求 → 日本,jp_exp,繊維製品,3,3,6,0.042,0.2309,0.0981,-0.0744,2.0339,-1.1981,False,False
外部需求 → 日本,jp_exp,繊維製品,3,6,0,0.231,0.0199,0.0755,0.3463,1.1977,2.3276,False,False
外部需求 → 日本,jp_exp,繊維製品,3,6,3,0.0002,0.5455,0.1779,0.0529,3.7047,0.6046,True,False
外部需求 → 日本,jp_exp,繊維製品,3,6,6,0.0194,0.2074,0.1721,-0.1111,2.3369,-1.2608,False,False
外部需求 → 日本,jp_exp,繊維製品,6,1,0,0.563,0.009,0.0075,0.0785,0.5783,2.611,False,False
外部需求 → 日本,jp_exp,繊維製品,6,1,3,0.0604,0.2284,0.0245,0.0407,1.8777,1.2045,False,False
外部需求 → 日本,jp_exp,繊維製品,6,1,6,0.1487,0.0473,0.0205,-0.0335,1.4443,-1.9832,False,False
外部需求 → 日本,jp_exp,繊維製品,6,3,0,0.311,0.0287,0.0276,0.1994,1.0131,2.1872,False,False
外部需求 → 日本,jp_exp,繊維製品,6,3,3,0.001,0.7256,0.0754,0.0248,3.2826,0.3509,True,False
外部需求 → 日本,jp_exp,繊維製品,6,3,6,0.0471,0.1898,0.0691,-0.0625,1.9858,-1.311,False,False
外部需求 → 日本,jp_exp,繊維製品,6,6,0,0.0141,0.1175,0.1031,0.2314,2.4549,1.5652,False,False
外部需求 → 日本,jp_exp,繊維製品,6,6,3,0.0004,0.6482,0.1442,-0.0387,3.5413,-0.4562,True,False
外部需求 → 日本,jp_exp,繊維製品,6,6,6,0.0223,0.4851,0.107,-0.0532,2.2861,-0.6981,False,False
外部需求 → 日本,jp_exp,証券、商品先物取引業,1,1,0,0.0415,0.4426,-0.3259,0.0542,-2.0386,0.7679,False,False
外部需求 → 日本,jp_exp,証券、商品先物取引業,1,1,3,0.5819,0.3612,0.0759,0.0791,0.5506,0.913,False,False
外部需求 → 日本,jp_exp,証券、商品先物取引業,1,1,6,0.6197,0.0813,0.069,-0.1594,0.4962,-1.7434,False,False
外部需求 → 日本,jp_exp,証券、商品先物取引業,1,3,0,0.0003,0.4976,-0.8529,0.1062,-3.5849,0.6782,True,False
外部需求 → 日本,jp_exp,証券、商品先物取引業,1,3,3,0.2621,0.2568,0.2904,0.2491,1.1214,1.134,False,False
外部需求 → 日本,jp_exp,証券、商品先物取引業,1,3,6,0.1026,0.1059,-0.403,-0.3982,-1.6324,-1.617,False,False
外部需求 → 日本,jp_exp,証券、商品先物取引業,1,6,0,0.1063,0.1236,-0.5649,0.4157,-1.6152,1.54,False,False
外部需求 → 日本,jp_exp,証券、商品先物取引業,1,6,3,0.6505,0.5556,-0.1146,-0.1508,-0.4531,-0.5894,False,False
外部需求 → 日本,jp_exp,証券、商品先物取引業,1,6,6,0.0327,0.0491,-0.7572,-0.4773,-2.1352,-1.9677,False,False
外部需求 → 日本,jp_exp,証券、商品先物取引業,3,1,0,0.0001,0.4448,-0.2119,0.0399,-3.9431,0.7641,True,False
外部需求 → 日本,jp_exp,証券、商品先物取引業,3,1,3,0.3287,0.1773,0.0741,0.0834,0.9767,1.349,False,False
外部需求 → 日本,jp_exp,証券、商品先物取引業,3,1,6,0.1709,0.0095,-0.0812,-0.1214,-1.3693,-2.5917,False,False
外部需求 → 日本,jp_exp,証券、商品先物取引業,3,3,0,0.0037,0.1706,-0.3603,0.2425,-2.9019,1.3704,True,False
外部需求 → 日本,jp_exp,証券、商品先物取引業,3,3,3,0.1945,0.3657,0.167,-0.0931,1.2975,-0.9045,False,False
外部需求 → 日本,jp_exp,証券、商品先物取引業,3,3,6,0.044,0.0202,-0.3469,-0.3209,-2.0142,-2.3231,False,False
外部需求 → 日本,jp_exp,証券、商品先物取引業,3,6,0,0.3085,0.3499,-0.1903,0.1575,-1.0183,0.9348,False,False
外部需求 → 日本,jp_exp,証券、商品先物取引業,3,6,3,0.3714,0.0101,-0.1767,-0.419,-0.8939,-2.5709,False,False
外部需求 → 日本,jp_exp,証券、商品先物取引業,3,6,6,0.0405,0.0122,-0.507,-0.267,-2.0487,-2.5065,False,False
外部需求 → 日本,jp_exp,証券、商品先物取引業,6,1,0,0.0797,0.1551,-0.0607,0.0679,-1.7525,1.4218,False,False
外部需求 → 日本,jp_exp,証券、商品先物取引業,6,1,3,0.9058,0.3178,-0.0036,-0.0354,-0.1183,-0.999,False,False
外部需求 → 日本,jp_exp,証券、商品先物取引業,6,1,6,0.0634,0.0239,-0.0632,-0.0872,-1.8563,-2.2584,False,False
外部需求 → 日本,jp_exp,証券、商品先物取引業,6,3,0,0.3831,0.2839,-0.0822,0.0938,-0.8722,1.0716,False,False
外部需求 → 日本,jp_exp,証券、商品先物取引業,6,3,3,0.4892,0.0013,-0.0611,-0.2598,-0.6916,-3.2242,False,False
外部需求 → 日本,jp_exp,証券、商品先物取引業,6,3,6,0.0423,0.1862,-0.2057,-0.1482,-2.0301,-1.3219,False,False
外部需求 → 日本,jp_exp,証券、商品先物取引業,6,6,0,0.1868,0.1711,-0.1409,-0.1668,-1.3201,-1.3686,False,False
外部需求 → 日本,jp_exp,証券、商品先物取引業,6,6,3,0.1281,0.004,-0.2652,-0.4127,-1.5214,-2.8773,False,False
外部需求 → 日本,jp_exp,証券、商品先物取引業,6,6,6,0.1839,0.3302,-0.1686,-0.1566,-1.329,-0.9738,False,False
外部需求 → 日本,jp_exp,輸送用機器,1,1,0,0.1489,0.6865,-0.1896,0.0313,-1.4436,0.4036,False,False
外部需求 → 日本,jp_exp,輸送用機器,1,1,3,0.5105,0.2909,0.0655,0.0811,0.658,1.0562,False,False
外部需求 → 日本,jp_exp,輸送用機器,1,1,6,0.8381,0.1456,0.0177,-0.12,0.2043,-1.4554,False,False
外部需求 → 日本,jp_exp,輸送用機器,1,3,0,0.4371,0.1908,-0.194,0.1574,-0.7772,1.3083,False,False
外部需求 → 日本,jp_exp,輸送用機器,1,3,3,0.3793,0.4365,0.1185,0.1004,0.8791,0.7782,False,False
外部需求 → 日本,jp_exp,輸送用機器,1,3,6,0.0341,0.0914,-0.2969,-0.2256,-2.1192,-1.6878,False,False
外部需求 → 日本,jp_exp,輸送用機器,1,6,0,0.6523,0.0717,-0.1826,0.3238,-0.4505,1.8012,False,False
外部需求 → 日本,jp_exp,輸送用機器,1,6,3,0.4765,0.4793,-0.1545,-0.1341,-0.712,-0.7074,False,False
外部需求 → 日本,jp_exp,輸送用機器,1,6,6,0.0626,0.0474,-0.4825,-0.3442,-1.8618,-1.9823,False,False
外部需求 → 日本,jp_exp,輸送用機器,3,1,0,0.4879,0.0356,-0.041,0.071,-0.6936,2.1018,False,False
外部需求 → 日本,jp_exp,輸送用機器,3,1,3,0.3274,0.4241,0.0352,0.0389,0.9794,0.7993,False,False
外部需求 → 日本,jp_exp,輸送用機器,3,1,6,0.0795,0.1395,-0.0668,-0.0827,-1.7533,-1.4777,False,False
外部需求 → 日本,jp_exp,輸送用機器,3,3,0,0.759,0.0036,-0.0388,0.2126,-0.3068,2.911,False,False
外部需求 → 日本,jp_exp,輸送用機器,3,3,3,0.877,0.8572,0.0112,-0.0198,0.1547,-0.1799,False,False
外部需求 → 日本,jp_exp,輸送用機器,3,3,6,0.0241,0.0039,-0.2127,-0.176,-2.2554,-2.8862,False,False
外部需求 → 日本,jp_exp,輸送用機器,3,6,0,0.7886,0.0745,-0.0493,0.2192,-0.2681,1.7834,False,False
外部需求 → 日本,jp_exp,輸送用機器,3,6,3,0.1441,0.133,-0.1986,-0.1984,-1.4606,-1.5023,False,False
外部需求 → 日本,jp_exp,輸送用機器,3,6,6,0.1908,0.0413,-0.2405,-0.2289,-1.3082,-2.0405,False,False
外部需求 → 日本,jp_exp,輸送用機器,6,1,0,0.7117,0.0059,-0.0117,0.0608,-0.3696,2.7516,False,False
外部需求 → 日本,jp_exp,輸送用機器,6,1,3,0.318,0.4699,-0.0185,-0.0263,-0.9986,-0.7226,False,False
外部需求 → 日本,jp_exp,輸送用機器,6,1,6,0.1466,0.0068,-0.0432,-0.079,-1.4515,-2.7076,False,False
外部需求 → 日本,jp_exp,輸送用機器,6,3,0,0.7969,0.0266,-0.0177,0.1102,-0.2574,2.2176,False,False
外部需求 → 日本,jp_exp,輸送用機器,6,3,3,0.1272,0.0697,-0.0865,-0.1188,-1.5253,-1.8142,False,False
外部需求 → 日本,jp_exp,輸送用機器,6,3,6,0.2174,0.0574,-0.1033,-0.1429,-1.2334,-1.8999,False,False
外部需求 → 日本,jp_exp,輸送用機器,6,6,0,0.3231,0.9775,-0.1114,0.0026,-0.988,0.0282,False,False
外部需求 → 日本,jp_exp,輸送用機器,6,6,3,0.1479,0.0241,-0.1869,-0.2598,-1.4468,-2.2555,False,False
外部需求 → 日本,jp_exp,輸送用機器,6,6,6,0.6703,0.3038,-0.044,-0.1082,-0.4257,-1.0283,False,False
外部需求 → 日本,jp_exp,金属製品,1,1,0,0.5255,0.2212,-0.0298,0.0672,-0.6349,1.2233,False,False
外部需求 → 日本,jp_exp,金属製品,1,1,3,0.7301,0.2876,0.0212,-0.0674,0.345,-1.0633,False,False
外部需求 → 日本,jp_exp,金属製品,1,1,6,0.4584,0.0809,-0.0484,-0.1023,-0.7414,-1.7455,False,False
外部需求 → 日本,jp_exp,金属製品,1,3,0,0.0672,0.1135,0.1549,0.1703,1.8301,1.5826,False,False
外部需求 → 日本,jp_exp,金属製品,1,3,3,0.2884,0.3748,0.1218,-0.1194,1.0617,-0.8875,False,False
外部需求 → 日本,jp_exp,金属製品,1,3,6,0.1681,0.107,-0.1343,-0.1143,-1.3785,-1.6118,False,False
外部需求 → 日本,jp_exp,金属製品,1,6,0,0.0149,0.9152,0.2741,0.0169,2.4347,0.1065,False,False
外部需求 → 日本,jp_exp,金属製品,1,6,3,0.9717,0.1102,0.0035,-0.2229,0.0354,-1.5971,False,False
外部需求 → 日本,jp_exp,金属製品,1,6,6,0.0139,0.0294,-0.2965,-0.1747,-2.4588,-2.1775,False,False
外部需求 → 日本,jp_exp,金属製品,3,1,0,0.118,0.0303,0.0317,0.0694,1.5631,2.1658,False,False
外部需求 → 日本,jp_exp,金属製品,3,1,3,0.3762,0.2743,0.0264,-0.0538,0.8849,-1.0933,False,False
外部需求 → 日本,jp_exp,金属製品,3,1,6,0.1666,0.3655,-0.0352,-0.0259,-1.3832,-0.905,False,False
外部需求 → 日本,jp_exp,金属製品,3,3,0,0.0161,0.4794,0.1089,0.0412,2.4071,0.7072,False,False
外部需求 → 日本,jp_exp,金属製品,3,3,3,0.5123,0.1762,0.0308,-0.1153,0.6552,-1.3525,False,False
外部需求 → 日本,jp_exp,金属製品,3,3,6,0.0574,0.1544,-0.1067,-0.0549,-1.9002,-1.424,False,False
外部需求 → 日本,jp_exp,金属製品,3,6,0,0.08,0.3623,0.1382,-0.0974,1.7508,-0.9111,False,False
外部需求 → 日本,jp_exp,金属製品,3,6,3,0.1521,0.0356,-0.0754,-0.1795,-1.4323,-2.1019,False,False
外部需求 → 日本,jp_exp,金属製品,3,6,6,0.0162,0.1313,-0.1533,-0.1016,-2.4049,-1.5088,False,False
外部需求 → 日本,jp_exp,金属製品,6,1,0,0.1354,0.7049,0.0221,0.0082,1.4932,0.3787,False,False
外部需求 → 日本,jp_exp,金属製品,6,1,3,0.8103,0.2034,-0.0026,-0.047,-0.24,-1.2719,False,False
外部需求 → 日本,jp_exp,金属製品,6,1,6,0.0932,0.0451,-0.0288,-0.0304,-1.6785,-2.004,False,False
外部需求 → 日本,jp_exp,金属製品,6,3,0,0.1628,0.4494,0.054,-0.0421,1.3958,-0.7564,False,False
外部需求 → 日本,jp_exp,金属製品,6,3,3,0.1391,0.1222,-0.0331,-0.0912,-1.4792,-1.5457,False,False
外部需求 → 日本,jp_exp,金属製品,6,3,6,0.038,0.102,-0.0622,-0.0611,-2.0752,-1.6354,False,False
外部需求 → 日本,jp_exp,金属製品,6,6,0,0.5832,0.092,0.0205,-0.152,0.5487,-1.6848,False,False
外部需求 → 日本,jp_exp,金属製品,6,6,3,0.0228,0.0674,-0.0953,-0.1553,-2.2773,-1.829,False,False
外部需求 → 日本,jp_exp,金属製品,6,6,6,0.5606,0.2539,-0.0241,-0.0814,-0.5819,-1.141,False,False
外部需求 → 日本,jp_exp,鉄鋼,1,1,0,0.1043,0.6951,-0.157,-0.0339,-1.6245,-0.3919,False,False
外部需求 → 日本,jp_exp,鉄鋼,1,1,3,0.3477,0.3263,0.0875,0.0818,0.939,0.9816,False,False
外部需求 → 日本,jp_exp,鉄鋼,1,1,6,0.7649,0.6404,-0.0283,-0.0457,-0.2991,-0.4672,False,False
外部需求 → 日本,jp_exp,鉄鋼,1,3,0,0.9684,0.7547,-0.0103,-0.0382,-0.0396,-0.3125,False,False
外部需求 → 日本,jp_exp,鉄鋼,1,3,3,0.0712,0.4832,0.2375,0.1164,1.8043,0.7011,False,False
外部需求 → 日本,jp_exp,鉄鋼,1,3,6,0.1117,0.1169,-0.2327,-0.2407,-1.5905,-1.5678,False,False
外部需求 → 日本,jp_exp,鉄鋼,1,6,0,0.3467,0.4824,0.225,0.1414,0.9411,0.7025,False,False
外部需求 → 日本,jp_exp,鉄鋼,1,6,3,0.9859,0.4416,0.0034,-0.1397,0.0176,-0.7695,False,False
外部需求 → 日本,jp_exp,鉄鋼,1,6,6,0.0167,0.0973,-0.4778,-0.2939,-2.3935,-1.658,False,False
外部需求 → 日本,jp_exp,鉄鋼,3,1,0,0.8996,0.9098,-0.0079,0.0049,-0.1262,0.1133,False,False
外部需求 → 日本,jp_exp,鉄鋼,3,1,3,0.0915,0.5109,0.0509,0.0399,1.6874,0.6575,False,False
外部需求 → 日本,jp_exp,鉄鋼,3,1,6,0.2329,0.0358,-0.0456,-0.0906,-1.193,-2.0996,False,False
外部需求 → 日本,jp_exp,鉄鋼,3,3,0,0.4697,0.4862,0.1124,0.0777,0.7229,0.6964,False,False
外部需求 → 日本,jp_exp,鉄鋼,3,3,3,0.2378,0.6702,0.0897,-0.0513,1.1806,-0.4259,False,False
外部需求 → 日本,jp_exp,鉄鋼,3,3,6,0.041,0.0318,-0.1738,-0.2124,-2.0439,-2.1475,False,False
外部需求 → 日本,jp_exp,鉄鋼,3,6,0,0.1042,0.7433,0.1996,0.0493,1.6249,0.3275,False,False
外部需求 → 日本,jp_exp,鉄鋼,3,6,3,0.5552,0.043,-0.083,-0.2637,-0.5901,-2.0237,False,False
外部需求 → 日本,jp_exp,鉄鋼,3,6,6,0.0336,0.0223,-0.2273,-0.2524,-2.1248,-2.2847,False,False
外部需求 → 日本,jp_exp,鉄鋼,6,1,0,0.6771,0.543,0.0148,0.0258,0.4164,0.6083,False,False
外部需求 → 日本,jp_exp,鉄鋼,6,1,3,0.8117,0.1305,0.005,-0.0364,0.2382,-1.5123,False,False
外部需求 → 日本,jp_exp,鉄鋼,6,1,6,0.0798,0.0786,-0.0436,-0.0564,-1.7516,-1.7587,False,False
外部需求 → 日本,jp_exp,鉄鋼,6,3,0,0.2336,0.795,0.0772,0.0246,1.1911,0.2598,False,False
外部需求 → 日本,jp_exp,鉄鋼,6,3,3,0.6999,0.0031,-0.0228,-0.1715,-0.3854,-2.9593,False,False
外部需求 → 日本,jp_exp,鉄鋼,6,3,6,0.0458,0.0718,-0.0993,-0.1306,-1.9971,-1.8002,False,False
外部需求 → 日本,jp_exp,鉄鋼,6,6,0,0.3144,0.2954,0.0532,-0.1353,1.006,-1.0464,False,False
外部需求 → 日本,jp_exp,鉄鋼,6,6,3,0.227,0.0011,-0.1226,-0.3125,-1.2082,-3.2527,False,False
外部需求 → 日本,jp_exp,鉄鋼,6,6,6,0.6318,0.3798,-0.0202,-0.1028,-0.4792,-0.8783,False,False
外部需求 → 日本,jp_exp,鉱業,1,1,0,0.3296,0.3397,0.1071,0.13,0.9749,0.9548,False,False
外部需求 → 日本,jp_exp,鉱業,1,1,3,0.886,0.5361,0.0228,0.0872,0.1433,0.6187,False,False
外部需求 → 日本,jp_exp,鉱業,1,1,6,0.0197,0.3525,-0.2222,-0.1237,-2.332,-0.9298,False,False
外部需求 → 日本,jp_exp,鉱業,1,3,0,0.0679,0.4373,0.3451,0.175,1.8254,0.7768,False,False
外部需求 → 日本,jp_exp,鉱業,1,3,3,0.9093,0.6669,-0.0215,-0.0655,-0.1139,-0.4304,False,False
外部需求 → 日本,jp_exp,鉱業,1,3,6,0.0138,0.9801,-0.5024,0.0056,-2.4625,0.0249,False,False
外部需求 → 日本,jp_exp,鉱業,1,6,0,0.3178,0.2919,0.31,0.2441,0.999,1.054,False,False
外部需求 → 日本,jp_exp,鉱業,1,6,3,0.0886,0.8237,-0.5377,-0.0551,-1.7028,-0.2228,False,False
外部需求 → 日本,jp_exp,鉱業,1,6,6,0.1563,0.3112,-0.3995,0.2423,-1.4175,1.0126,False,False
外部需求 → 日本,jp_exp,鉱業,3,1,0,0.3385,0.454,0.0603,0.0551,0.9572,0.7487,False,False
外部需求 → 日本,jp_exp,鉱業,3,1,3,0.8159,0.7472,-0.0134,0.0209,-0.2329,0.3223,False,False
外部需求 → 日本,jp_exp,鉱業,3,1,6,0.0961,0.9722,-0.0998,-0.0024,-1.6639,-0.0348,False,False
外部需求 → 日本,jp_exp,鉱業,3,3,0,0.1826,0.1484,0.1813,0.2137,1.3327,1.4453,False,False
外部需求 → 日本,jp_exp,鉱業,3,3,3,0.1421,0.026,-0.1609,-0.1757,-1.4681,-2.2263,False,False
外部需求 → 日本,jp_exp,鉱業,3,3,6,0.2354,0.2957,-0.1666,0.1551,-1.1865,1.0457,False,False
外部需求 → 日本,jp_exp,鉱業,3,6,0,0.9568,0.4605,0.0116,0.1101,0.0542,0.738,False,False
外部需求 → 日本,jp_exp,鉱業,3,6,3,0.0934,0.9606,-0.333,-0.009,-1.6775,-0.0494,False,False
外部需求 → 日本,jp_exp,鉱業,3,6,6,0.5936,0.0407,0.0723,0.4153,0.5336,2.0464,False,False
外部需求 → 日本,jp_exp,鉱業,6,1,0,0.5177,0.5135,0.0215,0.0386,0.6469,0.6535,False,False
外部需求 → 日本,jp_exp,鉱業,6,1,3,0.2053,0.7666,-0.041,-0.0127,-1.2666,-0.2968,False,False
外部需求 → 日本,jp_exp,鉱業,6,1,6,0.4673,0.4617,-0.0252,0.0379,-0.727,0.736,False,False
外部需求 → 日本,jp_exp,鉱業,6,3,0,0.9953,0.8158,-0.0005,0.0325,-0.0059,0.233,False,False
外部需求 → 日本,jp_exp,鉱業,6,3,3,0.113,0.6798,-0.1214,-0.0433,-1.5848,-0.4127,False,False
外部需求 → 日本,jp_exp,鉱業,6,3,6,0.5194,0.0312,0.0387,0.249,0.6443,2.1544,False,False
外部需求 → 日本,jp_exp,鉱業,6,6,0,0.3178,0.8136,-0.1276,0.0319,-0.999,0.2357,False,False
外部需求 → 日本,jp_exp,鉱業,6,6,3,0.3622,0.2655,-0.0879,0.1903,-0.9112,1.1135,False,False
外部需求 → 日本,jp_exp,鉱業,6,6,6,0.0,0.007,0.3051,0.523,4.5237,2.6946,True,True
外部需求 → 日本,jp_exp,銀行業,1,1,0,0.5623,0.8048,0.0581,-0.0245,0.5794,-0.2471,False,False
外部需求 → 日本,jp_exp,銀行業,1,1,3,0.2832,0.7761,0.0911,0.0281,1.0731,0.2845,False,False
外部需求 → 日本,jp_exp,銀行業,1,1,6,0.9121,0.1212,0.0075,-0.16,0.1103,-1.5496,False,False
外部需求 → 日本,jp_exp,銀行業,1,3,0,0.2784,0.3848,0.2116,-0.1754,1.0838,-0.8691,False,False
外部需求 → 日本,jp_exp,銀行業,1,3,3,0.2628,0.1277,0.1653,0.3077,1.1197,1.5234,False,False
外部需求 → 日本,jp_exp,銀行業,1,3,6,0.4711,0.3116,0.0892,-0.1746,0.7207,-1.0119,False,False
外部需求 → 日本,jp_exp,銀行業,1,6,0,0.2616,0.6926,0.3879,0.1018,1.1226,0.3953,False,False
外部需求 → 日本,jp_exp,銀行業,1,6,3,0.3109,0.4101,0.2439,0.1525,1.0133,0.8238,False,False
外部需求 → 日本,jp_exp,銀行業,1,6,6,0.0386,0.8569,0.3563,0.0368,2.0688,0.1804,False,False
外部需求 → 日本,jp_exp,銀行業,3,1,0,0.3299,0.5259,0.0398,-0.041,0.9744,-0.6342,False,False
外部需求 → 日本,jp_exp,銀行業,3,1,3,0.2062,0.0823,0.0428,0.1158,1.264,1.7376,False,False
外部需求 → 日本,jp_exp,銀行業,3,1,6,0.4282,0.1336,0.0259,-0.0701,0.7923,-1.5001,False,False
外部需求 → 日本,jp_exp,銀行業,3,3,0,0.1988,0.695,0.1339,0.0405,1.2848,0.3921,False,False
外部需求 → 日本,jp_exp,銀行業,3,3,3,0.4273,0.6517,0.0703,0.0794,0.7937,0.4514,False,False
外部需求 → 日本,jp_exp,銀行業,3,3,6,0.0543,0.9124,0.1093,0.0113,1.9243,0.11,False,False
外部需求 → 日本,jp_exp,銀行業,3,6,0,0.2568,0.7165,0.2079,0.0785,1.1341,0.3632,False,False
外部需求 → 日本,jp_exp,銀行業,3,6,3,0.105,0.5389,0.1773,0.0936,1.6211,0.6144,False,False
外部需求 → 日本,jp_exp,銀行業,3,6,6,0.0286,0.199,0.2892,0.1511,2.1896,1.2844,False,False
外部需求 → 日本,jp_exp,銀行業,6,1,0,0.1588,0.2246,0.0351,0.0453,1.4091,1.2144,False,False
外部需求 → 日本,jp_exp,銀行業,6,1,3,0.1116,0.7985,0.0316,0.0146,1.591,0.2553,False,False
外部需求 → 日本,jp_exp,銀行業,6,1,6,0.0901,0.876,0.034,-0.0053,1.6947,-0.156,False,False
外部需求 → 日本,jp_exp,銀行業,6,3,0,0.1953,0.4614,0.0895,0.0799,1.295,0.7365,False,False
外部需求 → 日本,jp_exp,銀行業,6,3,3,0.0605,0.7669,0.0848,0.0319,1.8769,0.2964,False,False
外部需求 → 日本,jp_exp,銀行業,6,3,6,0.047,0.3016,0.1192,0.0692,1.9864,1.033,False,False
外部需求 → 日本,jp_exp,銀行業,6,6,0,0.0902,0.5842,0.1748,0.092,1.6944,0.5473,False,False
外部需求 → 日本,jp_exp,銀行業,6,6,3,0.0244,0.4075,0.2042,0.1095,2.2513,0.8284,False,False
外部需求 → 日本,jp_exp,銀行業,6,6,6,0.1102,0.2573,0.1543,0.1962,1.5972,1.1328,False,False
外部需求 → 日本,jp_exp,電気・ガス業,1,1,0,0.0485,0.5723,0.2911,-0.0588,1.973,-0.5646,False,False
外部需求 → 日本,jp_exp,電気・ガス業,1,1,3,0.6787,0.156,0.0547,0.127,0.4143,1.4187,False,False
外部需求 → 日本,jp_exp,電気・ガス業,1,1,6,0.3064,0.7553,0.1061,-0.0335,1.0227,-0.3117,False,False
外部需求 → 日本,jp_exp,電気・ガス業,1,3,0,0.1052,0.3905,0.5695,-0.1494,1.6201,-0.8586,False,False
外部需求 → 日本,jp_exp,電気・ガス業,1,3,3,0.8374,0.3887,-0.0467,0.1105,-0.2052,0.8619,False,False
外部需求 → 日本,jp_exp,電気・ガス業,1,3,6,0.5873,0.7369,0.1218,-0.0503,0.5428,-0.336,False,False
外部需求 → 日本,jp_exp,電気・ガス業,1,6,0,0.332,0.8686,0.5244,0.0297,0.9702,0.1655,False,False
外部需求 → 日本,jp_exp,電気・ガス業,1,6,3,0.7688,0.8209,0.0834,0.0452,0.2939,0.2265,False,False
外部需求 → 日本,jp_exp,電気・ガス業,1,6,6,0.4484,0.6173,0.2997,0.1028,0.7582,0.4997,False,False
外部需求 → 日本,jp_exp,電気・ガス業,3,1,0,0.0386,0.4172,0.144,-0.0494,2.0682,-0.8114,False,False
外部需求 → 日本,jp_exp,電気・ガス業,3,1,3,0.8353,0.4921,-0.0108,0.0312,-0.208,0.6869,False,False
外部需求 → 日本,jp_exp,電気・ガス業,3,1,6,0.7905,0.5021,0.0156,-0.0324,0.2656,-0.6713,False,False
外部需求 → 日本,jp_exp,電気・ガス業,3,3,0,0.2943,0.922,0.219,0.0105,1.0487,0.0979,False,False
外部需求 → 日本,jp_exp,電気・ガス業,3,3,3,0.7388,0.9711,-0.0388,-0.004,-0.3334,-0.0363,False,False
外部需求 → 日本,jp_exp,電気・ガス業,3,3,6,0.5944,0.8591,0.0854,-0.0161,0.5325,-0.1776,False,False
外部需求 → 日本,jp_exp,電気・ガス業,3,6,0,0.4739,0.7781,0.183,0.0435,0.7162,0.2817,False,False
外部需求 → 日本,jp_exp,電気・ガス業,3,6,3,0.8281,0.8982,0.0499,-0.0218,0.2171,-0.1279,False,False
外部需求 → 日本,jp_exp,電気・ガス業,3,6,6,0.2511,0.6897,0.2626,0.0607,1.1476,0.3992,False,False
外部需求 → 日本,jp_exp,電気・ガス業,6,1,0,0.2351,0.9188,0.0576,-0.0037,1.1874,-0.102,False,False
外部需求 → 日本,jp_exp,電気・ガス業,6,1,3,0.9099,0.8545,0.0037,0.0069,0.1131,0.1834,False,False
外部需求 → 日本,jp_exp,電気・ガス業,6,1,6,0.5735,0.6048,0.0228,0.0179,0.5629,0.5175,False,False
外部需求 → 日本,jp_exp,電気・ガス業,6,3,0,0.4809,0.9606,0.0862,-0.0044,0.7049,-0.0494,False,False
外部需求 → 日本,jp_exp,電気・ガス業,6,3,3,0.8992,0.9081,0.0128,-0.009,0.1267,-0.1154,False,False
外部需求 → 日本,jp_exp,電気・ガス業,6,3,6,0.3153,0.677,0.108,0.0346,1.0041,0.4165,False,False
外部需求 → 日本,jp_exp,電気・ガス業,6,6,0,0.5266,0.9719,0.1013,0.0053,0.6332,0.0352,False,False
外部需求 → 日本,jp_exp,電気・ガス業,6,6,3,0.512,0.9046,0.1203,0.0178,0.6557,0.1198,False,False
外部需求 → 日本,jp_exp,電気・ガス業,6,6,6,0.6536,0.1719,0.0682,0.1438,0.4488,1.3661,False,False
外部需求 → 日本,jp_exp,電気機器,1,1,0,0.0608,0.2213,-0.1199,0.1044,-1.8753,1.2231,False,False
外部需求 → 日本,jp_exp,電気機器,1,1,3,0.9315,0.1669,0.005,-0.1034,0.0859,-1.3822,False,False
外部需求 → 日本,jp_exp,電気機器,1,1,6,0.2831,0.3599,0.0549,-0.0771,1.0733,-0.9156,False,False
外部需求 → 日本,jp_exp,電気機器,1,3,0,0.7319,0.021,-0.0594,0.3039,-0.3427,2.3083,False,False
外部需求 → 日本,jp_exp,電気機器,1,3,3,0.4736,0.1183,0.0688,-0.2325,0.7166,-1.5619,False,False
外部需求 → 日本,jp_exp,電気機器,1,3,6,0.1096,0.5087,-0.1495,-0.0761,-1.5999,-0.6609,False,False
外部需求 → 日本,jp_exp,電気機器,1,6,0,0.9079,0.9079,-0.0289,-0.0209,-0.1157,-0.1157,False,False
外部需求 → 日本,jp_exp,電気機器,1,6,3,0.5194,0.0061,-0.0818,-0.3022,-0.6443,-2.7399,False,False
外部需求 → 日本,jp_exp,電気機器,1,6,6,0.0065,0.9395,-0.3747,0.0081,-2.7211,0.0759,False,False
外部需求 → 日本,jp_exp,電気機器,3,1,0,0.5744,0.0282,-0.0213,0.1138,-0.5617,2.1942,False,False
外部需求 → 日本,jp_exp,電気機器,3,1,3,0.4986,0.0215,0.0151,-0.094,0.6767,-2.2987,False,False
外部需求 → 日本,jp_exp,電気機器,3,1,6,0.2261,0.4989,-0.0303,-0.0308,-1.2105,-0.6762,False,False
外部需求 → 日本,jp_exp,電気機器,3,3,0,0.981,0.3176,-0.0023,0.082,-0.0239,0.9993,False,False
外部需求 → 日本,jp_exp,電気機器,3,3,3,0.4403,0.0863,0.0388,-0.1573,0.7717,-1.7154,False,False
外部需求 → 日本,jp_exp,電気機器,3,3,6,0.0059,0.5461,-0.1601,-0.0389,-2.756,-0.6036,False,False
外部需求 → 日本,jp_exp,電気機器,3,6,0,0.8103,0.3469,0.0294,-0.1081,0.2401,-0.9406,False,False
外部需求 → 日本,jp_exp,電気機器,3,6,3,0.1052,0.0117,-0.123,-0.201,-1.62,-2.5203,False,False
外部需求 → 日本,jp_exp,電気機器,3,6,6,0.0021,0.4111,-0.2605,0.0603,-3.08,0.8219,True,False
外部需求 → 日本,jp_exp,電気機器,6,1,0,0.753,0.7578,-0.0073,0.0101,-0.3147,0.3083,False,False
外部需求 → 日本,jp_exp,電気機器,6,1,3,0.4546,0.1073,-0.0083,-0.0635,-0.7479,-1.6105,False,False
外部需求 → 日本,jp_exp,電気機器,6,1,6,0.0338,0.7848,-0.0336,-0.0053,-2.1222,-0.273,False,False
外部需求 → 日本,jp_exp,電気機器,6,3,0,0.8875,0.5037,0.0075,-0.0448,0.1415,-0.6686,False,False
外部需求 → 日本,jp_exp,電気機器,6,3,3,0.1349,0.0938,-0.0517,-0.1048,-1.4952,-1.6754,False,False
外部需求 → 日本,jp_exp,電気機器,6,3,6,0.0078,0.4445,-0.109,0.029,-2.6593,0.7646,False,False
外部需求 → 日本,jp_exp,電気機器,6,6,0,0.3584,0.0524,-0.0476,-0.1716,-0.9185,-1.9397,False,False
外部需求 → 日本,jp_exp,電気機器,6,6,3,0.0196,0.344,-0.161,-0.0695,-2.3337,-0.9463,False,False
外部需求 → 日本,jp_exp,電気機器,6,6,6,0.0413,0.7293,-0.1205,0.0289,-2.0404,0.3461,False,False
外部需求 → 日本,jp_exp,非鉄金属,1,1,0,0.0227,0.1665,-0.1831,0.1415,-2.2789,1.3835,False,False
外部需求 → 日本,jp_exp,非鉄金属,1,1,3,0.9527,0.3037,-0.0058,-0.1299,-0.0593,-1.0285,False,False
外部需求 → 日本,jp_exp,非鉄金属,1,1,6,0.9875,0.0585,0.0011,-0.1901,0.0157,-1.892,False,False
外部需求 → 日本,jp_exp,非鉄金属,1,3,0,0.6571,0.0083,-0.1126,0.4179,-0.444,2.6415,False,False
外部需求 → 日本,jp_exp,非鉄金属,1,3,3,0.1977,0.5736,0.1584,-0.1062,1.2882,-0.5628,False,False
外部需求 → 日本,jp_exp,非鉄金属,1,3,6,0.5228,0.0859,-0.0981,-0.2758,-0.639,-1.7172,False,False
外部需求 → 日本,jp_exp,非鉄金属,1,6,0,0.9232,0.2269,0.0319,0.2836,0.0964,1.2084,False,False
外部需求 → 日本,jp_exp,非鉄金属,1,6,3,0.8225,0.089,0.0524,-0.3647,0.2244,-1.7009,False,False
外部需求 → 日本,jp_exp,非鉄金属,1,6,6,0.1399,0.9947,-0.3496,-0.0015,-1.476,-0.0066,False,False
外部需求 → 日本,jp_exp,非鉄金属,3,1,0,0.4856,0.0011,-0.0381,0.162,-0.6973,3.2522,False,False
外部需求 → 日本,jp_exp,非鉄金属,3,1,3,0.2808,0.4633,0.0303,-0.0471,1.0785,-0.7334,False,False
外部需求 → 日本,jp_exp,非鉄金属,3,1,6,0.6382,0.0261,-0.0184,-0.0863,-0.4703,-2.2241,False,False
外部需求 → 日本,jp_exp,非鉄金属,3,3,0,0.9286,0.0099,0.0129,0.2374,0.0896,2.5782,False,False
外部需求 → 日本,jp_exp,非鉄金属,3,3,3,0.1248,0.0231,0.1107,-0.2209,1.5348,-2.2714,False,False
外部需求 → 日本,jp_exp,非鉄金属,3,3,6,0.2547,0.5967,-0.0958,-0.0491,-1.1391,-0.5292,False,False
外部需求 → 日本,jp_exp,非鉄金属,3,6,0,0.4976,0.7587,0.1143,0.0372,0.6783,0.3072,False,False
外部需求 → 日本,jp_exp,非鉄金属,3,6,3,0.9563,0.059,0.008,-0.2617,0.0547,-1.888,False,False
外部需求 → 日本,jp_exp,非鉄金属,3,6,6,0.1549,0.7928,-0.214,0.0424,-1.4225,0.2626,False,False
外部需求 → 日本,jp_exp,非鉄金属,6,1,0,0.8543,0.0534,-0.0063,0.0616,-0.1837,1.9316,False,False
外部需求 → 日本,jp_exp,非鉄金属,6,1,3,0.6597,0.0016,0.0087,-0.0826,0.4403,-3.1477,False,False
外部需求 → 日本,jp_exp,非鉄金属,6,1,6,0.2145,0.9389,-0.0309,0.0025,-1.2412,0.0767,False,False
外部需求 → 日本,jp_exp,非鉄金属,6,3,0,0.6321,0.8095,0.0389,0.0184,0.4788,0.241,False,False
外部需求 → 日本,jp_exp,非鉄金属,6,3,3,0.852,0.0084,0.0102,-0.1691,0.1866,-2.6336,False,False
外部需求 → 日本,jp_exp,非鉄金属,6,3,6,0.139,0.7998,-0.0952,0.0209,-1.4795,0.2536,False,False
外部需求 → 日本,jp_exp,非鉄金属,6,6,0,0.6844,0.2009,0.0425,-0.1382,0.4064,-1.2791,False,False
外部需求 → 日本,jp_exp,非鉄金属,6,6,3,0.4103,0.3153,-0.0899,-0.1422,-0.8234,-1.0042,False,False
外部需求 → 日本,jp_exp,非鉄金属,6,6,6,0.2162,0.1605,-0.1185,0.1363,-1.2366,1.4035,False,False
外部需求 → 日本,jp_exp,食料品,1,1,0,0.0092,0.0487,0.2089,-0.1304,2.6063,-1.9716,False,False
外部需求 → 日本,jp_exp,食料品,1,1,3,0.9018,0.7515,-0.0097,0.0222,-0.1233,0.3167,False,False
外部需求 → 日本,jp_exp,食料品,1,1,6,0.525,0.0511,0.0464,0.1441,0.6356,1.9505,False,False
外部需求 → 日本,jp_exp,食料品,1,3,0,0.2234,0.0112,0.2999,-0.2652,1.2176,-2.5359,False,False
外部需求 → 日本,jp_exp,食料品,1,3,3,0.147,0.9188,-0.1985,0.0133,-1.4502,0.102,False,False
外部需求 → 日本,jp_exp,食料品,1,3,6,0.1387,0.0661,0.2503,0.1905,1.4807,1.8376,False,False
外部需求 → 日本,jp_exp,食料品,1,6,0,0.7695,0.1383,0.1054,-0.2352,0.293,-1.4821,False,False
外部需求 → 日本,jp_exp,食料品,1,6,3,0.7595,0.1804,0.0629,0.184,0.3061,1.3396,False,False
外部需求 → 日本,jp_exp,食料品,1,6,6,0.033,0.1704,0.4761,0.1487,2.1316,1.3709,False,False
外部需求 → 日本,jp_exp,食料品,3,1,0,0.0882,0.0158,0.0754,-0.1141,1.7047,-2.4127,False,False
外部需求 → 日本,jp_exp,食料品,3,1,3,0.1814,0.8971,-0.0455,0.006,-1.3364,0.1294,False,False
外部需求 → 日本,jp_exp,食料品,3,1,6,0.2676,0.0269,0.0523,0.0663,1.1086,2.2124,False,False
外部需求 → 日本,jp_exp,食料品,3,3,0,0.5737,0.1447,0.08,-0.1653,0.5626,-1.4585,False,False
外部需求 → 日本,jp_exp,食料品,3,3,3,0.1917,0.2617,-0.0919,0.0883,-1.3054,1.1224,False,False
外部需求 → 日本,jp_exp,食料品,3,3,6,0.0657,0.1639,0.2066,0.0979,1.8402,1.3921,False,False
外部需求 → 日本,jp_exp,食料品,3,6,0,0.9741,0.5453,-0.0057,-0.0707,-0.0324,-0.6049,False,False
外部需求 → 日本,jp_exp,食料品,3,6,3,0.4571,0.0499,0.1195,0.1822,0.7436,1.9606,False,False
外部需求 → 日本,jp_exp,食料品,3,6,6,0.0395,0.5006,0.2749,0.0522,2.0587,0.6735,False,False
外部需求 → 日本,jp_exp,食料品,6,1,0,0.6068,0.0816,0.0177,-0.0572,0.5146,-1.7412,False,False
外部需求 → 日本,jp_exp,食料品,6,1,3,0.8736,0.0256,0.0035,0.0471,0.1591,2.232,False,False
外部需求 → 日本,jp_exp,食料品,6,1,6,0.113,0.1012,0.0446,0.0315,1.585,1.6391,False,False
外部需求 → 日本,jp_exp,食料品,6,3,0,0.9406,0.4428,0.0063,-0.0468,0.0746,-0.7675,False,False
外部需求 → 日本,jp_exp,食料品,6,3,3,0.56,0.0047,0.0419,0.121,0.5828,2.8301,False,False
外部需求 → 日本,jp_exp,食料品,6,3,6,0.0708,0.6309,0.1171,0.029,1.8068,0.4805,False,False
外部需求 → 日本,jp_exp,食料品,6,6,0,0.6175,0.3162,0.0527,0.0769,0.4993,1.0023,False,False
外部需求 → 日本,jp_exp,食料品,6,6,3,0.1826,0.0905,0.1614,0.1444,1.3327,1.6926,False,False
外部需求 → 日本,jp_exp,食料品,6,6,6,0.5608,0.5295,0.0552,0.0351,0.5816,0.6288,False,False
外部需求 → 日本,kr_exp,T1,1,1,0,0.2219,0.5691,0.1957,-0.0545,1.2214,-0.5694,False,False
外部需求 → 日本,kr_exp,T1,1,1,3,0.5397,0.8004,0.0825,0.0269,0.6133,0.2529,False,False
外部需求 → 日本,kr_exp,T1,1,1,6,0.1382,0.098,0.2071,-0.1605,1.4825,-1.6544,False,False
外部需求 → 日本,kr_exp,T1,1,3,0,0.1486,0.9603,0.3768,-0.0082,1.4446,-0.0498,False,False
外部需求 → 日本,kr_exp,T1,1,3,3,0.1234,0.4762,0.2947,0.124,1.5405,0.7124,False,False
外部需求 → 日本,kr_exp,T1,1,3,6,0.796,0.1133,0.0474,-0.2535,0.2585,-1.5833,False,False
外部需求 → 日本,kr_exp,T1,1,6,0,0.0572,0.5318,0.6468,0.1154,1.9017,0.6252,False,False
外部需求 → 日本,kr_exp,T1,1,6,3,0.1008,0.2944,0.3476,-0.1992,1.6411,-1.0486,False,False
外部需求 → 日本,kr_exp,T1,1,6,6,0.9159,0.1071,0.0278,-0.2272,0.1055,-1.6114,False,False
外部需求 → 日本,kr_exp,T1,3,1,0,0.0735,0.8674,0.1601,-0.0114,1.7896,-0.1669,False,False
外部需求 → 日本,kr_exp,T1,3,1,3,0.0082,0.2915,0.1527,0.0849,2.6439,1.0549,False,False
外部需求 → 日本,kr_exp,T1,3,1,6,0.9598,0.0145,-0.003,-0.1422,-0.0504,-2.4454,False,False
外部需求 → 日本,kr_exp,T1,3,3,0,0.0191,0.6136,0.495,0.0596,2.3429,0.505,False,False
外部需求 → 日本,kr_exp,T1,3,3,3,0.0163,0.5869,0.3899,-0.099,2.4013,-0.5433,False,False
外部需求 → 日本,kr_exp,T1,3,3,6,0.3099,0.2066,-0.1687,-0.1414,-1.0153,-1.2631,False,False
外部需求 → 日本,kr_exp,T1,3,6,0,0.0012,0.9983,0.8754,0.0006,3.2358,0.0022,True,False
外部需求 → 日本,kr_exp,T1,3,6,3,0.3891,0.236,0.2229,-0.251,0.8613,-1.185,False,False
外部需求 → 日本,kr_exp,T1,3,6,6,0.3999,0.4671,-0.2331,-0.1139,-0.8418,-0.7273,False,False
外部需求 → 日本,kr_exp,T1,6,1,0,0.0059,0.6104,0.1454,0.0244,2.755,0.5095,False,False
外部需求 → 日本,kr_exp,T1,6,1,3,0.134,0.6523,0.0717,-0.0268,1.4986,-0.4506,False,False
外部需求 → 日本,kr_exp,T1,6,1,6,0.599,0.1899,-0.0282,-0.0549,-0.5259,-1.3108,False,False
外部需求 → 日本,kr_exp,T1,6,3,0,0.0083,0.9659,0.4146,-0.0053,2.6406,-0.0428,False,False
外部需求 → 日本,kr_exp,T1,6,3,3,0.4176,0.2467,0.1063,-0.133,0.8106,-1.1585,False,False
外部需求 → 日本,kr_exp,T1,6,3,6,0.4095,0.5733,-0.1154,-0.0516,-0.8247,-0.5632,False,False
外部需求 → 日本,kr_exp,T1,6,6,0,0.0481,0.5284,0.5171,-0.1337,1.9761,-0.6305,False,False
外部需求 → 日本,kr_exp,T1,6,6,3,0.9728,0.2333,-0.0076,-0.1972,-0.034,-1.1919,False,False
外部需求 → 日本,kr_exp,T1,6,6,6,0.4449,0.4565,-0.1739,0.139,-0.7639,0.7447,False,False
外部需求 → 日本,kr_exp,T10,1,1,0,0.128,0.1183,-0.127,0.1618,-1.5222,1.5619,False,False
外部需求 → 日本,kr_exp,T10,1,1,3,0.8812,0.4481,-0.0141,0.088,-0.1495,0.7585,False,False
外部需求 → 日本,kr_exp,T10,1,1,6,0.4834,0.2222,-0.0616,0.1205,-0.7009,1.2208,False,False
外部需求 → 日本,kr_exp,T10,1,3,0,0.2186,0.1786,-0.1829,0.2476,-1.2304,1.345,False,False
外部需求 → 日本,kr_exp,T10,1,3,3,0.1797,0.0212,-0.1893,-0.3464,-1.3417,-2.3049,False,False
外部需求 → 日本,kr_exp,T10,1,3,6,0.7632,0.9676,0.0358,0.0054,0.3012,0.0406,False,False
外部需求 → 日本,kr_exp,T10,1,6,0,0.1518,0.4696,-0.3512,-0.1066,-1.4334,-0.7231,False,False
外部需求 → 日本,kr_exp,T10,1,6,3,0.5348,0.1332,-0.1103,-0.2239,-0.6207,-1.5016,False,False
外部需求 → 日本,kr_exp,T10,1,6,6,0.6688,0.1259,-0.0669,-0.2557,-0.4278,-1.5305,False,False
外部需求 → 日本,kr_exp,T10,3,1,0,0.0023,0.1826,-0.132,0.1074,-3.0468,1.3329,True,False
外部需求 → 日本,kr_exp,T10,3,1,3,0.1551,0.0007,-0.0701,-0.1996,-1.4217,-3.3847,False,False
外部需求 → 日本,kr_exp,T10,3,1,6,0.8742,0.6881,0.0096,0.0243,0.1583,0.4015,False,False
外部需求 → 日本,kr_exp,T10,3,3,0,0.0485,0.1773,-0.2418,0.1458,-1.9733,1.349,False,False
外部需求 → 日本,kr_exp,T10,3,3,3,0.0101,0.0007,-0.2452,-0.3829,-2.5709,-3.4036,False,False
外部需求 → 日本,kr_exp,T10,3,3,6,0.8373,0.1798,-0.0216,-0.1681,-0.2053,-1.3414,False,False
外部需求 → 日本,kr_exp,T10,3,6,0,0.0039,0.2026,-0.4838,-0.1874,-2.8893,-1.2741,False,False
外部需求 → 日本,kr_exp,T10,3,6,3,0.0753,0.0031,-0.2564,-0.5415,-1.7788,-2.9619,False,False
外部需求 → 日本,kr_exp,T10,3,6,6,0.1846,0.0737,-0.1895,-0.457,-1.3267,-1.7885,False,False
外部需求 → 日本,kr_exp,T10,6,1,0,0.0036,0.5791,-0.095,-0.0243,-2.9132,-0.5548,True,False
外部需求 → 日本,kr_exp,T10,6,1,3,0.5319,0.0316,-0.0238,-0.0965,-0.6252,-2.1494,False,False
外部需求 → 日本,kr_exp,T10,6,1,6,0.2903,0.0902,-0.0297,-0.0641,-1.0574,-1.6946,False,False
外部需求 → 日本,kr_exp,T10,6,3,0,0.0064,0.1912,-0.2383,-0.1074,-2.728,-1.307,False,False
外部需求 → 日本,kr_exp,T10,6,3,3,0.1187,0.001,-0.1163,-0.286,-1.5602,-3.3005,False,False
外部需求 → 日本,kr_exp,T10,6,3,6,0.2391,0.0143,-0.0905,-0.2581,-1.1773,-2.4494,False,False
外部需求 → 日本,kr_exp,T10,6,6,0,0.0082,0.0048,-0.3482,-0.3825,-2.6428,-2.8186,False,False
外部需求 → 日本,kr_exp,T10,6,6,3,0.0828,0.0019,-0.1969,-0.5312,-1.7346,-3.1106,False,False
外部需求 → 日本,kr_exp,T10,6,6,6,0.1191,0.0191,-0.2215,-0.5601,-1.5587,-2.3438,False,False
外部需求 → 日本,kr_exp,T11,1,1,0,0.1882,0.1021,-0.1359,0.1965,-1.3159,1.6347,False,False
外部需求 → 日本,kr_exp,T11,1,1,3,0.4648,0.5786,0.0715,0.0688,0.731,0.5555,False,False
外部需求 → 日本,kr_exp,T11,1,1,6,0.5482,0.7182,0.0505,-0.034,0.6005,-0.3609,False,False
外部需求 → 日本,kr_exp,T11,1,3,0,0.3012,0.2116,-0.1661,0.3434,-1.0339,1.2493,False,False
外部需求 → 日本,kr_exp,T11,1,3,3,0.9645,0.5135,0.0056,-0.1135,0.0445,-0.6534,False,False
外部需求 → 日本,kr_exp,T11,1,3,6,0.694,0.639,0.0473,0.0672,0.3935,0.4691,False,False
外部需求 → 日本,kr_exp,T11,1,6,0,0.4084,0.4759,-0.1827,0.1142,-0.8268,0.7129,False,False
外部需求 → 日本,kr_exp,T11,1,6,3,0.8434,0.6139,0.0324,0.0963,0.1975,0.5045,False,False
外部需求 → 日本,kr_exp,T11,1,6,6,0.4837,0.7611,-0.1174,0.0507,-0.7003,0.3041,False,False
外部需求 → 日本,kr_exp,T11,3,1,0,0.0167,0.2167,-0.132,0.1386,-2.3941,1.2354,False,False
外部需求 → 日本,kr_exp,T11,3,1,3,0.8607,0.1178,0.0079,-0.1039,0.1755,-1.5642,False,False
外部需求 → 日本,kr_exp,T11,3,1,6,0.8266,0.3448,0.0109,0.0582,0.2191,0.9448,False,False
外部需求 → 日本,kr_exp,T11,3,3,0,0.2265,0.1298,-0.1731,0.2468,-1.2094,1.5149,False,False
外部需求 → 日本,kr_exp,T11,3,3,3,0.9553,0.0878,0.0056,-0.2461,0.056,-1.7069,False,False
外部需求 → 日本,kr_exp,T11,3,3,6,0.4296,0.2999,-0.0756,0.1331,-0.79,1.0366,False,False
外部需求 → 日本,kr_exp,T11,3,6,0,0.3762,0.5054,-0.1861,-0.115,-0.8849,-0.666,False,False
外部需求 → 日本,kr_exp,T11,3,6,3,0.6145,0.6092,-0.0788,-0.1033,-0.5036,-0.5113,False,False
外部需求 → 日本,kr_exp,T11,3,6,6,0.0555,0.3339,-0.2571,0.1607,-1.9148,0.9662,False,False
外部需求 → 日本,kr_exp,T11,6,1,0,0.2276,0.4519,-0.0535,0.0429,-1.2066,0.7523,False,False
外部需求 → 日本,kr_exp,T11,6,1,3,0.7597,0.5346,0.0101,-0.0298,0.3059,-0.621,False,False
外部需求 → 日本,kr_exp,T11,6,1,6,0.2966,0.6682,-0.0336,0.02,-1.0437,0.4287,False,False
外部需求 → 日本,kr_exp,T11,6,3,0,0.4682,0.927,-0.0816,0.0131,-0.7255,0.0916,False,False
外部需求 → 日本,kr_exp,T11,6,3,3,0.7043,0.6497,-0.0296,-0.0548,-0.3795,-0.4542,False,False
外部需求 → 日本,kr_exp,T11,6,3,6,0.1128,0.3667,-0.1152,0.0899,-1.5857,0.9026,False,False
外部需求 → 日本,kr_exp,T11,6,6,0,0.4139,0.564,-0.1243,-0.1122,-0.817,-0.5769,False,False
外部需求 → 日本,kr_exp,T11,6,6,3,0.2213,0.8446,-0.1487,0.0357,-1.2232,0.196,False,False
外部需求 → 日本,kr_exp,T11,6,6,6,0.0124,0.8168,-0.2735,-0.0337,-2.5004,-0.2317,False,False
外部需求 → 日本,kr_exp,T13,1,1,0,0.93,0.5754,0.0078,0.0717,0.0879,0.5601,False,False
外部需求 → 日本,kr_exp,T13,1,1,3,0.3465,0.6509,0.0746,0.0543,0.9414,0.4525,False,False
外部需求 → 日本,kr_exp,T13,1,1,6,0.5215,0.6006,0.0542,0.0554,0.6411,0.5236,False,False
外部需求 → 日本,kr_exp,T13,1,3,0,0.6209,0.6124,-0.0745,0.1172,-0.4946,0.5066,False,False
外部需求 → 日本,kr_exp,T13,1,3,3,0.5104,0.9003,0.0816,0.0257,0.6583,0.1252,False,False
外部需求 → 日本,kr_exp,T13,1,3,6,0.5551,0.8653,0.0651,-0.0313,0.5902,-0.1696,False,False
外部需求 → 日本,kr_exp,T13,1,6,0,0.9374,0.1831,-0.0174,0.3191,-0.0786,1.3314,False,False
外部需求 → 日本,kr_exp,T13,1,6,3,0.4141,0.9384,0.1136,0.0199,0.8168,0.0773,False,False
外部需求 → 日本,kr_exp,T13,1,6,6,0.2641,0.3948,0.1575,0.2292,1.1167,0.851,False,False
外部需求 → 日本,kr_exp,T13,3,1,0,0.5192,0.4742,-0.0474,0.0665,-0.6446,0.7157,False,False
外部需求 → 日本,kr_exp,T13,3,1,3,0.6506,0.5119,0.0235,-0.0503,0.4529,-0.6559,False,False
外部需求 → 日本,kr_exp,T13,3,1,6,0.4142,0.5576,0.0314,-0.0418,0.8165,-0.5865,False,False
外部需求 → 日本,kr_exp,T13,3,3,0,0.4754,0.2993,-0.1221,0.2889,-0.7137,1.0379,False,False
外部需求 → 日本,kr_exp,T13,3,3,3,0.1331,0.6022,0.1132,-0.1367,1.5019,-0.5212,False,False
外部需求 → 日本,kr_exp,T13,3,3,6,0.5811,0.7832,0.0557,-0.0411,0.5518,-0.2752,False,False
外部需求 → 日本,kr_exp,T13,3,6,0,0.879,0.1002,-0.0349,0.4027,-0.1522,1.6438,False,False
外部需求 → 日本,kr_exp,T13,3,6,3,0.1543,0.6748,0.1728,-0.1625,1.4246,-0.4196,False,False
外部需求 → 日本,kr_exp,T13,3,6,6,0.71,0.2121,0.0665,0.3561,0.3719,1.2477,False,False
外部需求 → 日本,kr_exp,T13,6,1,0,0.9296,0.7895,-0.0041,0.0157,-0.0883,0.2669,False,False
外部需求 → 日本,kr_exp,T13,6,1,3,0.2911,0.369,0.0299,-0.0532,1.0556,-0.8984,False,False
外部需求 → 日本,kr_exp,T13,6,1,6,0.2887,0.5973,0.0405,0.0288,1.0609,0.5282,False,False
外部需求 → 日本,kr_exp,T13,6,3,0,0.9139,0.6224,0.0127,0.0761,0.1081,0.4925,False,False
外部需求 → 日本,kr_exp,T13,6,3,3,0.1038,0.6023,0.0904,-0.1028,1.6269,-0.5211,False,False
外部需求 → 日本,kr_exp,T13,6,3,6,0.678,0.2719,0.0369,0.1601,0.4152,1.0987,False,False
外部需求 → 日本,kr_exp,T13,6,6,0,0.5489,0.7032,0.0933,0.1047,0.5994,0.381,False,False
外部需求 → 日本,kr_exp,T13,6,6,3,0.2528,0.778,0.1328,0.0899,1.1436,0.282,False,False
外部需求 → 日本,kr_exp,T13,6,6,6,0.3354,0.0392,0.1306,0.4573,0.9632,2.0622,False,False
外部需求 → 日本,kr_exp,T2,1,1,0,0.338,0.2692,0.1023,-0.0961,0.9581,-1.1048,False,False
外部需求 → 日本,kr_exp,T2,1,1,3,0.6108,0.5251,0.0524,-0.0503,0.509,-0.6355,False,False
外部需求 → 日本,kr_exp,T2,1,1,6,0.5598,0.4035,0.0619,-0.0858,0.5831,-0.8354,False,False
外部需求 → 日本,kr_exp,T2,1,3,0,0.0291,0.5312,0.4281,-0.0941,2.1826,-0.6261,False,False
外部需求 → 日本,kr_exp,T2,1,3,3,0.111,0.2346,0.2762,-0.1382,1.5936,-1.1886,False,False
外部需求 → 日本,kr_exp,T2,1,3,6,0.3201,0.7094,-0.1504,-0.0613,-0.9943,-0.3726,False,False
外部需求 → 日本,kr_exp,T2,1,6,0,0.0205,0.2975,0.7344,-0.154,2.3172,-1.0417,False,False
外部需求 → 日本,kr_exp,T2,1,6,3,0.3833,0.2361,0.1534,-0.2335,0.8717,-1.1847,False,False
外部需求 → 日本,kr_exp,T2,1,6,6,0.6128,0.2946,-0.1191,-0.2105,-0.506,-1.0482,False,False
外部需求 → 日本,kr_exp,T2,3,1,0,0.0001,0.5438,0.2131,-0.038,3.7929,-0.6071,True,False
外部需求 → 日本,kr_exp,T2,3,1,3,0.0091,0.1015,0.1585,-0.0671,2.6086,-1.6377,False,False
外部需求 → 日本,kr_exp,T2,3,1,6,0.1127,0.9515,-0.0756,-0.0042,-1.586,-0.0608,False,False
外部需求 → 日本,kr_exp,T2,3,3,0,0.0,0.2575,0.6344,-0.1305,5.2959,-1.1323,True,False
外部需求 → 日本,kr_exp,T2,3,3,3,0.0219,0.1104,0.3155,-0.2265,2.2928,-1.5964,False,False
外部需求 → 日本,kr_exp,T2,3,3,6,0.3377,0.5941,-0.155,-0.0742,-0.9587,-0.5329,False,False
外部需求 → 日本,kr_exp,T2,3,6,0,0.0,0.1588,0.9943,-0.3022,4.6527,-1.409,True,False
外部需求 → 日本,kr_exp,T2,3,6,3,0.5019,0.1839,0.1584,-0.3072,0.6715,-1.3287,False,False
外部需求 → 日本,kr_exp,T2,3,6,6,0.8333,0.4117,-0.0523,-0.1905,-0.2104,-0.8209,False,False
外部需求 → 日本,kr_exp,T2,6,1,0,0.0,0.1285,0.174,-0.0581,5.1299,-1.5199,True,False
外部需求 → 日本,kr_exp,T2,6,1,3,0.4362,0.2655,0.0414,-0.0378,0.7786,-1.1135,False,False
外部需求 → 日本,kr_exp,T2,6,1,6,0.3544,0.5977,-0.0407,-0.026,-0.926,-0.5277,False,False
外部需求 → 日本,kr_exp,T2,6,3,0,0.0006,0.0236,0.4408,-0.1857,3.4194,-2.264,True,False
外部需求 → 日本,kr_exp,T2,6,3,3,0.5365,0.0954,0.0822,-0.1579,0.6181,-1.6674,False,False
外部需求 → 日本,kr_exp,T2,6,3,6,0.8845,0.356,-0.0203,-0.1037,-0.1453,-0.9229,False,False
外部需求 → 日本,kr_exp,T2,6,6,0,0.0138,0.0247,0.5425,-0.3303,2.4616,-2.2466,False,False
外部需求 → 日本,kr_exp,T2,6,6,3,0.771,0.0807,0.0609,-0.2652,0.2911,-1.7468,False,False
外部需求 → 日本,kr_exp,T2,6,6,6,0.6073,0.8228,0.1018,-0.0424,0.514,-0.224,False,False
外部需求 → 日本,kr_exp,T3,1,1,0,0.7958,0.0443,-0.0212,0.2238,-0.2588,2.0113,False,False
外部需求 → 日本,kr_exp,T3,1,1,3,0.18,0.8827,-0.118,-0.0194,-1.3407,-0.1475,False,False
外部需求 → 日本,kr_exp,T3,1,1,6,0.9463,0.5869,0.0054,0.0605,0.0674,0.5434,False,False
外部需求 → 日本,kr_exp,T3,1,3,0,0.7013,0.3422,-0.0471,0.1809,-0.3835,0.9499,False,False
外部需求 → 日本,kr_exp,T3,1,3,3,0.0867,0.816,-0.2169,-0.0472,-1.7128,-0.2326,False,False
外部需求 → 日本,kr_exp,T3,1,3,6,0.8224,0.3515,-0.0262,-0.1542,-0.2244,-0.9316,False,False
外部需求 → 日本,kr_exp,T3,1,6,0,0.0768,0.3044,-0.2789,0.23,-1.7696,1.027,False,False
外部需求 → 日本,kr_exp,T3,1,6,3,0.055,0.7343,-0.2634,-0.0799,-1.9189,-0.3395,False,False
外部需求 → 日本,kr_exp,T3,1,6,6,0.4632,0.9535,-0.0834,0.0137,-0.7336,0.0584,False,False
外部需求 → 日本,kr_exp,T3,3,1,0,0.3014,0.156,-0.0419,0.118,-1.0334,1.4188,False,False
外部需求 → 日本,kr_exp,T3,3,1,3,0.0005,0.7845,-0.1412,-0.0238,-3.4953,-0.2734,True,False
外部需求 → 日本,kr_exp,T3,3,1,6,0.8836,0.5391,-0.0083,-0.0425,-0.1465,-0.6142,False,False
外部需求 → 日本,kr_exp,T3,3,3,0,0.0037,0.4413,-0.256,0.1368,-2.9047,0.7701,True,False
外部需求 → 日本,kr_exp,T3,3,3,3,0.1108,0.3825,-0.1829,-0.1541,-1.5945,-0.8734,False,False
外部需求 → 日本,kr_exp,T3,3,3,6,0.623,0.7376,-0.0589,-0.0543,-0.4916,-0.335,False,False
外部需求 → 日本,kr_exp,T3,3,6,0,0.0003,0.5712,-0.4139,0.1437,-3.6262,0.5662,True,False
外部需求 → 日本,kr_exp,T3,3,6,3,0.1704,0.4974,-0.2385,-0.1835,-1.3709,-0.6786,False,False
外部需求 → 日本,kr_exp,T3,3,6,6,0.1312,0.7383,-0.2044,-0.097,-1.5094,-0.3341,False,False
外部需求 → 日本,kr_exp,T3,6,1,0,0.0024,0.4395,-0.0883,0.0422,-3.0323,0.7731,True,False
外部需求 → 日本,kr_exp,T3,6,1,3,0.1157,0.5145,-0.0731,-0.0318,-1.5732,-0.6519,False,False
外部需求 → 日本,kr_exp,T3,6,1,6,0.6184,0.6821,-0.0183,0.0224,-0.4981,0.4096,False,False
外部需求 → 日本,kr_exp,T3,6,3,0,0.0149,0.9374,-0.2053,-0.0106,-2.4351,-0.0786,False,False
外部需求 → 日本,kr_exp,T3,6,3,3,0.2019,0.4195,-0.1227,-0.1065,-1.2762,-0.8073,False,False
外部需求 → 日本,kr_exp,T3,6,3,6,0.2372,0.6375,-0.094,-0.0696,-1.1819,-0.4712,False,False
外部需求 → 日本,kr_exp,T3,6,6,0,0.0052,0.927,-0.3145,-0.0241,-2.7931,-0.0916,False,False
外部需求 → 日本,kr_exp,T3,6,6,3,0.0867,0.5478,-0.2154,-0.147,-1.7129,-0.601,False,False
外部需求 → 日本,kr_exp,T3,6,6,6,0.0333,0.3444,-0.2326,-0.2642,-2.1287,-0.9455,False,False
外部需求 → 日本,kr_exp,T4,1,1,0,0.3452,0.4676,-0.0837,0.046,-0.9439,0.7265,False,False
外部需求 → 日本,kr_exp,T4,1,1,3,0.7989,0.514,-0.018,-0.04,-0.2547,-0.6527,False,False
外部需求 → 日本,kr_exp,T4,1,1,6,0.5449,0.2184,0.0439,-0.0753,0.6054,-1.2308,False,False
外部需求 → 日本,kr_exp,T4,1,3,0,0.921,0.144,-0.013,0.1626,-0.0992,1.461,False,False
外部需求 → 日本,kr_exp,T4,1,3,3,0.5782,0.3404,-0.0658,-0.0939,-0.5561,-0.9534,False,False
外部需求 → 日本,kr_exp,T4,1,3,6,0.5138,0.8708,0.0703,-0.0139,0.6529,-0.1626,False,False
外部需求 → 日本,kr_exp,T4,1,6,0,0.6544,0.4867,-0.0772,0.0748,-0.4476,0.6956,False,False
外部需求 → 日本,kr_exp,T4,1,6,3,0.9948,0.6268,0.0009,-0.0434,0.0065,-0.4863,False,False
外部需求 → 日本,kr_exp,T4,1,6,6,0.979,0.2658,-0.003,-0.1004,-0.0263,-1.1128,False,False
外部需求 → 日本,kr_exp,T4,3,1,0,0.9125,0.1202,-0.0085,0.0721,-0.1099,1.5541,False,False
外部需求 → 日本,kr_exp,T4,3,1,3,0.5293,0.0668,-0.0231,-0.0705,-0.629,-1.8328,False,False
外部需求 → 日本,kr_exp,T4,3,1,6,0.5018,0.9322,0.0278,-0.003,0.6717,-0.085,False,False
外部需求 → 日本,kr_exp,T4,3,3,0,0.6939,0.1345,-0.0556,0.1146,-0.3935,1.4966,False,False
外部需求 → 日本,kr_exp,T4,3,3,3,0.8952,0.0641,-0.0108,-0.1676,-0.1317,-1.8514,False,False
外部需求 → 日本,kr_exp,T4,3,3,6,0.1568,0.3733,0.1096,-0.0641,1.4161,-0.8904,False,False
外部需求 → 日本,kr_exp,T4,3,6,0,0.7314,0.8055,-0.0689,-0.0268,-0.3432,-0.2462,False,False
外部需求 → 日本,kr_exp,T4,3,6,3,0.4321,0.0221,0.0975,-0.2242,0.7855,-2.2881,False,False
外部需求 → 日本,kr_exp,T4,3,6,6,0.1818,0.1044,-0.1439,-0.1877,-1.3353,-1.6237,False,False
外部需求 → 日本,kr_exp,T4,6,1,0,0.7927,0.6239,-0.0087,0.0106,-0.2628,0.4903,False,False
外部需求 → 日本,kr_exp,T4,6,1,3,0.9145,0.1399,0.003,-0.0416,0.1073,-1.4762,False,False
外部需求 → 日本,kr_exp,T4,6,1,6,0.8499,0.1279,-0.0051,-0.0341,-0.1893,-1.5223,False,False
外部需求 → 日本,kr_exp,T4,6,3,0,0.7926,0.6353,-0.0265,-0.0214,-0.263,-0.4743,False,False
外部需求 → 日本,kr_exp,T4,6,3,3,0.4096,0.0396,0.0521,-0.1235,0.8246,-2.0577,False,False
外部需求 → 日本,kr_exp,T4,6,3,6,0.3676,0.0775,-0.0691,-0.1073,-0.901,-1.7654,False,False
外部需求 → 日本,kr_exp,T4,6,6,0,0.8726,0.0587,0.0239,-0.136,0.1603,-1.8906,False,False
外部需求 → 日本,kr_exp,T4,6,6,3,0.8274,0.0122,-0.0195,-0.222,-0.218,-2.5062,False,False
外部需求 → 日本,kr_exp,T4,6,6,6,0.0331,0.0241,-0.2161,-0.2829,-2.1307,-2.255,False,False
外部需求 → 日本,kr_exp,T5,1,1,0,0.8526,0.7707,-0.0136,-0.0245,-0.1858,-0.2915,False,False
外部需求 → 日本,kr_exp,T5,1,1,3,0.5162,0.1494,-0.045,-0.1087,-0.6492,-1.4416,False,False
外部需求 → 日本,kr_exp,T5,1,1,6,0.3968,0.0698,0.0583,-0.1533,0.8474,-1.8131,False,False
外部需求 → 日本,kr_exp,T5,1,3,0,0.1921,0.8694,0.104,-0.0186,1.3043,-0.1644,False,False
外部需求 → 日本,kr_exp,T5,1,3,3,0.6938,0.8437,0.044,-0.0223,0.3937,-0.1971,False,False
外部需求 → 日本,kr_exp,T5,1,3,6,0.8829,0.0961,0.0098,-0.1972,0.1473,-1.6643,False,False
外部需求 → 日本,kr_exp,T5,1,6,0,0.3286,0.9232,0.1563,-0.0137,0.977,-0.0964,False,False
外部需求 → 日本,kr_exp,T5,1,6,3,0.6225,0.2739,0.071,-0.1375,0.4923,-1.0941,False,False
外部需求 → 日本,kr_exp,T5,1,6,6,0.6251,0.2157,-0.0418,-0.1984,-0.4886,-1.238,False,False
外部需求 → 日本,kr_exp,T5,3,1,0,0.212,0.7176,0.0444,0.0173,1.2479,0.3617,False,False
外部需求 → 日本,kr_exp,T5,3,1,3,0.2292,0.7894,0.057,-0.0131,1.2024,-0.2671,False,False
外部需求 → 日本,kr_exp,T5,3,1,6,0.8234,0.3212,0.0059,-0.0536,0.2231,-0.9921,False,False
外部需求 → 日本,kr_exp,T5,3,3,0,0.0393,0.9204,0.1403,-0.0112,2.0613,-0.0999,False,False
外部需求 → 日本,kr_exp,T5,3,3,3,0.1524,0.5076,0.1244,-0.0586,1.4312,-0.6626,False,False
外部需求 → 日本,kr_exp,T5,3,3,6,0.8123,0.5325,-0.013,-0.0599,-0.2375,-0.6243,False,False
外部需求 → 日本,kr_exp,T5,3,6,0,0.0707,0.8659,0.2698,-0.0281,1.8072,-0.1688,False,False
外部需求 → 日本,kr_exp,T5,3,6,3,0.396,0.5212,0.1173,-0.107,0.8487,-0.6415,False,False
外部需求 → 日本,kr_exp,T5,3,6,6,0.4048,0.1823,-0.0962,-0.2036,-0.833,-1.3336,False,False
外部需求 → 日本,kr_exp,T5,6,1,0,0.1045,0.5099,0.0501,0.0218,1.6235,0.659,False,False
外部需求 → 日本,kr_exp,T5,6,1,3,0.3534,0.3099,0.0286,-0.0338,0.9279,-1.0154,False,False
外部需求 → 日本,kr_exp,T5,6,1,6,0.4367,0.3802,-0.0131,-0.0369,-0.7777,-0.8776,False,False
外部需求 → 日本,kr_exp,T5,6,3,0,0.1033,0.6122,0.1205,-0.0396,1.6292,-0.507,False,False
外部需求 → 日本,kr_exp,T5,6,3,3,0.4227,0.4638,0.0552,-0.0597,0.8018,-0.7326,False,False
外部需求 → 日本,kr_exp,T5,6,3,6,0.3701,0.1707,-0.0437,-0.1139,-0.8963,-1.3699,False,False
外部需求 → 日本,kr_exp,T5,6,6,0,0.2163,0.6168,0.1809,-0.0722,1.2363,-0.5004,False,False
外部需求 → 日本,kr_exp,T5,6,6,3,0.8913,0.2782,0.0142,-0.1614,0.1367,-1.0843,False,False
外部需求 → 日本,kr_exp,T5,6,6,6,0.4003,0.0558,-0.0745,-0.2258,-0.841,-1.9122,False,False
外部需求 → 日本,kr_exp,T6,1,1,0,0.6658,0.975,0.0438,0.0023,0.4319,0.0314,False,False
外部需求 → 日本,kr_exp,T6,1,1,3,0.7356,0.3484,0.0308,-0.0702,0.3377,-0.9377,False,False
外部需求 → 日本,kr_exp,T6,1,1,6,0.4045,0.7377,0.0704,-0.0261,0.8336,-0.3349,False,False
外部需求 → 日本,kr_exp,T6,1,3,0,0.287,0.5986,0.1655,-0.0556,1.0648,-0.5264,False,False
外部需求 → 日本,kr_exp,T6,1,3,3,0.2701,0.4974,0.1681,-0.0553,1.1029,-0.6785,False,False
外部需求 → 日本,kr_exp,T6,1,3,6,0.9051,0.1811,0.0124,-0.1611,0.1192,-1.3374,False,False
外部需求 → 日本,kr_exp,T6,1,6,0,0.2144,0.7947,0.3498,-0.0262,1.2415,-0.2602,False,False
外部需求 → 日本,kr_exp,T6,1,6,3,0.3869,0.1986,0.1829,-0.1614,0.8653,-1.2855,False,False
外部需求 → 日本,kr_exp,T6,1,6,6,0.4364,0.0958,0.1294,-0.2318,0.7783,-1.6656,False,False
外部需求 → 日本,kr_exp,T6,3,1,0,0.219,0.8983,0.0741,-0.0064,1.2293,-0.1278,False,False
外部需求 → 日本,kr_exp,T6,3,1,3,0.0558,0.332,0.1054,-0.0512,1.9127,-0.9701,False,False
外部需求 → 日本,kr_exp,T6,3,1,6,0.8566,0.4014,0.0066,-0.0481,0.1807,-0.8392,False,False
外部需求 → 日本,kr_exp,T6,3,3,0,0.0828,0.8326,0.2648,-0.0278,1.7348,-0.2113,False,False
外部需求 → 日本,kr_exp,T6,3,3,3,0.0134,0.158,0.2677,-0.0996,2.4729,-1.4119,False,False
外部需求 → 日本,kr_exp,T6,3,3,6,0.3284,0.0967,0.0829,-0.1709,0.9773,-1.6612,False,False
外部需求 → 日本,kr_exp,T6,3,6,0,0.0237,0.8301,0.5571,-0.0334,2.2625,-0.2145,False,False
外部需求 → 日本,kr_exp,T6,3,6,3,0.0445,0.0968,0.3577,-0.2557,2.0089,-1.6605,False,False
外部需求 → 日本,kr_exp,T6,3,6,6,0.3646,0.0608,0.1615,-0.3324,0.9066,-1.8749,False,False
外部需求 → 日本,kr_exp,T6,6,1,0,0.0794,0.6465,0.0817,-0.0159,1.7541,-0.4587,False,False
外部需求 → 日本,kr_exp,T6,6,1,3,0.1682,0.1284,0.0517,-0.0517,1.3779,-1.5203,False,False
外部需求 → 日本,kr_exp,T6,6,1,6,0.4103,0.2149,0.0227,-0.0466,0.8234,-1.2403,False,False
外部需求 → 日本,kr_exp,T6,6,3,0,0.0576,0.4228,0.2513,-0.0695,1.8985,-0.8015,False,False
外部需求 → 日本,kr_exp,T6,6,3,3,0.0673,0.0326,0.1649,-0.1409,1.8296,-2.1372,False,False
外部需求 → 日本,kr_exp,T6,6,3,6,0.3689,0.0112,0.0745,-0.1851,0.8986,-2.5354,False,False
外部需求 → 日本,kr_exp,T6,6,6,0,0.0547,0.2454,0.431,-0.1548,1.9215,-1.1616,False,False
外部需求 → 日本,kr_exp,T6,6,6,3,0.0695,0.0205,0.241,-0.3071,1.8148,-2.3166,False,False
外部需求 → 日本,kr_exp,T6,6,6,6,0.3131,0.0711,0.1502,-0.2427,1.0088,-1.8046,False,False
外部需求 → 日本,kr_exp,T7,1,1,0,0.0593,0.0954,-0.3383,0.2578,-1.8861,1.6674,False,False
外部需求 → 日本,kr_exp,T7,1,1,3,0.4028,0.4486,-0.1583,-0.1202,-0.8366,-0.7578,False,False
外部需求 → 日本,kr_exp,T7,1,1,6,0.3377,0.9745,-0.1558,0.0049,-0.9588,0.032,False,False
外部需求 → 日本,kr_exp,T7,1,3,0,0.1424,0.936,-0.4392,0.023,-1.467,0.0803,False,False
外部需求 → 日本,kr_exp,T7,1,3,3,0.9617,0.7972,0.0142,-0.0553,0.0481,-0.257,False,False
外部需求 → 日本,kr_exp,T7,1,3,6,0.7612,0.492,-0.0913,-0.1393,-0.3039,-0.6871,False,False
外部需求 → 日本,kr_exp,T7,1,6,0,0.2993,0.6322,-0.4537,-0.1214,-1.038,-0.4787,False,False
外部需求 → 日本,kr_exp,T7,1,6,3,0.7368,0.4557,-0.1294,-0.18,-0.3361,-0.7459,False,False
外部需求 → 日本,kr_exp,T7,1,6,6,0.655,0.4115,-0.1708,-0.1916,-0.4468,-0.8213,False,False
外部需求 → 日本,kr_exp,T7,3,1,0,0.1213,0.6183,-0.1644,-0.0623,-1.5492,-0.4983,False,False
外部需求 → 日本,kr_exp,T7,3,1,3,0.8892,0.7131,-0.0142,0.0377,-0.1393,0.3678,False,False
外部需求 → 日本,kr_exp,T7,3,1,6,0.7514,0.4235,-0.0362,-0.0678,-0.3168,-0.8003,False,False
外部需求 → 日本,kr_exp,T7,3,3,0,0.1509,0.0971,-0.3595,-0.5565,-1.4363,-1.659,False,False
外部需求 → 日本,kr_exp,T7,3,3,3,0.7015,0.8305,-0.1088,0.0649,-0.3833,0.2141,False,False
外部需求 → 日本,kr_exp,T7,3,3,6,0.909,0.8472,-0.0348,0.0256,-0.1143,0.1927,False,False
外部需求 → 日本,kr_exp,T7,3,6,0,0.352,0.0019,-0.4568,-0.6511,-0.9307,-3.1112,False,False
外部需求 → 日本,kr_exp,T7,3,6,3,0.7818,0.8536,-0.1425,0.0686,-0.277,0.1845,False,False
外部需求 → 日本,kr_exp,T7,3,6,6,0.1252,0.2074,-0.4568,-0.4169,-1.5333,-1.2608,False,False
外部需求 → 日本,kr_exp,T7,6,1,0,0.2611,0.7023,-0.0882,-0.0219,-1.1238,-0.3823,False,False
外部需求 → 日本,kr_exp,T7,6,1,3,0.7463,0.8658,-0.0269,-0.0109,-0.3235,-0.169,False,False
外部需求 → 日本,kr_exp,T7,6,1,6,0.959,0.4555,-0.0042,-0.0417,-0.0514,-0.7462,False,False
外部需求 → 日本,kr_exp,T7,6,3,0,0.3345,0.0957,-0.2273,-0.2646,-0.9651,-1.666,False,False
外部需求 → 日本,kr_exp,T7,6,3,3,0.745,0.8237,-0.0897,0.043,-0.3252,0.2228,False,False
外部需求 → 日本,kr_exp,T7,6,3,6,0.1767,0.1891,-0.2289,-0.2176,-1.3511,-1.3132,False,False
外部需求 → 日本,kr_exp,T7,6,6,0,0.5319,0.0994,-0.3106,-0.3027,-0.6251,-1.6479,False,False
外部需求 → 日本,kr_exp,T7,6,6,3,0.3519,0.5358,-0.3314,-0.1971,-0.931,-0.6191,False,False
外部需求 → 日本,kr_exp,T7,6,6,6,0.0184,0.0864,-0.7946,-0.6114,-2.3574,-1.7148,False,False
外部需求 → 日本,kr_exp,T8,1,1,0,0.9092,0.4283,-0.0071,0.0676,-0.114,0.7921,False,False
外部需求 → 日本,kr_exp,T8,1,1,3,0.0409,0.6553,-0.1269,0.0373,-2.0443,0.4464,False,False
外部需求 → 日本,kr_exp,T8,1,1,6,0.0832,0.8363,0.1071,0.0148,1.7322,0.2067,False,False
外部需求 → 日本,kr_exp,T8,1,3,0,0.8674,0.6838,0.016,-0.0518,0.167,-0.4073,False,False
外部需求 → 日本,kr_exp,T8,1,3,3,0.3672,0.7384,-0.0781,-0.0448,-0.9017,-0.3339,False,False
外部需求 → 日本,kr_exp,T8,1,3,6,0.9092,0.1685,0.009,0.1952,0.1141,1.3769,False,False
外部需求 → 日本,kr_exp,T8,1,6,0,0.5767,0.5033,-0.0607,-0.1137,-0.5583,-0.6694,False,False
外部需求 → 日本,kr_exp,T8,1,6,3,0.5475,0.486,-0.0629,0.1118,-0.6015,0.6967,False,False
外部需求 → 日本,kr_exp,T8,1,6,6,0.4823,0.2678,0.0726,0.1827,0.7025,1.108,False,False
外部需求 → 日本,kr_exp,T8,3,1,0,0.4742,0.7507,0.0233,-0.0173,0.7156,-0.3177,False,False
外部需求 → 日本,kr_exp,T8,3,1,3,0.1229,0.8793,-0.0457,0.0092,-1.5426,0.1519,False,False
外部需求 → 日本,kr_exp,T8,3,1,6,0.7387,0.0604,0.0127,0.1065,0.3335,1.8781,False,False
外部需求 → 日本,kr_exp,T8,3,3,0,0.8533,0.3635,-0.0144,-0.1366,-0.1849,-0.9086,False,False
外部需求 → 日本,kr_exp,T8,3,3,3,0.8423,0.6676,0.0138,0.0435,0.199,0.4295,False,False
外部需求 → 日本,kr_exp,T8,3,3,6,0.7964,0.0227,0.0168,0.2079,0.258,2.2785,False,False
外部需求 → 日本,kr_exp,T8,3,6,0,0.944,0.4837,-0.007,-0.1446,-0.0703,-0.7004,False,False
外部需求 → 日本,kr_exp,T8,3,6,3,0.7743,0.123,0.0307,0.2494,0.2867,1.5425,False,False
外部需求 → 日本,kr_exp,T8,3,6,6,0.9861,0.3725,-0.0017,0.168,-0.0174,0.8919,False,False
外部需求 → 日本,kr_exp,T8,6,1,0,0.6338,0.7009,-0.0125,-0.0147,-0.4763,-0.3841,False,False
外部需求 → 日本,kr_exp,T8,6,1,3,0.4898,0.0981,-0.0152,0.0617,-0.6906,1.654,False,False
外部需求 → 日本,kr_exp,T8,6,1,6,0.5482,0.2216,0.0124,0.0508,0.6004,1.2223,False,False
外部需求 → 日本,kr_exp,T8,6,3,0,0.9292,0.5076,-0.0047,-0.0525,-0.0888,-0.6625,False,False
外部需求 → 日本,kr_exp,T8,6,3,3,0.8198,0.1027,0.0127,0.1429,0.2278,1.6317,False,False
外部需求 → 日本,kr_exp,T8,6,3,6,0.9879,0.4139,0.0008,0.0862,0.0152,0.8171,False,False
外部需求 → 日本,kr_exp,T8,6,6,0,0.955,0.6753,0.0049,0.0644,0.0564,0.4188,False,False
外部需求 → 日本,kr_exp,T8,6,6,3,0.8804,0.2001,0.0138,0.23,0.1504,1.2812,False,False
外部需求 → 日本,kr_exp,T8,6,6,6,0.697,0.8761,-0.0355,0.0315,-0.3894,0.1559,False,False
外部需求 → 日本,kr_exp,T9,1,1,0,0.3835,0.0217,-0.1272,0.4324,-0.8715,2.2956,False,False
外部需求 → 日本,kr_exp,T9,1,1,3,0.0602,0.4344,-0.2508,0.1458,-1.8791,0.7818,False,False
外部需求 → 日本,kr_exp,T9,1,1,6,0.8602,0.3078,0.0227,0.1898,0.1761,1.02,False,False
外部需求 → 日本,kr_exp,T9,1,3,0,0.1501,0.087,-0.3882,0.3843,-1.4393,1.7115,False,False
外部需求 → 日本,kr_exp,T9,1,3,3,0.0072,0.0781,-0.6383,-0.4594,-2.6877,-1.7617,False,False
外部需求 → 日本,kr_exp,T9,1,3,6,0.6087,0.4828,-0.1036,-0.1442,-0.512,-0.7018,False,False
外部需求 → 日本,kr_exp,T9,1,6,0,0.0231,0.6002,-1.0128,-0.1413,-2.272,-0.5241,False,False
外部需求 → 日本,kr_exp,T9,1,6,3,0.0151,0.1292,-0.708,-0.5024,-2.4311,-1.5173,False,False
外部需求 → 日本,kr_exp,T9,1,6,6,0.2387,0.112,-0.3197,-0.447,-1.1784,-1.5893,False,False
外部需求 → 日本,kr_exp,T9,3,1,0,0.0313,0.0906,-0.1682,0.1826,-2.1534,1.6924,False,False
外部需求 → 日本,kr_exp,T9,3,1,3,0.0002,0.0042,-0.295,-0.2804,-3.7861,-2.863,True,True
外部需求 → 日本,kr_exp,T9,3,1,6,0.5783,0.6735,-0.0368,-0.0454,-0.5559,-0.4213,False,False
外部需求 → 日本,kr_exp,T9,3,3,0,0.0,0.6253,-0.7265,0.0959,-4.3632,0.4884,True,False
外部需求 → 日本,kr_exp,T9,3,3,3,0.0001,0.0001,-0.609,-0.6762,-3.9036,-3.8085,True,True
外部需求 → 日本,kr_exp,T9,3,3,6,0.097,0.0225,-0.2822,-0.4019,-1.6596,-2.281,False,False
外部需求 → 日本,kr_exp,T9,3,6,0,0.0,0.0714,-1.3643,-0.615,-4.7362,-1.8027,True,True
外部需求 → 日本,kr_exp,T9,3,6,3,0.0006,0.0006,-0.9097,-1.0832,-3.4286,-3.413,True,True
外部需求 → 日本,kr_exp,T9,3,6,6,0.0786,0.0879,-0.4904,-0.7284,-1.7586,-1.7065,False,False
外部需求 → 日本,kr_exp,T9,6,1,0,0.0001,0.9234,-0.209,-0.0063,-3.9268,-0.0961,True,False
外部需求 → 日本,kr_exp,T9,6,1,3,0.0038,0.0226,-0.1597,-0.1768,-2.8972,-2.2799,False,False
外部需求 → 日本,kr_exp,T9,6,1,6,0.121,0.1001,-0.0737,-0.1112,-1.5504,-1.6444,False,False
外部需求 → 日本,kr_exp,T9,6,3,0,0.0,0.0369,-0.6251,-0.2789,-4.124,-2.0869,True,True
外部需求 → 日本,kr_exp,T9,6,3,3,0.0007,0.0001,-0.4192,-0.5656,-3.3871,-3.8854,True,True
外部需求 → 日本,kr_exp,T9,6,3,6,0.094,0.0466,-0.2243,-0.3998,-1.6746,-1.9902,False,False
外部需求 → 日本,kr_exp,T9,6,6,0,0.0,0.0003,-1.0659,-0.9039,-4.3771,-3.5758,True,True
外部需求 → 日本,kr_exp,T9,6,6,3,0.002,0.0027,-0.653,-0.9704,-3.0952,-3.004,True,True
外部需求 → 日本,kr_exp,T9,6,6,6,0.0894,0.0346,-0.4204,-0.866,-1.6987,-2.1136,False,False
外部需求 → 日本,kr_exp,その他製品,1,1,0,0.9441,0.1497,0.0027,-0.0458,0.0701,-1.4405,False,False
外部需求 → 日本,kr_exp,その他製品,1,1,3,0.1295,0.4966,-0.0593,0.0223,-1.5159,0.6798,False,False
外部需求 → 日本,kr_exp,その他製品,1,1,6,0.3631,0.8828,-0.0354,0.0049,-0.9095,0.1475,False,False
外部需求 → 日本,kr_exp,その他製品,1,3,0,0.663,0.2978,0.0273,0.0522,0.4357,1.0412,False,False
外部需求 → 日本,kr_exp,その他製品,1,3,3,0.7868,0.0331,-0.0134,0.0975,-0.2705,2.1309,False,False
外部需求 → 日本,kr_exp,その他製品,1,3,6,0.6952,0.2871,0.0176,0.0555,0.3918,1.0645,False,False
外部需求 → 日本,kr_exp,その他製品,1,6,0,0.8549,0.0784,0.0149,0.1277,0.1828,1.7602,False,False
外部需求 → 日本,kr_exp,その他製品,1,6,3,0.9281,0.0393,0.0049,0.1329,0.0902,2.0615,False,False
外部需求 → 日本,kr_exp,その他製品,1,6,6,0.9219,0.5713,0.005,0.0473,0.0981,0.5662,False,False
外部需求 → 日本,kr_exp,その他製品,3,1,0,0.468,0.2594,0.0182,0.0221,0.7257,1.1278,False,False
外部需求 → 日本,kr_exp,その他製品,3,1,3,0.4749,0.0381,-0.0128,0.0473,-0.7146,2.0739,False,False
外部需求 → 日本,kr_exp,その他製品,3,1,6,0.4284,0.2445,0.0154,0.0209,0.7919,1.1637,False,False
外部需求 → 日本,kr_exp,その他製品,3,3,0,0.531,0.0063,0.0324,0.1159,0.6265,2.7294,False,False
外部需求 → 日本,kr_exp,その他製品,3,3,3,0.9953,0.1155,-0.0003,0.0823,-0.0059,1.574,False,False
外部需求 → 日本,kr_exp,その他製品,3,3,6,0.7309,0.3057,-0.0107,0.0564,-0.3439,1.0242,False,False
外部需求 → 日本,kr_exp,その他製品,3,6,0,0.7148,0.0344,0.0342,0.1811,0.3654,2.1154,False,False
外部需求 → 日本,kr_exp,その他製品,3,6,3,0.8537,0.1243,-0.0117,0.1377,-0.1844,1.5369,False,False
外部需求 → 日本,kr_exp,その他製品,3,6,6,0.7676,0.4276,-0.0174,0.0742,-0.2955,0.7933,False,False
外部需求 → 日本,kr_exp,その他製品,6,1,0,0.9211,0.0406,-0.0014,0.0301,-0.0991,2.048,False,False
外部需求 → 日本,kr_exp,その他製品,6,1,3,0.9414,0.0058,0.0009,0.0365,0.0735,2.7594,False,False
外部需求 → 日本,kr_exp,その他製品,6,1,6,0.7842,0.596,0.0034,0.0087,0.2738,0.5302,False,False
外部需求 → 日本,kr_exp,その他製品,6,3,0,0.7808,0.0032,0.0115,0.1026,0.2782,2.9503,False,False
外部需求 → 日本,kr_exp,その他製品,6,3,3,0.8297,0.0315,-0.007,0.0739,-0.2151,2.1513,False,False
外部需求 → 日本,kr_exp,その他製品,6,3,6,0.7061,0.2445,-0.0104,0.0474,-0.3772,1.1639,False,False
外部需求 → 日本,kr_exp,その他製品,6,6,0,0.9387,0.0096,0.0052,0.1663,0.0769,2.591,False,False
外部需求 → 日本,kr_exp,その他製品,6,6,3,0.7436,0.055,-0.0166,0.115,-0.327,1.9189,False,False
外部需求 → 日本,kr_exp,その他製品,6,6,6,0.4901,0.6276,-0.0415,0.0383,-0.6901,0.4851,False,False
外部需求 → 日本,kr_exp,その他金融業,1,1,0,0.6116,0.6835,-0.068,-0.0188,-0.5078,-0.4077,False,False
外部需求 → 日本,kr_exp,その他金融業,1,1,3,0.8619,0.3126,0.0195,-0.0363,0.1739,-1.0098,False,False
外部需求 → 日本,kr_exp,その他金融業,1,1,6,0.7889,0.8363,-0.0285,-0.0087,-0.2677,-0.2066,False,False
外部需求 → 日本,kr_exp,その他金融業,1,3,0,0.1439,0.9747,-0.2073,0.0019,-1.4614,0.0317,False,False
外部需求 → 日本,kr_exp,その他金融業,1,3,3,0.9066,0.7901,-0.0175,-0.0165,-0.1173,-0.2662,False,False
外部需求 → 日本,kr_exp,その他金融業,1,3,6,0.6269,0.9502,0.0598,-0.0041,0.4861,-0.0624,False,False
外部需求 → 日本,kr_exp,その他金融業,1,6,0,0.0752,0.914,-0.2714,-0.0105,-1.7792,-0.108,False,False
外部需求 → 日本,kr_exp,その他金融業,1,6,3,0.9997,0.6881,-0.0001,-0.0334,-0.0003,-0.4014,False,False
外部需求 → 日本,kr_exp,その他金融業,1,6,6,0.4996,0.4512,-0.0898,0.0618,-0.6752,0.7535,False,False
外部需求 → 日本,kr_exp,その他金融業,3,1,0,0.1828,0.5483,-0.1118,0.0159,-1.3323,0.6002,False,False
外部需求 → 日本,kr_exp,その他金融業,3,1,3,0.6027,0.6198,-0.0365,-0.0126,-0.5205,-0.4961,False,False
外部需求 → 日本,kr_exp,その他金融業,3,1,6,0.4598,0.7006,0.0489,-0.0109,0.7392,-0.3846,False,False
外部需求 → 日本,kr_exp,その他金融業,3,3,0,0.0042,0.7158,-0.3316,0.0176,-2.8603,0.364,False,False
外部需求 → 日本,kr_exp,その他金融業,3,3,3,0.6988,0.8709,0.0567,-0.0104,0.3869,-0.1625,False,False
外部需求 → 日本,kr_exp,その他金融業,3,3,6,0.4599,0.2282,-0.0921,-0.0632,-0.7391,-1.2051,False,False
外部需求 → 日本,kr_exp,その他金融業,3,6,0,0.0596,0.8832,-0.3133,0.0164,-1.8836,0.1469,False,False
外部需求 → 日本,kr_exp,その他金融業,3,6,3,0.9402,0.4449,-0.0148,-0.0733,-0.075,-0.7639,False,False
外部需求 → 日本,kr_exp,その他金融業,3,6,6,0.1903,0.9436,-0.169,0.005,-1.3096,0.0708,False,False
外部需求 → 日本,kr_exp,その他金融業,6,1,0,0.0914,0.8503,-0.0692,0.004,-1.6882,0.1887,False,False
外部需求 → 日本,kr_exp,その他金融業,6,1,3,0.9814,0.4427,-0.0011,-0.0147,-0.0234,-0.7676,False,False
外部需求 → 日本,kr_exp,その他金融業,6,1,6,0.7956,0.7784,0.012,0.0062,0.259,0.2814,False,False
外部需求 → 日本,kr_exp,その他金融業,6,3,0,0.2911,0.9444,-0.123,0.0037,-1.0557,0.0698,False,False
外部需求 → 日本,kr_exp,その他金融業,6,3,3,0.7775,0.3753,-0.0332,-0.0429,-0.2826,-0.8866,False,False
外部需求 → 日本,kr_exp,その他金融業,6,3,6,0.2804,0.935,-0.0993,0.0031,-1.0794,0.0815,False,False
外部需求 → 日本,kr_exp,その他金融業,6,6,0,0.3366,0.7168,-0.1651,-0.0359,-0.9609,-0.3627,False,False
外部需求 → 日本,kr_exp,その他金融業,6,6,3,0.4135,0.4972,-0.1159,-0.0394,-0.8178,-0.679,False,False
外部需求 → 日本,kr_exp,その他金融業,6,6,6,0.7513,0.693,-0.0351,0.0306,-0.3169,0.3948,False,False
外部需求 → 日本,kr_exp,ガラス・土石製品,1,1,0,0.0531,0.3302,-0.1012,0.0524,-1.9339,0.9738,False,False
外部需求 → 日本,kr_exp,ガラス・土石製品,1,1,3,0.7427,0.8703,-0.0174,0.0094,-0.3283,0.1633,False,False
外部需求 → 日本,kr_exp,ガラス・土石製品,1,1,6,0.7921,0.8542,-0.0122,-0.0096,-0.2636,-0.1838,False,False
外部需求 → 日本,kr_exp,ガラス・土石製品,1,3,0,0.7289,0.406,-0.028,0.075,-0.3466,0.8309,False,False
外部需求 → 日本,kr_exp,ガラス・土石製品,1,3,3,0.8769,0.8484,0.0106,0.0147,0.1549,0.1912,False,False
外部需求 → 日本,kr_exp,ガラス・土石製品,1,3,6,0.2256,0.4671,0.0913,-0.0525,1.2117,-0.7272,False,False
外部需求 → 日本,kr_exp,ガラス・土石製品,1,6,0,0.8746,0.3963,-0.016,0.0818,-0.1578,0.8483,False,False
外部需求 → 日本,kr_exp,ガラス・土石製品,1,6,3,0.188,0.8874,0.1095,0.0116,1.3166,0.1416,False,False
外部需求 → 日本,kr_exp,ガラス・土石製品,1,6,6,0.8912,0.4468,0.0109,-0.0511,0.1368,-0.7608,False,False
外部需求 → 日本,kr_exp,ガラス・土石製品,3,1,0,0.1979,0.2744,-0.0426,0.0511,-1.2874,1.093,False,False
外部需求 → 日本,kr_exp,ガラス・土石製品,3,1,3,0.9211,0.7819,-0.0022,-0.0108,-0.0991,-0.2769,False,False
外部需求 → 日本,kr_exp,ガラス・土石製品,3,1,6,0.0849,0.6328,0.0474,-0.0155,1.723,-0.4778,False,False
外部需求 → 日本,kr_exp,ガラス・土石製品,3,3,0,0.4576,0.3066,-0.0503,0.07,-0.7428,1.0224,False,False
外部需求 → 日本,kr_exp,ガラス・土石製品,3,3,3,0.3141,0.8216,0.0604,0.0118,1.0066,0.2255,False,False
外部需求 → 日本,kr_exp,ガラス・土石製品,3,3,6,0.151,0.0796,0.088,-0.0854,1.4361,-1.753,False,False
外部需求 → 日本,kr_exp,ガラス・土石製品,3,6,0,0.9352,0.2259,0.0094,0.1068,0.0813,1.211,False,False
外部需求 → 日本,kr_exp,ガラス・土石製品,3,6,3,0.0893,0.2709,0.1493,-0.071,1.699,-1.101,False,False
外部需求 → 日本,kr_exp,ガラス・土石製品,3,6,6,0.1584,0.6548,-0.11,-0.0328,-1.4103,-0.4471,False,False
外部需求 → 日本,kr_exp,ガラス・土石製品,6,1,0,0.3166,0.1594,-0.0216,0.034,-1.0015,1.407,False,False
外部需求 → 日本,kr_exp,ガラス・土石製品,6,1,3,0.2731,0.5489,0.0218,-0.0133,1.0959,-0.5994,False,False
外部需求 → 日本,kr_exp,ガラス・土石製品,6,1,6,0.971,0.7293,0.0006,-0.0072,0.0363,-0.3461,False,False
外部需求 → 日本,kr_exp,ガラス・土石製品,6,3,0,0.9056,0.3345,0.0066,0.0443,0.1186,0.9652,False,False
外部需求 → 日本,kr_exp,ガラス・土石製品,6,3,3,0.0716,0.2391,0.0704,-0.0388,1.802,-1.1773,False,False
外部需求 → 日本,kr_exp,ガラス・土石製品,6,3,6,0.3621,0.6641,-0.0496,-0.0208,-0.9114,-0.4343,False,False
外部需求 → 日本,kr_exp,ガラス・土石製品,6,6,0,0.3404,0.7449,0.0771,0.0221,0.9534,0.3253,False,False
外部需求 → 日本,kr_exp,ガラス・土石製品,6,6,3,0.7372,0.3937,0.023,-0.0528,0.3356,-0.853,False,False
外部需求 → 日本,kr_exp,ガラス・土石製品,6,6,6,0.039,0.6648,-0.1715,-0.0336,-2.064,-0.4332,False,False
外部需求 → 日本,kr_exp,ゴム製品,1,1,0,0.2576,0.1327,0.1008,0.1078,1.1322,1.5034,False,False
外部需求 → 日本,kr_exp,ゴム製品,1,1,3,0.4792,0.1567,0.0635,0.1001,0.7076,1.4163,False,False
外部需求 → 日本,kr_exp,ゴム製品,1,1,6,0.3699,0.4872,0.0846,-0.0537,0.8966,-0.6947,False,False
外部需求 → 日本,kr_exp,ゴム製品,1,3,0,0.2178,0.3907,0.1816,0.0983,1.2325,0.8583,False,False
外部需求 → 日本,kr_exp,ゴム製品,1,3,3,0.4843,0.4718,-0.0711,0.09,-0.6993,0.7195,False,False
外部需求 → 日本,kr_exp,ゴム製品,1,3,6,0.3186,0.6472,0.1407,-0.0625,0.9974,-0.4576,False,False
外部需求 → 日本,kr_exp,ゴム製品,1,6,0,0.3694,0.2233,0.1197,0.175,0.8977,1.2178,False,False
外部需求 → 日本,kr_exp,ゴム製品,1,6,3,0.5755,0.956,0.0825,-0.0092,0.5599,-0.0552,False,False
外部需求 → 日本,kr_exp,ゴム製品,1,6,6,0.0381,0.3691,0.2829,-0.1481,2.074,-0.8981,False,False
外部需求 → 日本,kr_exp,ゴム製品,3,1,0,0.4976,0.1172,0.0457,0.0744,0.6782,1.5667,False,False
外部需求 → 日本,kr_exp,ゴム製品,3,1,3,0.7832,0.2164,-0.0126,0.0634,-0.2751,1.2363,False,False
外部需求 → 日本,kr_exp,ゴム製品,3,1,6,0.1111,0.3962,0.0785,-0.0594,1.5933,-0.8485,False,False
外部需求 → 日本,kr_exp,ゴム製品,3,3,0,0.2569,0.0197,0.1651,0.2097,1.1338,2.3322,False,False
外部需求 → 日本,kr_exp,ゴム製品,3,3,3,0.8069,0.9763,0.0226,0.0041,0.2445,0.0297,False,False
外部需求 → 日本,kr_exp,ゴム製品,3,3,6,0.0001,0.2173,0.2854,-0.1504,4.0412,-1.2336,True,False
外部需求 → 日本,kr_exp,ゴム製品,3,6,0,0.1779,0.3175,0.1812,0.1953,1.3472,0.9996,False,False
外部需求 → 日本,kr_exp,ゴム製品,3,6,3,0.01,0.2904,0.2975,-0.1713,2.5754,-1.0572,False,False
外部需求 → 日本,kr_exp,ゴム製品,3,6,6,0.0034,0.2272,0.2862,-0.2377,2.9326,-1.2075,True,False
外部需求 → 日本,kr_exp,ゴム製品,6,1,0,0.5793,0.0459,0.0181,0.074,0.5543,1.996,False,False
外部需求 → 日本,kr_exp,ゴム製品,6,1,3,0.3019,0.9188,0.0304,0.0033,1.0323,0.102,False,False
外部需求 → 日本,kr_exp,ゴム製品,6,1,6,0.0247,0.0555,0.0659,-0.0865,2.2455,-1.9151,False,False
外部需求 → 日本,kr_exp,ゴム製品,6,3,0,0.2522,0.2474,0.0866,0.1228,1.145,1.1566,False,False
外部需求 → 日本,kr_exp,ゴム製品,6,3,3,0.0167,0.3473,0.1444,-0.0792,2.3931,-0.9399,False,False
外部需求 → 日本,kr_exp,ゴム製品,6,3,6,0.0259,0.2189,0.1372,-0.149,2.2273,-1.2295,False,False
外部需求 → 日本,kr_exp,ゴム製品,6,6,0,0.0149,0.9344,0.2229,0.0138,2.4358,0.0823,False,False
外部需求 → 日本,kr_exp,ゴム製品,6,6,3,0.0001,0.1527,0.2785,-0.2216,3.8921,-1.4301,True,False
外部需求 → 日本,kr_exp,ゴム製品,6,6,6,0.2612,0.537,0.1105,-0.1129,1.1236,-0.6173,False,False
外部需求 → 日本,kr_exp,サービス業,1,1,0,0.5326,0.6436,0.0302,-0.026,0.624,-0.4627,False,False
外部需求 → 日本,kr_exp,サービス業,1,1,3,0.331,0.2478,-0.0434,0.0656,-0.9721,1.1558,False,False
外部需求 → 日本,kr_exp,サービス業,1,1,6,0.3505,0.0001,-0.04,0.1922,-0.9335,3.8758,False,False
外部需求 → 日本,kr_exp,サービス業,1,3,0,0.5205,0.8527,0.0499,-0.0191,0.6426,-0.1857,False,False
外部需求 → 日本,kr_exp,サービス業,1,3,3,0.5931,0.9314,-0.0369,-0.0068,-0.5343,-0.086,False,False
外部需求 → 日本,kr_exp,サービス業,1,3,6,0.5583,0.03,-0.0415,0.1666,-0.5854,2.1704,False,False
外部需求 → 日本,kr_exp,サービス業,1,6,0,0.8659,0.5783,0.0149,-0.0684,0.1688,-0.5558,False,False
外部需求 → 日本,kr_exp,サービス業,1,6,3,0.3808,0.2644,-0.0767,0.1231,-0.8765,1.1161,False,False
外部需求 → 日本,kr_exp,サービス業,1,6,6,0.9625,0.0043,-0.004,0.2476,-0.047,2.8527,False,False
外部需求 → 日本,kr_exp,サービス業,3,1,0,0.0818,0.5391,0.0468,-0.0264,1.7405,-0.6142,False,False
外部需求 → 日本,kr_exp,サービス業,3,1,3,0.4304,0.842,-0.0198,0.0079,-0.7884,0.1993,False,False
外部需求 → 日本,kr_exp,サービス業,3,1,6,0.4305,0.0286,-0.0171,0.0788,-0.7883,2.1893,False,False
外部需求 → 日本,kr_exp,サービス業,3,3,0,0.4953,0.6221,0.0489,-0.0508,0.6819,-0.4928,False,False
外部需求 → 日本,kr_exp,サービス業,3,3,3,0.0277,0.0715,-0.0968,0.1436,-2.2021,1.8021,False,False
外部需求 → 日本,kr_exp,サービス業,3,3,6,0.9225,0.0541,-0.0051,0.1578,-0.0973,1.9257,False,False
外部需求 → 日本,kr_exp,サービス業,3,6,0,0.5761,0.8388,-0.0486,0.034,-0.559,0.2034,False,False
外部需求 → 日本,kr_exp,サービス業,3,6,3,0.1997,0.0395,-0.1032,0.2936,-1.2823,2.0594,False,False
外部需求 → 日本,kr_exp,サービス業,3,6,6,0.2015,0.0731,0.0946,0.2219,1.2773,1.7922,False,False
外部需求 → 日本,kr_exp,サービス業,6,1,0,0.5919,0.6386,0.012,-0.016,0.5361,-0.4696,False,False
外部需求 → 日本,kr_exp,サービス業,6,1,3,0.2258,0.0984,-0.0188,0.0447,-1.2112,1.6525,False,False
外部需求 → 日本,kr_exp,サービス業,6,1,6,0.9069,0.0098,-0.0019,0.0667,-0.117,2.5822,False,False
外部需求 → 日本,kr_exp,サービス業,6,3,0,0.6625,0.6176,-0.021,0.0407,-0.4364,0.4992,False,False
外部需求 → 日本,kr_exp,サービス業,6,3,3,0.1927,0.0057,-0.0549,0.1632,-1.3026,2.7643,False,False
外部需求 → 日本,kr_exp,サービス業,6,3,6,0.3908,0.0331,0.0371,0.1271,0.8581,2.1312,False,False
外部需求 → 日本,kr_exp,サービス業,6,6,0,0.2131,0.1887,-0.0766,0.1756,-1.2451,1.3145,False,False
外部需求 → 日本,kr_exp,サービス業,6,6,3,0.808,0.0087,-0.0179,0.2806,-0.243,2.6245,False,False
外部需求 → 日本,kr_exp,サービス業,6,6,6,0.1884,0.5826,0.0829,0.068,1.3155,0.5496,False,False
外部需求 → 日本,kr_exp,パルプ・紙,1,1,0,0.0432,0.3367,-0.2368,-0.0769,-2.0213,-0.9607,False,False
外部需求 → 日本,kr_exp,パルプ・紙,1,1,3,0.1504,0.2071,-0.1516,-0.0987,-1.4382,-1.2615,False,False
外部需求 → 日本,kr_exp,パルプ・紙,1,1,6,0.6871,0.0084,0.0434,-0.1828,0.4028,-2.636,False,False
外部需求 → 日本,kr_exp,パルプ・紙,1,3,0,0.3477,0.6195,0.1557,0.0616,0.939,0.4966,False,False
外部需求 → 日本,kr_exp,パルプ・紙,1,3,3,0.6206,0.6672,0.0851,0.0461,0.495,0.43,False,False
外部需求 → 日本,kr_exp,パルプ・紙,1,3,6,0.7633,0.0812,0.0424,-0.1699,0.3012,-1.7439,False,False
外部需求 → 日本,kr_exp,パルプ・紙,1,6,0,0.3677,0.5235,0.233,0.0952,0.9008,0.638,False,False
外部需求 → 日本,kr_exp,パルプ・紙,1,6,3,0.3988,0.2548,0.1578,-0.1307,0.8438,-1.1389,False,False
外部需求 → 日本,kr_exp,パルプ・紙,1,6,6,0.9796,0.2907,0.0053,-0.1232,0.0256,-1.0567,False,False
外部需求 → 日本,kr_exp,パルプ・紙,3,1,0,0.0966,0.4227,0.0997,0.0392,1.6614,0.8018,False,False
外部需求 → 日本,kr_exp,パルプ・紙,3,1,3,0.2134,0.6378,0.0681,0.0194,1.2443,0.4708,False,False
外部需求 → 日本,kr_exp,パルプ・紙,3,1,6,0.463,0.0755,0.0327,-0.0789,0.7338,-1.7771,False,False
外部需求 → 日本,kr_exp,パルプ・紙,3,3,0,0.0057,0.2776,0.3178,0.1274,2.7672,1.0857,False,False
外部需求 → 日本,kr_exp,パルプ・紙,3,3,3,0.0221,0.2919,0.2764,-0.1213,2.2882,-1.0539,False,False
外部需求 → 日本,kr_exp,パルプ・紙,3,3,6,0.5721,0.4826,0.0635,-0.0645,0.5649,-0.7021,False,False
外部需求 → 日本,kr_exp,パルプ・紙,3,6,0,0.0065,0.9951,0.5787,0.0009,2.7203,0.0061,False,False
外部需求 → 日本,kr_exp,パルプ・紙,3,6,3,0.0518,0.0914,0.3507,-0.211,1.9445,-1.6882,False,False
外部需求 → 日本,kr_exp,パルプ・紙,3,6,6,0.6834,0.3897,0.0695,-0.1077,0.4079,-0.8602,False,False
外部需求 → 日本,kr_exp,パルプ・紙,6,1,0,0.1064,0.3732,0.0781,0.0277,1.6147,0.8905,False,False
外部需求 → 日本,kr_exp,パルプ・紙,6,1,3,0.1981,0.3246,0.044,-0.0287,1.287,-0.985,False,False
外部需求 → 日本,kr_exp,パルプ・紙,6,1,6,0.9311,0.207,0.0029,-0.0413,0.0865,-1.2619,False,False
外部需求 → 日本,kr_exp,パルプ・紙,6,3,0,0.0168,0.8819,0.2749,0.0098,2.3905,0.1486,False,False
外部需求 → 日本,kr_exp,パルプ・紙,6,3,3,0.1124,0.1917,0.1557,-0.0976,1.5876,-1.3056,False,False
外部需求 → 日本,kr_exp,パルプ・紙,6,3,6,0.686,0.41,0.0363,-0.0571,0.4043,-0.8239,False,False
外部需求 → 日本,kr_exp,パルプ・紙,6,6,0,0.0217,0.267,0.4282,-0.1138,2.2964,-1.1101,False,False
外部需求 → 日本,kr_exp,パルプ・紙,6,6,3,0.1352,0.0702,0.1998,-0.1705,1.4938,-1.8107,False,False
外部需求 → 日本,kr_exp,パルプ・紙,6,6,6,0.7945,0.8321,0.0357,-0.0186,0.2605,-0.212,False,False
外部需求 → 日本,kr_exp,不動産業,1,1,0,0.4222,0.8996,-0.0945,0.0089,-0.8026,0.1261,False,False
外部需求 → 日本,kr_exp,不動産業,1,1,3,0.3141,0.1864,-0.1017,-0.0763,-1.0066,-1.3212,False,False
外部需求 → 日本,kr_exp,不動産業,1,1,6,0.0255,0.88,-0.2178,0.0078,-2.233,0.1509,False,False
外部需求 → 日本,kr_exp,不動産業,1,3,0,0.0143,0.9142,-0.3452,-0.0104,-2.4489,-0.1077,False,False
外部需求 → 日本,kr_exp,不動産業,1,3,3,0.271,0.8741,-0.1511,-0.0137,-1.1009,-0.1585,False,False
外部需求 → 日本,kr_exp,不動産業,1,3,6,0.0824,0.8565,-0.2287,0.0136,-1.7367,0.1808,False,False
外部需求 → 日本,kr_exp,不動産業,1,6,0,0.0004,0.8187,-0.4698,0.0269,-3.5296,0.2292,True,False
外部需求 → 日本,kr_exp,不動産業,1,6,3,0.0474,0.911,-0.3115,-0.0137,-1.9831,-0.1118,False,False
外部需求 → 日本,kr_exp,不動産業,1,6,6,0.5976,0.1426,-0.087,0.1176,-0.5278,1.4663,False,False
外部需求 → 日本,kr_exp,不動産業,3,1,0,0.2126,0.9216,-0.121,0.0042,-1.2464,0.0984,False,False
外部需求 → 日本,kr_exp,不動産業,3,1,3,0.2968,0.61,-0.0693,-0.0175,-1.0434,-0.5101,False,False
外部需求 → 日本,kr_exp,不動産業,3,1,6,0.1178,0.6408,-0.0841,0.0145,-1.5641,0.4666,False,False
外部需求 → 日本,kr_exp,不動産業,3,3,0,0.0,0.8187,-0.4524,-0.0176,-4.4845,-0.2293,True,False
外部需求 → 日本,kr_exp,不動産業,3,3,3,0.1503,0.7131,-0.2022,0.0308,-1.4386,0.3678,False,False
外部需求 → 日本,kr_exp,不動産業,3,3,6,0.3376,0.6416,-0.1266,0.0266,-0.9588,0.4654,False,False
外部需求 → 日本,kr_exp,不動産業,3,6,0,0.0013,0.5122,-0.6779,0.0798,-3.2061,0.6554,True,False
外部需求 → 日本,kr_exp,不動産業,3,6,3,0.1823,0.6098,-0.3458,0.0558,-1.3338,0.5104,False,False
外部需求 → 日本,kr_exp,不動産業,3,6,6,0.7913,0.2529,-0.053,0.1237,-0.2646,1.1433,False,False
外部需求 → 日本,kr_exp,不動産業,6,1,0,0.023,0.9184,-0.0906,-0.0029,-2.274,-0.1025,False,False
外部需求 → 日本,kr_exp,不動産業,6,1,3,0.0544,0.8181,-0.0741,-0.0063,-1.9236,-0.2299,False,False
外部需求 → 日本,kr_exp,不動産業,6,1,6,0.6876,0.233,-0.0151,0.0299,-0.4021,1.1926,False,False
外部需求 → 日本,kr_exp,不動産業,6,3,0,0.0003,0.9988,-0.3017,0.0001,-3.6534,0.0015,True,False
外部需求 → 日本,kr_exp,不動産業,6,3,3,0.1455,0.6533,-0.1592,0.0264,-1.4556,0.4492,False,False
外部需求 → 日本,kr_exp,不動産業,6,3,6,0.7351,0.2938,-0.0329,0.0569,-0.3383,1.0498,False,False
外部需求 → 日本,kr_exp,不動産業,6,6,0,0.0146,0.5651,-0.48,0.0628,-2.4426,0.5753,False,False
外部需求 → 日本,kr_exp,不動産業,6,6,3,0.3154,0.2145,-0.2012,0.0907,-1.004,1.2414,False,False
外部需求 → 日本,kr_exp,不動産業,6,6,6,0.9851,0.4208,-0.0029,0.0909,-0.0187,0.805,False,False
外部需求 → 日本,kr_exp,保険業,1,1,0,0.0646,0.2479,-0.1905,-0.0889,-1.8479,-1.1555,False,False
外部需求 → 日本,kr_exp,保険業,1,1,3,0.795,0.1838,-0.0262,-0.1089,-0.2598,-1.3291,False,False
外部需求 → 日本,kr_exp,保険業,1,1,6,0.6689,0.6815,-0.0393,0.0331,-0.4277,0.4104,False,False
外部需求 → 日本,kr_exp,保険業,1,3,0,0.5207,0.4809,-0.0727,-0.0575,-0.6423,-0.7048,False,False
外部需求 → 日本,kr_exp,保険業,1,3,3,0.7639,0.1725,0.0419,-0.121,0.3004,-1.3642,False,False
外部需求 → 日本,kr_exp,保険業,1,3,6,0.7862,0.5324,-0.0328,0.0648,-0.2712,0.6244,False,False
外部需求 → 日本,kr_exp,保険業,1,6,0,0.9225,0.1745,-0.0179,-0.1513,-0.0972,-1.3579,False,False
外部需求 → 日本,kr_exp,保険業,1,6,3,0.9193,0.5853,0.0227,-0.0675,0.1013,-0.5457,False,False
外部需求 → 日本,kr_exp,保険業,1,6,6,0.7863,0.4312,-0.047,0.085,-0.2711,0.7872,False,False
外部需求 → 日本,kr_exp,保険業,3,1,0,0.4411,0.919,-0.0483,0.0053,-0.7704,0.1017,False,False
外部需求 → 日本,kr_exp,保険業,3,1,3,0.283,0.1019,0.0709,-0.0665,1.0736,-1.6356,False,False
外部需求 → 日本,kr_exp,保険業,3,1,6,0.9187,0.3803,-0.005,0.0371,-0.1021,0.8774,False,False
外部需求 → 日本,kr_exp,保険業,3,3,0,0.7293,0.7222,0.0261,-0.0322,0.3461,-0.3556,False,False
外部需求 → 日本,kr_exp,保険業,3,3,3,0.3345,0.9437,0.1227,0.0051,0.9652,0.0707,False,False
外部需求 → 日本,kr_exp,保険業,3,3,6,0.7021,0.3979,-0.0363,0.063,-0.3825,0.8454,False,False
外部需求 → 日本,kr_exp,保険業,3,6,0,0.3167,0.9283,0.1784,-0.0131,1.0012,-0.09,False,False
外部需求 → 日本,kr_exp,保険業,3,6,3,0.622,0.4732,0.0983,0.068,0.493,0.7173,False,False
外部需求 → 日本,kr_exp,保険業,3,6,6,0.8747,0.498,-0.0252,0.0739,-0.1577,0.6777,False,False
外部需求 → 日本,kr_exp,保険業,6,1,0,0.7087,0.5212,0.0144,-0.0206,0.3736,-0.6415,False,False
外部需求 → 日本,kr_exp,保険業,6,1,3,0.475,0.5051,0.0325,-0.0188,0.7144,-0.6665,False,False
外部需求 → 日本,kr_exp,保険業,6,1,6,0.844,0.5816,-0.0052,0.0135,-0.1967,0.551,False,False
外部需求 → 日本,kr_exp,保険業,6,3,0,0.4795,0.8246,0.0614,-0.016,0.7071,-0.2217,False,False
外部需求 → 日本,kr_exp,保険業,6,3,3,0.6242,0.4115,0.0446,0.0362,0.4899,0.8212,False,False
外部需求 → 日本,kr_exp,保険業,6,3,6,0.9121,0.5874,-0.0071,0.031,-0.1104,0.5426,False,False
外部需求 → 日本,kr_exp,保険業,6,6,0,0.4024,0.7756,0.1257,0.0289,0.8374,0.285,False,False
外部需求 → 日本,kr_exp,保険業,6,6,3,0.7444,0.3239,0.0395,0.0697,0.3261,0.9865,False,False
外部需求 → 日本,kr_exp,保険業,6,6,6,0.8089,0.9782,0.0289,-0.0029,0.2418,-0.0273,False,False
外部需求 → 日本,kr_exp,化学,1,1,0,0.228,0.6298,0.029,0.014,1.2055,0.4819,False,False
外部需求 → 日本,kr_exp,化学,1,1,3,0.5104,0.7233,0.0178,0.0121,0.6582,0.3541,False,False
外部需求 → 日本,kr_exp,化学,1,1,6,0.6485,0.8315,-0.0117,-0.0066,-0.4559,-0.2127,False,False
外部需求 → 日本,kr_exp,化学,1,3,0,0.1804,0.3204,0.0425,0.0461,1.3394,0.9937,False,False
外部需求 → 日本,kr_exp,化学,1,3,3,0.2806,0.6522,-0.0431,-0.0215,-1.079,-0.4508,False,False
外部需求 → 日本,kr_exp,化学,1,3,6,0.4755,0.8609,-0.0218,-0.0081,-0.7136,-0.1752,False,False
外部需求 → 日本,kr_exp,化学,1,6,0,0.9972,0.6385,-0.0002,0.022,-0.0035,0.4698,False,False
外部需求 → 日本,kr_exp,化学,1,6,3,0.1233,0.9929,-0.068,-0.0004,-1.5412,-0.0089,False,False
外部需求 → 日本,kr_exp,化学,1,6,6,0.1532,0.2463,-0.0616,-0.0594,-1.4281,-1.1595,False,False
外部需求 → 日本,kr_exp,化学,3,1,0,0.2234,0.4846,0.017,0.015,1.2176,0.6989,False,False
外部需求 → 日本,kr_exp,化学,3,1,3,0.0433,0.32,-0.0248,-0.0216,-2.0205,-0.9944,False,False
外部需求 → 日本,kr_exp,化学,3,1,6,0.4106,0.7515,-0.013,0.0065,-0.8228,0.3166,False,False
外部需求 → 日本,kr_exp,化学,3,3,0,0.1334,0.1295,0.0392,0.0443,1.5008,1.5162,False,False
外部需求 → 日本,kr_exp,化学,3,3,3,0.0031,0.3985,-0.0756,-0.0304,-2.9621,-0.8444,True,False
外部需求 → 日本,kr_exp,化学,3,3,6,0.4606,0.5757,-0.0173,0.0189,-0.7379,0.5597,False,False
外部需求 → 日本,kr_exp,化学,3,6,0,0.4229,0.8429,-0.035,0.0105,-0.8014,0.1981,False,False
外部需求 → 日本,kr_exp,化学,3,6,3,0.0308,0.8689,-0.0922,-0.0076,-2.1592,-0.165,False,False
外部需求 → 日本,kr_exp,化学,3,6,6,0.2848,0.5506,-0.0494,-0.0342,-1.0695,-0.5969,False,False
外部需求 → 日本,kr_exp,化学,6,1,0,0.6172,0.9717,-0.0046,0.0005,-0.4998,0.0354,False,False
外部需求 → 日本,kr_exp,化学,6,1,3,0.0488,0.538,-0.017,-0.0071,-1.9703,-0.6159,False,False
外部需求 → 日本,kr_exp,化学,6,1,6,0.0382,0.5908,-0.0177,-0.0075,-2.0725,-0.5377,False,False
外部需求 → 日本,kr_exp,化学,6,3,0,0.4335,0.7784,-0.0182,0.0087,-0.7833,0.2815,False,False
外部需求 → 日本,kr_exp,化学,6,3,3,0.0521,0.9102,-0.0429,-0.003,-1.942,-0.1127,False,False
外部需求 → 日本,kr_exp,化学,6,3,6,0.3259,0.5394,-0.0216,-0.018,-0.9825,-0.6138,False,False
外部需求 → 日本,kr_exp,化学,6,6,0,0.1272,0.9323,-0.0601,0.0043,-1.5252,0.085,False,False
外部需求 → 日本,kr_exp,化学,6,6,3,0.1122,0.7258,-0.0648,-0.0166,-1.5886,-0.3507,False,False
外部需求 → 日本,kr_exp,化学,6,6,6,0.417,0.3314,-0.0469,-0.0568,-0.8116,-0.9713,False,False
外部需求 → 日本,kr_exp,医薬品,1,1,0,0.0185,0.8941,0.1669,-0.0089,2.3556,-0.1331,False,False
外部需求 → 日本,kr_exp,医薬品,1,1,3,0.884,0.4098,0.0106,0.0631,0.1458,0.8242,False,False
外部需求 → 日本,kr_exp,医薬品,1,1,6,0.6575,0.7873,-0.034,0.0203,-0.4433,0.2699,False,False
外部需求 → 日本,kr_exp,医薬品,1,3,0,0.1203,0.2618,0.1831,-0.1322,1.5536,-1.1221,False,False
外部需求 → 日本,kr_exp,医薬品,1,3,3,0.7583,0.3316,0.031,0.0851,0.3077,0.971,False,False
外部需求 → 日本,kr_exp,医薬品,1,3,6,0.159,0.8078,-0.1412,0.0215,-1.4085,0.2433,False,False
外部需求 → 日本,kr_exp,医薬品,1,6,0,0.0952,0.8538,0.2378,0.0256,1.6686,0.1843,False,False
外部需求 → 日本,kr_exp,医薬品,1,6,3,0.4601,0.4764,-0.0946,0.0916,-0.7386,0.7122,False,False
外部需求 → 日本,kr_exp,医薬品,1,6,6,0.9545,0.9899,0.0078,0.0016,0.0571,0.0127,False,False
外部需求 → 日本,kr_exp,医薬品,3,1,0,0.0002,0.1997,0.127,-0.0714,3.7019,-1.2823,True,False
外部需求 → 日本,kr_exp,医薬品,3,1,3,0.5781,0.2615,0.0203,0.0499,0.5562,1.1228,False,False
外部需求 → 日本,kr_exp,医薬品,3,1,6,0.1902,0.6916,-0.0596,0.017,-1.3101,0.3967,False,False
外部需求 → 日本,kr_exp,医薬品,3,3,0,0.0091,0.4961,0.2313,-0.0841,2.6072,-0.6807,False,False
外部需求 → 日本,kr_exp,医薬品,3,3,3,0.5343,0.3612,-0.0576,0.0793,-0.6214,0.913,False,False
外部需求 → 日本,kr_exp,医薬品,3,3,6,0.84,0.5564,0.0174,0.0585,0.2018,0.5883,False,False
外部需求 → 日本,kr_exp,医薬品,3,6,0,0.243,0.5535,0.1877,0.086,1.1675,0.5925,False,False
外部需求 → 日本,kr_exp,医薬品,3,6,3,0.7809,0.3627,-0.0399,0.1381,-0.2782,0.9102,False,False
外部需求 → 日本,kr_exp,医薬品,3,6,6,0.1041,0.7935,0.2005,-0.0441,1.6252,-0.2618,False,False
外部需求 → 日本,kr_exp,医薬品,6,1,0,0.0309,0.6795,0.0692,-0.016,2.1583,-0.4131,False,False
外部需求 → 日本,kr_exp,医薬品,6,1,3,0.5163,0.2814,-0.0172,0.0337,-0.649,1.0771,False,False
外部需求 → 日本,kr_exp,医薬品,6,1,6,0.9528,0.9269,-0.0018,-0.0032,-0.0592,-0.0918,False,False
外部需求 → 日本,kr_exp,医薬品,6,3,0,0.4096,0.8991,0.0829,-0.0113,0.8246,-0.1269,False,False
外部需求 → 日本,kr_exp,医薬品,6,3,3,0.8757,0.36,-0.0119,0.0722,-0.1565,0.9153,False,False
外部需求 → 日本,kr_exp,医薬品,6,3,6,0.1566,0.7179,0.0909,-0.0355,1.4166,-0.3612,False,False
外部需求 → 日本,kr_exp,医薬品,6,6,0,0.5979,0.4265,0.0773,0.1165,0.5274,0.7952,False,False
外部需求 → 日本,kr_exp,医薬品,6,6,3,0.4933,0.7665,0.0812,0.0481,0.6851,0.2969,False,False
外部需求 → 日本,kr_exp,医薬品,6,6,6,0.0073,0.9743,0.2587,-0.0051,2.683,-0.0322,False,False
外部需求 → 日本,kr_exp,卸売業,1,1,0,0.5112,0.2151,0.0258,-0.0333,0.6569,-1.2398,False,False
外部需求 → 日本,kr_exp,卸売業,1,1,3,0.8956,0.956,-0.0043,-0.0015,-0.1312,-0.0551,False,False
外部需求 → 日本,kr_exp,卸売業,1,1,6,0.7774,0.4628,-0.0092,-0.0202,-0.2827,-0.7343,False,False
外部需求 → 日本,kr_exp,卸売業,1,3,0,0.1643,0.3352,0.0777,-0.0399,1.3909,-0.9638,False,False
外部需求 → 日本,kr_exp,卸売業,1,3,3,0.5905,0.6811,0.0258,0.0157,0.5381,0.411,False,False
外部需求 → 日本,kr_exp,卸売業,1,3,6,0.6452,0.2171,-0.0201,0.042,-0.4604,1.2342,False,False
外部需求 → 日本,kr_exp,卸売業,1,6,0,0.0797,0.7416,0.0973,-0.0142,1.7522,-0.3297,False,False
外部需求 → 日本,kr_exp,卸売業,1,6,3,0.986,0.4275,0.0011,0.0417,0.0175,0.7934,False,False
外部需求 → 日本,kr_exp,卸売業,1,6,6,0.1621,0.6036,0.0587,0.0265,1.398,0.5192,False,False
外部需求 → 日本,kr_exp,卸売業,3,1,0,0.2405,0.19,0.0365,-0.025,1.1738,-1.3107,False,False
外部需求 → 日本,kr_exp,卸売業,3,1,3,0.8527,0.2746,0.0039,0.0229,0.1857,1.0925,False,False
外部需求 → 日本,kr_exp,卸売業,3,1,6,0.3257,0.22,-0.0143,0.018,-0.9828,1.2265,False,False
外部需求 → 日本,kr_exp,卸売業,3,3,0,0.0085,0.4705,0.1025,-0.0198,2.6298,-0.7216,False,False
外部需求 → 日本,kr_exp,卸売業,3,3,3,0.8593,0.2995,-0.0089,0.0385,-0.1772,1.0374,False,False
外部需求 → 日本,kr_exp,卸売業,3,3,6,0.4088,0.2915,0.0287,0.0291,0.826,1.0548,False,False
外部需求 → 日本,kr_exp,卸売業,3,6,0,0.0528,0.7198,0.0969,0.02,1.9365,0.3587,False,False
外部需求 → 日本,kr_exp,卸売業,3,6,3,0.7898,0.235,0.0202,0.0643,0.2666,1.1876,False,False
外部需求 → 日本,kr_exp,卸売業,3,6,6,0.0015,0.3704,0.1568,0.0484,3.1839,0.8957,True,False
外部需求 → 日本,kr_exp,卸売業,6,1,0,0.2058,0.555,0.0171,-0.0062,1.2652,-0.5902,False,False
外部需求 → 日本,kr_exp,卸売業,6,1,3,0.802,0.0989,-0.0036,0.022,-0.2508,1.65,False,False
外部需求 → 日本,kr_exp,卸売業,6,1,6,0.2592,0.4571,0.0125,0.01,1.1283,0.7436,False,False
外部需求 → 日本,kr_exp,卸売業,6,3,0,0.2594,0.6999,0.0438,0.01,1.1277,0.3855,False,False
外部需求 → 日本,kr_exp,卸売業,6,3,3,0.7793,0.2227,0.0108,0.0363,0.2802,1.2193,False,False
外部需求 → 日本,kr_exp,卸売業,6,3,6,0.0058,0.2702,0.071,0.0297,2.7561,1.1026,False,False
外部需求 → 日本,kr_exp,卸売業,6,6,0,0.3134,0.347,0.0563,0.0472,1.0081,0.9404,False,False
外部需求 → 日本,kr_exp,卸売業,6,6,3,0.1375,0.224,0.0837,0.0625,1.4853,1.2159,False,False
外部需求 → 日本,kr_exp,卸売業,6,6,6,0.0,0.0955,0.1541,0.0908,4.2448,1.6669,True,True
外部需求 → 日本,kr_exp,小売業,1,1,0,0.7649,0.2865,0.0178,-0.0503,0.2991,-1.0657,False,False
外部需求 → 日本,kr_exp,小売業,1,1,3,0.3079,0.5454,-0.0527,-0.0274,-1.0197,-0.6047,False,False
外部需求 → 日本,kr_exp,小売業,1,1,6,0.3396,0.5113,-0.048,0.0329,-0.9551,0.6569,False,False
外部需求 → 日本,kr_exp,小売業,1,3,0,0.1071,0.1012,0.1531,-0.0961,1.6114,-1.6389,False,False
外部需求 → 日本,kr_exp,小売業,1,3,3,0.7182,0.9987,0.0341,-0.0001,0.3608,-0.0016,False,False
外部需求 → 日本,kr_exp,小売業,1,3,6,0.3654,0.7252,-0.0727,0.0208,-0.9051,0.3515,False,False
外部需求 → 日本,kr_exp,小売業,1,6,0,0.1504,0.0671,0.1839,-0.114,1.4381,-1.8313,False,False
外部需求 → 日本,kr_exp,小売業,1,6,3,0.6624,0.9036,-0.0478,-0.0084,-0.4366,-0.1211,False,False
外部需求 → 日本,kr_exp,小売業,1,6,6,0.7995,0.7674,-0.0241,0.0169,-0.2539,0.2958,False,False
外部需求 → 日本,kr_exp,小売業,3,1,0,0.0004,0.1477,0.0908,-0.0424,3.5467,-1.4477,True,False
外部需求 → 日本,kr_exp,小売業,3,1,3,0.6761,0.817,0.0138,0.0082,0.4177,0.2315,False,False
外部需求 → 日本,kr_exp,小売業,3,1,6,0.0581,0.6794,-0.0459,0.01,-1.8946,0.4133,False,False
外部需求 → 日本,kr_exp,小売業,3,3,0,0.0022,0.0333,0.218,-0.0845,3.0674,-2.1284,True,False
外部需求 → 日本,kr_exp,小売業,3,3,3,0.8241,0.4192,-0.0173,0.0466,-0.2223,0.8078,False,False
外部需求 → 日本,kr_exp,小売業,3,3,6,0.5338,0.6487,-0.0476,0.0206,-0.6222,0.4556,False,False
外部需求 → 日本,kr_exp,小売業,3,6,0,0.0916,0.289,0.2067,-0.0652,1.6873,-1.0604,False,False
外部需求 → 日本,kr_exp,小売業,3,6,3,0.6047,0.4117,-0.0678,0.0619,-0.5176,0.8209,False,False
外部需求 → 日本,kr_exp,小売業,3,6,6,0.2837,0.8758,0.105,0.0101,1.0721,0.1563,False,False
外部需求 → 日本,kr_exp,小売業,6,1,0,0.0778,0.3173,0.047,-0.0172,1.7638,-1.0001,False,False
外部需求 → 日本,kr_exp,小売業,6,1,3,0.5649,0.6321,-0.0139,0.0094,-0.5755,0.4788,False,False
外部需求 → 日本,kr_exp,小売業,6,1,6,0.7517,0.7812,-0.0066,0.0048,-0.3165,0.2777,False,False
外部需求 → 日本,kr_exp,小売業,6,3,0,0.2258,0.4062,0.0914,-0.0223,1.2112,-0.8305,False,False
外部需求 → 日本,kr_exp,小売業,6,3,3,0.6869,0.3788,-0.0282,0.0349,-0.403,0.8801,False,False
外部需求 → 日本,kr_exp,小売業,6,3,6,0.3764,0.8941,0.0508,0.0055,0.8846,0.1331,False,False
外部需求 → 日本,kr_exp,小売業,6,6,0,0.5782,0.9824,0.0647,-0.001,0.5561,-0.0221,False,False
外部需求 → 日本,kr_exp,小売業,6,6,3,0.8607,0.5387,0.0185,0.0371,0.1755,0.6147,False,False
外部需求 → 日本,kr_exp,小売業,6,6,6,0.0697,0.6696,0.1647,0.0304,1.8142,0.4267,False,False
外部需求 → 日本,kr_exp,建設業,1,1,0,0.5106,0.1447,-0.0494,-0.069,-0.658,-1.4586,False,False
外部需求 → 日本,kr_exp,建設業,1,1,3,0.2933,0.2542,-0.071,-0.0601,-1.0509,-1.1401,False,False
外部需求 → 日本,kr_exp,建設業,1,1,6,0.9224,0.1083,0.0061,-0.0768,0.0974,-1.6061,False,False
外部需求 → 日本,kr_exp,建設業,1,3,0,0.6936,0.1832,-0.0343,-0.1315,-0.3939,-1.3311,False,False
外部需求 → 日本,kr_exp,建設業,1,3,3,0.5632,0.642,0.066,-0.0312,0.5781,-0.4649,False,False
外部需求 → 日本,kr_exp,建設業,1,3,6,0.2614,0.0856,0.1123,-0.1212,1.1231,-1.7191,False,False
外部需求 → 日本,kr_exp,建設業,1,6,0,0.7469,0.5009,0.0448,-0.0574,0.3227,-0.6731,False,False
外部需求 → 日本,kr_exp,建設業,1,6,3,0.2749,0.1767,0.1689,-0.118,1.0919,-1.3511,False,False
外部需求 → 日本,kr_exp,建設業,1,6,6,0.2147,0.0173,0.1612,-0.1726,1.2408,-2.3793,False,False
外部需求 → 日本,kr_exp,建設業,3,1,0,0.882,0.227,-0.0055,-0.0453,-0.1485,-1.2082,False,False
外部需求 → 日本,kr_exp,建設業,3,1,3,0.2534,0.4357,0.0417,-0.0324,1.142,-0.7794,False,False
外部需求 → 日本,kr_exp,建設業,3,1,6,0.1104,0.123,0.0479,-0.0424,1.5963,-1.5424,False,False
外部需求 → 日本,kr_exp,建設業,3,3,0,0.9289,0.6037,-0.0071,-0.0586,-0.0892,-0.5191,False,False
外部需求 → 日本,kr_exp,建設業,3,3,3,0.0003,0.2877,0.2158,-0.0792,3.6071,-1.0631,True,False
外部需求 → 日本,kr_exp,建設業,3,3,6,0.0,0.0079,0.2355,-0.1377,4.1545,-2.6543,True,False
外部需求 → 日本,kr_exp,建設業,3,6,0,0.0762,0.8094,0.2169,-0.0307,1.7731,-0.2412,False,False
外部需求 → 日本,kr_exp,建設業,3,6,3,0.0,0.0548,0.4286,-0.1985,4.9779,-1.9206,True,False
外部需求 → 日本,kr_exp,建設業,3,6,6,0.0559,0.0512,0.1838,-0.1577,1.9115,-1.9501,False,False
外部需求 → 日本,kr_exp,建設業,6,1,0,0.4863,0.3327,0.0169,-0.0292,0.6962,-0.9687,False,False
外部需求 → 日本,kr_exp,建設業,6,1,3,0.1061,0.1357,0.0393,-0.04,1.6162,-1.4919,False,False
外部需求 → 日本,kr_exp,建設業,6,1,6,0.0604,0.0428,0.0367,-0.0408,1.8781,-2.0255,False,False
外部需求 → 日本,kr_exp,建設業,6,3,0,0.0566,0.3695,0.1023,-0.0745,1.9062,-0.8974,False,False
外部需求 → 日本,kr_exp,建設業,6,3,3,0.0001,0.0206,0.2074,-0.1149,4.0292,-2.3145,True,False
外部需求 → 日本,kr_exp,建設業,6,3,6,0.088,0.0276,0.0854,-0.098,1.7059,-2.2023,False,False
外部需求 → 日本,kr_exp,建設業,6,6,0,0.0017,0.2243,0.3025,-0.124,3.1343,-1.2152,True,False
外部需求 → 日本,kr_exp,建設業,6,6,3,0.0005,0.0181,0.281,-0.188,3.4786,-2.3631,True,False
外部需求 → 日本,kr_exp,建設業,6,6,6,0.373,0.7382,0.064,-0.0209,0.8909,-0.3342,False,False
外部需求 → 日本,kr_exp,情報・通信業,1,1,0,0.9842,0.357,0.0009,-0.0646,0.0198,-0.921,False,False
外部需求 → 日本,kr_exp,情報・通信業,1,1,3,0.1803,0.962,-0.0609,-0.0032,-1.3397,-0.0476,False,False
外部需求 → 日本,kr_exp,情報・通信業,1,1,6,0.8778,0.2059,0.0064,0.0686,0.1537,1.2649,False,False
外部需求 → 日本,kr_exp,情報・通信業,1,3,0,0.8253,0.2531,0.0188,-0.1192,0.2207,-1.1429,False,False
外部需求 → 日本,kr_exp,情報・通信業,1,3,3,0.9482,0.5914,-0.0045,-0.0524,-0.065,-0.5368,False,False
外部需求 → 日本,kr_exp,情報・通信業,1,3,6,0.7514,0.156,0.02,0.1385,0.3168,1.4187,False,False
外部需求 → 日本,kr_exp,情報・通信業,1,6,0,0.8799,0.081,0.0165,-0.2079,0.1511,-1.7451,False,False
外部需求 → 日本,kr_exp,情報・通信業,1,6,3,0.773,0.7776,0.0261,0.0338,0.2885,0.2824,False,False
外部需求 → 日本,kr_exp,情報・通信業,1,6,6,0.5739,0.4996,0.0422,0.0889,0.5623,0.6752,False,False
外部需求 → 日本,kr_exp,情報・通信業,3,1,0,0.2654,0.0281,0.0342,-0.0803,1.1137,-2.1956,False,False
外部需求 → 日本,kr_exp,情報・通信業,3,1,3,0.8998,0.9938,0.0026,-0.0003,0.1259,-0.0078,False,False
外部需求 → 日本,kr_exp,情報・通信業,3,1,6,0.6831,0.0551,0.0099,0.0713,0.4082,1.9177,False,False
外部需求 → 日本,kr_exp,情報・通信業,3,3,0,0.4383,0.001,0.0644,-0.2404,0.7751,-3.2934,False,False
外部需求 → 日本,kr_exp,情報・通信業,3,3,3,0.5946,0.5916,0.0243,0.0388,0.5322,0.5365,False,False
外部需求 → 日本,kr_exp,情報・通信業,3,3,6,0.5523,0.1107,-0.0326,0.1423,-0.5943,1.5951,False,False
外部需求 → 日本,kr_exp,情報・通信業,3,6,0,0.4535,0.0184,0.0866,-0.2613,0.7496,-2.357,False,False
外部需求 → 日本,kr_exp,情報・通信業,3,6,3,0.9477,0.1824,-0.005,0.1721,-0.0656,1.3335,False,False
外部需求 → 日本,kr_exp,情報・通信業,3,6,6,0.7823,0.4828,0.0199,0.1219,0.2764,0.7018,False,False
外部需求 → 日本,kr_exp,情報・通信業,6,1,0,0.5197,0.0422,0.0147,-0.0559,0.6438,-2.0313,False,False
外部需求 → 日本,kr_exp,情報・通信業,6,1,3,0.809,0.154,0.0038,0.0373,0.2417,1.4255,False,False
外部需求 → 日本,kr_exp,情報・通信業,6,1,6,0.765,0.3835,0.0044,0.0277,0.299,0.8715,False,False
外部需求 → 日本,kr_exp,情報・通信業,6,3,0,0.5251,0.0355,0.0383,-0.1126,0.6354,-2.1031,False,False
外部需求 → 日本,kr_exp,情報・通信業,6,3,3,0.7558,0.1418,-0.0111,0.1005,-0.311,1.4692,False,False
外部需求 → 日本,kr_exp,情報・通信業,6,3,6,0.8334,0.4985,0.0079,0.0654,0.2104,0.6768,False,False
外部需求 → 日本,kr_exp,情報・通信業,6,6,0,0.7593,0.6761,0.0271,-0.0421,0.3064,-0.4178,False,False
外部需求 → 日本,kr_exp,情報・通信業,6,6,3,0.9648,0.2898,-0.0025,0.1601,-0.0441,1.0586,False,False
外部需求 → 日本,kr_exp,情報・通信業,6,6,6,0.8549,0.9269,0.0079,0.0187,0.1828,0.0917,False,False
外部需求 → 日本,kr_exp,機械,1,1,0,0.5898,0.1493,-0.03,0.0735,-0.5391,1.4419,False,False
外部需求 → 日本,kr_exp,機械,1,1,3,0.3769,0.6263,0.0524,0.0253,0.8836,0.487,False,False
外部需求 → 日本,kr_exp,機械,1,1,6,0.9796,0.7993,-0.0015,-0.0116,-0.0256,-0.2542,False,False
外部需求 → 日本,kr_exp,機械,1,3,0,0.2744,0.6839,-0.106,0.0288,-1.0929,0.4071,False,False
外部需求 → 日本,kr_exp,機械,1,3,3,0.7139,0.3563,-0.0303,-0.0729,-0.3667,-0.9225,False,False
外部需求 → 日本,kr_exp,機械,1,3,6,0.8468,0.2646,0.0168,-0.0654,0.1932,-1.1156,False,False
外部需求 → 日本,kr_exp,機械,1,6,0,0.3142,0.7615,-0.1397,-0.0277,-1.0065,-0.3036,False,False
外部需求 → 日本,kr_exp,機械,1,6,3,0.8708,0.2099,-0.0186,-0.0935,-0.1627,-1.2539,False,False
外部需求 → 日本,kr_exp,機械,1,6,6,0.5095,0.4862,-0.0736,-0.0474,-0.6597,-0.6964,False,False
外部需求 → 日本,kr_exp,機械,3,1,0,0.0245,0.6087,-0.0739,0.0149,-2.2495,0.5119,False,False
外部需求 → 日本,kr_exp,機械,3,1,3,0.6571,0.152,-0.0136,-0.0469,-0.444,-1.4324,False,False
外部需求 → 日本,kr_exp,機械,3,1,6,0.7504,0.3222,-0.0105,-0.0271,-0.3182,-0.99,False,False
外部需求 → 日本,kr_exp,機械,3,3,0,0.0942,0.9514,-0.147,-0.0034,-1.6737,-0.0609,False,False
外部需求 → 日本,kr_exp,機械,3,3,3,0.4436,0.0354,-0.0552,-0.1139,-0.7661,-2.1036,False,False
外部需求 → 日本,kr_exp,機械,3,3,6,0.6059,0.2602,-0.0344,-0.0515,-0.5159,-1.1259,False,False
外部需求 → 日本,kr_exp,機械,3,6,0,0.1247,0.1448,-0.2066,-0.1036,-1.5354,-1.4581,False,False
外部需求 → 日本,kr_exp,機械,3,6,3,0.4058,0.0245,-0.0901,-0.1591,-0.8313,-2.2496,False,False
外部需求 → 日本,kr_exp,機械,3,6,6,0.0173,0.4142,-0.1982,-0.0619,-2.3809,-0.8165,False,False
外部需求 → 日本,kr_exp,機械,6,1,0,0.1914,0.7192,-0.0378,-0.0056,-1.3065,-0.3595,False,False
外部需求 → 日本,kr_exp,機械,6,1,3,0.5979,0.0712,-0.0121,-0.04,-0.5274,-1.8043,False,False
外部需求 → 日本,kr_exp,機械,6,1,6,0.2936,0.4605,-0.0219,-0.013,-1.0501,-0.7381,False,False
外部需求 → 日本,kr_exp,機械,6,3,0,0.2151,0.0843,-0.0946,-0.0586,-1.2397,-1.7263,False,False
外部需求 → 日本,kr_exp,機械,6,3,3,0.4994,0.0428,-0.0366,-0.0868,-0.6754,-2.0257,False,False
外部需求 → 日本,kr_exp,機械,6,3,6,0.0598,0.3643,-0.0877,-0.0362,-1.8824,-0.9072,False,False
外部需求 → 日本,kr_exp,機械,6,6,0,0.2453,0.0324,-0.1337,-0.1386,-1.1618,-2.1389,False,False
外部需求 → 日本,kr_exp,機械,6,6,3,0.1213,0.0486,-0.1251,-0.1181,-1.5494,-1.9723,False,False
外部需求 → 日本,kr_exp,機械,6,6,6,0.009,0.2991,-0.1992,-0.0948,-2.6111,-1.0383,False,False
外部需求 → 日本,kr_exp,水産・農林業,1,1,0,0.6473,0.2878,0.0364,-0.0684,0.4575,-1.063,False,False
外部需求 → 日本,kr_exp,水産・農林業,1,1,3,0.7343,0.532,0.0277,0.0397,0.3394,0.6249,False,False
外部需求 → 日本,kr_exp,水産・農林業,1,1,6,0.9379,0.3559,-0.0064,0.0546,-0.0779,0.9232,False,False
外部需求 → 日本,kr_exp,水産・農林業,1,3,0,0.5257,0.5137,0.0864,-0.0813,0.6346,-0.6531,False,False
外部需求 → 日本,kr_exp,水産・農林業,1,3,3,0.0697,0.1859,0.2412,0.1522,1.8138,1.3227,False,False
外部需求 → 日本,kr_exp,水産・農林業,1,3,6,0.069,0.9471,-0.2039,-0.0068,-1.8186,-0.0664,False,False
外部需求 → 日本,kr_exp,水産・農林業,1,6,0,0.0815,0.2986,0.3566,0.117,1.7418,1.0395,False,False
外部需求 → 日本,kr_exp,水産・農林業,1,6,3,0.8257,0.234,0.0383,0.1276,0.2203,1.1901,False,False
外部需求 → 日本,kr_exp,水産・農林業,1,6,6,0.0386,0.4313,-0.2668,0.0772,-2.0687,0.7869,False,False
外部需求 → 日本,kr_exp,水産・農林業,3,1,0,0.2926,0.6331,0.0448,-0.0213,1.0524,-0.4773,False,False
外部需求 → 日本,kr_exp,水産・農林業,3,1,3,0.0035,0.1004,0.1481,0.0722,2.9212,1.6427,True,False
外部需求 → 日本,kr_exp,水産・農林業,3,1,6,0.0484,0.8157,-0.0789,-0.0098,-1.9737,-0.233,False,False
外部需求 → 日本,kr_exp,水産・農林業,3,3,0,0.0511,0.5285,0.1987,0.055,1.9508,0.6303,False,False
外部需求 → 日本,kr_exp,水産・農林業,3,3,3,0.0583,0.0241,0.2251,0.1874,1.8931,2.2555,False,False
外部需求 → 日本,kr_exp,水産・農林業,3,3,6,0.1028,0.8218,-0.13,-0.0167,-1.6315,-0.2252,False,False
外部需求 → 日本,kr_exp,水産・農林業,3,6,0,0.0208,0.0097,0.4576,0.3109,2.3114,2.5848,False,False
外部需求 → 日本,kr_exp,水産・農林業,3,6,3,0.555,0.173,0.0974,0.1618,0.5903,1.3628,False,False
外部需求 → 日本,kr_exp,水産・農林業,3,6,6,0.4681,0.5893,-0.0932,0.0504,-0.7255,0.5398,False,False
外部需求 → 日本,kr_exp,水産・農林業,6,1,0,0.0101,0.3129,0.0891,0.0299,2.5731,1.0091,False,False
外部需求 → 日本,kr_exp,水産・農林業,6,1,3,0.4322,0.2671,0.0353,0.0343,0.7854,1.1097,False,False
外部需求 → 日本,kr_exp,水産・農林業,6,1,6,0.0638,0.5787,-0.0431,0.0163,-1.8535,0.5553,False,False
外部需求 → 日本,kr_exp,水産・農林業,6,3,0,0.0729,0.1023,0.1928,0.122,1.7936,1.634,False,False
外部需求 → 日本,kr_exp,水産・農林業,6,3,3,0.5972,0.1782,0.0517,0.0874,0.5284,1.3464,False,False
外部需求 → 日本,kr_exp,水産・農林業,6,3,6,0.5791,0.7027,-0.0436,0.0211,-0.5547,0.3817,False,False
外部需求 → 日本,kr_exp,水産・農林業,6,6,0,0.1685,0.0162,0.2584,0.2526,1.3771,2.4033,False,False
外部需求 → 日本,kr_exp,水産・農林業,6,6,3,0.9752,0.1954,0.0035,0.1113,0.0311,1.2948,False,False
外部需求 → 日本,kr_exp,水産・農林業,6,6,6,0.9391,0.089,0.0076,0.1575,0.0764,1.7006,False,False
外部需求 → 日本,kr_exp,海運業,1,1,0,0.721,0.0258,-0.0417,0.3086,-0.3571,2.229,False,False
外部需求 → 日本,kr_exp,海運業,1,1,3,0.9824,0.182,0.0028,0.2063,0.022,1.3347,False,False
外部需求 → 日本,kr_exp,海運業,1,1,6,0.2907,0.0555,0.1325,0.2678,1.0567,1.9152,False,False
外部需求 → 日本,kr_exp,海運業,1,3,0,0.9039,0.3547,0.0234,0.1827,0.1208,0.9255,False,False
外部需求 → 日本,kr_exp,海運業,1,3,3,0.9029,0.1005,0.0277,0.4613,0.122,1.6426,False,False
外部需求 → 日本,kr_exp,海運業,1,3,6,0.3549,0.6776,0.194,0.1196,0.9251,0.4157,False,False
外部需求 → 日本,kr_exp,海運業,1,6,0,0.8686,0.0526,0.0494,0.6685,0.1655,1.9384,False,False
外部需求 → 日本,kr_exp,海運業,1,6,3,0.531,0.2032,0.2297,0.5076,0.6265,1.2724,False,False
外部需求 → 日本,kr_exp,海運業,1,6,6,0.9097,0.575,0.0272,0.2462,0.1135,0.5607,False,False
外部需求 → 日本,kr_exp,海運業,3,1,0,0.84,0.4651,0.0138,0.0667,0.2019,0.7304,False,False
外部需求 → 日本,kr_exp,海運業,3,1,3,0.867,0.1227,0.0162,0.238,0.1674,1.5433,False,False
外部需求 → 日本,kr_exp,海運業,3,1,6,0.2055,0.9942,0.0807,-0.0008,1.2661,-0.0073,False,False
外部需求 → 日本,kr_exp,海運業,3,3,0,0.7018,0.5812,-0.0543,0.1124,-0.3829,0.5517,False,False
外部需求 → 日本,kr_exp,海運業,3,3,3,0.2077,0.1233,0.2425,0.5171,1.26,1.5412,False,False
外部需求 → 日本,kr_exp,海運業,3,3,6,0.4164,0.8735,0.1198,-0.0563,0.8126,-0.1593,False,False
外部需求 → 日本,kr_exp,海運業,3,6,0,0.4969,0.1963,0.1851,0.6942,0.6794,1.2921,False,False
外部需求 → 日本,kr_exp,海運業,3,6,3,0.2473,0.4664,0.3653,0.4473,1.157,0.7283,False,False
外部需求 → 日本,kr_exp,海運業,3,6,6,0.0255,0.7633,-0.3502,-0.1796,-2.2333,-0.3011,False,False
外部需求 → 日本,kr_exp,海運業,6,1,0,0.6671,0.1206,0.0223,0.116,0.4301,1.5521,False,False
外部需求 → 日本,kr_exp,海運業,6,1,3,0.4548,0.1312,0.0435,0.1354,0.7475,1.5095,False,False
外部需求 → 日本,kr_exp,海運業,6,1,6,0.6587,0.9887,0.0179,0.0012,0.4417,0.0142,False,False
外部需求 → 日本,kr_exp,海運業,6,3,0,0.5115,0.1614,0.0984,0.3091,0.6566,1.4004,False,False
外部需求 → 日本,kr_exp,海運業,6,3,3,0.2569,0.3652,0.18,0.234,1.1338,0.9055,False,False
外部需求 → 日本,kr_exp,海運業,6,3,6,0.1113,0.6452,-0.1542,-0.1288,-1.5923,-0.4605,False,False
外部需求 → 日本,kr_exp,海運業,6,6,0,0.3374,0.1966,0.28,0.5934,0.9592,1.2914,False,False
外部需求 → 日本,kr_exp,海運業,6,6,3,0.9073,0.802,0.0256,0.126,0.1164,0.2508,False,False
外部需求 → 日本,kr_exp,海運業,6,6,6,0.0,0.7012,-0.5805,-0.1934,-4.8157,-0.3837,True,False
外部需求 → 日本,kr_exp,石油・石炭製品,1,1,0,0.6868,0.7357,0.0506,-0.042,0.4032,-0.3375,False,False
外部需求 → 日本,kr_exp,石油・石炭製品,1,1,3,0.0481,0.4038,0.2216,0.103,1.9768,0.8349,False,False
外部需求 → 日本,kr_exp,石油・石炭製品,1,1,6,0.9901,0.9361,-0.0014,-0.012,-0.0124,-0.0802,False,False
外部需求 → 日本,kr_exp,石油・石炭製品,1,3,0,0.341,0.9933,-0.1906,0.0019,-0.9522,0.0084,False,False
外部需求 → 日本,kr_exp,石油・石炭製品,1,3,3,0.0249,0.1692,0.4241,0.2856,2.2435,1.3747,False,False
外部需求 → 日本,kr_exp,石油・石炭製品,1,3,6,0.0583,0.472,0.334,-0.1721,1.8937,-0.7192,False,False
外部需求 → 日本,kr_exp,石油・石炭製品,1,6,0,0.2904,0.1153,0.1987,0.3974,1.0572,1.575,False,False
外部需求 → 日本,kr_exp,石油・石炭製品,1,6,3,0.001,0.8059,0.7143,0.0572,3.2839,0.2457,True,False
外部需求 → 日本,kr_exp,石油・石炭製品,1,6,6,0.1926,0.81,0.2959,-0.072,1.3029,-0.2404,False,False
外部需求 → 日本,kr_exp,石油・石炭製品,3,1,0,0.411,0.728,-0.0681,0.0302,-0.8222,0.3478,False,False
外部需求 → 日本,kr_exp,石油・石炭製品,3,1,3,0.003,0.0272,0.1747,0.145,2.966,2.209,True,True
外部需求 → 日本,kr_exp,石油・石炭製品,3,1,6,0.0087,0.1262,0.1437,-0.1453,2.6217,-1.5292,False,False
外部需求 → 日本,kr_exp,石油・石炭製品,3,3,0,0.9115,0.1481,0.016,0.2911,0.1111,1.4462,False,False
外部需求 → 日本,kr_exp,石油・石炭製品,3,3,3,0.0002,0.3852,0.3924,0.1805,3.6641,0.8683,True,False
外部需求 → 日本,kr_exp,石油・石炭製品,3,3,6,0.0023,0.4511,0.3873,-0.1372,3.0432,-0.7536,True,False
外部需求 → 日本,kr_exp,石油・石炭製品,3,6,0,0.0079,0.0025,0.4242,0.6567,2.656,3.0237,False,False
外部需求 → 日本,kr_exp,石油・石炭製品,3,6,3,0.0,0.9009,0.747,0.0391,4.5401,0.1246,True,False
外部需求 → 日本,kr_exp,石油・石炭製品,3,6,6,0.1049,0.8792,0.2839,-0.042,1.6215,-0.152,False,False
外部需求 → 日本,kr_exp,石油・石炭製品,6,1,0,0.3705,0.2116,0.0452,0.0797,0.8955,1.2491,False,False
外部需求 → 日本,kr_exp,石油・石炭製品,6,1,3,0.0,0.9304,0.1489,0.0053,4.8766,0.0873,True,False
外部需求 → 日本,kr_exp,石油・石炭製品,6,1,6,0.059,0.4307,0.0689,-0.0571,1.8885,-0.788,False,False
外部需求 → 日本,kr_exp,石油・石炭製品,6,3,0,0.0363,0.0571,0.1816,0.2538,2.094,1.9023,False,False
外部需求 → 日本,kr_exp,石油・石炭製品,6,3,3,0.0,0.9548,0.3787,0.0095,4.5675,0.0567,True,False
外部需求 → 日本,kr_exp,石油・石炭製品,6,3,6,0.2092,0.8085,0.1172,-0.0382,1.2559,-0.2423,False,False
外部需求 → 日本,kr_exp,石油・石炭製品,6,6,0,0.0,0.1144,0.552,0.3663,4.5204,1.5786,True,False
外部需求 → 日本,kr_exp,石油・石炭製品,6,6,3,0.0015,0.9538,0.4919,-0.0161,3.1756,-0.0579,True,False
外部需求 → 日本,kr_exp,石油・石炭製品,6,6,6,0.8678,0.7385,0.0254,0.1035,0.1665,0.3338,False,False
外部需求 → 日本,kr_exp,精密機器,1,1,0,0.8416,0.3119,-0.0123,0.0411,-0.1998,1.0113,False,False
外部需求 → 日本,kr_exp,精密機器,1,1,3,0.9245,0.9648,-0.0051,-0.002,-0.0948,-0.0442,False,False
外部需求 → 日本,kr_exp,精密機器,1,1,6,0.6074,0.2587,-0.024,0.0587,-0.5138,1.1295,False,False
外部需求 → 日本,kr_exp,精密機器,1,3,0,0.3999,0.0691,-0.0743,0.1168,-0.8417,1.8177,False,False
外部需求 → 日本,kr_exp,精密機器,1,3,3,0.255,0.6846,-0.0986,0.0256,-1.1382,0.4062,False,False
外部需求 → 日本,kr_exp,精密機器,1,3,6,0.6938,0.3887,0.0301,0.0667,0.3936,0.862,False,False
外部需求 → 日本,kr_exp,精密機器,1,6,0,0.1487,0.0262,-0.1726,0.1425,-1.444,2.2231,False,False
外部需求 → 日本,kr_exp,精密機器,1,6,3,0.3572,0.1308,-0.0702,0.1171,-0.9207,1.5109,False,False
外部需求 → 日本,kr_exp,精密機器,1,6,6,0.921,0.4125,-0.0088,0.0581,-0.0991,0.8196,False,False
外部需求 → 日本,kr_exp,精密機器,3,1,0,0.1727,0.022,-0.0498,0.0557,-1.3635,2.291,False,False
外部需求 → 日本,kr_exp,精密機器,3,1,3,0.0202,0.9359,-0.0607,-0.0024,-2.3227,-0.0804,False,False
外部需求 → 日本,kr_exp,精密機器,3,1,6,0.4755,0.1681,0.0148,0.044,0.7136,1.3783,False,False
外部需求 → 日本,kr_exp,精密機器,3,3,0,0.0278,0.0023,-0.1343,0.1337,-2.2005,3.0456,False,False
外部需求 → 日本,kr_exp,精密機器,3,3,3,0.021,0.3222,-0.1174,0.0705,-2.3074,0.99,False,False
外部需求 → 日本,kr_exp,精密機器,3,3,6,0.5036,0.4592,0.0389,0.0438,0.6688,0.7402,False,False
外部需求 → 日本,kr_exp,精密機器,3,6,0,0.014,0.0041,-0.2512,0.2082,-2.4581,2.8679,False,False
外部需求 → 日本,kr_exp,精密機器,3,6,3,0.3167,0.1445,-0.0838,0.1139,-1.0013,1.4592,False,False
外部需求 → 日本,kr_exp,精密機器,3,6,6,0.9235,0.5958,0.0068,-0.0329,0.096,-0.5305,False,False
外部需求 → 日本,kr_exp,精密機器,6,1,0,0.0156,0.0832,-0.0568,0.0342,-2.4183,1.7327,False,False
外部需求 → 日本,kr_exp,精密機器,6,1,3,0.2942,0.1517,-0.0213,0.021,-1.049,1.4335,False,False
外部需求 → 日本,kr_exp,精密機器,6,1,6,0.7013,0.3474,0.0066,0.0188,0.3836,0.9397,False,False
外部需求 → 日本,kr_exp,精密機器,6,3,0,0.0237,0.0061,-0.1219,0.1065,-2.2623,2.7432,False,False
外部需求 → 日本,kr_exp,精密機器,6,3,3,0.4592,0.0904,-0.036,0.0619,-0.7402,1.6933,False,False
外部需求 → 日本,kr_exp,精密機器,6,3,6,0.8231,0.6336,0.0098,-0.0179,0.2235,-0.4767,False,False
外部需求 → 日本,kr_exp,精密機器,6,6,0,0.0811,0.0056,-0.1603,0.1712,-1.7442,2.7704,False,False
外部需求 → 日本,kr_exp,精密機器,6,6,3,0.6176,0.3802,-0.0302,0.0412,-0.4993,0.8775,False,False
外部需求 → 日本,kr_exp,精密機器,6,6,6,0.4882,0.1465,-0.0389,-0.1056,-0.6932,-1.4521,False,False
外部需求 → 日本,kr_exp,繊維製品,1,1,0,0.789,0.5933,-0.0152,-0.0398,-0.2676,-0.5341,False,False
外部需求 → 日本,kr_exp,繊維製品,1,1,3,0.2282,0.6274,0.0634,-0.0267,1.2051,-0.4854,False,False
外部需求 → 日本,kr_exp,繊維製品,1,1,6,0.32,0.3121,0.0503,-0.0564,0.9945,-1.0109,False,False
外部需求 → 日本,kr_exp,繊維製品,1,3,0,0.851,0.695,-0.0124,-0.0415,-0.1878,-0.392,False,False
外部需求 → 日本,kr_exp,繊維製品,1,3,3,0.9023,0.1935,0.0072,0.137,0.1228,1.3002,False,False
外部需求 → 日本,kr_exp,繊維製品,1,3,6,0.0661,0.3087,0.1343,0.0819,1.8377,1.0179,False,False
外部需求 → 日本,kr_exp,繊維製品,1,6,0,0.9308,0.4917,-0.0075,0.093,-0.0868,0.6875,False,False
外部需求 → 日本,kr_exp,繊維製品,1,6,3,0.0954,0.0092,0.1344,0.2218,1.6674,2.6033,False,False
外部需求 → 日本,kr_exp,繊維製品,1,6,6,0.0138,0.3914,0.1875,0.1053,2.4635,0.857,False,False
外部需求 → 日本,kr_exp,繊維製品,3,1,0,0.8514,0.8663,-0.004,-0.0088,-0.1874,-0.1684,False,False
外部需求 → 日本,kr_exp,繊維製品,3,1,3,0.8055,0.0437,0.0076,0.0855,0.2462,2.0167,False,False
外部需求 → 日本,kr_exp,繊維製品,3,1,6,0.0245,0.7604,0.0615,0.0138,2.2488,0.3049,False,False
外部需求 → 日本,kr_exp,繊維製品,3,3,0,0.4908,0.3927,0.0334,0.0681,0.6891,0.8547,False,False
外部需求 → 日本,kr_exp,繊維製品,3,3,3,0.8885,0.0178,0.0071,0.1746,0.1402,2.3695,False,False
外部需求 → 日本,kr_exp,繊維製品,3,3,6,0.0013,0.5468,0.1309,0.0544,3.2165,0.6026,True,False
外部需求 → 日本,kr_exp,繊維製品,3,6,0,0.6284,0.0522,0.0415,0.2645,0.484,1.9415,False,False
外部需求 → 日本,kr_exp,繊維製品,3,6,3,0.0149,0.0011,0.1387,0.2307,2.4353,3.265,False,False
外部需求 → 日本,kr_exp,繊維製品,3,6,6,0.0013,0.4542,0.1905,0.1475,3.2099,0.7484,True,False
外部需求 → 日本,kr_exp,繊維製品,6,1,0,0.8956,0.2981,0.0022,0.0359,0.1312,1.0404,False,False
外部需求 → 日本,kr_exp,繊維製品,6,1,3,0.083,0.0602,0.0312,0.0539,1.7334,1.8795,False,False
外部需求 → 日本,kr_exp,繊維製品,6,1,6,0.0161,0.6848,0.0397,0.0119,2.4075,0.4059,False,False
外部需求 → 日本,kr_exp,繊維製品,6,3,0,0.6664,0.1306,0.0187,0.1255,0.4311,1.5116,False,False
外部需求 → 日本,kr_exp,繊維製品,6,3,3,0.0643,0.0545,0.0646,0.1162,1.8502,1.923,False,False
外部需求 → 日本,kr_exp,繊維製品,6,3,6,0.0131,0.384,0.0868,0.0778,2.4803,0.8706,False,False
外部需求 → 日本,kr_exp,繊維製品,6,6,0,0.1482,0.0234,0.0842,0.2628,1.4459,2.2668,False,False
外部需求 → 日本,kr_exp,繊維製品,6,6,3,0.0005,0.1225,0.1507,0.1977,3.4597,1.5446,True,False
外部需求 → 日本,kr_exp,繊維製品,6,6,6,0.0043,0.2076,0.1613,0.2317,2.8555,1.2603,False,False
外部需求 → 日本,kr_exp,証券、商品先物取引業,1,1,0,0.5612,0.2918,-0.0765,-0.0729,-0.5811,-1.0541,False,False
外部需求 → 日本,kr_exp,証券、商品先物取引業,1,1,3,0.3546,0.7835,0.0993,-0.0196,0.9257,-0.2748,False,False
外部需求 → 日本,kr_exp,証券、商品先物取引業,1,1,6,0.7031,0.9521,-0.0456,0.0043,-0.3811,0.06,False,False
外部需求 → 日本,kr_exp,証券、商品先物取引業,1,3,0,0.0465,0.3082,-0.3085,0.1273,-1.9906,1.0189,False,False
外部需求 → 日本,kr_exp,証券、商品先物取引業,1,3,3,0.2746,0.604,-0.1709,0.0723,-1.0925,0.5187,False,False
外部需求 → 日本,kr_exp,証券、商品先物取引業,1,3,6,0.9711,0.3054,0.006,-0.1699,0.0362,-1.025,False,False
外部需求 → 日本,kr_exp,証券、商品先物取引業,1,6,0,0.0092,0.3459,-0.4941,0.1623,-2.6032,0.9427,False,False
外部需求 → 日本,kr_exp,証券、商品先物取引業,1,6,3,0.397,0.3502,-0.1828,-0.1422,-0.8471,-0.9342,False,False
外部需求 → 日本,kr_exp,証券、商品先物取引業,1,6,6,0.4813,0.3507,-0.1294,-0.1938,-0.7042,-0.9332,False,False
外部需求 → 日本,kr_exp,証券、商品先物取引業,3,1,0,0.1305,0.3259,-0.138,0.0469,-1.5123,0.9824,False,False
外部需求 → 日本,kr_exp,証券、商品先物取引業,3,1,3,0.0152,0.5147,-0.1281,0.0367,-2.4276,0.6516,False,False
外部需求 → 日本,kr_exp,証券、商品先物取引業,3,1,6,0.5295,0.0354,0.0442,-0.1221,0.6287,-2.1042,False,False
外部需求 → 日本,kr_exp,証券、商品先物取引業,3,3,0,0.0016,0.1423,-0.3989,0.1843,-3.1502,1.4673,True,False
外部需求 → 日本,kr_exp,証券、商品先物取引業,3,3,3,0.104,0.9042,-0.2841,0.0128,-1.6256,0.1203,False,False
外部需求 → 日本,kr_exp,証券、商品先物取引業,3,3,6,0.5736,0.0036,-0.0956,-0.4009,-0.5627,-2.9097,False,False
外部需求 → 日本,kr_exp,証券、商品先物取引業,3,6,0,0.0011,0.2287,-0.6676,0.1836,-3.2587,1.2036,True,False
外部需求 → 日本,kr_exp,証券、商品先物取引業,3,6,3,0.1836,0.035,-0.357,-0.3947,-1.3296,-2.1079,False,False
外部需求 → 日本,kr_exp,証券、商品先物取引業,3,6,6,0.5696,0.1659,-0.1278,-0.2847,-0.5687,-1.3855,False,False
外部需求 → 日本,kr_exp,証券、商品先物取引業,6,1,0,0.0018,0.3059,-0.1278,0.0365,-3.1252,1.0238,True,False
外部需求 → 日本,kr_exp,証券、商品先物取引業,6,1,3,0.4152,0.2561,-0.0386,-0.0436,-0.8147,-1.1358,False,False
外部需求 → 日本,kr_exp,証券、商品先物取引業,6,1,6,0.6995,0.1822,0.0169,-0.0628,0.386,-1.334,False,False
外部需求 → 日本,kr_exp,証券、商品先物取引業,6,3,0,0.0021,0.125,-0.3096,0.1156,-3.0695,1.5343,True,False
外部需求 → 日本,kr_exp,証券、商品先物取引業,6,3,3,0.1734,0.0502,-0.1924,-0.2174,-1.3613,-1.9582,False,False
外部需求 → 日本,kr_exp,証券、商品先物取引業,6,3,6,0.6386,0.2846,-0.055,-0.1376,-0.4696,-1.07,False,False
外部需求 → 日本,kr_exp,証券、商品先物取引業,6,6,0,0.0111,0.4273,-0.4837,-0.1187,-2.5404,-0.7939,False,False
外部需求 → 日本,kr_exp,証券、商品先物取引業,6,6,3,0.23,0.0847,-0.2425,-0.3709,-1.2004,-1.7242,False,False
外部需求 → 日本,kr_exp,証券、商品先物取引業,6,6,6,0.4817,0.4947,-0.1249,-0.1332,-0.7035,-0.6828,False,False
外部需求 → 日本,kr_exp,輸送用機器,1,1,0,0.3769,0.4134,-0.0948,0.0602,-0.8836,0.8179,False,False
外部需求 → 日本,kr_exp,輸送用機器,1,1,3,0.2369,0.5753,0.1071,0.0384,1.1828,0.5602,False,False
外部需求 → 日本,kr_exp,輸送用機器,1,1,6,0.0922,0.0634,0.1364,-0.1152,1.6841,-1.8561,False,False
外部需求 → 日本,kr_exp,輸送用機器,1,3,0,0.2008,0.3711,-0.2042,0.0852,-1.2792,0.8944,False,False
外部需求 → 日本,kr_exp,輸送用機器,1,3,3,0.4851,0.7441,-0.092,0.0332,-0.6981,0.3264,False,False
外部需求 → 日本,kr_exp,輸送用機器,1,3,6,0.8605,0.3122,0.0219,-0.1,0.1757,-1.0105,False,False
外部需求 → 日本,kr_exp,輸送用機器,1,6,0,0.1895,0.1784,-0.3639,0.1561,-1.312,1.3458,False,False
外部需求 → 日本,kr_exp,輸送用機器,1,6,3,0.6051,0.487,-0.0855,-0.0884,-0.5171,-0.6951,False,False
外部需求 → 日本,kr_exp,輸送用機器,1,6,6,0.9087,0.3929,0.0233,-0.0956,0.1147,-0.8544,False,False
外部需求 → 日本,kr_exp,輸送用機器,3,1,0,0.0093,0.1308,-0.1655,0.0588,-2.6011,1.5109,False,False
外部需求 → 日本,kr_exp,輸送用機器,3,1,3,0.5203,0.8547,-0.0352,0.008,-0.6429,0.1832,False,False
外部需求 → 日本,kr_exp,輸送用機器,3,1,6,0.739,0.0432,0.0155,-0.0818,0.3332,-2.0214,False,False
外部需求 → 日本,kr_exp,輸送用機器,3,3,0,0.072,0.1787,-0.279,0.1191,-1.7993,1.3448,False,False
外部需求 → 日本,kr_exp,輸送用機器,3,3,3,0.2785,0.3093,-0.1005,-0.103,-1.0836,-1.0167,False,False
外部需求 → 日本,kr_exp,輸送用機器,3,3,6,0.5856,0.3152,-0.0709,-0.0724,-0.5452,-1.0044,False,False
外部需求 → 日本,kr_exp,輸送用機器,3,6,0,0.0729,0.6318,-0.436,0.0797,-1.7937,0.4792,False,False
外部需求 → 日本,kr_exp,輸送用機器,3,6,3,0.2659,0.2188,-0.1574,-0.1663,-1.1125,-1.2296,False,False
外部需求 → 日本,kr_exp,輸送用機器,3,6,6,0.7459,0.7413,-0.0604,-0.0563,-0.3241,-0.3301,False,False
外部需求 → 日本,kr_exp,輸送用機器,6,1,0,0.1205,0.3607,-0.088,0.0272,-1.5528,0.914,False,False
外部需求 → 日本,kr_exp,輸送用機器,6,1,3,0.8771,0.194,-0.0054,-0.0368,-0.1546,-1.2988,False,False
外部需求 → 日本,kr_exp,輸送用機器,6,1,6,0.8422,0.0881,-0.0074,-0.0521,-0.1991,-1.7056,False,False
外部需求 → 日本,kr_exp,輸送用機器,6,3,0,0.1868,0.8465,-0.1751,0.0156,-1.32,0.1936,False,False
外部需求 → 日本,kr_exp,輸送用機器,6,3,3,0.3344,0.1608,-0.0771,-0.0959,-0.9653,-1.4023,False,False
外部需求 → 日本,kr_exp,輸送用機器,6,3,6,0.8196,0.6062,-0.0213,-0.0453,-0.2281,-0.5156,False,False
外部需求 → 日本,kr_exp,輸送用機器,6,6,0,0.1496,0.7095,-0.2727,-0.05,-1.4411,-0.3726,False,False
外部需求 → 日本,kr_exp,輸送用機器,6,6,3,0.4969,0.3585,-0.0855,-0.1257,-0.6794,-0.9182,False,False
外部需求 → 日本,kr_exp,輸送用機器,6,6,6,0.9797,0.7781,-0.003,0.0423,-0.0254,0.2818,False,False
外部需求 → 日本,kr_exp,金属製品,1,1,0,0.6863,0.0046,-0.0201,0.1166,-0.4039,2.8324,False,False
外部需求 → 日本,kr_exp,金属製品,1,1,3,0.5053,0.4642,0.0349,0.0405,0.6661,0.732,False,False
外部需求 → 日本,kr_exp,金属製品,1,1,6,0.1283,0.6049,0.0789,-0.0276,1.5208,-0.5173,False,False
外部需求 → 日本,kr_exp,金属製品,1,3,0,0.9105,0.0814,-0.007,0.1451,-0.1124,1.7424,False,False
外部需求 → 日本,kr_exp,金属製品,1,3,3,0.3965,0.4573,-0.0619,-0.059,-0.8479,-0.7433,False,False
外部需求 → 日本,kr_exp,金属製品,1,3,6,0.5296,0.7549,0.0461,-0.0157,0.6286,-0.3121,False,False
外部需求 → 日本,kr_exp,金属製品,1,6,0,0.1724,0.3531,-0.0823,0.0841,-1.3647,0.9285,False,False
外部需求 → 日本,kr_exp,金属製品,1,6,3,0.7957,0.656,-0.0203,-0.039,-0.2589,-0.4455,False,False
外部需求 → 日本,kr_exp,金属製品,1,6,6,0.3563,0.9022,0.0691,-0.0077,0.9223,-0.1229,False,False
外部需求 → 日本,kr_exp,金属製品,3,1,0,0.3719,0.0256,-0.0197,0.0753,-0.893,2.2329,False,False
外部需求 → 日本,kr_exp,金属製品,3,1,3,0.5826,0.1851,-0.016,-0.0588,-0.5496,-1.3251,False,False
外部需求 → 日本,kr_exp,金属製品,3,1,6,0.6109,0.6968,0.016,0.0105,0.5088,0.3896,False,False
外部需求 → 日本,kr_exp,金属製品,3,3,0,0.6449,0.0399,0.0181,0.1047,0.4609,2.0544,False,False
外部需求 → 日本,kr_exp,金属製品,3,3,3,0.3267,0.0254,-0.0465,-0.1422,-0.9807,-2.2345,False,False
外部需求 → 日本,kr_exp,金属製品,3,3,6,0.229,0.5916,0.0706,0.0173,1.203,0.5365,False,False
外部需求 → 日本,kr_exp,金属製品,3,6,0,0.5334,0.602,-0.0327,-0.0458,-0.6228,-0.5216,False,False
外部需求 → 日本,kr_exp,金属製品,3,6,3,0.7327,0.0481,0.0248,-0.1365,0.3415,-1.9768,False,False
外部需求 → 日本,kr_exp,金属製品,3,6,6,0.8957,0.3139,0.0114,-0.0744,0.131,-1.0072,False,False
外部需求 → 日本,kr_exp,金属製品,6,1,0,0.2547,0.4109,-0.0178,0.0174,-1.1391,0.8223,False,False
外部需求 → 日本,kr_exp,金属製品,6,1,3,0.9477,0.3238,0.0012,-0.0265,0.0656,-0.9866,False,False
外部需求 → 日本,kr_exp,金属製品,6,1,6,0.5201,0.9261,0.012,0.0016,0.6432,0.0927,False,False
外部需求 → 日本,kr_exp,金属製品,6,3,0,0.5601,0.7495,-0.0173,-0.0131,-0.5827,-0.3194,False,False
外部需求 → 日本,kr_exp,金属製品,6,3,3,0.734,0.1639,0.0135,-0.0621,0.3398,-1.3922,False,False
外部需求 → 日本,kr_exp,金属製品,6,3,6,0.9367,0.3542,0.0035,-0.0392,0.0794,-0.9264,False,False
外部需求 → 日本,kr_exp,金属製品,6,6,0,0.9025,0.1538,-0.0055,-0.0957,-0.1226,-1.4261,False,False
外部需求 → 日本,kr_exp,金属製品,6,6,3,0.7935,0.0818,0.0182,-0.1092,0.2617,-1.7404,False,False
外部需求 → 日本,kr_exp,金属製品,6,6,6,0.5207,0.2276,-0.0381,-0.1091,-0.6422,-1.2066,False,False
外部需求 → 日本,kr_exp,鉄鋼,1,1,0,0.6565,0.8848,0.038,-0.009,0.4447,-0.1449,False,False
外部需求 → 日本,kr_exp,鉄鋼,1,1,3,0.2643,0.5862,0.0995,-0.0382,1.1162,-0.5444,False,False
外部需求 → 日本,kr_exp,鉄鋼,1,1,6,0.1615,0.4097,0.1169,-0.064,1.4,-0.8244,False,False
外部需求 → 日本,kr_exp,鉄鋼,1,3,0,0.546,0.6544,-0.0952,-0.0562,-0.6038,-0.4476,False,False
外部需求 → 日本,kr_exp,鉄鋼,1,3,3,0.8508,0.5855,-0.0229,0.0531,-0.1881,0.5454,False,False
外部需求 → 日本,kr_exp,鉄鋼,1,3,6,0.3359,0.0532,0.1047,-0.1969,0.9624,-1.9329,False,False
外部需求 → 日本,kr_exp,鉄鋼,1,6,0,0.5023,0.9093,-0.1179,0.0173,-0.6708,0.1139,False,False
外部需求 → 日本,kr_exp,鉄鋼,1,6,3,0.4952,0.2129,0.0808,-0.1753,0.6821,-1.2458,False,False
外部需求 → 日本,kr_exp,鉄鋼,1,6,6,0.103,0.1614,0.1571,-0.1702,1.6306,-1.4004,False,False
外部需求 → 日本,kr_exp,鉄鋼,3,1,0,0.2487,0.8643,-0.0671,-0.0088,-1.1536,-0.1709,False,False
外部需求 → 日本,kr_exp,鉄鋼,3,1,3,0.577,0.5912,-0.0321,0.027,-0.5577,0.5371,False,False
外部需求 → 日本,kr_exp,鉄鋼,3,1,6,0.1908,0.0009,0.0598,-0.1261,1.3083,-3.3216,False,False
外部需求 → 日本,kr_exp,鉄鋼,3,3,0,0.0453,0.5183,-0.2579,-0.0601,-2.0018,-0.646,False,False
外部需求 → 日本,kr_exp,鉄鋼,3,3,3,0.1698,0.8929,0.1167,0.0156,1.3727,0.1346,False,False
外部需求 → 日本,kr_exp,鉄鋼,3,3,6,0.6143,0.0001,0.0475,-0.317,0.5039,-3.9474,False,False
外部需求 → 日本,kr_exp,鉄鋼,3,6,0,0.2653,0.8685,-0.143,-0.0332,-1.114,-0.1656,False,False
外部需求 → 日本,kr_exp,鉄鋼,3,6,3,0.1398,0.0653,0.1633,-0.3058,1.4766,-1.8434,False,False
外部需求 → 日本,kr_exp,鉄鋼,3,6,6,0.6001,0.2091,-0.0477,-0.2048,-0.5243,-1.2561,False,False
外部需求 → 日本,kr_exp,鉄鋼,6,1,0,0.3162,0.9051,-0.0375,0.0042,-1.0024,0.1192,False,False
外部需求 → 日本,kr_exp,鉄鋼,6,1,3,0.6242,0.0847,0.0135,-0.0477,0.4899,-1.7239,False,False
外部需求 → 日本,kr_exp,鉄鋼,6,1,6,0.0628,0.0857,0.0482,-0.0556,1.8607,-1.7186,False,False
外部需求 → 日本,kr_exp,鉄鋼,6,3,0,0.6148,0.7924,-0.0517,-0.0251,-0.5033,-0.2632,False,False
外部需求 → 日本,kr_exp,鉄鋼,6,3,3,0.2066,0.0273,0.0787,-0.1689,1.2631,-2.2067,False,False
外部需求 → 日本,kr_exp,鉄鋼,6,3,6,0.8142,0.2636,-0.0124,-0.1048,-0.235,-1.1179,False,False
外部需求 → 日本,kr_exp,鉄鋼,6,6,0,0.7997,0.2745,0.0262,-0.1875,0.2537,-1.0928,False,False
外部需求 → 日本,kr_exp,鉄鋼,6,6,3,0.4414,0.0805,0.0645,-0.2779,0.7699,-1.7475,False,False
外部需求 → 日本,kr_exp,鉄鋼,6,6,6,0.2783,0.7415,-0.0864,0.0525,-1.0842,0.3298,False,False
外部需求 → 日本,kr_exp,鉱業,1,1,0,0.6387,0.2631,0.055,-0.1212,0.4695,-1.1191,False,False
外部需求 → 日本,kr_exp,鉱業,1,1,3,0.1382,0.8868,0.175,0.014,1.4826,0.1424,False,False
外部需求 → 日本,kr_exp,鉱業,1,1,6,0.8171,0.5969,-0.0253,0.0433,-0.2313,0.5289,False,False
外部需求 → 日本,kr_exp,鉱業,1,3,0,0.294,0.8946,-0.1318,-0.0289,-1.0493,-0.1325,False,False
外部需求 → 日本,kr_exp,鉱業,1,3,3,0.2844,0.9758,0.1413,0.004,1.0705,0.0304,False,False
外部需求 → 日本,kr_exp,鉱業,1,3,6,0.5825,0.7849,-0.0839,0.0408,-0.5497,0.273,False,False
外部需求 → 日本,kr_exp,鉱業,1,6,0,0.9793,0.688,0.0033,0.0694,0.026,0.4016,False,False
外部需求 → 日本,kr_exp,鉱業,1,6,3,0.7741,0.7408,0.059,-0.0499,0.287,-0.3308,False,False
外部需求 → 日本,kr_exp,鉱業,1,6,6,0.8791,0.5661,0.0315,0.1113,0.1522,0.5738,False,False
外部需求 → 日本,kr_exp,鉱業,3,1,0,0.4863,0.9821,-0.0456,0.0021,-0.6961,0.0225,False,False
外部需求 → 日本,kr_exp,鉱業,3,1,3,0.6111,0.6585,0.0406,0.0277,0.5086,0.4419,False,False
外部需求 → 日本,kr_exp,鉱業,3,1,6,0.3633,0.7031,-0.0553,-0.0242,-0.9091,-0.3811,False,False
外部需求 → 日本,kr_exp,鉱業,3,3,0,0.2845,0.2871,-0.0876,0.1859,-1.0703,1.0645,False,False
外部需求 → 日本,kr_exp,鉱業,3,3,3,0.3909,0.6747,0.0964,-0.0483,0.8579,-0.4198,False,False
外部需求 → 日本,kr_exp,鉱業,3,3,6,0.597,0.5578,-0.0735,-0.0791,-0.5287,-0.5862,False,False
外部需求 → 日本,kr_exp,鉱業,3,6,0,0.9788,0.0718,0.0037,0.2887,0.0265,1.8006,False,False
外部需求 → 日本,kr_exp,鉱業,3,6,3,0.9508,0.4495,0.0132,-0.1462,0.0617,-0.7562,False,False
外部需求 → 日本,kr_exp,鉱業,3,6,6,0.7319,0.3432,0.0589,0.2554,0.3426,0.9478,False,False
外部需求 → 日本,kr_exp,鉱業,6,1,0,0.8678,0.9077,-0.006,-0.006,-0.1665,-0.116,False,False
外部需求 → 日本,kr_exp,鉱業,6,1,3,0.8681,0.9596,-0.0073,0.0023,-0.166,0.0506,False,False
外部需求 → 日本,kr_exp,鉱業,6,1,6,0.9083,0.76,0.0048,0.0169,0.1152,0.3054,False,False
外部需求 → 日本,kr_exp,鉱業,6,3,0,0.9363,0.4789,0.006,0.0819,0.0799,0.708,False,False
外部需求 → 日本,kr_exp,鉱業,6,3,3,0.8306,0.5105,0.0232,-0.0753,0.214,-0.658,False,False
外部需求 → 日本,kr_exp,鉱業,6,3,6,0.7239,0.3894,0.0322,0.1363,0.3532,0.8608,False,False
外部需求 → 日本,kr_exp,鉱業,6,6,0,0.8838,0.6715,0.0221,0.0682,0.1462,0.4241,False,False
外部需求 → 日本,kr_exp,鉱業,6,6,3,0.7525,0.8532,0.0508,0.0468,0.3153,0.185,False,False
外部需求 → 日本,kr_exp,鉱業,6,6,6,0.0251,0.1218,0.2132,0.4031,2.2395,1.5472,False,False
外部需求 → 日本,kr_exp,銀行業,1,1,0,0.6727,0.3617,-0.0351,-0.0753,-0.4224,-0.9121,False,False
外部需求 → 日本,kr_exp,銀行業,1,1,3,0.3197,0.7823,0.0784,-0.0244,0.995,-0.2764,False,False
外部需求 → 日本,kr_exp,銀行業,1,1,6,0.4959,0.0379,0.0511,-0.1689,0.681,-2.0761,False,False
外部需求 → 日本,kr_exp,銀行業,1,3,0,0.527,0.9564,0.075,0.0076,0.6326,0.0547,False,False
外部需求 → 日本,kr_exp,銀行業,1,3,3,0.1726,0.0446,0.1551,0.2601,1.3638,2.0088,False,False
外部需求 → 日本,kr_exp,銀行業,1,3,6,0.2628,0.1243,0.1151,-0.1888,1.1197,-1.5371,False,False
外部需求 → 日本,kr_exp,銀行業,1,6,0,0.214,0.3319,0.2317,0.1603,1.2428,0.9702,False,False
外部需求 → 日本,kr_exp,銀行業,1,6,3,0.1225,0.7494,0.2667,0.049,1.5443,0.3194,False,False
外部需求 → 日本,kr_exp,銀行業,1,6,6,0.5246,0.6775,0.0862,-0.0634,0.6363,-0.4159,False,False
外部需求 → 日本,kr_exp,銀行業,3,1,0,0.4076,0.9706,0.0408,0.0019,0.8281,0.0368,False,False
外部需求 → 日本,kr_exp,銀行業,3,1,3,0.0327,0.0002,0.0756,0.1478,2.1362,3.6672,False,False
外部需求 → 日本,kr_exp,銀行業,3,1,6,0.0844,0.0188,0.0652,-0.1245,1.7259,-2.3499,False,False
外部需求 → 日本,kr_exp,銀行業,3,3,0,0.0023,0.3705,0.2464,0.1251,3.0527,0.8956,True,False
外部需求 → 日本,kr_exp,銀行業,3,3,3,0.0017,0.2499,0.2288,0.1633,3.1381,1.1506,True,False
外部需求 → 日本,kr_exp,銀行業,3,3,6,0.4086,0.2922,0.0742,-0.1322,0.8263,-1.0533,False,False
外部需求 → 日本,kr_exp,銀行業,3,6,0,0.0003,0.3177,0.4785,0.1992,3.5772,0.9993,True,False
外部需求 → 日本,kr_exp,銀行業,3,6,3,0.0291,0.9277,0.3026,0.0183,2.1822,0.0907,False,False
外部需求 → 日本,kr_exp,銀行業,3,6,6,0.2288,0.8493,0.1345,0.033,1.2034,0.19,False,False
外部需求 → 日本,kr_exp,銀行業,6,1,0,0.0939,0.0281,0.0482,0.066,1.6754,2.1962,False,False
外部需求 → 日本,kr_exp,銀行業,6,1,3,0.0232,0.7198,0.0669,0.0182,2.2704,0.3587,False,False
外部需求 → 日本,kr_exp,銀行業,6,1,6,0.2175,0.6552,0.0315,-0.0187,1.2333,-0.4466,False,False
外部需求 → 日本,kr_exp,銀行業,6,3,0,0.0026,0.1017,0.2174,0.1585,3.0145,1.6366,True,False
外部需求 → 日本,kr_exp,銀行業,6,3,3,0.0391,0.9744,0.1434,0.0038,2.0627,0.032,False,False
外部需求 → 日本,kr_exp,銀行業,6,3,6,0.2923,0.7428,0.0619,0.034,1.0531,0.3281,False,False
外部需求 → 日本,kr_exp,銀行業,6,6,0,0.0046,0.5312,0.3622,0.1098,2.8366,0.6261,False,False
外部需求 → 日本,kr_exp,銀行業,6,6,3,0.0445,0.93,0.2053,0.0166,2.009,0.0878,False,False
外部需求 → 日本,kr_exp,銀行業,6,6,6,0.1605,0.3747,0.1126,0.1777,1.4033,0.8877,False,False
外部需求 → 日本,kr_exp,電気・ガス業,1,1,0,0.2693,0.8199,0.1487,-0.0158,1.1046,-0.2277,False,False
外部需求 → 日本,kr_exp,電気・ガス業,1,1,3,0.6014,0.9894,0.0616,-0.0011,0.5224,-0.0133,False,False
外部需求 → 日本,kr_exp,電気・ガス業,1,1,6,0.1951,0.1823,0.154,-0.0959,1.2958,-1.3337,False,False
外部需求 → 日本,kr_exp,電気・ガス業,1,3,0,0.1152,0.9826,0.3719,-0.0028,1.5752,-0.0218,False,False
外部需求 → 日本,kr_exp,電気・ガス業,1,3,3,0.1433,0.9794,0.257,0.0026,1.4635,0.0258,False,False
外部需求 → 日本,kr_exp,電気・ガス業,1,3,6,0.807,0.2758,-0.0392,-0.1259,-0.2442,-1.0897,False,False
外部需求 → 日本,kr_exp,電気・ガス業,1,6,0,0.0473,0.7399,0.6412,0.043,1.9841,0.3319,False,False
外部需求 → 日本,kr_exp,電気・ガス業,1,6,3,0.1888,0.1891,0.2398,-0.1712,1.3142,-1.3132,False,False
外部需求 → 日本,kr_exp,電気・ガス業,1,6,6,0.8182,0.218,-0.0555,-0.1461,-0.2299,-1.2318,False,False
外部需求 → 日本,kr_exp,電気・ガス業,3,1,0,0.0252,0.9654,0.1727,-0.0023,2.2381,-0.0434,False,False
外部需求 → 日本,kr_exp,電気・ガス業,3,1,3,0.0131,0.8937,0.1478,0.0058,2.4817,0.1336,False,False
外部需求 → 日本,kr_exp,電気・ガス業,3,1,6,0.5316,0.1386,-0.0315,-0.0653,-0.6256,-1.4811,False,False
外部需求 → 日本,kr_exp,電気・ガス業,3,3,0,0.0067,0.9166,0.5153,-0.0104,2.7124,-0.1048,False,False
外部需求 → 日本,kr_exp,電気・ガス業,3,3,3,0.0261,0.1627,0.3406,-0.1475,2.2244,-1.396,False,False
外部需求 → 日本,kr_exp,電気・ガス業,3,3,6,0.2362,0.2964,-0.1817,-0.0837,-1.1845,-1.0442,False,False
外部需求 → 日本,kr_exp,電気・ガス業,3,6,0,0.0004,0.546,0.8705,-0.0964,3.5341,-0.6038,True,False
外部需求 → 日本,kr_exp,電気・ガス業,3,6,3,0.5299,0.0841,0.152,-0.2401,0.6282,-1.7272,False,False
外部需求 → 日本,kr_exp,電気・ガス業,3,6,6,0.424,0.3881,-0.1913,-0.1234,-0.7996,-0.8631,False,False
外部需求 → 日本,kr_exp,電気・ガス業,6,1,0,0.0016,0.8491,0.1498,-0.0062,3.1549,-0.1902,True,False
外部需求 → 日本,kr_exp,電気・ガス業,6,1,3,0.2353,0.3262,0.057,-0.0305,1.1867,-0.9817,False,False
外部需求 → 日本,kr_exp,電気・ガス業,6,1,6,0.4029,0.2922,-0.0391,-0.0312,-0.8365,-1.0532,False,False
外部需求 → 日本,kr_exp,電気・ガス業,6,3,0,0.0086,0.3241,0.3991,-0.076,2.6285,-0.986,False,False
外部需求 → 日本,kr_exp,電気・ガス業,6,3,3,0.536,0.0485,0.0794,-0.1249,0.6188,-1.9733,False,False
外部需求 → 日本,kr_exp,電気・ガス業,6,3,6,0.4763,0.3316,-0.0932,-0.0693,-0.7122,-0.9709,False,False
外部需求 → 日本,kr_exp,電気・ガス業,6,6,0,0.0505,0.1171,0.4823,-0.1833,1.9554,-1.5672,False,False
外部需求 → 日本,kr_exp,電気・ガス業,6,6,3,0.9311,0.0384,-0.0173,-0.197,-0.0865,-2.0709,False,False
外部需求 → 日本,kr_exp,電気・ガス業,6,6,6,0.6161,0.8724,-0.0954,0.0225,-0.5013,0.1606,False,False
外部需求 → 日本,kr_exp,電気機器,1,1,0,0.2556,0.0126,-0.0636,0.1639,-1.1369,2.4949,False,False
外部需求 → 日本,kr_exp,電気機器,1,1,3,0.4711,0.7056,-0.0368,0.0243,-0.7207,0.3778,False,False
外部需求 → 日本,kr_exp,電気機器,1,1,6,0.9579,0.8227,-0.0026,0.0131,-0.0527,0.224,False,False
外部需求 → 日本,kr_exp,電気機器,1,3,0,0.3538,0.1302,-0.0951,0.1666,-0.9272,1.5133,False,False
外部需求 → 日本,kr_exp,電気機器,1,3,3,0.4321,0.2289,-0.0621,-0.1126,-0.7855,-1.2031,False,False
外部需求 → 日本,kr_exp,電気機器,1,3,6,0.9531,0.7087,0.0041,0.0312,0.0588,0.3737,False,False
外部需求 → 日本,kr_exp,電気機器,1,6,0,0.2998,0.6927,-0.1663,0.035,-1.0369,0.3952,False,False
外部需求 → 日本,kr_exp,電気機器,1,6,3,0.5453,0.8847,-0.0512,-0.0133,-0.6048,-0.145,False,False
外部需求 → 日本,kr_exp,電気機器,1,6,6,0.6037,0.9609,-0.0448,0.0037,-0.5191,0.049,False,False
外部需求 → 日本,kr_exp,電気機器,3,1,0,0.0397,0.1415,-0.0779,0.0829,-2.0573,1.4704,False,False
外部需求 → 日本,kr_exp,電気機器,3,1,3,0.2319,0.0165,-0.0299,-0.0791,-1.1954,-2.3972,False,False
外部需求 → 日本,kr_exp,電気機器,3,1,6,0.6957,0.4012,0.0093,0.0338,0.3911,0.8394,False,False
外部需求 → 日本,kr_exp,電気機器,3,3,0,0.0397,0.383,-0.1735,0.0566,-2.0571,0.8724,False,False
外部需求 → 日本,kr_exp,電気機器,3,3,3,0.3405,0.0336,-0.0518,-0.1532,-0.9531,-2.1244,False,False
外部需求 → 日本,kr_exp,電気機器,3,3,6,0.6899,0.5483,-0.0244,0.0406,-0.399,0.6004,False,False
外部需求 → 日本,kr_exp,電気機器,3,6,0,0.0504,0.2244,-0.2443,-0.116,-1.9566,-1.2148,False,False
外部需求 → 日本,kr_exp,電気機器,3,6,3,0.3684,0.3029,-0.0732,-0.1021,-0.8995,-1.0303,False,False
外部需求 → 日本,kr_exp,電気機器,3,6,6,0.1145,0.9784,-0.1222,-0.0021,-1.5783,-0.0271,False,False
外部需求 → 日本,kr_exp,電気機器,6,1,0,0.0915,0.639,-0.0473,0.0135,-1.6877,0.469,False,False
外部需求 → 日本,kr_exp,電気機器,6,1,3,0.5874,0.3413,-0.0101,-0.0268,-0.5426,-0.9515,False,False
外部需求 → 日本,kr_exp,電気機器,6,1,6,0.6171,0.8553,-0.0091,0.0048,-0.4999,0.1824,False,False
外部需求 → 日本,kr_exp,電気機器,6,3,0,0.1307,0.4138,-0.1054,-0.0461,-1.5113,-0.8172,False,False
外部需求 → 日本,kr_exp,電気機器,6,3,3,0.4002,0.3735,-0.0365,-0.0553,-0.8413,-0.89,False,False
外部需求 → 日本,kr_exp,電気機器,6,3,6,0.2016,0.887,-0.0589,-0.0067,-1.277,-0.1421,False,False
外部需求 → 日本,kr_exp,電気機器,6,6,0,0.0847,0.2163,-0.1495,-0.1132,-1.724,-1.2363,False,False
外部需求 → 日本,kr_exp,電気機器,6,6,3,0.1633,0.5432,-0.0916,-0.0527,-1.3942,-0.608,False,False
外部需求 → 日本,kr_exp,電気機器,6,6,6,0.0353,0.1273,-0.1384,-0.118,-2.1051,-1.5249,False,False
外部需求 → 日本,kr_exp,非鉄金属,1,1,0,0.9741,0.9094,-0.0025,-0.0105,-0.0325,-0.1137,False,False
外部需求 → 日本,kr_exp,非鉄金属,1,1,3,0.5908,0.4998,0.044,-0.0627,0.5376,-0.6748,False,False
外部需求 → 日本,kr_exp,非鉄金属,1,1,6,0.7971,0.478,-0.019,-0.0584,-0.2572,-0.7095,False,False
外部需求 → 日本,kr_exp,非鉄金属,1,3,0,0.2483,0.3868,-0.1594,0.1076,-1.1546,0.8654,False,False
外部需求 → 日本,kr_exp,非鉄金属,1,3,3,0.9555,0.7817,0.0062,0.0351,0.0558,0.2771,False,False
外部需求 → 日本,kr_exp,非鉄金属,1,3,6,0.4475,0.1671,0.074,-0.1317,0.7596,-1.3817,False,False
外部需求 → 日本,kr_exp,非鉄金属,1,6,0,0.4478,0.1044,-0.1612,0.2427,-0.7591,1.6237,False,False
外部需求 → 日本,kr_exp,非鉄金属,1,6,3,0.609,0.8288,0.0708,-0.0333,0.5115,-0.2162,False,False
外部需求 → 日本,kr_exp,非鉄金属,1,6,6,0.816,0.5415,0.0292,-0.0823,0.2327,-0.6105,False,False
外部需求 → 日本,kr_exp,非鉄金属,3,1,0,0.0214,0.4147,-0.1005,0.0593,-2.3014,0.8157,False,False
外部需求 → 日本,kr_exp,非鉄金属,3,1,3,0.7137,0.9381,-0.0176,0.0051,-0.367,0.0777,False,False
外部需求 → 日本,kr_exp,非鉄金属,3,1,6,0.2136,0.0894,0.0406,-0.0697,1.2437,-1.6986,False,False
外部需求 → 日本,kr_exp,非鉄金属,3,3,0,0.0319,0.1275,-0.2668,0.2044,-2.1461,1.5242,False,False
外部需求 → 日本,kr_exp,非鉄金属,3,3,3,0.6395,0.5934,0.0384,-0.0659,0.4683,-0.534,False,False
外部需求 → 日本,kr_exp,非鉄金属,3,3,6,0.4418,0.0149,0.0762,-0.1871,0.7691,-2.4353,False,False
外部需求 → 日本,kr_exp,非鉄金属,3,6,0,0.2068,0.0612,-0.2473,0.2861,-1.2624,1.8721,False,False
外部需求 → 日本,kr_exp,非鉄金属,3,6,3,0.4677,0.1338,0.1114,-0.2433,0.7262,-1.4991,False,False
外部需求 → 日本,kr_exp,非鉄金属,3,6,6,0.3487,0.4228,-0.1242,-0.1504,-0.9372,-0.8016,False,False
外部需求 → 日本,kr_exp,非鉄金属,6,1,0,0.203,0.6946,-0.0541,0.0191,-1.2732,0.3927,False,False
外部需求 → 日本,kr_exp,非鉄金属,6,1,3,0.7601,0.4097,0.0102,-0.0302,0.3054,-0.8244,False,False
外部需求 → 日本,kr_exp,非鉄金属,6,1,6,0.601,0.4764,0.0128,-0.0211,0.5229,-0.7121,False,False
外部需求 → 日本,kr_exp,非鉄金属,6,3,0,0.3692,0.3329,-0.1031,0.0746,-0.8979,0.9682,False,False
外部需求 → 日本,kr_exp,非鉄金属,6,3,3,0.4982,0.1204,0.0525,-0.1379,0.6773,-1.553,False,False
外部需求 → 日本,kr_exp,非鉄金属,6,3,6,0.4512,0.3477,-0.0595,-0.0867,-0.7534,-0.9392,False,False
外部需求 → 日本,kr_exp,非鉄金属,6,6,0,0.713,0.9082,-0.0612,0.0158,-0.3678,0.1153,False,False
外部需求 → 日本,kr_exp,非鉄金属,6,6,3,0.9417,0.1996,-0.0093,-0.2108,-0.0731,-1.2828,False,False
外部需求 → 日本,kr_exp,非鉄金属,6,6,6,0.0445,0.6154,-0.224,-0.1008,-2.0096,-0.5024,False,False
外部需求 → 日本,kr_exp,食料品,1,1,0,0.0163,0.1453,0.1775,-0.0911,2.4017,-1.4562,False,False
外部需求 → 日本,kr_exp,食料品,1,1,3,0.9196,0.876,-0.0074,-0.0101,-0.101,-0.156,False,False
外部需求 → 日本,kr_exp,食料品,1,1,6,0.9659,0.8178,-0.0033,-0.0141,-0.0428,-0.2304,False,False
外部需求 → 日本,kr_exp,食料品,1,3,0,0.0584,0.1822,0.2897,-0.0979,1.8926,-1.3342,False,False
外部需求 → 日本,kr_exp,食料品,1,3,3,0.3636,0.7798,0.0964,-0.026,0.9086,-0.2796,False,False
外部需求 → 日本,kr_exp,食料品,1,3,6,0.2417,0.4477,-0.1341,0.0693,-1.1706,0.7592,False,False
外部需求 → 日本,kr_exp,食料品,1,6,0,0.0638,0.153,0.3958,-0.1166,1.8534,-1.429,False,False
外部需求 → 日本,kr_exp,食料品,1,6,3,0.947,0.706,-0.0093,0.0353,-0.0664,0.3772,False,False
外部需求 → 日本,kr_exp,食料品,1,6,6,0.4599,0.9142,-0.1035,-0.0088,-0.739,-0.1078,False,False
外部需求 → 日本,kr_exp,食料品,3,1,0,0.0002,0.1118,0.1459,-0.0482,3.7765,-1.5902,True,False
外部需求 → 日本,kr_exp,食料品,3,1,3,0.1839,0.9505,0.0567,-0.0026,1.3289,-0.0621,False,False
外部需求 → 日本,kr_exp,食料品,3,1,6,0.1443,0.1021,-0.0598,0.0603,-1.4598,1.6349,False,False
外部需求 → 日本,kr_exp,食料品,3,3,0,0.0076,0.3477,0.3336,-0.0582,2.6696,-0.939,False,False
外部需求 → 日本,kr_exp,食料品,3,3,3,0.6449,0.8679,0.0425,0.0122,0.4609,0.1663,False,False
外部需求 → 日本,kr_exp,食料品,3,3,6,0.3857,0.1431,-0.0836,0.1136,-0.8674,1.4643,False,False
外部需求 → 日本,kr_exp,食料品,3,6,0,0.0403,0.4871,0.3895,-0.0634,2.0502,-0.6949,False,False
外部需求 → 日本,kr_exp,食料品,3,6,3,0.7896,0.2836,-0.0395,0.1167,-0.2668,1.0724,False,False
外部需求 → 日本,kr_exp,食料品,3,6,6,0.9605,0.9777,0.0064,-0.0028,0.0496,-0.028,False,False
外部需求 → 日本,kr_exp,食料品,6,1,0,0.0031,0.2325,0.094,-0.0239,2.9616,-1.194,True,False
外部需求 → 日本,kr_exp,食料品,6,1,3,0.987,0.2212,0.0005,0.0288,0.0163,1.2234,False,False
外部需求 → 日本,kr_exp,食料品,6,1,6,0.3108,0.6643,-0.0296,0.0123,-1.0135,0.434,False,False
外部需求 → 日本,kr_exp,食料品,6,3,0,0.1254,0.5314,0.1744,-0.025,1.5326,-0.6258,False,False
外部需求 → 日本,kr_exp,食料品,6,3,3,0.8343,0.1865,-0.0159,0.0709,-0.2091,1.3211,False,False
外部需求 → 日本,kr_exp,食料品,6,3,6,0.9729,0.9467,-0.0027,0.004,-0.034,0.0668,False,False
外部需求 → 日本,kr_exp,食料品,6,6,0,0.3059,0.6922,0.1657,0.0321,1.024,0.3958,False,False
外部需求 → 日本,kr_exp,食料品,6,6,3,0.8951,0.536,-0.015,0.0637,-0.1319,0.6189,False,False
外部需求 → 日本,kr_exp,食料品,6,6,6,0.3367,0.9434,0.1055,-0.0057,0.9606,-0.071,False,False
外部需求 → 日本,us_comp,T1,1,1,0,0.0703,0.9365,-0.9415,-0.036,-1.8101,-0.0797,False,False
外部需求 → 日本,us_comp,T1,1,1,3,0.3132,0.3264,0.665,-0.4847,1.0085,-0.9814,False,False
外部需求 → 日本,us_comp,T1,1,1,6,0.2184,0.7608,0.6799,-0.1644,1.2309,-0.3044,False,False
外部需求 → 日本,us_comp,T1,1,3,0,0.6628,0.7666,-0.8266,-0.2006,-0.4361,-0.2969,False,False
外部需求 → 日本,us_comp,T1,1,3,3,0.1043,0.6412,2.4675,0.4568,1.6245,0.466,False,False
外部需求 → 日本,us_comp,T1,1,3,6,0.1441,0.2302,2.5002,-1.007,1.4606,-1.1999,False,False
外部需求 → 日本,us_comp,T1,1,6,0,0.5353,0.913,1.6436,0.1395,0.6199,0.1093,False,False
外部需求 → 日本,us_comp,T1,1,6,3,0.0193,0.6739,5.0662,-0.4995,2.34,-0.4208,False,False
外部需求 → 日本,us_comp,T1,1,6,6,0.3896,0.7861,2.7826,0.2607,0.8603,0.2714,False,False
外部需求 → 日本,us_comp,T1,3,1,0,0.8356,0.9935,-0.0593,0.002,-0.2076,0.0082,False,False
外部需求 → 日本,us_comp,T1,3,1,3,0.0791,0.3788,0.3852,0.2753,1.7562,0.8802,False,False
外部需求 → 日本,us_comp,T1,3,1,6,0.2135,0.2984,0.3047,-0.2819,1.2439,-1.0398,False,False
外部需求 → 日本,us_comp,T1,3,3,0,0.5898,0.3205,0.4161,-0.5093,0.5392,-0.9934,False,False
外部需求 → 日本,us_comp,T1,3,3,3,0.02,0.291,1.1742,0.7636,2.3266,1.0559,False,False
外部需求 → 日本,us_comp,T1,3,3,6,0.2922,0.1287,0.8713,-0.7937,1.0534,-1.5193,False,False
外部需求 → 日本,us_comp,T1,3,6,0,0.049,0.879,1.5608,0.1682,1.9683,0.1522,False,False
外部需求 → 日本,us_comp,T1,3,6,3,0.0751,0.9383,2.0687,-0.063,1.7796,-0.0774,False,False
外部需求 → 日本,us_comp,T1,3,6,6,0.5389,0.3882,0.8023,0.6779,0.6145,0.863,False,False
外部需求 → 日本,us_comp,T1,6,1,0,0.3878,0.4796,0.1232,0.1657,0.8636,0.707,False,False
外部需求 → 日本,us_comp,T1,6,1,3,0.0607,0.7998,0.2268,-0.0585,1.8754,-0.2537,False,False
外部需求 → 日本,us_comp,T1,6,1,6,0.5488,0.5872,0.0853,0.1132,0.5996,0.5429,False,False
外部需求 → 日本,us_comp,T1,6,3,0,0.0529,0.6925,0.5467,0.2437,1.9355,0.3954,False,False
外部需求 → 日本,us_comp,T1,6,3,3,0.121,0.9297,0.6462,-0.0449,1.5506,-0.0882,False,False
外部需求 → 日本,us_comp,T1,6,3,6,0.5854,0.3563,0.2366,0.4325,0.5455,0.9224,False,False
外部需求 → 日本,us_comp,T1,6,6,0,0.0217,0.9006,1.1911,0.1314,2.2956,0.1249,False,False
外部需求 → 日本,us_comp,T1,6,6,3,0.29,0.6205,0.8921,0.3757,1.0581,0.4952,False,False
外部需求 → 日本,us_comp,T1,6,6,6,0.7656,0.332,0.199,0.8226,0.2982,0.9701,False,False
外部需求 → 日本,us_comp,T10,1,1,0,0.7888,0.009,-0.1332,-1.2857,-0.2678,-2.6138,False,False
外部需求 → 日本,us_comp,T10,1,1,3,0.1962,0.6525,-0.5112,-0.2702,-1.2925,-0.4503,False,False
外部需求 → 日本,us_comp,T10,1,1,6,0.016,0.028,-0.8846,-1.0807,-2.4089,-2.197,False,False
外部需求 → 日本,us_comp,T10,1,3,0,0.5713,0.3172,-0.7413,-0.8785,-0.5662,-1.0002,False,False
外部需求 → 日本,us_comp,T10,1,3,3,0.01,0.7988,-1.759,0.2282,-2.5763,0.2549,False,False
外部需求 → 日本,us_comp,T10,1,3,6,0.0007,0.8664,-2.6904,-0.1437,-3.3841,-0.1682,True,False
外部需求 → 日本,us_comp,T10,1,6,0,0.0884,0.6554,-2.7262,-0.535,-1.7041,-0.4463,False,False
外部需求 → 日本,us_comp,T10,1,6,3,0.0003,0.9705,-4.4706,-0.0346,-3.6428,-0.037,True,False
外部需求 → 日本,us_comp,T10,1,6,6,0.0051,0.6371,-3.742,-0.6187,-2.7992,-0.4717,False,False
外部需求 → 日本,us_comp,T10,3,1,0,0.4447,0.2617,-0.1584,-0.3504,-0.7643,-1.1224,False,False
外部需求 → 日本,us_comp,T10,3,1,3,0.0667,0.968,-0.2484,0.0121,-1.8337,0.0401,False,False
外部需求 → 日本,us_comp,T10,3,1,6,0.0055,0.7443,-0.3641,-0.0883,-2.7739,-0.3261,False,False
外部需求 → 日本,us_comp,T10,3,3,0,0.2856,0.9495,-0.4705,-0.0404,-1.0677,-0.0633,False,False
外部需求 → 日本,us_comp,T10,3,3,3,0.0003,0.458,-0.9905,-0.5118,-3.5921,-0.7422,True,False
外部需求 → 日本,us_comp,T10,3,3,6,0.0374,0.5942,-0.8503,0.3063,-2.0818,0.5327,False,False
外部需求 → 日本,us_comp,T10,3,6,0,0.0034,0.5772,-1.5386,-0.4773,-2.9321,-0.5575,True,False
外部需求 → 日本,us_comp,T10,3,6,3,0.0015,0.8525,-1.8502,-0.1661,-3.1829,-0.1859,True,False
外部需求 → 日本,us_comp,T10,3,6,6,0.0063,0.9217,-1.2626,0.1214,-2.7296,0.0983,False,False
外部需求 → 日本,us_comp,T10,6,1,0,0.1109,0.2881,-0.1294,-0.2223,-1.5941,-1.0624,False,False
外部需求 → 日本,us_comp,T10,6,1,3,0.0032,0.8257,-0.1939,-0.0445,-2.9432,-0.2202,True,False
外部需求 → 日本,us_comp,T10,6,1,6,0.0425,0.4386,-0.1489,-0.1715,-2.0289,-0.7746,False,False
外部需求 → 日本,us_comp,T10,6,3,0,0.0076,0.4571,-0.4731,-0.3865,-2.6712,-0.7437,False,False
外部需求 → 日本,us_comp,T10,6,3,3,0.0099,0.8829,-0.5635,-0.0882,-2.58,-0.1474,False,False
外部需求 → 日本,us_comp,T10,6,3,6,0.0256,0.8759,-0.3997,0.1141,-2.2319,0.1561,False,False
外部需求 → 日本,us_comp,T10,6,6,0,0.0011,0.6738,-1.0647,-0.4142,-3.272,-0.4209,True,False
外部需求 → 日本,us_comp,T10,6,6,3,0.0077,0.9848,-0.9553,-0.0226,-2.6654,-0.0191,False,False
外部需求 → 日本,us_comp,T10,6,6,6,0.0092,0.6092,-0.5737,0.7829,-2.6052,0.5112,False,False
外部需求 → 日本,us_comp,T11,1,1,0,0.9976,0.0261,0.0014,-0.8808,0.003,-2.2255,False,False
外部需求 → 日本,us_comp,T11,1,1,3,0.7847,0.858,-0.1315,0.0808,-0.2731,0.1789,False,False
外部需求 → 日本,us_comp,T11,1,1,6,0.4806,0.0762,-0.2673,-0.8291,-0.7054,-1.7732,False,False
外部需求 → 日本,us_comp,T11,1,3,0,0.4163,0.1625,-0.9362,-1.0371,-0.8129,-1.3966,False,False
外部需求 → 日本,us_comp,T11,1,3,3,0.2892,0.111,-0.8065,1.6469,-1.0599,1.5936,False,False
外部需求 → 日本,us_comp,T11,1,3,6,0.0501,0.9257,-1.3049,-0.0963,-1.9594,-0.0932,False,False
外部需求 → 日本,us_comp,T11,1,6,0,0.1993,0.4992,-1.8408,0.8632,-1.2836,0.6757,False,False
外部需求 → 日本,us_comp,T11,1,6,3,0.0462,0.2725,-2.1903,1.537,-1.9933,1.0974,False,False
外部需求 → 日本,us_comp,T11,1,6,6,0.0005,0.574,-2.8416,-0.4387,-3.4899,-0.5622,True,False
外部需求 → 日本,us_comp,T11,3,1,0,0.3799,0.0987,-0.1615,-0.4438,-0.8781,-1.651,False,False
外部需求 → 日本,us_comp,T11,3,1,3,0.415,0.1487,-0.1226,0.5497,-0.8152,1.4443,False,False
外部需求 → 日本,us_comp,T11,3,1,6,0.1085,0.7119,-0.1896,-0.0967,-1.6048,-0.3693,False,False
外部需求 → 日本,us_comp,T11,3,3,0,0.331,0.6248,-0.4179,-0.2621,-0.9722,-0.489,False,False
外部需求 → 日本,us_comp,T11,3,3,3,0.1291,0.3628,-0.4477,0.8542,-1.5178,0.91,False,False
外部需求 → 日本,us_comp,T11,3,3,6,0.0162,0.6656,-0.6085,0.2257,-2.4039,0.4322,False,False
外部需求 → 日本,us_comp,T11,3,6,0,0.0862,0.6145,-0.9023,0.5392,-1.7159,0.5037,False,False
外部需求 → 日本,us_comp,T11,3,6,3,0.0131,0.3855,-1.0891,0.8874,-2.4799,0.8679,False,False
外部需求 → 日本,us_comp,T11,3,6,6,0.0002,0.6158,-1.1387,0.3077,-3.7522,0.5018,True,False
外部需求 → 日本,us_comp,T11,6,1,0,0.3302,0.9789,-0.0861,0.0055,-0.9738,0.0264,False,False
外部需求 → 日本,us_comp,T11,6,1,3,0.1747,0.4079,-0.0941,0.2012,-1.3573,0.8276,False,False
外部需求 → 日本,us_comp,T11,6,1,6,0.0405,0.39,-0.1153,-0.142,-2.0485,-0.8596,False,False
外部需求 → 日本,us_comp,T11,6,3,0,0.1569,0.673,-0.2728,0.2619,-1.4157,0.4221,False,False
外部需求 → 日本,us_comp,T11,6,3,3,0.0561,0.3136,-0.3246,0.6145,-1.9099,1.0077,False,False
外部需求 → 日本,us_comp,T11,6,3,6,0.0083,0.4268,-0.3517,0.3301,-2.6388,0.7946,False,False
外部需求 → 日本,us_comp,T11,6,6,0,0.0343,0.5093,-0.6204,0.7434,-2.1165,0.6599,False,False
外部需求 → 日本,us_comp,T11,6,6,3,0.0035,0.3517,-0.6891,0.6938,-2.916,0.9313,True,False
外部需求 → 日本,us_comp,T11,6,6,6,0.0037,0.2419,-0.6195,1.18,-2.8987,1.1702,False,False
外部需求 → 日本,us_comp,T13,1,1,0,0.4824,0.9844,0.3336,-0.01,0.7024,-0.0195,False,False
外部需求 → 日本,us_comp,T13,1,1,3,0.5382,0.2885,0.3587,0.6213,0.6155,1.0614,False,False
外部需求 → 日本,us_comp,T13,1,1,6,0.7333,0.4512,-0.1354,-0.5578,-0.3408,-0.7534,False,False
外部需求 → 日本,us_comp,T13,1,3,0,0.5088,0.9561,0.7197,-0.0649,0.6607,-0.055,False,False
外部需求 → 日本,us_comp,T13,1,3,3,0.6395,0.6711,0.5902,-0.4323,0.4683,-0.4246,False,False
外部需求 → 日本,us_comp,T13,1,3,6,0.5484,0.9342,-0.5122,-0.1165,-0.6001,-0.0826,False,False
外部需求 → 日本,us_comp,T13,1,6,0,0.6382,0.8632,1.0274,-0.2516,0.4702,-0.1723,False,False
外部需求 → 日本,us_comp,T13,1,6,3,0.873,0.8269,-0.2527,-0.3505,-0.1599,-0.2187,False,False
外部需求 → 日本,us_comp,T13,1,6,6,0.7412,0.6232,-0.3657,1.001,-0.3303,0.4913,False,False
外部需求 → 日本,us_comp,T13,3,1,0,0.7064,0.9194,0.0736,-0.0351,0.3767,-0.1012,False,False
外部需求 → 日本,us_comp,T13,3,1,3,0.7621,0.867,0.068,-0.055,0.3028,-0.1675,False,False
外部需求 → 日本,us_comp,T13,3,1,6,0.666,0.5822,-0.0621,-0.2686,-0.4316,-0.5501,False,False
外部需求 → 日本,us_comp,T13,3,3,0,0.5863,0.3755,0.3385,0.6893,0.5442,0.8862,False,False
外部需求 → 日本,us_comp,T13,3,3,3,0.9625,0.0359,-0.0202,-1.2896,-0.047,-2.0979,False,False
外部需求 → 日本,us_comp,T13,3,3,6,0.5031,0.633,-0.2057,0.5941,-0.6696,0.4775,False,False
外部需求 → 日本,us_comp,T13,3,6,0,0.8221,0.7243,0.2063,-0.3836,0.2248,-0.3528,False,False
外部需求 → 日本,us_comp,T13,3,6,3,0.5779,0.7652,-0.3132,-0.4899,-0.5564,-0.2986,False,False
外部需求 → 日本,us_comp,T13,3,6,6,0.8565,0.5328,0.0851,0.9197,0.1809,0.6237,False,False
外部需求 → 日本,us_comp,T13,6,1,0,0.6528,0.897,0.0593,-0.0333,0.4498,-0.1295,False,False
外部需求 → 日本,us_comp,T13,6,1,3,0.8881,0.5733,0.0135,-0.1775,0.1407,-0.5633,False,False
外部需求 → 日本,us_comp,T13,6,1,6,0.8589,0.9128,0.0105,0.0377,0.1777,0.1095,False,False
外部需求 → 日本,us_comp,T13,6,3,0,0.6781,0.5348,0.1413,-0.4067,0.4151,-0.6208,False,False
外部需求 → 日本,us_comp,T13,6,3,3,0.8541,0.608,-0.0373,-0.5004,-0.1839,-0.5129,False,False
外部需求 → 日本,us_comp,T13,6,3,6,0.7386,0.5611,0.0535,0.4805,0.3338,0.5812,False,False
外部需求 → 日本,us_comp,T13,6,6,0,0.9167,0.6245,0.049,-0.6735,0.1046,-0.4895,False,False
外部需求 → 日本,us_comp,T13,6,6,3,0.9554,0.9006,-0.0176,0.2076,-0.0559,0.1249,False,False
外部需求 → 日本,us_comp,T13,6,6,6,0.4632,0.9453,0.213,0.0801,0.7337,0.0687,False,False
外部需求 → 日本,us_comp,T2,1,1,0,0.2376,0.9975,-0.514,-0.0012,-1.1811,-0.0031,False,False
外部需求 → 日本,us_comp,T2,1,1,3,0.1123,0.1879,0.8395,-0.6092,1.5879,-1.3167,False,False
外部需求 → 日本,us_comp,T2,1,1,6,0.0302,0.2274,1.1275,0.5254,2.1678,1.2072,False,False
外部需求 → 日本,us_comp,T2,1,3,0,0.6671,0.3595,0.6094,0.6152,0.4302,0.9162,False,False
外部需求 → 日本,us_comp,T2,1,3,3,0.0226,0.0235,2.992,-1.6159,2.2795,-2.2657,False,False
外部需求 → 日本,us_comp,T2,1,3,6,0.2817,0.9074,1.932,0.0965,1.0764,0.1163,False,False
外部需求 → 日本,us_comp,T2,1,6,0,0.0567,0.2902,3.9272,-1.0175,1.9059,-1.0577,False,False
外部需求 → 日本,us_comp,T2,1,6,3,0.0116,0.0482,5.337,-1.5386,2.5255,-1.9753,False,False
外部需求 → 日本,us_comp,T2,1,6,6,0.4284,0.5267,2.2742,0.9187,0.7919,0.6331,False,False
外部需求 → 日本,us_comp,T2,3,1,0,0.5339,0.3981,0.1369,0.1766,0.622,0.845,False,False
外部需求 → 日本,us_comp,T2,3,1,3,0.0231,0.0157,0.4397,-0.5213,2.2711,-2.4156,False,False
外部需求 → 日本,us_comp,T2,3,1,6,0.3328,0.7911,0.2561,0.0778,0.9684,0.2649,False,False
外部需求 → 日本,us_comp,T2,3,3,0,0.1648,0.687,0.798,0.2272,1.389,0.4029,False,False
外部需求 → 日本,us_comp,T2,3,3,3,0.0037,0.038,1.3649,-0.8334,2.9029,-2.0751,True,False
外部需求 → 日本,us_comp,T2,3,3,6,0.5313,0.7766,0.5105,-0.1967,0.626,-0.2838,False,False
外部需求 → 日本,us_comp,T2,3,6,0,0.0,0.4452,2.3069,-0.5765,4.391,-0.7635,True,False
外部需求 → 日本,us_comp,T2,3,6,3,0.0735,0.2146,1.9965,-0.9792,1.7894,-1.2411,False,False
外部需求 → 日本,us_comp,T2,3,6,6,0.6306,0.4318,0.4865,0.8342,0.4808,0.7862,False,False
外部需求 → 日本,us_comp,T2,6,1,0,0.1063,0.249,0.1892,-0.1786,1.615,-1.1527,False,False
外部需求 → 日本,us_comp,T2,6,1,3,0.078,0.1082,0.2254,-0.2545,1.7624,-1.6063,False,False
外部需求 → 日本,us_comp,T2,6,1,6,0.6298,0.2364,0.0665,0.2865,0.482,1.184,False,False
外部需求 → 日本,us_comp,T2,6,3,0,0.0005,0.3264,0.7031,-0.357,3.466,-0.9815,True,False
外部需求 → 日本,us_comp,T2,6,3,3,0.15,0.2399,0.5928,-0.6002,1.4395,-1.1751,False,False
外部需求 → 日本,us_comp,T2,6,3,6,0.6968,0.3855,0.1388,0.5325,0.3896,0.8678,False,False
外部需求 → 日本,us_comp,T2,6,6,0,0.0018,0.2144,1.3793,-0.9174,3.1158,-1.2415,True,False
外部需求 → 日本,us_comp,T2,6,6,3,0.2793,0.9983,0.7825,-0.0023,1.0818,-0.0021,False,False
外部需求 → 日本,us_comp,T2,6,6,6,0.7203,0.6692,0.1573,0.4571,0.3581,0.4272,False,False
外部需求 → 日本,us_comp,T3,1,1,0,0.0643,0.0013,0.5758,-1.5294,1.8499,-3.2091,False,False
外部需求 → 日本,us_comp,T3,1,1,3,0.8068,0.7414,-0.0977,0.1447,-0.2445,0.33,False,False
外部需求 → 日本,us_comp,T3,1,1,6,0.5314,0.007,-0.2594,-1.7212,-0.6259,-2.6988,False,False
外部需求 → 日本,us_comp,T3,1,3,0,0.5141,0.9993,0.6247,0.0009,0.6524,0.0009,False,False
外部需求 → 日本,us_comp,T3,1,3,3,0.1457,0.6898,-1.3659,0.4455,-1.455,0.3991,False,False
外部需求 → 日本,us_comp,T3,1,3,6,0.5823,0.6002,-0.5616,-0.5505,-0.5501,-0.5241,False,False
外部需求 → 日本,us_comp,T3,1,6,0,0.5862,0.5944,-0.7022,0.7287,-0.5444,0.5325,False,False
外部需求 → 日本,us_comp,T3,1,6,3,0.0482,0.9488,-1.8439,-0.0937,-1.976,-0.0643,False,False
外部需求 → 日本,us_comp,T3,1,6,6,0.0439,0.7843,-2.2878,-0.4248,-2.0147,-0.2737,False,False
外部需求 → 日本,us_comp,T3,3,1,0,0.5952,0.8729,0.0885,0.047,0.5312,0.16,False,False
外部需求 → 日本,us_comp,T3,3,1,3,0.2038,0.654,-0.1929,0.146,-1.2709,0.4482,False,False
外部需求 → 日本,us_comp,T3,3,1,6,0.7043,0.6072,-0.0664,-0.1742,-0.3795,-0.514,False,False
外部需求 → 日本,us_comp,T3,3,3,0,0.9725,0.0912,0.016,1.1919,0.0345,1.6889,False,False
外部需求 → 日本,us_comp,T3,3,3,3,0.0365,0.4341,-0.6297,-0.7162,-2.0915,-0.7822,False,False
外部需求 → 日本,us_comp,T3,3,3,6,0.4085,0.9278,-0.3239,-0.0599,-0.8265,-0.0906,False,False
外部需求 → 日本,us_comp,T3,3,6,0,0.2259,0.626,-0.5628,0.7082,-1.2109,0.4874,False,False
外部需求 → 日本,us_comp,T3,3,6,3,0.0149,0.6078,-0.9009,-0.7234,-2.4357,-0.5133,False,False
外部需求 → 日本,us_comp,T3,3,6,6,0.0718,0.933,-0.8986,0.138,-1.8005,0.084,False,False
外部需求 → 日本,us_comp,T3,6,1,0,0.719,0.6687,-0.0362,0.1125,-0.3599,0.4279,False,False
外部需求 → 日本,us_comp,T3,6,1,3,0.2818,0.9769,-0.0862,-0.0076,-1.0763,-0.0289,False,False
外部需求 → 日本,us_comp,T3,6,1,6,0.2743,0.7301,-0.0938,-0.0925,-1.0932,-0.345,False,False
外部需求 → 日本,us_comp,T3,6,3,0,0.3243,0.7869,-0.2088,0.2286,-0.9856,0.2703,False,False
外部需求 → 日本,us_comp,T3,6,3,3,0.1017,0.5592,-0.3007,-0.4747,-1.6369,-0.584,False,False
外部需求 → 日本,us_comp,T3,6,3,6,0.1843,0.9771,-0.2847,0.0269,-1.3275,0.0286,False,False
外部需求 → 日本,us_comp,T3,6,6,0,0.0169,0.963,-0.4756,-0.0753,-2.3894,-0.0464,False,False
外部需求 → 日本,us_comp,T3,6,6,3,0.0225,0.8517,-0.5643,-0.3245,-2.282,-0.187,False,False
外部需求 → 日本,us_comp,T3,6,6,6,0.0557,0.8373,-0.4616,-0.4498,-1.9137,-0.2053,False,False
外部需求 → 日本,us_comp,T4,1,1,0,0.2456,0.024,0.4208,-0.6173,1.161,-2.2567,False,False
外部需求 → 日本,us_comp,T4,1,1,3,0.6722,0.8815,0.2128,0.0413,0.4231,0.1491,False,False
外部需求 → 日本,us_comp,T4,1,1,6,0.5489,0.0028,-0.1899,-0.8332,-0.5995,-2.9867,False,False
外部需求 → 日本,us_comp,T4,1,3,0,0.4576,0.0925,0.5037,-0.7956,0.7429,-1.6823,False,False
外部需求 → 日本,us_comp,T4,1,3,3,0.9538,0.8749,-0.052,0.0951,-0.0579,0.1575,False,False
外部需求 → 日本,us_comp,T4,1,3,6,0.3832,0.4093,-0.6336,-0.3963,-0.8719,-0.8251,False,False
外部需求 → 日本,us_comp,T4,1,6,0,0.6478,0.4102,0.4437,-0.5604,0.4569,-0.8236,False,False
外部需求 → 日本,us_comp,T4,1,6,3,0.4777,0.6769,-0.7465,-0.2811,-0.71,-0.4166,False,False
外部需求 → 日本,us_comp,T4,1,6,6,0.2323,0.6611,-1.363,-0.2568,-1.1943,-0.4384,False,False
外部需求 → 日本,us_comp,T4,3,1,0,0.6663,0.0609,0.061,-0.2953,0.4312,-1.8739,False,False
外部需求 → 日本,us_comp,T4,3,1,3,0.9669,0.9474,-0.0067,0.0116,-0.0415,0.066,False,False
外部需求 → 日本,us_comp,T4,3,1,6,0.4275,0.3465,-0.085,-0.1656,-0.7935,-0.9413,False,False
外部需求 → 日本,us_comp,T4,3,3,0,0.6496,0.5537,0.1506,-0.2041,0.4544,-0.5922,False,False
外部需求 → 日本,us_comp,T4,3,3,3,0.4261,0.3246,-0.2301,-0.4716,-0.7959,-0.9851,False,False
外部需求 → 日本,us_comp,T4,3,3,6,0.4271,0.5477,-0.2647,0.1894,-0.7942,0.6013,False,False
外部需求 → 日本,us_comp,T4,3,6,0,0.8602,0.2828,-0.0796,-0.637,-0.1761,-1.074,False,False
外部需求 → 日本,us_comp,T4,3,6,3,0.2602,0.6073,-0.5162,-0.2976,-1.126,-0.5139,False,False
外部需求 → 日本,us_comp,T4,3,6,6,0.1729,0.9178,-0.5792,0.0555,-1.3628,0.1032,False,False
外部需求 → 日本,us_comp,T4,6,1,0,0.7875,0.231,0.0202,-0.1535,0.2695,-1.1977,False,False
外部需求 → 日本,us_comp,T4,6,1,3,0.7559,0.5274,-0.0204,-0.0859,-0.3109,-0.6319,False,False
外部需求 → 日本,us_comp,T4,6,1,6,0.3836,0.2862,-0.0504,-0.118,-0.8713,-1.0664,False,False
外部需求 → 日本,us_comp,T4,6,3,0,0.9025,0.2337,-0.021,-0.425,-0.1225,-1.191,False,False
外部需求 → 日本,us_comp,T4,6,3,3,0.392,0.6674,-0.1391,-0.1651,-0.856,-0.4298,False,False
外部需求 → 日本,us_comp,T4,6,3,6,0.2525,0.9707,-0.1744,0.012,-1.1443,0.0368,False,False
外部需求 → 日本,us_comp,T4,6,6,0,0.5126,0.3751,-0.1667,-0.5853,-0.6548,-0.887,False,False
外部需求 → 日本,us_comp,T4,6,6,3,0.2538,0.7754,-0.3247,-0.1743,-1.1411,-0.2853,False,False
外部需求 → 日本,us_comp,T4,6,6,6,0.0528,0.8425,-0.3938,-0.1453,-1.9363,-0.1986,False,False
外部需求 → 日本,us_comp,T5,1,1,0,0.5043,0.7695,0.2121,-0.1342,0.6678,-0.2931,False,False
外部需求 → 日本,us_comp,T5,1,1,3,0.2745,0.4393,0.414,-0.2829,1.0928,-0.7734,False,False
外部需求 → 日本,us_comp,T5,1,1,6,0.2514,0.7635,0.3956,-0.1174,1.147,-0.3008,False,False
外部需求 → 日本,us_comp,T5,1,3,0,0.0676,0.6618,0.9001,0.3257,1.8279,0.4375,False,False
外部需求 → 日本,us_comp,T5,1,3,3,0.1478,0.4519,1.2673,-0.4976,1.4472,-0.7523,False,False
外部需求 → 日本,us_comp,T5,1,3,6,0.3003,0.1812,0.6858,-0.8943,1.0359,-1.3369,False,False
外部需求 → 日本,us_comp,T5,1,6,0,0.0865,0.9677,2.3241,0.0349,1.7141,0.0404,False,False
外部需求 → 日本,us_comp,T5,1,6,3,0.2071,0.1985,2.081,-1.2777,1.2615,-1.2858,False,False
外部需求 → 日本,us_comp,T5,1,6,6,0.8169,0.8523,0.227,-0.1546,0.2316,-0.1862,False,False
外部需求 → 日本,us_comp,T5,3,1,0,0.1318,0.5583,0.1473,0.1444,1.507,0.5853,False,False
外部需求 → 日本,us_comp,T5,3,1,3,0.2021,0.5034,0.181,-0.1405,1.2755,-0.6692,False,False
外部需求 → 日本,us_comp,T5,3,1,6,0.2454,0.2936,0.124,-0.267,1.1616,-1.0502,False,False
外部需求 → 日本,us_comp,T5,3,3,0,0.0245,0.7017,0.4873,0.2087,2.249,0.3831,False,False
外部需求 → 日本,us_comp,T5,3,3,3,0.1707,0.8107,0.5187,-0.1175,1.3698,-0.2395,False,False
外部需求 → 日本,us_comp,T5,3,3,6,0.6241,0.4117,0.1165,-0.4072,0.49,-0.821,False,False
外部需求 → 日本,us_comp,T5,3,6,0,0.0897,0.8589,1.0637,0.152,1.6969,0.1778,False,False
外部需求 → 日本,us_comp,T5,3,6,3,0.2906,0.5033,0.6691,-0.528,1.0568,-0.6693,False,False
外部需求 → 日本,us_comp,T5,3,6,6,0.8384,0.6652,0.0635,-0.2694,0.2039,-0.4327,False,False
外部需求 → 日本,us_comp,T5,6,1,0,0.0774,0.8401,0.1121,0.0367,1.7658,0.2018,False,False
外部需求 → 日本,us_comp,T5,6,1,3,0.1877,0.2925,0.1006,-0.2184,1.3174,-1.0526,False,False
外部需求 → 日本,us_comp,T5,6,1,6,0.6256,0.9012,0.0231,0.0204,0.4879,0.1242,False,False
外部需求 → 日本,us_comp,T5,6,3,0,0.0819,0.8307,0.314,0.1057,1.74,0.2138,False,False
外部需求 → 日本,us_comp,T5,6,3,3,0.2409,0.5375,0.2253,-0.2797,1.1727,-0.6167,False,False
外部需求 → 日本,us_comp,T5,6,3,6,0.8295,0.7323,0.0228,-0.1207,0.2153,-0.342,False,False
外部需求 → 日本,us_comp,T5,6,6,0,0.1498,0.8759,0.5666,-0.1426,1.4402,-0.1562,False,False
外部需求 → 日本,us_comp,T5,6,6,3,0.3918,0.5754,0.2591,-0.4165,0.8564,-0.5601,False,False
外部需求 → 日本,us_comp,T5,6,6,6,0.7444,0.4211,0.065,-0.5488,0.326,-0.8046,False,False
外部需求 → 日本,us_comp,T6,1,1,0,0.0291,0.9789,-0.6783,-0.0085,-2.1826,-0.0265,False,False
外部需求 → 日本,us_comp,T6,1,1,3,0.31,0.4995,0.4783,-0.1991,1.0152,-0.6753,False,False
外部需求 → 日本,us_comp,T6,1,1,6,0.0555,0.2685,0.7503,-0.3727,1.9149,-1.1065,False,False
外部需求 → 日本,us_comp,T6,1,3,0,0.6508,0.8596,-0.5272,0.098,-0.4527,0.1769,False,False
外部需求 → 日本,us_comp,T6,1,3,3,0.0938,0.7504,1.7744,-0.1945,1.6759,-0.3181,False,False
外部需求 → 日本,us_comp,T6,1,3,6,0.015,0.2198,1.954,-0.6784,2.4336,-1.2271,False,False
外部需求 → 日本,us_comp,T6,1,6,0,0.4696,0.8238,1.3308,0.188,0.7232,0.2227,False,False
外部需求 → 日本,us_comp,T6,1,6,3,0.0168,0.4283,3.887,-0.6732,2.3917,-0.7921,False,False
外部需求 → 日本,us_comp,T6,1,6,6,0.0091,0.7124,3.9408,0.2736,2.6087,0.3687,False,False
外部需求 → 日本,us_comp,T6,3,1,0,0.7297,0.9812,-0.0654,0.0045,-0.3455,0.0236,False,False
外部需求 → 日本,us_comp,T6,3,1,3,0.0937,0.9733,0.2759,-0.0071,1.6763,-0.0335,False,False
外部需求 → 日本,us_comp,T6,3,1,6,0.0383,0.2321,0.2817,-0.2572,2.0716,-1.1949,False,False
外部需求 → 日本,us_comp,T6,3,3,0,0.633,0.6462,0.2461,0.2284,0.4774,0.459,False,False
外部需求 → 日本,us_comp,T6,3,3,3,0.0134,0.8584,0.8483,-0.0752,2.4736,-0.1784,False,False
外部需求 → 日本,us_comp,T6,3,3,6,0.0232,0.3263,0.7953,-0.3487,2.2709,-0.9815,False,False
外部需求 → 日本,us_comp,T6,3,6,0,0.0717,0.7559,1.1596,0.2526,1.8008,0.3109,False,False
外部需求 → 日本,us_comp,T6,3,6,3,0.0103,0.6195,1.7121,-0.336,2.5652,-0.4966,False,False
外部需求 → 日本,us_comp,T6,3,6,6,0.0035,0.7358,1.6144,0.2057,2.9157,0.3375,True,False
外部需求 → 日本,us_comp,T6,6,1,0,0.486,0.8544,0.0784,0.0302,0.6967,0.1835,False,False
外部需求 → 日本,us_comp,T6,6,1,3,0.0112,0.4536,0.1866,-0.1325,2.5366,-0.7494,False,False
外部需求 → 日本,us_comp,T6,6,1,6,0.0243,0.8319,0.1776,0.0296,2.2521,0.2123,False,False
外部需求 → 日本,us_comp,T6,6,3,0,0.0941,0.7995,0.3733,0.1208,1.6743,0.254,False,False
外部需求 → 日本,us_comp,T6,6,3,3,0.0108,0.5663,0.5319,-0.2423,2.5495,-0.5735,False,False
外部需求 → 日本,us_comp,T6,6,3,6,0.01,0.7791,0.5203,0.0986,2.5758,0.2805,False,False
外部需求 → 日本,us_comp,T6,6,6,0,0.0101,0.9885,0.947,-0.0124,2.5713,-0.0144,False,False
外部需求 → 日本,us_comp,T6,6,6,3,0.0092,0.969,1.0861,-0.0289,2.6054,-0.0388,False,False
外部需求 → 日本,us_comp,T6,6,6,6,0.0011,0.944,0.9014,-0.0483,3.2756,-0.0703,True,False
外部需求 → 日本,us_comp,T7,1,1,0,0.638,0.5869,0.4674,-0.3952,0.4704,-0.5433,False,False
外部需求 → 日本,us_comp,T7,1,1,3,0.0827,0.6175,-1.5212,-0.4555,-1.7353,-0.4994,False,False
外部需求 → 日本,us_comp,T7,1,1,6,0.105,0.3216,-1.2591,-0.8273,-1.6212,-0.9911,False,False
外部需求 → 日本,us_comp,T7,1,3,0,0.7586,0.8006,-0.5694,-0.2961,-0.3073,-0.2526,False,False
外部需求 → 日本,us_comp,T7,1,3,3,0.0099,0.1514,-3.1772,-1.7544,-2.578,-1.4345,False,False
外部需求 → 日本,us_comp,T7,1,3,6,0.3535,0.8279,-1.5343,0.2914,-0.9279,0.2173,False,False
外部需求 → 日本,us_comp,T7,1,6,0,0.1231,0.2272,-3.7307,-2.1758,-1.5421,-1.2077,False,False
外部需求 → 日本,us_comp,T7,1,6,3,0.0428,0.2563,-4.9583,-1.4489,-2.026,-1.1353,False,False
外部需求 → 日本,us_comp,T7,1,6,6,0.2689,0.2585,-2.7363,-2.1774,-1.1056,-1.13,False,False
外部需求 → 日本,us_comp,T7,3,1,0,0.5295,0.9644,-0.1972,-0.0163,-0.6287,-0.0447,False,False
外部需求 → 日本,us_comp,T7,3,1,3,0.0655,0.1306,-0.4652,-0.7191,-1.842,-1.5116,False,False
外部需求 → 日本,us_comp,T7,3,1,6,0.3891,0.5147,-0.23,0.3078,-0.8612,0.6515,False,False
外部需求 → 日本,us_comp,T7,3,3,0,0.0923,0.126,-1.1809,-1.6928,-1.6833,-1.5299,False,False
外部需求 → 日本,us_comp,T7,3,3,3,0.0133,0.1772,-1.2589,-1.3524,-2.4767,-1.3493,False,False
外部需求 → 日本,us_comp,T7,3,3,6,0.4652,0.9312,-0.5695,0.0867,-0.7303,0.0863,False,False
外部需求 → 日本,us_comp,T7,3,6,0,0.0119,0.0093,-2.4453,-3.1322,-2.5148,-2.6012,False,False
外部需求 → 日本,us_comp,T7,3,6,3,0.1006,0.4136,-1.9359,-1.4245,-1.642,-0.8176,False,False
外部需求 → 日本,us_comp,T7,3,6,6,0.0859,0.2862,-1.5137,-2.0852,-1.7172,-1.0666,False,False
外部需求 → 日本,us_comp,T7,6,1,0,0.1233,0.196,-0.2305,-0.4138,-1.5412,-1.2931,False,False
外部需求 → 日本,us_comp,T7,6,1,3,0.0635,0.4838,-0.254,-0.2591,-1.8554,-0.7002,False,False
外部需求 → 日本,us_comp,T7,6,1,6,0.375,0.3926,-0.1334,-0.3162,-0.8871,-0.855,False,False
外部需求 → 日本,us_comp,T7,6,3,0,0.0138,0.0332,-0.8178,-1.7095,-2.4634,-2.1293,False,False
外部需求 → 日本,us_comp,T7,6,3,3,0.0947,0.5297,-0.6755,-0.6526,-1.6711,-0.6285,False,False
外部需求 → 日本,us_comp,T7,6,3,6,0.1737,0.2265,-0.5371,-1.1535,-1.3603,-1.2095,False,False
外部需求 → 日本,us_comp,T7,6,6,0,0.0217,0.0714,-1.5283,-2.532,-2.295,-1.8029,False,False
外部需求 → 日本,us_comp,T7,6,6,3,0.0521,0.2955,-1.2915,-1.9462,-1.9425,-1.0462,False,False
外部需求 → 日本,us_comp,T7,6,6,6,0.0178,0.1334,-1.623,-2.4225,-2.3704,-1.5007,False,False
外部需求 → 日本,us_comp,T8,1,1,0,0.7158,0.4868,-0.12,-0.2494,-0.364,-0.6955,False,False
外部需求 → 日本,us_comp,T8,1,1,3,0.4789,0.1215,-0.2036,0.6552,-0.7081,1.5483,False,False
外部需求 → 日本,us_comp,T8,1,1,6,0.9262,0.3241,0.0312,-0.4372,0.0927,-0.986,False,False
外部需求 → 日本,us_comp,T8,1,3,0,0.8998,0.6733,0.0653,-0.2428,0.1259,-0.4216,False,False
外部需求 → 日本,us_comp,T8,1,3,3,0.4787,0.5854,-0.4005,0.4481,-0.7084,0.5455,False,False
外部需求 → 日本,us_comp,T8,1,3,6,0.6009,0.7836,0.2297,-0.2292,0.5232,-0.2746,False,False
外部需求 → 日本,us_comp,T8,1,6,0,0.6769,0.9225,-0.3658,-0.0924,-0.4167,-0.0973,False,False
外部需求 → 日本,us_comp,T8,1,6,3,0.7832,0.9815,-0.2169,0.0255,-0.2751,0.0232,False,False
外部需求 → 日本,us_comp,T8,1,6,6,0.8568,0.1254,0.1491,-1.898,0.1805,-1.5324,False,False
外部需求 → 日本,us_comp,T8,3,1,0,0.9745,0.7657,-0.0029,-0.0589,-0.0319,-0.2981,False,False
外部需求 → 日本,us_comp,T8,3,1,3,0.5871,0.7491,-0.0567,0.0836,-0.543,0.3198,False,False
外部需求 → 日本,us_comp,T8,3,1,6,0.689,0.9429,0.0347,0.0198,0.4002,0.0716,False,False
外部需求 → 日本,us_comp,T8,3,3,0,0.7853,0.5549,-0.0668,0.2536,-0.2724,0.5904,False,False
外部需求 → 日本,us_comp,T8,3,3,3,0.9036,0.4595,-0.0233,-0.4721,-0.1211,-0.7397,False,False
外部需求 → 日本,us_comp,T8,3,3,6,0.6046,0.831,0.1057,-0.1622,0.5178,-0.2135,False,False
外部需求 → 日本,us_comp,T8,3,6,0,0.775,0.7378,-0.1018,-0.2882,-0.2858,-0.3348,False,False
外部需求 → 日本,us_comp,T8,3,6,3,0.8288,0.5358,0.0736,-0.7252,0.2163,-0.6192,False,False
外部需求 → 日本,us_comp,T8,3,6,6,0.7871,0.2192,-0.094,-1.6167,-0.27,-1.2288,False,False
外部需求 → 日本,us_comp,T8,6,1,0,0.6324,0.9524,-0.0264,0.0103,-0.4783,0.0597,False,False
外部需求 → 日本,us_comp,T8,6,1,3,0.9326,0.694,-0.0038,0.0873,-0.0846,0.3934,False,False
外部需求 → 日本,us_comp,T8,6,1,6,0.6281,0.1388,0.0223,-0.3477,0.4844,-1.4803,False,False
外部需求 → 日本,us_comp,T8,6,3,0,0.6869,0.8294,-0.0549,-0.1058,-0.403,-0.2155,False,False
外部需求 → 日本,us_comp,T8,6,3,3,0.7496,0.6637,0.0367,-0.2774,0.3191,-0.4347,False,False
外部需求 → 日本,us_comp,T8,6,3,6,0.9489,0.1855,-0.0078,-0.9281,-0.0641,-1.324,False,False
外部需求 → 日本,us_comp,T8,6,6,0,0.9015,0.6645,-0.025,-0.4807,-0.1238,-0.4337,False,False
外部需求 → 日本,us_comp,T8,6,6,3,0.9118,0.3337,0.0243,-1.2867,0.1108,-0.9667,False,False
外部需求 → 日本,us_comp,T8,6,6,6,0.5166,0.199,-0.1146,-1.5679,-0.6486,-1.2843,False,False
外部需求 → 日本,us_comp,T9,1,1,0,0.2385,0.0079,0.7021,-2.5922,1.1787,-2.6584,False,False
外部需求 → 日本,us_comp,T9,1,1,3,0.0061,0.9619,-1.5361,-0.0491,-2.7402,-0.0478,False,False
外部需求 → 日本,us_comp,T9,1,1,6,0.0004,0.0899,-1.787,-1.6118,-3.5471,-1.6957,True,True
外部需求 → 日本,us_comp,T9,1,3,0,0.7747,0.0262,-0.528,-2.839,-0.2862,-2.2226,False,False
外部需求 → 日本,us_comp,T9,1,3,3,0.0,0.7703,-5.6138,-0.4252,-5.6826,-0.2919,True,False
外部需求 → 日本,us_comp,T9,1,3,6,0.0029,0.1982,-5.0177,-1.4545,-2.9834,-1.2867,True,False
外部需求 → 日本,us_comp,T9,1,6,0,0.0074,0.1337,-6.0803,-2.9714,-2.6794,-1.4996,False,False
外部需求 → 日本,us_comp,T9,1,6,3,0.0,0.2508,-10.7192,-1.8411,-5.3868,-1.1483,True,False
外部需求 → 日本,us_comp,T9,1,6,6,0.0019,0.2967,-8.7258,-2.2638,-3.1026,-1.0436,True,False
外部需求 → 日本,us_comp,T9,3,1,0,0.832,0.0599,-0.0568,-0.9507,-0.2121,-1.8816,False,False
外部需求 → 日本,us_comp,T9,3,1,3,0.0,0.8904,-0.8135,-0.0761,-5.8076,-0.1377,True,False
外部需求 → 日本,us_comp,T9,3,1,6,0.0047,0.3222,-0.6979,-0.4386,-2.8244,-0.9899,False,False
外部需求 → 日本,us_comp,T9,3,3,0,0.0882,0.4782,-1.1243,-0.8868,-1.7049,-0.7092,False,False
外部需求 → 日本,us_comp,T9,3,3,3,0.0,0.155,-2.4944,-1.4468,-5.6054,-1.4222,True,False
外部需求 → 日本,us_comp,T9,3,3,6,0.0104,0.8492,-1.9763,-0.1802,-2.5638,-0.1902,False,False
外部需求 → 日本,us_comp,T9,3,6,0,0.0,0.1162,-3.6591,-2.2101,-7.2891,-1.571,True,False
外部需求 → 日本,us_comp,T9,3,6,3,0.0001,0.2798,-4.566,-1.5778,-4.0381,-1.0808,True,False
外部需求 → 日本,us_comp,T9,3,6,6,0.0021,0.6077,-3.0401,-1.087,-3.0711,-0.5134,True,False
外部需求 → 日本,us_comp,T9,6,1,0,0.0219,0.082,-0.2792,-0.6279,-2.292,-1.7393,False,False
外部需求 → 日本,us_comp,T9,6,1,3,0.0,0.3975,-0.4845,-0.3077,-4.6807,-0.8461,True,False
外部需求 → 日本,us_comp,T9,6,1,6,0.0076,0.2192,-0.3859,-0.4722,-2.6699,-1.2287,False,False
外部需求 → 日本,us_comp,T9,6,3,0,0.0,0.0751,-1.1876,-1.4417,-6.5127,-1.78,True,True
外部需求 → 日本,us_comp,T9,6,3,3,0.0003,0.344,-1.4114,-0.922,-3.6136,-0.9464,True,False
外部需求 → 日本,us_comp,T9,6,3,6,0.0053,0.5586,-0.9717,-0.7099,-2.7883,-0.5849,False,False
外部需求 → 日本,us_comp,T9,6,6,0,0.0,0.0865,-2.6419,-2.2944,-6.8657,-1.7144,True,True
外部需求 → 日本,us_comp,T9,6,6,3,0.0007,0.3935,-2.437,-1.607,-3.3776,-0.8533,True,False
外部需求 → 日本,us_comp,T9,6,6,6,0.0019,0.924,-1.4582,-0.2049,-3.1092,-0.0954,True,False
外部需求 → 日本,us_comp,その他製品,1,1,0,0.1886,0.3186,0.1948,0.1604,1.3147,0.9973,False,False
外部需求 → 日本,us_comp,その他製品,1,1,3,0.8604,0.3825,0.0374,0.1286,0.1759,0.8732,False,False
外部需求 → 日本,us_comp,その他製品,1,1,6,0.2925,0.4486,0.1827,-0.1226,1.0527,-0.7578,False,False
外部需求 → 日本,us_comp,その他製品,1,3,0,0.0144,0.7247,0.7014,0.1027,2.447,0.3522,False,False
外部需求 → 日本,us_comp,その他製品,1,3,3,0.2581,0.8329,0.3798,0.0451,1.1309,0.2109,False,False
外部需求 → 日本,us_comp,その他製品,1,3,6,0.2926,0.5415,0.4115,-0.147,1.0524,-0.6106,False,False
外部需求 → 日本,us_comp,その他製品,1,6,0,0.0197,0.8688,1.124,0.056,2.3312,0.1652,False,False
外部需求 → 日本,us_comp,その他製品,1,6,3,0.1998,0.6512,0.8236,-0.1617,1.2821,-0.4521,False,False
外部需求 → 日本,us_comp,その他製品,1,6,6,0.6967,0.5089,0.2213,-0.3124,0.3898,-0.6606,False,False
外部需求 → 日本,us_comp,その他製品,3,1,0,0.1007,0.6382,0.0856,0.0465,1.6417,0.4702,False,False
外部需求 → 日本,us_comp,その他製品,3,1,3,0.3934,0.6945,0.0533,0.027,0.8535,0.3928,False,False
外部需求 → 日本,us_comp,その他製品,3,1,6,0.3714,0.4362,0.0559,-0.0643,0.8939,-0.7787,False,False
外部需求 → 日本,us_comp,その他製品,3,3,0,0.0398,0.5604,0.2258,0.1191,2.0558,0.5823,False,False
外部需求 → 日本,us_comp,その他製品,3,3,3,0.0793,0.6366,0.2479,-0.0989,1.7546,-0.4724,False,False
外部需求 → 日本,us_comp,その他製品,3,3,6,0.7392,0.6153,0.054,-0.0999,0.3329,-0.5025,False,False
外部需求 → 日本,us_comp,その他製品,3,6,0,0.0155,0.8635,0.4865,-0.0461,2.4208,-0.1719,False,False
外部需求 → 日本,us_comp,その他製品,3,6,3,0.2603,0.4764,0.3188,-0.2563,1.1257,-0.7121,False,False
外部需求 → 日本,us_comp,その他製品,3,6,6,0.9672,0.3642,0.0107,-0.3115,0.0411,-0.9074,False,False
外部需求 → 日本,us_comp,その他製品,6,1,0,0.2187,0.5596,0.0361,0.0399,1.2301,0.5834,False,False
外部需求 → 日本,us_comp,その他製品,6,1,3,0.2234,0.8317,0.0397,-0.0152,1.2175,-0.2125,False,False
外部需求 → 日本,us_comp,その他製品,6,1,6,0.8332,0.3701,0.0069,-0.0812,0.2107,-0.8962,False,False
外部需求 → 日本,us_comp,その他製品,6,3,0,0.0838,0.9168,0.1329,0.0167,1.7293,0.1044,False,False
外部需求 → 日本,us_comp,その他製品,6,3,3,0.2535,0.5429,0.1054,-0.1245,1.1418,-0.6085,False,False
外部需求 → 日本,us_comp,その他製品,6,3,6,0.9908,0.386,-0.001,-0.1728,-0.0115,-0.8669,False,False
外部需求 → 日本,us_comp,その他製品,6,6,0,0.1272,0.5729,0.2475,-0.1801,1.525,-0.5638,False,False
外部需求 → 日本,us_comp,その他製品,6,6,3,0.5108,0.3011,0.1143,-0.3588,0.6576,-1.0342,False,False
外部需求 → 日本,us_comp,その他製品,6,6,6,0.9708,0.0692,0.0064,-0.5771,0.0367,-1.8171,False,False
外部需求 → 日本,us_comp,その他金融業,1,1,0,0.278,0.0007,0.6594,0.6338,1.0849,3.396,False,False
外部需求 → 日本,us_comp,その他金融業,1,1,3,0.1585,0.0646,-0.854,0.3572,-1.4103,1.8483,False,False
外部需求 → 日本,us_comp,その他金融業,1,1,6,0.7831,0.7001,-0.1637,0.0921,-0.2752,0.3852,False,False
外部需求 → 日本,us_comp,その他金融業,1,3,0,0.7224,0.4225,0.4686,0.2524,0.3553,0.8021,False,False
外部需求 → 日本,us_comp,その他金融業,1,3,3,0.3818,0.3331,-1.0179,-0.2304,-0.8746,-0.9679,False,False
外部需求 → 日本,us_comp,その他金融業,1,3,6,0.5902,0.2259,0.6421,-0.3545,0.5386,-1.2111,False,False
外部需求 → 日本,us_comp,その他金融業,1,6,0,0.5045,0.98,-1.0182,-0.0115,-0.6674,-0.0251,False,False
外部需求 → 日本,us_comp,その他金融業,1,6,3,0.5568,0.0368,-0.7964,-0.6038,-0.5876,-2.0883,False,False
外部需求 → 日本,us_comp,その他金融業,1,6,6,0.7035,0.2377,0.6061,-0.4582,0.3806,-1.1808,False,False
外部需求 → 日本,us_comp,その他金融業,3,1,0,0.7967,0.4812,-0.0636,0.0789,-0.2576,0.7044,False,False
外部需求 → 日本,us_comp,その他金融業,3,1,3,0.2579,0.497,-0.244,-0.0571,-1.1313,-0.6793,False,False
外部需求 → 日本,us_comp,その他金融業,3,1,6,0.723,0.2169,0.0803,-0.1335,0.3544,-1.2349,False,False
外部需求 → 日本,us_comp,その他金融業,3,3,0,0.5671,0.8335,-0.335,0.0552,-0.5723,0.2103,False,False
外部需求 → 日本,us_comp,その他金融業,3,3,3,0.5893,0.0829,-0.214,-0.2826,-0.5399,-1.7338,False,False
外部需求 → 日本,us_comp,その他金融業,3,3,6,0.7962,0.051,0.1287,-0.3472,0.2583,-1.9514,False,False
外部需求 → 日本,us_comp,その他金融業,3,6,0,0.1593,0.5192,-0.7378,-0.2221,-1.4075,-0.6445,False,False
外部需求 → 日本,us_comp,その他金融業,3,6,3,0.8065,0.0019,-0.1736,-0.6183,-0.2449,-3.1042,False,False
外部需求 → 日本,us_comp,その他金融業,3,6,6,0.9129,0.0491,0.0687,-0.5732,0.1093,-1.9676,False,False
外部需求 → 日本,us_comp,その他金融業,6,1,0,0.4004,0.838,-0.0952,0.0155,-0.8409,0.2045,False,False
外部需求 → 日本,us_comp,その他金融業,6,1,3,0.5492,0.0733,-0.0695,-0.1151,-0.5989,-1.791,False,False
外部需求 → 日本,us_comp,その他金融業,6,1,6,0.9393,0.2686,0.0081,-0.0982,0.0761,-1.1063,False,False
外部需求 → 日本,us_comp,その他金融業,6,3,0,0.3967,0.5394,-0.1858,-0.1153,-0.8474,-0.6137,False,False
外部需求 → 日本,us_comp,その他金融業,6,3,3,0.8387,0.0027,-0.0541,-0.3897,-0.2035,-3.0023,False,False
外部需求 → 日本,us_comp,その他金融業,6,3,6,0.8078,0.0362,-0.0658,-0.3748,-0.2433,-2.095,False,False
外部需求 → 日本,us_comp,その他金融業,6,6,0,0.3447,0.0515,-0.3272,-0.4999,-0.9449,-1.9472,False,False
外部需求 → 日本,us_comp,その他金融業,6,6,3,0.7454,0.0022,-0.1431,-0.7539,-0.3247,-3.0571,False,False
外部需求 → 日本,us_comp,その他金融業,6,6,6,0.9439,0.0821,0.0191,-0.5823,0.0703,-1.7384,False,False
外部需求 → 日本,us_comp,ガラス・土石製品,1,1,0,0.5772,0.1807,-0.1291,-0.2842,-0.5575,-1.3385,False,False
外部需求 → 日本,us_comp,ガラス・土石製品,1,1,3,0.6724,0.8371,0.1001,-0.0492,0.4229,-0.2056,False,False
外部需求 → 日本,us_comp,ガラス・土石製品,1,1,6,0.1272,0.2847,-0.3208,-0.2771,-1.5254,-1.0699,False,False
外部需求 → 日本,us_comp,ガラス・土石製品,1,3,0,0.7677,0.6641,-0.1882,-0.1512,-0.2954,-0.4342,False,False
外部需求 → 日本,us_comp,ガラス・土石製品,1,3,3,0.4656,0.4101,-0.3184,0.3027,-0.7296,0.8237,False,False
外部需求 → 日本,us_comp,ガラス・土石製品,1,3,6,0.6475,0.304,-0.2249,0.3701,-0.4572,1.028,False,False
外部需求 → 日本,us_comp,ガラス・土石製品,1,6,0,0.5023,0.6108,-0.5788,0.2629,-0.6708,0.5089,False,False
外部需求 → 日本,us_comp,ガラス・土石製品,1,6,3,0.4091,0.0782,-0.551,0.6473,-0.8254,1.761,False,False
外部需求 → 日本,us_comp,ガラス・土石製品,1,6,6,0.487,0.9491,-0.5008,0.0407,-0.6951,0.0638,False,False
外部需求 → 日本,us_comp,ガラス・土石製品,3,1,0,0.8623,0.563,-0.0193,-0.0749,-0.1735,-0.5783,False,False
外部需求 → 日本,us_comp,ガラス・土石製品,3,1,3,0.5403,0.4925,-0.0412,0.0882,-0.6124,0.6864,False,False
外部需求 → 日本,us_comp,ガラス・土石製品,3,1,6,0.8431,0.3492,-0.0154,0.1252,-0.1979,0.9361,False,False
外部需求 → 日本,us_comp,ガラス・土石製品,3,3,0,0.9369,0.6669,0.0231,0.097,0.0791,0.4304,False,False
外部需求 → 日本,us_comp,ガラス・土石製品,3,3,3,0.1059,0.5115,-0.2901,0.1534,-1.6167,0.6566,False,False
外部需求 → 日本,us_comp,ガラス・土石製品,3,3,6,0.6114,0.4996,0.0911,0.2201,0.5081,0.6751,False,False
外部需求 → 日本,us_comp,ガラス・土石製品,3,6,0,0.3471,0.4101,-0.2909,0.2865,-0.9403,0.8238,False,False
外部需求 → 日本,us_comp,ガラス・土石製品,3,6,3,0.4872,0.277,-0.2062,0.3895,-0.6947,1.087,False,False
外部需求 → 日本,us_comp,ガラス・土石製品,3,6,6,0.4508,0.5248,-0.21,0.3482,-0.7541,0.636,False,False
外部需求 → 日本,us_comp,ガラス・土石製品,6,1,0,0.8601,0.998,-0.0099,-0.0002,-0.1762,-0.0025,False,False
外部需求 → 日本,us_comp,ガラス・土石製品,6,1,3,0.7138,0.1433,-0.0142,0.1274,-0.3667,1.4636,False,False
外部需求 → 日本,us_comp,ガラス・土石製品,6,1,6,0.9059,0.947,-0.0048,-0.0072,-0.1182,-0.0665,False,False
外部需求 → 日本,us_comp,ガラス・土石製品,6,3,0,0.6612,0.4193,-0.0592,0.143,-0.4382,0.8076,False,False
外部需求 → 日本,us_comp,ガラス・土石製品,6,3,3,0.6612,0.277,-0.0486,0.2323,-0.4383,1.087,False,False
外部需求 → 日本,us_comp,ガラス・土石製品,6,3,6,0.6784,0.4732,-0.0468,0.2195,-0.4147,0.7174,False,False
外部需求 → 日本,us_comp,ガラス・土石製品,6,6,0,0.5417,0.2578,-0.1184,0.4086,-0.6103,1.1316,False,False
外部需求 → 日本,us_comp,ガラス・土石製品,6,6,3,0.5762,0.353,-0.0968,0.4403,-0.5589,0.9288,False,False
外部需求 → 日本,us_comp,ガラス・土石製品,6,6,6,0.23,0.293,-0.2361,0.5548,-1.2005,1.0515,False,False
外部需求 → 日本,us_comp,ゴム製品,1,1,0,0.6101,0.8263,0.3437,0.0832,0.51,0.2194,False,False
外部需求 → 日本,us_comp,ゴム製品,1,1,3,0.0689,0.7572,0.8432,0.1409,1.8189,0.3091,False,False
外部需求 → 日本,us_comp,ゴム製品,1,1,6,0.1409,0.8163,0.5524,0.1086,1.4725,0.2323,False,False
外部需求 → 日本,us_comp,ゴム製品,1,3,0,0.4839,0.0847,0.7301,-0.8433,0.7,-1.724,False,False
外部需求 → 日本,us_comp,ゴム製品,1,3,3,0.009,0.1516,2.118,0.9414,2.6109,1.434,False,False
外部需求 → 日本,us_comp,ゴム製品,1,3,6,0.1289,0.8114,1.4659,-0.1587,1.5186,-0.2386,False,False
外部需求 → 日本,us_comp,ゴム製品,1,6,0,0.0003,0.9894,3.0306,-0.0108,3.5984,-0.0132,True,False
外部需求 → 日本,us_comp,ゴム製品,1,6,3,0.0018,0.331,3.5877,0.7564,3.1262,0.9721,True,False
外部需求 → 日本,us_comp,ゴム製品,1,6,6,0.1036,0.7794,1.9063,-0.2905,1.6275,-0.2801,False,False
外部需求 → 日本,us_comp,ゴム製品,3,1,0,0.4661,0.1088,0.162,-0.2907,0.7288,-1.6038,False,False
外部需求 → 日本,us_comp,ゴム製品,3,1,3,0.0479,0.0513,0.2922,0.3989,1.9781,1.9492,False,False
外部需求 → 日本,us_comp,ゴム製品,3,1,6,0.1468,0.9371,0.2187,-0.0169,1.4509,-0.0789,False,False
外部需求 → 日本,us_comp,ゴム製品,3,3,0,0.0295,0.242,0.5927,-0.51,2.1767,-1.1701,False,False
外部需求 → 日本,us_comp,ゴム製品,3,3,3,0.0289,0.0499,0.7709,0.834,2.1852,1.9605,False,False
外部需求 → 日本,us_comp,ゴム製品,3,3,6,0.1667,0.9802,0.5482,-0.0151,1.383,-0.0248,False,False
外部需求 → 日本,us_comp,ゴム製品,3,6,0,0.0013,0.6616,1.4091,0.3171,3.2179,0.4377,True,False
外部需求 → 日本,us_comp,ゴム製品,3,6,3,0.0099,0.2758,1.3358,0.6808,2.5792,1.0898,False,False
外部需求 → 日本,us_comp,ゴム製品,3,6,6,0.3247,0.7916,0.4629,-0.2664,0.9849,-0.2642,False,False
外部需求 → 日本,us_comp,ゴム製品,6,1,0,0.053,0.7028,0.1483,0.0551,1.935,0.3815,False,False
外部需求 → 日本,us_comp,ゴム製品,6,1,3,0.0357,0.2734,0.1625,0.1898,2.1001,1.0952,False,False
外部需求 → 日本,us_comp,ゴム製品,6,1,6,0.1798,0.6466,0.101,-0.0975,1.3415,-0.4585,False,False
外部需求 → 日本,us_comp,ゴム製品,6,3,0,0.0094,0.5985,0.4218,0.22,2.5955,0.5265,False,False
外部需求 → 日本,us_comp,ゴム製品,6,3,3,0.0275,0.2556,0.4375,0.4282,2.2041,1.1369,False,False
外部需求 → 日本,us_comp,ゴム製品,6,3,6,0.3544,0.6014,0.1773,-0.322,0.9261,-0.5224,False,False
外部需求 → 日本,us_comp,ゴム製品,6,6,0,0.0012,0.376,0.8792,0.5656,3.247,0.8854,True,False
外部需求 → 日本,us_comp,ゴム製品,6,6,3,0.0044,0.8768,0.6083,0.1261,2.8465,0.155,False,False
外部需求 → 日本,us_comp,ゴム製品,6,6,6,0.6405,0.7431,0.12,-0.2821,0.467,-0.3278,False,False
外部需求 → 日本,us_comp,サービス業,1,1,0,0.863,0.2126,-0.0475,0.3572,-0.1726,1.2465,False,False
外部需求 → 日本,us_comp,サービス業,1,1,3,0.9036,0.0179,-0.027,0.6714,-0.1211,2.3667,False,False
外部需求 → 日本,us_comp,サービス業,1,1,6,0.7086,0.1831,-0.0765,0.361,-0.3737,1.3312,False,False
外部需求 → 日本,us_comp,サービス業,1,3,0,0.7493,0.6577,0.2496,0.1942,0.3196,0.4431,False,False
外部需求 → 日本,us_comp,サービス業,1,3,3,0.8439,0.8101,-0.1074,0.1237,-0.1969,0.2403,False,False
外部需求 → 日本,us_comp,サービス業,1,3,6,0.6347,0.3718,-0.1599,0.4819,-0.4751,0.8931,False,False
外部需求 → 日本,us_comp,サービス業,1,6,0,0.9052,0.7333,0.1329,0.2461,0.1191,0.3408,False,False
外部需求 → 日本,us_comp,サービス業,1,6,3,0.6724,0.512,-0.2697,0.4873,-0.4228,0.6558,False,False
外部需求 → 日本,us_comp,サービス業,1,6,6,0.8261,0.9999,0.0946,0.0,0.2196,0.0001,False,False
外部需求 → 日本,us_comp,サービス業,3,1,0,0.8103,0.4617,0.0284,0.1073,0.24,0.736,False,False
外部需求 → 日本,us_comp,サービス業,3,1,3,0.8244,0.8171,-0.0206,-0.0394,-0.2219,-0.2312,False,False
外部需求 → 日本,us_comp,サービス業,3,1,6,0.5008,0.2641,-0.0413,0.1955,-0.6732,1.1167,False,False
外部需求 → 日本,us_comp,サービス業,3,3,0,0.8692,0.4529,0.0536,0.2877,0.1646,0.7505,False,False
外部需求 → 日本,us_comp,サービス業,3,3,3,0.7871,0.8687,-0.0536,-0.0646,-0.2701,-0.1653,False,False
外部需求 → 日本,us_comp,サービス業,3,3,6,0.5374,0.2881,-0.0708,0.3057,-0.6168,1.0622,False,False
外部需求 → 日本,us_comp,サービス業,3,6,0,0.9942,0.7726,-0.0032,0.1849,-0.0073,0.289,False,False
外部需求 → 日本,us_comp,サービス業,3,6,3,0.5591,0.7623,-0.1248,0.1839,-0.5842,0.3024,False,False
外部需求 → 日本,us_comp,サービス業,3,6,6,0.6478,0.7585,0.1057,-0.1719,0.4569,-0.3074,False,False
外部需求 → 日本,us_comp,サービス業,6,1,0,0.982,0.7655,0.0016,0.0449,0.0226,0.2983,False,False
外部需求 → 日本,us_comp,サービス業,6,1,3,0.5608,0.4307,-0.0251,0.1078,-0.5817,0.788,False,False
外部需求 → 日本,us_comp,サービス業,6,1,6,0.7498,0.9524,-0.0107,0.0075,-0.3189,0.0597,False,False
外部需求 → 日本,us_comp,サービス業,6,3,0,0.9656,0.7586,-0.0073,0.1117,-0.0431,0.3073,False,False
外部需求 → 日本,us_comp,サービス業,6,3,3,0.4664,0.6917,-0.0696,0.1374,-0.7284,0.3965,False,False
外部需求 → 日本,us_comp,サービス業,6,3,6,0.837,0.7016,0.0191,-0.1234,0.2057,-0.3832,False,False
外部需求 → 日本,us_comp,サービス業,6,6,0,0.7438,0.7679,-0.0769,0.1968,-0.3268,0.2951,False,False
外部需求 → 日本,us_comp,サービス業,6,6,3,0.7118,0.9887,-0.05,-0.0092,-0.3694,-0.0141,False,False
外部需求 → 日本,us_comp,サービス業,6,6,6,0.5744,0.7347,0.1031,-0.2338,0.5616,-0.3389,False,False
外部需求 → 日本,us_comp,パルプ・紙,1,1,0,0.5349,0.2549,-0.5036,0.3955,-0.6205,1.1385,False,False
外部需求 → 日本,us_comp,パルプ・紙,1,1,3,0.5094,0.468,0.3533,-0.2567,0.6597,-0.7257,False,False
外部需求 → 日本,us_comp,パルプ・紙,1,1,6,0.0171,0.472,0.9746,0.3545,2.3847,0.7192,False,False
外部需求 → 日本,us_comp,パルプ・紙,1,3,0,0.9062,0.4674,-0.1771,0.4702,-0.1179,0.7267,False,False
外部需求 → 日本,us_comp,パルプ・紙,1,3,3,0.0131,0.794,2.2526,-0.1198,2.4805,-0.2611,False,False
外部需求 → 日本,us_comp,パルプ・紙,1,3,6,0.0293,0.5029,2.4566,-0.542,2.1794,-0.67,False,False
外部需求 → 日本,us_comp,パルプ・紙,1,6,0,0.2793,0.565,1.7361,0.4161,1.0818,0.5755,False,False
外部需求 → 日本,us_comp,パルプ・紙,1,6,3,0.0132,0.5104,4.5157,-0.5732,2.4792,-0.6582,False,False
外部需求 → 日本,us_comp,パルプ・紙,1,6,6,0.1108,0.7949,3.1295,-0.2025,1.5944,-0.2599,False,False
外部需求 → 日本,us_comp,パルプ・紙,3,1,0,0.9825,0.3663,0.0054,0.1843,0.0219,0.9034,False,False
外部需求 → 日本,us_comp,パルプ・紙,3,1,3,0.0262,0.9249,0.3187,0.0163,2.2225,0.0943,False,False
外部需求 → 日本,us_comp,パルプ・紙,3,1,6,0.0405,0.3338,0.3514,-0.2974,2.0485,-0.9665,False,False
外部需求 → 日本,us_comp,パルプ・紙,3,3,0,0.465,0.4649,0.3533,0.3608,0.7307,0.7307,False,False
外部需求 → 日本,us_comp,パルプ・紙,3,3,3,0.0045,0.7504,1.1839,-0.1074,2.8434,-0.3181,False,False
外部需求 → 日本,us_comp,パルプ・紙,3,3,6,0.1507,0.1386,0.6932,-0.6975,1.4371,-1.4809,False,False
外部需求 → 日本,us_comp,パルプ・紙,3,6,0,0.0061,0.4989,1.3977,0.342,2.7447,0.6762,False,False
外部需求 → 日本,us_comp,パルプ・紙,3,6,3,0.03,0.254,1.8151,-0.7494,2.1701,-1.1406,False,False
外部需求 → 日本,us_comp,パルプ・紙,3,6,6,0.137,0.4749,0.9303,-0.3726,1.4871,-0.7145,False,False
外部需求 → 日本,us_comp,パルプ・紙,6,1,0,0.2646,0.2727,0.1097,0.1337,1.1155,1.0968,False,False
外部需求 → 日本,us_comp,パルプ・紙,6,1,3,0.0282,0.3115,0.2049,-0.1668,2.1938,-1.0121,False,False
外部需求 → 日本,us_comp,パルプ・紙,6,1,6,0.1378,0.7337,0.1432,-0.0631,1.484,-0.3402,False,False
外部需求 → 日本,us_comp,パルプ・紙,6,3,0,0.007,0.6496,0.49,0.1321,2.6967,0.4544,False,False
外部需求 → 日本,us_comp,パルプ・紙,6,3,3,0.0479,0.1916,0.5788,-0.4833,1.9779,-1.3058,False,False
外部需求 → 日本,us_comp,パルプ・紙,6,3,6,0.1623,0.4343,0.3219,-0.2528,1.3975,-0.7818,False,False
外部需求 → 日本,us_comp,パルプ・紙,6,6,0,0.0113,0.6048,1.0045,-0.2702,2.5322,-0.5175,False,False
外部需求 → 日本,us_comp,パルプ・紙,6,6,3,0.0685,0.2186,0.8789,-0.6823,1.8215,-1.2303,False,False
外部需求 → 日本,us_comp,パルプ・紙,6,6,6,0.0815,0.6793,0.5058,0.2321,1.742,0.4134,False,False
外部需求 → 日本,us_comp,不動産業,1,1,0,0.7641,0.6781,0.1902,0.1163,0.3001,0.415,False,False
外部需求 → 日本,us_comp,不動産業,1,1,3,0.3412,0.2402,-0.5227,0.3031,-0.9517,1.1744,False,False
外部需求 → 日本,us_comp,不動産業,1,1,6,0.0886,0.3929,-0.8528,0.211,-1.7028,0.8544,False,False
外部需求 → 日本,us_comp,不動産業,1,3,0,0.4357,0.424,-1.173,-0.385,-0.7795,-0.7995,False,False
外部需求 → 日本,us_comp,不動産業,1,3,3,0.2788,0.3941,-1.3011,-0.2803,-1.0829,-0.8522,False,False
外部需求 → 日本,us_comp,不動産業,1,3,6,0.2286,0.7398,-1.3701,-0.1216,-1.204,-0.3321,False,False
外部需求 → 日本,us_comp,不動産業,1,6,0,0.134,0.3295,-2.4731,-0.6245,-1.4986,-0.9751,False,False
外部需求 → 日本,us_comp,不動産業,1,6,3,0.0785,0.3646,-2.8542,-0.3973,-1.7593,-0.9066,False,False
外部需求 → 日本,us_comp,不動産業,1,6,6,0.3037,0.7833,-1.8291,-0.1328,-1.0286,-0.275,False,False
外部需求 → 日本,us_comp,不動産業,3,1,0,0.5227,0.3946,-0.1823,-0.1573,-0.6392,-0.8514,False,False
外部需求 → 日本,us_comp,不動産業,3,1,3,0.3784,0.3721,-0.1894,-0.1117,-0.8809,-0.8925,False,False
外部需求 → 日本,us_comp,不動産業,3,1,6,0.2938,0.7305,-0.2152,-0.0449,-1.0497,-0.3444,False,False
外部需求 → 日本,us_comp,不動産業,3,3,0,0.2092,0.3443,-0.7032,-0.3725,-1.2557,-0.9457,False,False
外部需求 → 日本,us_comp,不動産業,3,3,3,0.1256,0.15,-0.5804,-0.2399,-1.5317,-1.4397,False,False
外部需求 → 日本,us_comp,不動産業,3,3,6,0.2698,0.6742,-0.5206,-0.1139,-1.1035,-0.4204,False,False
外部需求 → 日本,us_comp,不動産業,3,6,0,0.0454,0.1715,-1.3654,-0.5495,-2.001,-1.3674,False,False
外部需求 → 日本,us_comp,不動産業,3,6,3,0.1137,0.3467,-1.2113,-0.2879,-1.5818,-0.941,False,False
外部需求 → 日本,us_comp,不動産業,3,6,6,0.4669,0.95,-0.5662,-0.0213,-0.7276,-0.0627,False,False
外部需求 → 日本,us_comp,不動産業,6,1,0,0.2998,0.2592,-0.1264,-0.1296,-1.0368,-1.1283,False,False
外部需求 → 日本,us_comp,不動産業,6,1,3,0.1545,0.3567,-0.135,-0.0819,-1.4237,-0.9216,False,False
外部需求 → 日本,us_comp,不動産業,6,1,6,0.3186,0.9604,-0.0947,-0.0046,-0.9973,-0.0497,False,False
外部需求 → 日本,us_comp,不動産業,6,3,0,0.0587,0.1587,-0.4158,-0.3254,-1.8907,-1.4094,False,False
外部需求 → 日本,us_comp,不動産業,6,3,3,0.1225,0.2433,-0.3625,-0.2326,-1.5446,-1.1668,False,False
外部需求 → 日本,us_comp,不動産業,6,3,6,0.442,0.8661,-0.2055,-0.0384,-0.7688,-0.1686,False,False
外部需求 → 日本,us_comp,不動産業,6,6,0,0.047,0.1119,-0.8388,-0.4907,-1.9867,-1.5899,False,False
外部需求 → 日本,us_comp,不動産業,6,6,3,0.2346,0.5118,-0.6084,-0.2113,-1.1885,-0.656,False,False
外部需求 → 日本,us_comp,不動産業,6,6,6,0.5541,0.8253,-0.296,-0.0962,-0.5916,-0.2208,False,False
外部需求 → 日本,us_comp,保険業,1,1,0,0.1915,0.1653,0.7347,0.4663,1.3062,1.3873,False,False
外部需求 → 日本,us_comp,保険業,1,1,3,0.2907,0.5809,0.5787,0.2324,1.0566,0.552,False,False
外部需求 → 日本,us_comp,保険業,1,1,6,0.8302,0.4713,0.0899,0.2727,0.2144,0.7204,False,False
外部需求 → 日本,us_comp,保険業,1,3,0,0.1007,0.5128,1.1502,0.4023,1.6416,0.6545,False,False
外部需求 → 日本,us_comp,保険業,1,3,3,0.0,0.308,2.2955,-0.4769,4.1428,-1.0195,True,False
外部需求 → 日本,us_comp,保険業,1,3,6,0.4947,0.1886,0.4972,-0.8815,0.6828,-1.3148,False,False
外部需求 → 日本,us_comp,保険業,1,6,0,0.0004,0.8995,3.6122,-0.0761,3.545,-0.1263,True,False
外部需求 → 日本,us_comp,保険業,1,6,3,0.0016,0.1137,2.9497,-1.3056,3.1536,-1.5817,True,False
外部需求 → 日本,us_comp,保険業,1,6,6,0.0516,0.7638,1.9729,-0.2252,1.9468,-0.3005,False,False
外部需求 → 日本,us_comp,保険業,3,1,0,0.284,0.7215,0.1387,0.0791,1.0713,0.3565,False,False
外部需求 → 日本,us_comp,保険業,3,1,3,0.0186,0.5808,0.352,-0.0987,2.3526,-0.5523,False,False
外部需求 → 日本,us_comp,保険業,3,1,6,0.4131,0.1204,0.1038,-0.3535,0.8185,-1.5532,False,False
外部需求 → 日本,us_comp,保険業,3,3,0,0.0411,0.5632,0.5672,0.2627,2.0426,0.5781,False,False
外部需求 → 日本,us_comp,保険業,3,3,3,0.0002,0.075,0.7314,-0.6266,3.7656,-1.7806,True,False
外部需求 → 日本,us_comp,保険業,3,3,6,0.1244,0.3241,0.3475,-0.4912,1.5365,-0.986,False,False
外部需求 → 日本,us_comp,保険業,3,6,0,0.0,0.5018,1.3698,-0.3462,4.0659,-0.6716,True,False
外部需求 → 日本,us_comp,保険業,3,6,3,0.0006,0.172,1.1418,-1.0916,3.4523,-1.3656,True,False
外部需求 → 日本,us_comp,保険業,3,6,6,0.0452,0.8823,0.813,-0.1015,2.0029,-0.1481,False,False
外部需求 → 日本,us_comp,保険業,6,1,0,0.0199,0.7944,0.1556,-0.0334,2.3274,-0.2606,False,False
外部需求 → 日本,us_comp,保険業,6,1,3,0.0045,0.0874,0.1473,-0.2517,2.8443,-1.7094,False,False
外部需求 → 日本,us_comp,保険業,6,1,6,0.0632,0.8741,0.108,-0.0234,1.8579,-0.1585,False,False
外部需求 → 日本,us_comp,保険業,6,3,0,0.0003,0.5157,0.4174,-0.2121,3.6582,-0.65,True,False
外部需求 → 日本,us_comp,保険業,6,3,3,0.0003,0.1171,0.3683,-0.623,3.6356,-1.5672,True,False
外部需求 → 日本,us_comp,保険業,6,3,6,0.0457,0.9407,0.2579,-0.0303,1.9981,-0.0743,False,False
外部需求 → 日本,us_comp,保険業,6,6,0,0.0,0.1901,0.8311,-0.8116,5.3039,-1.3104,True,False
外部需求 → 日本,us_comp,保険業,6,6,3,0.0001,0.4248,0.6544,-0.6466,3.8523,-0.7982,True,False
外部需求 → 日本,us_comp,保険業,6,6,6,0.0758,0.422,0.4485,-0.5113,1.7756,-0.8029,False,False
外部需求 → 日本,us_comp,化学,1,1,0,0.0154,0.2544,-0.2514,-0.1446,-2.4225,-1.1398,False,False
外部需求 → 日本,us_comp,化学,1,1,3,0.8116,0.9895,0.0308,-0.0018,0.2384,-0.0132,False,False
外部需求 → 日本,us_comp,化学,1,1,6,0.8609,0.2571,-0.0263,-0.1661,-0.1753,-1.1334,False,False
外部需求 → 日本,us_comp,化学,1,3,0,0.2031,0.9616,-0.2403,0.0102,-1.2728,0.0482,False,False
外部需求 → 日本,us_comp,化学,1,3,3,0.3687,0.5666,-0.1846,0.1272,-0.899,0.5731,False,False
外部需求 → 日本,us_comp,化学,1,3,6,0.3194,0.5231,-0.2395,0.1366,-0.9956,0.6385,False,False
外部需求 → 日本,us_comp,化学,1,6,0,0.147,0.5013,-0.4325,0.2114,-1.45,0.6724,False,False
外部需求 → 日本,us_comp,化学,1,6,3,0.1681,0.3211,-0.4327,0.2864,-1.3784,0.9921,False,False
外部需求 → 日本,us_comp,化学,1,6,6,0.0386,0.7796,-0.7174,0.0817,-2.0684,0.2799,False,False
外部需求 → 日本,us_comp,化学,3,1,0,0.3621,0.8593,-0.0316,-0.0145,-0.9114,-0.1773,False,False
外部需求 → 日本,us_comp,化学,3,1,3,0.5857,0.5444,-0.0209,0.0389,-0.545,0.6061,False,False
外部需求 → 日本,us_comp,化学,3,1,6,0.4305,0.8696,-0.0345,0.0136,-0.7883,0.1642,False,False
外部需求 → 日本,us_comp,化学,3,3,0,0.9199,0.2052,-0.0087,0.1895,-0.1005,1.2668,False,False
外部需求 → 日本,us_comp,化学,3,3,3,0.1245,0.9159,-0.1255,0.0202,-1.5361,0.1057,False,False
外部需求 → 日本,us_comp,化学,3,3,6,0.2731,0.4951,-0.0992,0.1224,-1.0959,0.6822,False,False
外部需求 → 日本,us_comp,化学,3,6,0,0.2974,0.4035,-0.1336,0.2229,-1.042,0.8354,False,False
外部需求 → 日本,us_comp,化学,3,6,3,0.0987,0.567,-0.2243,0.1394,-1.6511,0.5725,False,False
外部需求 → 日本,us_comp,化学,3,6,6,0.0297,0.6866,-0.3066,0.1017,-2.1742,0.4035,False,False
外部需求 → 日本,us_comp,化学,6,1,0,0.3364,0.9217,-0.0173,0.0049,-0.9613,0.0983,False,False
外部需求 → 日本,us_comp,化学,6,1,3,0.3207,0.5301,-0.0202,0.0311,-0.9931,0.6279,False,False
外部需求 → 日本,us_comp,化学,6,1,6,0.0969,0.9691,-0.0315,-0.0022,-1.6599,-0.0387,False,False
外部需求 → 日本,us_comp,化学,6,3,0,0.3887,0.4902,-0.0388,0.0991,-0.862,0.69,False,False
外部需求 → 日本,us_comp,化学,6,3,3,0.1066,0.5045,-0.0757,0.0938,-1.6136,0.6674,False,False
外部需求 → 日本,us_comp,化学,6,3,6,0.0549,0.5706,-0.0875,0.0847,-1.9194,0.5672,False,False
外部需求 → 日本,us_comp,化学,6,6,0,0.1369,0.4693,-0.1141,0.201,-1.4874,0.7235,False,False
外部需求 → 日本,us_comp,化学,6,6,3,0.0306,0.5061,-0.1629,0.1601,-2.1621,0.665,False,False
外部需求 → 日本,us_comp,化学,6,6,6,0.0448,0.481,-0.1712,0.1832,-2.0066,0.7047,False,False
外部需求 → 日本,us_comp,医薬品,1,1,0,0.2789,0.4322,-0.4103,0.2219,-1.0828,0.7855,False,False
外部需求 → 日本,us_comp,医薬品,1,1,3,0.3207,0.9293,0.3416,0.0333,0.993,0.0888,False,False
外部需求 → 日本,us_comp,医薬品,1,1,6,0.727,0.2124,0.1139,-0.4359,0.3491,-1.2471,False,False
外部需求 → 日本,us_comp,医薬品,1,3,0,0.8426,0.5781,0.2073,0.2763,0.1985,0.5562,False,False
外部需求 → 日本,us_comp,医薬品,1,3,3,0.2995,0.722,0.679,0.2412,1.0375,0.3558,False,False
外部需求 → 日本,us_comp,医薬品,1,3,6,0.3668,0.0873,0.8579,-0.6954,0.9024,-1.7097,False,False
外部需求 → 日本,us_comp,医薬品,1,6,0,0.3663,0.5109,0.8789,0.5687,0.9033,0.6575,False,False
外部需求 → 日本,us_comp,医薬品,1,6,3,0.1443,0.6639,1.5749,-0.3584,1.46,-0.4346,False,False
外部需求 → 日本,us_comp,医薬品,1,6,6,0.3251,0.4814,1.6034,-0.4242,0.9841,-0.7041,False,False
外部需求 → 日本,us_comp,医薬品,3,1,0,0.8558,0.5064,0.0338,0.1137,0.1817,0.6644,False,False
外部需求 → 日本,us_comp,医薬品,3,1,3,0.3841,0.6558,0.0993,0.1021,0.8703,0.4457,False,False
外部需求 → 日本,us_comp,医薬品,3,1,6,0.4556,0.2069,0.1171,-0.1909,0.7462,-1.2622,False,False
外部需求 → 日本,us_comp,医薬品,3,3,0,0.4075,0.6862,0.2811,0.1497,0.8284,0.404,False,False
外部需求 → 日本,us_comp,医薬品,3,3,3,0.299,0.659,0.2843,-0.2057,1.0386,-0.4414,False,False
外部需求 → 日本,us_comp,医薬品,3,3,6,0.3865,0.7477,0.3793,0.1275,0.866,0.3217,False,False
外部需求 → 日本,us_comp,医薬品,3,6,0,0.0152,0.9827,0.5714,0.0157,2.4267,0.0217,False,False
外部需求 → 日本,us_comp,医薬品,3,6,3,0.2659,0.9699,0.6835,0.0261,1.1125,0.0377,False,False
外部需求 → 日本,us_comp,医薬品,3,6,6,0.2508,0.7238,0.6997,0.1629,1.1484,0.3534,False,False
外部需求 → 日本,us_comp,医薬品,6,1,0,0.5767,0.3023,0.0387,0.1474,0.5581,1.0314,False,False
外部需求 → 日本,us_comp,医薬品,6,1,3,0.3144,0.6433,0.0701,-0.0775,1.0059,-0.463,False,False
外部需求 → 日本,us_comp,医薬品,6,1,6,0.475,0.71,0.062,-0.0455,0.7144,-0.3718,False,False
外部需求 → 日本,us_comp,医薬品,6,3,0,0.114,0.9603,0.1718,0.0194,1.5806,0.0498,False,False
外部需求 → 日本,us_comp,医薬品,6,3,3,0.3545,0.9394,0.2045,-0.0314,0.9259,-0.0761,False,False
外部需求 → 日本,us_comp,医薬品,6,3,6,0.3073,0.8927,0.217,0.0399,1.0209,0.1348,False,False
外部需求 → 日本,us_comp,医薬品,6,6,0,0.1059,0.9064,0.3849,0.0867,1.6171,0.1176,False,False
外部需求 → 日本,us_comp,医薬品,6,6,3,0.2678,0.8399,0.4346,0.1176,1.1081,0.2021,False,False
外部需求 → 日本,us_comp,医薬品,6,6,6,0.0766,0.635,0.4228,0.1869,1.7709,0.4747,False,False
外部需求 → 日本,us_comp,卸売業,1,1,0,0.4456,0.0288,-0.1485,0.3088,-0.7627,2.1867,False,False
外部需求 → 日本,us_comp,卸売業,1,1,3,0.6541,0.2848,0.0888,-0.1469,0.4481,-1.0696,False,False
外部需求 → 日本,us_comp,卸売業,1,1,6,0.4151,0.1725,0.1257,0.1763,0.815,1.3642,False,False
外部需求 → 日本,us_comp,卸売業,1,3,0,0.4503,0.0706,0.3046,0.3548,0.7548,1.8079,False,False
外部需求 → 日本,us_comp,卸売業,1,3,3,0.9267,0.4598,0.0349,-0.1628,0.092,-0.7392,False,False
外部需求 → 日本,us_comp,卸売業,1,3,6,0.8589,0.0449,0.0606,0.4125,0.1778,2.0056,False,False
外部需求 → 日本,us_comp,卸売業,1,6,0,0.4441,0.5596,0.2643,0.1411,0.7653,0.5835,False,False
外部需求 → 日本,us_comp,卸売業,1,6,3,0.7884,0.3871,0.0803,0.2433,0.2684,0.8648,False,False
外部需求 → 日本,us_comp,卸売業,1,6,6,0.7115,0.0008,0.1082,0.7487,0.3699,3.3434,False,False
外部需求 → 日本,us_comp,卸売業,3,1,0,0.6887,0.0692,0.0372,0.129,0.4007,1.8168,False,False
外部需求 → 日本,us_comp,卸売業,3,1,3,0.9693,0.4826,0.0028,-0.0582,0.0385,-0.7022,False,False
外部需求 → 日本,us_comp,卸売業,3,1,6,0.8819,0.0241,0.0081,0.1479,0.1485,2.2563,False,False
外部需求 → 日本,us_comp,卸売業,3,3,0,0.2157,0.7543,0.1716,0.0492,1.238,0.313,False,False
外部需求 → 日本,us_comp,卸売業,3,3,3,0.9069,0.3829,0.0131,0.1337,0.117,0.8725,False,False
外部需求 → 日本,us_comp,卸売業,3,3,6,0.9983,0.0201,0.0002,0.3459,0.0021,2.3246,False,False
外部需求 → 日本,us_comp,卸売業,3,6,0,0.1497,0.4102,0.1684,0.1649,1.4406,0.8236,False,False
外部需求 → 日本,us_comp,卸売業,3,6,3,0.9025,0.0242,0.0155,0.4781,0.1225,2.2542,False,False
外部需求 → 日本,us_comp,卸売業,3,6,6,0.3438,0.0115,0.1212,0.5012,0.9467,2.5276,False,False
外部需求 → 日本,us_comp,卸売業,6,1,0,0.7277,0.3294,0.0116,0.0482,0.3482,0.9754,False,False
外部需求 → 日本,us_comp,卸売業,6,1,3,0.9178,0.3343,0.0029,0.0536,0.1032,0.9655,False,False
外部需求 → 日本,us_comp,卸売業,6,1,6,0.7441,0.0002,0.0087,0.1526,0.3264,3.7289,False,False
外部需求 → 日本,us_comp,卸売業,6,3,0,0.2448,0.3043,0.0623,0.12,1.163,1.0273,False,False
外部需求 → 日本,us_comp,卸売業,6,3,3,0.9949,0.0143,0.0003,0.2944,0.0064,2.4487,False,False
外部需求 → 日本,us_comp,卸売業,6,3,6,0.4752,0.0073,0.0429,0.2941,0.714,2.682,False,False
外部需求 → 日本,us_comp,卸売業,6,6,0,0.3584,0.0476,0.0579,0.4053,0.9185,1.9813,False,False
外部需求 → 日本,us_comp,卸売業,6,6,3,0.4846,0.0013,0.0484,0.6027,0.6989,3.2087,False,False
外部需求 → 日本,us_comp,卸売業,6,6,6,0.1604,0.1423,0.1195,0.388,1.4038,1.4672,False,False
外部需求 → 日本,us_comp,小売業,1,1,0,0.3166,0.1414,-0.2829,0.3172,-1.0015,1.4706,False,False
外部需求 → 日本,us_comp,小売業,1,1,3,0.9225,0.2019,0.0231,-0.3014,0.0973,-1.2762,False,False
外部需求 → 日本,us_comp,小売業,1,1,6,0.3295,0.138,0.2319,0.303,0.975,1.4831,False,False
外部需求 → 日本,us_comp,小売業,1,3,0,0.8948,0.3723,-0.1138,0.3032,-0.1323,0.8921,False,False
外部需求 → 日本,us_comp,小売業,1,3,3,0.579,0.5764,0.3189,-0.219,0.5548,-0.5587,False,False
外部需求 → 日本,us_comp,小売業,1,3,6,0.622,0.6437,0.4136,-0.1291,0.493,-0.4626,False,False
外部需求 → 日本,us_comp,小売業,1,6,0,0.7623,0.9691,0.2863,-0.0173,0.3025,-0.0387,False,False
外部需求 → 日本,us_comp,小売業,1,6,3,0.4691,0.403,0.7332,-0.3567,0.7239,-0.8363,False,False
外部需求 → 日本,us_comp,小売業,1,6,6,0.5958,0.7593,0.7232,-0.1359,0.5305,-0.3064,False,False
外部需求 → 日本,us_comp,小売業,3,1,0,0.9773,0.4741,-0.0037,0.0866,-0.0284,0.7159,False,False
外部需求 → 日本,us_comp,小売業,3,1,3,0.7061,0.7123,0.0369,-0.0475,0.3771,-0.3687,False,False
外部需求 → 日本,us_comp,小売業,3,1,6,0.7515,0.6219,0.0375,-0.05,0.3166,-0.4931,False,False
外部需求 → 日本,us_comp,小売業,3,3,0,0.9523,0.766,0.0195,-0.073,0.0598,-0.2976,False,False
外部需求 → 日本,us_comp,小売業,3,3,3,0.3724,0.7804,0.2319,0.0929,0.892,0.2788,False,False
外部需求 → 日本,us_comp,小売業,3,3,6,0.7826,0.2561,0.106,-0.2471,0.2759,-1.1356,False,False
外部需求 → 日本,us_comp,小売業,3,6,0,0.3475,0.9341,0.2794,-0.0229,0.9395,-0.0827,False,False
外部需求 → 日本,us_comp,小売業,3,6,3,0.5376,0.7263,0.3427,-0.1572,0.6164,-0.3501,False,False
外部需求 → 日本,us_comp,小売業,3,6,6,0.7172,0.5746,0.167,-0.2285,0.3623,-0.5613,False,False
外部需求 → 日本,us_comp,小売業,6,1,0,0.9484,0.8046,0.0042,0.0214,0.0647,0.2474,False,False
外部需求 → 日本,us_comp,小売業,6,1,3,0.7513,0.4731,0.0194,-0.0624,0.3169,-0.7175,False,False
外部需求 → 日本,us_comp,小売業,6,1,6,0.8097,0.9972,0.0162,-0.0003,0.2408,-0.0035,False,False
外部需求 → 日本,us_comp,小売業,6,3,0,0.6619,0.8482,0.0597,0.0352,0.4373,0.1915,False,False
外部需求 → 日本,us_comp,小売業,6,3,3,0.6561,0.715,0.0909,-0.0906,0.4454,-0.3651,False,False
外部需求 → 日本,us_comp,小売業,6,3,6,0.7812,0.5649,0.0481,-0.1328,0.2778,-0.5755,False,False
外部需求 → 日本,us_comp,小売業,6,6,0,0.5066,0.818,0.1616,-0.0815,0.6641,-0.2301,False,False
外部需求 → 日本,us_comp,小売業,6,6,3,0.6703,0.6048,0.1357,-0.2207,0.4257,-0.5175,False,False
外部需求 → 日本,us_comp,小売業,6,6,6,0.5198,0.4821,0.1165,-0.3015,0.6437,-0.7029,False,False
外部需求 → 日本,us_comp,建設業,1,1,0,0.7256,0.8086,-0.107,-0.0483,-0.351,-0.2422,False,False
外部需求 → 日本,us_comp,建設業,1,1,3,0.8946,0.1839,-0.0322,-0.2689,-0.1325,-1.3289,False,False
外部需求 → 日本,us_comp,建設業,1,1,6,0.2257,0.344,0.3787,0.1956,1.2116,0.9463,False,False
外部需求 → 日本,us_comp,建設業,1,3,0,0.8152,0.8053,-0.1445,-0.1021,-0.2338,-0.2465,False,False
外部需求 → 日本,us_comp,建設業,1,3,3,0.5184,0.6751,0.4006,-0.1862,0.6458,-0.4192,False,False
外部需求 → 日本,us_comp,建設業,1,3,6,0.0101,0.5319,1.4615,-0.2671,2.5707,-0.6252,False,False
外部需求 → 日本,us_comp,建設業,1,6,0,0.8102,0.8693,0.2225,-0.0972,0.2402,-0.1646,False,False
外部需求 → 日本,us_comp,建設業,1,6,3,0.1122,0.624,1.808,-0.2769,1.5885,-0.4902,False,False
外部需求 → 日本,us_comp,建設業,1,6,6,0.0035,0.3084,2.8833,0.509,2.917,1.0186,True,False
外部需求 → 日本,us_comp,建設業,3,1,0,0.5977,0.5389,-0.0546,-0.0906,-0.5277,-0.6144,False,False
外部需求 → 日本,us_comp,建設業,3,1,3,0.5631,0.7501,0.055,-0.0475,0.5783,-0.3185,False,False
外部需求 → 日本,us_comp,建設業,3,1,6,0.0249,0.4585,0.1962,-0.112,2.2429,-0.7413,False,False
外部需求 → 日本,us_comp,建設業,3,3,0,0.9889,0.6792,-0.0027,-0.1414,-0.0139,-0.4136,False,False
外部需求 → 日本,us_comp,建設業,3,3,3,0.2404,0.5119,0.3309,0.1779,1.1739,0.6559,False,False
外部需求 → 日本,us_comp,建設業,3,3,6,0.0009,0.2938,0.6877,-0.2715,3.3086,-1.0499,True,False
外部需求 → 日本,us_comp,建設業,3,6,0,0.4421,0.7275,0.3093,0.1733,0.7687,0.3484,False,False
外部需求 → 日本,us_comp,建設業,3,6,3,0.0375,0.9167,0.9553,0.0388,2.0799,0.1046,False,False
外部需求 → 日本,us_comp,建設業,3,6,6,0.0002,0.405,1.2,0.2795,3.7756,0.8328,True,False
外部需求 → 日本,us_comp,建設業,6,1,0,0.9911,0.6772,-0.0005,-0.0507,-0.0112,-0.4163,False,False
外部需求 → 日本,us_comp,建設業,6,1,3,0.1305,0.5278,0.0828,-0.0819,1.512,-0.6313,False,False
外部需求 → 日本,us_comp,建設業,6,1,6,0.0206,0.4884,0.1159,0.064,2.3151,0.6929,False,False
外部需求 → 日本,us_comp,建設業,6,3,0,0.4065,0.8608,0.1086,0.0556,0.83,0.1753,False,False
外部需求 → 日本,us_comp,建設業,6,3,3,0.0267,0.8315,0.332,-0.0575,2.2153,-0.2128,False,False
外部需求 → 日本,us_comp,建設業,6,3,6,0.0022,0.5544,0.3959,0.115,3.0558,0.5912,True,False
外部需求 → 日本,us_comp,建設業,6,6,0,0.0984,0.7487,0.4147,0.153,1.6526,0.3204,False,False
外部需求 → 日本,us_comp,建設業,6,6,3,0.0055,0.5464,0.6906,0.2087,2.7753,0.6031,False,False
外部需求 → 日本,us_comp,建設業,6,6,6,0.0008,0.7689,0.5998,0.0994,3.3416,0.2938,True,False
外部需求 → 日本,us_comp,情報・通信業,1,1,0,0.4534,0.49,-0.1577,-0.2002,-0.7497,-0.6904,False,False
外部需求 → 日本,us_comp,情報・通信業,1,1,3,0.9255,0.2141,-0.0212,0.3275,-0.0935,1.2424,False,False
外部需求 → 日本,us_comp,情報・通信業,1,1,6,0.7231,0.7623,0.0673,0.1131,0.3543,0.3025,False,False
外部需求 → 日本,us_comp,情報・通信業,1,3,0,0.9831,0.9164,-0.0126,-0.0557,-0.0211,-0.105,False,False
外部需求 → 日本,us_comp,情報・通信業,1,3,3,0.8064,0.7899,0.1414,0.1328,0.245,0.2664,False,False
外部需求 → 日本,us_comp,情報・通信業,1,3,6,0.0671,0.7068,0.6179,0.2673,1.8311,0.3762,False,False
外部需求 → 日本,us_comp,情報・通信業,1,6,0,0.9039,0.8,0.1085,-0.1758,0.1208,-0.2533,False,False
外部需求 → 日本,us_comp,情報・通信業,1,6,3,0.2814,0.8258,0.8097,0.1755,1.0771,0.2201,False,False
外部需求 → 日本,us_comp,情報・通信業,1,6,6,0.0032,0.5045,1.2696,-0.6664,2.946,-0.6674,True,False
外部需求 → 日本,us_comp,情報・通信業,3,1,0,0.8838,0.8862,-0.0144,0.0262,-0.1461,0.1431,False,False
外部需求 → 日本,us_comp,情報・通信業,3,1,3,0.8742,0.7296,0.0145,-0.0518,0.1584,-0.3457,False,False
外部需求 → 日本,us_comp,情報・通信業,3,1,6,0.2007,0.461,0.0746,0.17,1.2796,0.7372,False,False
外部需求 → 日本,us_comp,情報・通信業,3,3,0,0.9754,0.9838,-0.0081,-0.0083,-0.0308,-0.0203,False,False
外部需求 → 日本,us_comp,情報・通信業,3,3,3,0.5147,0.6551,0.1421,-0.2018,0.6515,-0.4467,False,False
外部需求 → 日本,us_comp,情報・通信業,3,3,6,0.0552,0.7628,0.2768,0.1355,1.9175,0.3018,False,False
外部需求 → 日本,us_comp,情報・通信業,3,6,0,0.7223,0.6388,0.1393,-0.2582,0.3554,-0.4694,False,False
外部需求 → 日本,us_comp,情報・通信業,3,6,3,0.1077,0.8741,0.4107,-0.1267,1.6084,-0.1584,False,False
外部需求 → 日本,us_comp,情報・通信業,3,6,6,0.0065,0.4162,0.4604,-0.7638,2.7207,-0.8129,False,False
外部需求 → 日本,us_comp,情報・通信業,6,1,0,0.9453,0.7902,-0.004,-0.0367,-0.0687,-0.266,False,False
外部需求 → 日本,us_comp,情報・通信業,6,1,3,0.6587,0.6165,0.0205,0.0804,0.4417,0.5008,False,False
外部需求 → 日本,us_comp,情報・通信業,6,1,6,0.077,0.5521,0.0525,-0.1087,1.7686,-0.5947,False,False
外部需求 → 日本,us_comp,情報・通信業,6,3,0,0.8338,0.6803,0.0318,-0.1404,0.2098,-0.4121,False,False
外部需求 → 日本,us_comp,情報・通信業,6,3,3,0.2845,0.998,0.1077,0.0012,1.0703,0.0026,False,False
外部需求 → 日本,us_comp,情報・通信業,6,3,6,0.0363,0.3731,0.1469,-0.452,2.094,-0.8906,False,False
外部需求 → 日本,us_comp,情報・通信業,6,6,0,0.5123,0.7771,0.1358,-0.2035,0.6553,-0.2831,False,False
外部需求 → 日本,us_comp,情報・通信業,6,6,3,0.0218,0.605,0.2513,-0.4822,2.2946,-0.5173,False,False
外部需求 → 日本,us_comp,情報・通信業,6,6,6,0.1009,0.352,0.1711,-0.8946,1.6406,-0.9306,False,False
外部需求 → 日本,us_comp,機械,1,1,0,0.0999,0.0328,0.4417,-0.3961,1.6452,-2.135,False,False
外部需求 → 日本,us_comp,機械,1,1,3,0.9335,0.7176,0.0247,0.0881,0.0835,0.3617,False,False
外部需求 → 日本,us_comp,機械,1,1,6,0.0658,0.1624,-0.4806,-0.2763,-1.8399,-1.3969,False,False
外部需求 → 日本,us_comp,機械,1,3,0,0.7076,0.1027,0.3144,-0.5452,0.375,-1.6318,False,False
外部需求 → 日本,us_comp,機械,1,3,3,0.4232,0.7956,-0.4686,-0.1034,-0.8008,-0.259,False,False
外部需求 → 日本,us_comp,機械,1,3,6,0.0616,0.9438,-1.2959,0.0209,-1.8694,0.0704,False,False
外部需求 → 日本,us_comp,機械,1,6,0,0.8289,0.2788,-0.217,-0.5047,-0.2161,-1.083,False,False
外部需求 → 日本,us_comp,機械,1,6,3,0.0674,0.9569,-1.8191,-0.0268,-1.8287,-0.054,False,False
外部需求 → 日本,us_comp,機械,1,6,6,0.0808,0.8631,-2.0257,0.0758,-1.7459,0.1725,False,False
外部需求 → 日本,us_comp,機械,3,1,0,0.7099,0.1301,0.0508,-0.1932,0.372,-1.5136,False,False
外部需求 → 日本,us_comp,機械,3,1,3,0.4921,0.7856,-0.0701,-0.0373,-0.6869,-0.272,False,False
外部需求 → 日本,us_comp,機械,3,1,6,0.1012,0.9954,-0.1806,0.0007,-1.6392,0.0057,False,False
外部需求 → 日本,us_comp,機械,3,3,0,0.966,0.5202,0.0143,-0.1705,0.0426,-0.643,False,False
外部需求 → 日本,us_comp,機械,3,3,3,0.0922,0.5043,-0.411,-0.214,-1.684,-0.6677,False,False
外部需求 → 日本,us_comp,機械,3,3,6,0.1282,0.333,-0.4601,0.189,-1.5212,0.9681,False,False
外部需求 → 日本,us_comp,機械,3,6,0,0.2311,0.3406,-0.4165,-0.3462,-1.1976,-0.9531,False,False
外部需求 → 日本,us_comp,機械,3,6,3,0.0826,0.9642,-0.8923,-0.0179,-1.7359,-0.0449,False,False
外部需求 → 日本,us_comp,機械,3,6,6,0.0604,0.5962,-0.7301,0.1982,-1.878,0.5299,False,False
外部需求 → 日本,us_comp,機械,6,1,0,0.9711,0.1661,-0.0023,-0.133,-0.0363,-1.3847,False,False
外部需求 → 日本,us_comp,機械,6,1,3,0.1873,0.7407,-0.0766,-0.031,-1.3186,-0.3309,False,False
外部需求 → 日本,us_comp,機械,6,1,6,0.1864,0.9424,-0.0792,-0.0058,-1.3212,-0.0723,False,False
外部需求 → 日本,us_comp,機械,6,3,0,0.3819,0.2421,-0.1175,-0.252,-0.8744,-1.1698,False,False
外部需求 → 日本,us_comp,機械,6,3,3,0.1717,0.9175,-0.2515,-0.0249,-1.3668,-0.1036,False,False
外部需求 → 日本,us_comp,機械,6,3,6,0.1081,0.5809,-0.2147,0.1193,-1.6067,0.5521,False,False
外部需求 → 日本,us_comp,機械,6,6,0,0.15,0.4905,-0.3824,-0.2549,-1.4396,-0.6895,False,False
外部需求 → 日本,us_comp,機械,6,6,3,0.1175,0.7741,-0.475,0.1019,-1.5652,0.287,False,False
外部需求 → 日本,us_comp,機械,6,6,6,0.0051,0.5527,-0.4442,0.2487,-2.8034,0.5938,False,False
外部需求 → 日本,us_comp,水産・農林業,1,1,0,0.2688,0.0004,-0.3889,0.9928,-1.1058,3.5556,False,False
外部需求 → 日本,us_comp,水産・農林業,1,1,3,0.3985,0.3297,0.3456,-0.3395,0.8444,-0.9747,False,False
外部需求 → 日本,us_comp,水産・農林業,1,1,6,0.1453,0.2462,0.5468,0.3869,1.4563,1.1596,False,False
外部需求 → 日本,us_comp,水産・農林業,1,3,0,0.3094,0.0017,-0.7744,1.2314,-1.0165,3.1351,False,False
外部需求 → 日本,us_comp,水産・農林業,1,3,3,0.0693,0.7167,1.6901,0.2192,1.8163,0.3629,False,False
外部需求 → 日本,us_comp,水産・農林業,1,3,6,0.7379,0.3642,0.3146,-0.4956,0.3347,-0.9075,False,False
外部需求 → 日本,us_comp,水産・農林業,1,6,0,0.4815,0.0148,1.0543,1.4714,0.7038,2.4381,False,False
外部需求 → 日本,us_comp,水産・農林業,1,6,3,0.1531,0.6271,2.2426,-0.2464,1.4286,-0.4859,False,False
外部需求 → 日本,us_comp,水産・農林業,1,6,6,0.8032,0.8183,0.3162,0.1728,0.2492,0.2298,False,False
外部需求 → 日本,us_comp,水産・農林業,3,1,0,0.444,0.0057,-0.095,0.3846,-0.7654,2.7648,False,False
外部需求 → 日本,us_comp,水産・農林業,3,1,3,0.0654,0.4476,0.2841,0.1519,1.8425,0.7595,False,False
外部需求 → 日本,us_comp,水産・農林業,3,1,6,0.6107,0.2593,0.0793,-0.2074,0.5091,-1.128,False,False
外部需求 → 日本,us_comp,水産・農林業,3,3,0,0.981,0.2578,-0.0093,0.3979,-0.0238,1.1317,False,False
外部需求 → 日本,us_comp,水産・農林業,3,3,3,0.0269,0.1053,0.7485,0.6314,2.2126,1.6198,False,False
外部需求 → 日本,us_comp,水産・農林業,3,3,6,0.7875,0.2824,-0.0972,-0.4915,-0.2696,-1.0748,False,False
外部需求 → 日本,us_comp,水産・農林業,3,6,0,0.1478,0.0055,0.8315,1.0771,1.4472,2.7787,False,False
外部需求 → 日本,us_comp,水産・農林業,3,6,3,0.2464,0.5937,0.7436,0.2173,1.1592,0.5335,False,False
外部需求 → 日本,us_comp,水産・農林業,3,6,6,0.8158,0.6112,0.1015,0.2753,0.2329,0.5084,False,False
外部需求 → 日本,us_comp,水産・農林業,6,1,0,0.4477,0.0048,0.0656,0.3257,0.7593,2.8207,False,False
外部需求 → 日本,us_comp,水産・農林業,6,1,3,0.1212,0.7424,0.1258,-0.043,1.5498,-0.3286,False,False
外部需求 → 日本,us_comp,水産・農林業,6,1,6,0.8008,0.6464,0.0175,0.0705,0.2523,0.4587,False,False
外部需求 → 日本,us_comp,水産・農林業,6,3,0,0.2331,0.0109,0.2491,0.6456,1.1925,2.5469,False,False
外部需求 → 日本,us_comp,水産・農林業,6,3,3,0.3202,0.8185,0.2222,0.0706,0.9941,0.2295,False,False
外部需求 → 日本,us_comp,水産・農林業,6,3,6,0.9877,0.5514,-0.0025,0.2167,-0.0154,0.5957,False,False
外部需求 → 日本,us_comp,水産・農林業,6,6,0,0.1456,0.0422,0.5305,0.7994,1.4553,2.0313,False,False
外部需求 → 日本,us_comp,水産・農林業,6,6,3,0.4929,0.5142,0.2547,0.3071,0.6857,0.6523,False,False
外部需求 → 日本,us_comp,水産・農林業,6,6,6,0.3666,0.5369,0.1895,0.2527,0.9029,0.6175,False,False
外部需求 → 日本,us_comp,海運業,1,1,0,0.2322,0.7104,0.7577,-0.2534,1.1948,-0.3713,False,False
外部需求 → 日本,us_comp,海運業,1,1,3,0.3678,0.9843,0.6043,0.0168,0.9006,0.0197,False,False
外部需求 → 日本,us_comp,海運業,1,1,6,0.9399,0.6239,-0.0498,0.373,-0.0754,0.4904,False,False
外部需求 → 日本,us_comp,海運業,1,3,0,0.079,0.2846,2.4781,1.3678,1.7566,1.07,False,False
外部需求 → 日本,us_comp,海運業,1,3,3,0.2439,0.119,1.3314,-1.9815,1.1652,-1.5591,False,False
外部需求 → 日本,us_comp,海運業,1,3,6,0.9795,0.3004,0.0401,1.5962,0.0257,1.0357,False,False
外部需求 → 日本,us_comp,海運業,1,6,0,0.0668,0.6665,3.8493,-0.7366,1.8333,-0.431,False,False
外部需求 → 日本,us_comp,海運業,1,6,3,0.5362,0.7636,1.3638,-0.5753,0.6186,-0.3008,False,False
外部需求 → 日本,us_comp,海運業,1,6,6,0.7762,0.5757,-0.7196,-1.0232,-0.2843,-0.5597,False,False
外部需求 → 日本,us_comp,海運業,3,1,0,0.1271,0.2064,0.337,0.4852,1.5258,1.2637,False,False
外部需求 → 日本,us_comp,海運業,3,1,3,0.2816,0.0776,0.2305,-0.6915,1.0768,-1.7649,False,False
外部需求 → 日本,us_comp,海運業,3,1,6,0.7329,0.234,0.0805,0.5374,0.3413,1.1901,False,False
外部需求 → 日本,us_comp,海運業,3,3,0,0.0934,0.3518,1.0692,0.7431,1.6778,0.9311,False,False
外部需求 → 日本,us_comp,海運業,3,3,3,0.639,0.0803,0.2857,-1.3432,0.4691,-1.7491,False,False
外部需求 → 日本,us_comp,海運業,3,3,6,0.8278,0.6457,0.1413,-0.5021,0.2175,-0.4597,False,False
外部需求 → 日本,us_comp,海運業,3,6,0,0.1246,0.6613,1.3764,-0.5401,1.5356,-0.4381,False,False
外部需求 → 日本,us_comp,海運業,3,6,3,0.7087,0.2917,0.4315,-1.753,0.3736,-1.0543,False,False
外部需求 → 日本,us_comp,海運業,3,6,6,0.7131,0.3711,-0.3081,-1.2521,-0.3677,-0.8944,False,False
外部需求 → 日本,us_comp,海運業,6,1,0,0.1474,0.7019,0.1979,-0.1145,1.4486,-0.3828,False,False
外部需求 → 日本,us_comp,海運業,6,1,3,0.3228,0.8403,0.1232,-0.0681,0.9887,-0.2015,False,False
外部需求 → 日本,us_comp,海運業,6,1,6,0.6675,0.6377,0.0525,-0.1525,0.4296,-0.471,False,False
外部需求 → 日本,us_comp,海運業,6,3,0,0.1605,0.5991,0.5042,-0.3552,1.4033,-0.5257,False,False
外部需求 → 日本,us_comp,海運業,6,3,3,0.5922,0.2525,0.2243,-1.1472,0.5356,-1.1442,False,False
外部需求 → 日本,us_comp,海運業,6,3,6,0.9283,0.3803,-0.0297,-0.8287,-0.09,-0.8774,False,False
外部需求 → 日本,us_comp,海運業,6,6,0,0.269,0.3626,0.7417,-1.4195,1.1053,-0.9104,False,False
外部需求 → 日本,us_comp,海運業,6,6,3,0.7653,0.2865,0.191,-1.9333,0.2986,-1.0659,False,False
外部需求 → 日本,us_comp,海運業,6,6,6,0.2508,0.1036,-0.4633,-2.8049,-1.1485,-1.6276,False,False
外部需求 → 日本,us_comp,石油・石炭製品,1,1,0,0.8783,0.141,-0.0962,0.7131,-0.1532,1.4721,False,False
外部需求 → 日本,us_comp,石油・石炭製品,1,1,3,0.4859,0.3649,0.3412,0.5495,0.6969,0.906,False,False
外部需求 → 日本,us_comp,石油・石炭製品,1,1,6,0.0377,0.4885,0.8639,0.4418,2.0777,0.6926,False,False
外部需求 → 日本,us_comp,石油・石炭製品,1,3,0,0.5954,0.8386,-0.9135,0.1927,-0.531,0.2037,False,False
外部需求 → 日本,us_comp,石油・石炭製品,1,3,3,0.1951,0.7706,1.6514,0.2938,1.2955,0.2916,False,False
外部需求 → 日本,us_comp,石油・石炭製品,1,3,6,0.0216,0.3823,1.989,-1.1608,2.2967,-0.8737,False,False
外部需求 → 日本,us_comp,石油・石炭製品,1,6,0,0.9296,0.6935,0.204,0.4931,0.0883,0.3942,False,False
外部需求 → 日本,us_comp,石油・石炭製品,1,6,3,0.0365,0.5393,3.2699,-0.7901,2.0916,-0.6138,False,False
外部需求 → 日本,us_comp,石油・石炭製品,1,6,6,0.0111,0.9065,3.862,0.198,2.5382,0.1174,False,False
外部需求 → 日本,us_comp,石油・石炭製品,3,1,0,0.9967,0.8354,-0.001,0.0631,-0.0041,0.2077,False,False
外部需求 → 日本,us_comp,石油・石炭製品,3,1,3,0.0556,0.5098,0.3355,0.2305,1.9142,0.6592,False,False
外部需求 → 日本,us_comp,石油・石炭製品,3,1,6,0.0298,0.2486,0.2943,-0.466,2.1728,-1.1537,False,False
外部需求 → 日本,us_comp,石油・石炭製品,3,3,0,0.8513,0.9459,-0.1191,0.054,-0.1874,0.0678,False,False
外部需求 → 日本,us_comp,石油・石炭製品,3,3,3,0.0403,0.9714,0.9424,-0.0311,2.0502,-0.0359,False,False
外部需求 → 日本,us_comp,石油・石炭製品,3,3,6,0.0576,0.5375,0.8413,-0.6533,1.8985,-0.6166,False,False
外部需求 → 日本,us_comp,石油・石炭製品,3,6,0,0.4575,0.8961,0.6853,0.1245,0.743,0.1305,False,False
外部需求 → 日本,us_comp,石油・石炭製品,3,6,3,0.0028,0.6864,1.6618,-0.5232,2.9841,-0.4038,True,False
外部需求 → 日本,us_comp,石油・石炭製品,3,6,6,0.0454,0.6278,1.2795,0.7667,2.0012,0.4848,False,False
外部需求 → 日本,us_comp,石油・石炭製品,6,1,0,0.4713,0.4544,0.0997,0.1716,0.7203,0.7482,False,False
外部需求 → 日本,us_comp,石油・石炭製品,6,1,3,0.0072,0.5446,0.2253,-0.1744,2.6861,-0.6059,False,False
外部需求 → 日本,us_comp,石油・石炭製品,6,1,6,0.0205,0.8384,0.1895,0.0703,2.3169,0.2039,False,False
外部需求 → 日本,us_comp,石油・石炭製品,6,3,0,0.453,0.9414,0.2867,0.0413,0.7504,0.0735,False,False
外部需求 → 日本,us_comp,石油・石炭製品,6,3,3,0.0052,0.5296,0.6211,-0.4769,2.7961,-0.6287,False,False
外部需求 → 日本,us_comp,石油・石炭製品,6,3,6,0.087,0.6583,0.4236,0.3812,1.7115,0.4422,False,False
外部需求 → 日本,us_comp,石油・石炭製品,6,6,0,0.0916,0.7826,0.8235,-0.2823,1.6871,-0.2759,False,False
外部需求 → 日本,us_comp,石油・石炭製品,6,6,3,0.0008,0.9679,1.0081,0.0577,3.363,0.0402,True,False
外部需求 → 日本,us_comp,石油・石炭製品,6,6,6,0.2948,0.3374,0.4477,1.2716,1.0476,0.9592,False,False
外部需求 → 日本,us_comp,精密機器,1,1,0,0.9278,0.2033,0.0298,-0.2712,0.0906,-1.2721,False,False
外部需求 → 日本,us_comp,精密機器,1,1,3,0.4524,0.9579,-0.2117,0.0098,-0.7514,0.0528,False,False
外部需求 → 日本,us_comp,精密機器,1,1,6,0.3529,0.8073,-0.2054,-0.063,-0.929,-0.2439,False,False
外部需求 → 日本,us_comp,精密機器,1,3,0,0.7648,0.3529,-0.2665,-0.3761,-0.2991,-0.929,False,False
外部需求 → 日本,us_comp,精密機器,1,3,3,0.311,0.5866,-0.5109,0.1499,-1.013,0.5438,False,False
外部需求 → 日本,us_comp,精密機器,1,3,6,0.1325,0.6644,-0.854,-0.1807,-1.5044,-0.4339,False,False
外部需求 → 日本,us_comp,精密機器,1,6,0,0.5322,0.6367,-0.7228,-0.2406,-0.6246,-0.4723,False,False
外部需求 → 日本,us_comp,精密機器,1,6,3,0.0587,0.9614,-1.3376,-0.0225,-1.8907,-0.0484,False,False
外部需求 → 日本,us_comp,精密機器,1,6,6,0.0787,0.9112,-1.6512,-0.0501,-1.758,-0.1115,False,False
外部需求 → 日本,us_comp,精密機器,3,1,0,0.79,0.2973,-0.0394,-0.1482,-0.2663,-1.0423,False,False
外部需求 → 日本,us_comp,精密機器,3,1,3,0.3752,0.5581,-0.0717,0.0601,-0.8868,0.5857,False,False
外部需求 → 日本,us_comp,精密機器,3,1,6,0.2732,0.7133,-0.0991,-0.0501,-1.0958,-0.3675,False,False
外部需求 → 日本,us_comp,精密機器,3,3,0,0.4826,0.6752,-0.208,-0.1648,-0.7021,-0.419,False,False
外部需求 → 日本,us_comp,精密機器,3,3,3,0.2057,0.8871,-0.2533,0.039,-1.2654,0.142,False,False
外部需求 → 日本,us_comp,精密機器,3,3,6,0.2523,0.8207,-0.3248,0.0571,-1.1447,0.2267,False,False
外部需求 → 日本,us_comp,精密機器,3,6,0,0.2325,0.7055,-0.4467,-0.1515,-1.1938,-0.3779,False,False
外部需求 → 日本,us_comp,精密機器,3,6,3,0.0747,0.8531,-0.5802,0.0608,-1.7824,0.1852,False,False
外部需求 → 日本,us_comp,精密機器,3,6,6,0.1197,0.5934,-0.6446,0.2002,-1.5562,0.5338,False,False
外部需求 → 日本,us_comp,精密機器,6,1,0,0.487,0.6922,-0.0431,-0.0401,-0.695,-0.3959,False,False
外部需求 → 日本,us_comp,精密機器,6,1,3,0.2204,0.7839,-0.0558,0.0206,-1.2256,0.2742,False,False
外部需求 → 日本,us_comp,精密機器,6,1,6,0.3242,0.7583,-0.0569,-0.0237,-0.9859,-0.3078,False,False
外部需求 → 日本,us_comp,精密機器,6,3,0,0.1926,0.7842,-0.1625,-0.0714,-1.303,-0.2738,False,False
外部需求 → 日本,us_comp,精密機器,6,3,3,0.2161,0.6615,-0.17,0.0851,-1.2371,0.4378,False,False
外部需求 → 日本,us_comp,精密機器,6,3,6,0.2434,0.6177,-0.1848,0.1166,-1.1665,0.4991,False,False
外部需求 → 日本,us_comp,精密機器,6,6,0,0.1005,0.9429,-0.3283,-0.0239,-1.6424,-0.0716,False,False
外部需求 → 日本,us_comp,精密機器,6,6,3,0.1493,0.5925,-0.3575,0.1629,-1.4418,0.5353,False,False
外部需求 → 日本,us_comp,精密機器,6,6,6,0.1597,0.1387,-0.2504,0.7354,-1.406,1.4807,False,False
外部需求 → 日本,us_comp,繊維製品,1,1,0,0.9291,0.2457,0.0223,0.4086,0.089,1.1607,False,False
外部需求 → 日本,us_comp,繊維製品,1,1,3,0.8401,0.7982,0.0571,-0.0853,0.2017,-0.2557,False,False
外部需求 → 日本,us_comp,繊維製品,1,1,6,0.5042,0.8842,0.1693,0.0346,0.6679,0.1457,False,False
外部需求 → 日本,us_comp,繊維製品,1,3,0,0.3275,0.2924,0.3889,0.5692,0.9791,1.0528,False,False
外部需求 → 日本,us_comp,繊維製品,1,3,3,0.9771,0.4275,0.0118,0.4599,0.0288,0.7934,False,False
外部需求 → 日本,us_comp,繊維製品,1,3,6,0.0871,0.4855,0.7686,-0.2464,1.7108,-0.6975,False,False
外部需求 → 日本,us_comp,繊維製品,1,6,0,0.5022,0.2578,0.3788,0.9871,0.671,1.1315,False,False
外部需求 → 日本,us_comp,繊維製品,1,6,3,0.1554,0.6759,0.7862,0.2171,1.4207,0.4181,False,False
外部需求 → 日本,us_comp,繊維製品,1,6,6,0.0109,0.5151,1.164,0.4062,2.5469,0.651,False,False
外部需求 → 日本,us_comp,繊維製品,3,1,0,0.418,0.4235,0.0545,0.1478,0.81,0.8003,False,False
外部需求 → 日本,us_comp,繊維製品,3,1,3,0.9984,0.2471,-0.0002,0.2037,-0.002,1.1575,False,False
外部需求 → 日本,us_comp,繊維製品,3,1,6,0.145,0.4871,0.1219,-0.0853,1.4573,-0.6949,False,False
外部需求 → 日本,us_comp,繊維製品,3,3,0,0.3249,0.3936,0.1191,0.3309,0.9844,0.8531,False,False
外部需求 → 日本,us_comp,繊維製品,3,3,3,0.654,0.3069,0.0733,0.5153,0.4482,1.0218,False,False
外部需求 → 日本,us_comp,繊維製品,3,3,6,0.0416,0.4962,0.341,-0.2347,2.0375,-0.6805,False,False
外部需求 → 日本,us_comp,繊維製品,3,6,0,0.4455,0.2189,0.1954,0.8397,0.7629,1.2295,False,False
外部需求 → 日本,us_comp,繊維製品,3,6,3,0.0862,0.4816,0.4057,0.3202,1.7159,0.7037,False,False
外部需求 → 日本,us_comp,繊維製品,3,6,6,0.0161,0.6786,0.4387,0.3067,2.4061,0.4144,False,False
外部需求 → 日本,us_comp,繊維製品,6,1,0,0.5728,0.1467,0.0162,0.2212,0.5639,1.4511,False,False
外部需求 → 日本,us_comp,繊維製品,6,1,3,0.3027,0.6044,0.0397,0.0645,1.0306,0.5181,False,False
外部需求 → 日本,us_comp,繊維製品,6,1,6,0.0889,0.494,0.0563,0.0764,1.701,0.684,False,False
外部需求 → 日本,us_comp,繊維製品,6,3,0,0.4823,0.1565,0.0565,0.5615,0.7026,1.4169,False,False
外部需求 → 日本,us_comp,繊維製品,6,3,3,0.1841,0.6004,0.1325,0.1544,1.3284,0.5238,False,False
外部需求 → 日本,us_comp,繊維製品,6,3,6,0.0871,0.7278,0.1309,0.1369,1.7107,0.348,False,False
外部需求 → 日本,us_comp,繊維製品,6,6,0,0.2259,0.2354,0.1872,0.7436,1.211,1.1865,False,False
外部需求 → 日本,us_comp,繊維製品,6,6,3,0.0428,0.5563,0.2605,0.3164,2.0252,0.5883,False,False
外部需求 → 日本,us_comp,繊維製品,6,6,6,0.0494,0.5917,0.1939,0.3998,1.9647,0.5363,False,False
外部需求 → 日本,us_comp,証券、商品先物取引業,1,1,0,0.4046,0.3096,0.4553,-0.2754,0.8335,-1.0161,False,False
外部需求 → 日本,us_comp,証券、商品先物取引業,1,1,3,0.243,0.8598,-0.6216,-0.0594,-1.1675,-0.1766,False,False
外部需求 → 日本,us_comp,証券、商品先物取引業,1,1,6,0.233,0.9471,-0.6763,0.0212,-1.1928,0.0664,False,False
外部需求 → 日本,us_comp,証券、商品先物取引業,1,3,0,0.9373,0.2854,-0.0903,-0.6071,-0.0787,-1.0682,False,False
外部需求 → 日本,us_comp,証券、商品先物取引業,1,3,3,0.2973,0.7117,-1.3622,-0.2467,-1.0422,-0.3696,False,False
外部需求 → 日本,us_comp,証券、商品先物取引業,1,3,6,0.7247,0.4948,-0.4445,-0.5834,-0.3522,-0.6827,False,False
外部需求 → 日本,us_comp,証券、商品先物取引業,1,6,0,0.3016,0.1155,-1.4656,-1.0452,-1.0331,-1.5741,False,False
外部需求 → 日本,us_comp,証券、商品先物取引業,1,6,3,0.1081,0.3385,-1.9374,-0.9488,-1.6069,-0.957,False,False
外部需求 → 日本,us_comp,証券、商品先物取引業,1,6,6,0.6056,0.3445,-0.8917,-0.9356,-0.5163,-0.9452,False,False
外部需求 → 日本,us_comp,証券、商品先物取引業,3,1,0,0.6368,0.4245,-0.0904,-0.143,-0.4722,-0.7986,False,False
外部需求 → 日本,us_comp,証券、商品先物取引業,3,1,3,0.2304,0.5696,-0.2259,-0.0976,-1.1994,-0.5686,False,False
外部需求 → 日本,us_comp,証券、商品先物取引業,3,1,6,0.7966,0.4632,-0.061,-0.1674,-0.2578,-0.7336,False,False
外部需求 → 日本,us_comp,証券、商品先物取引業,3,3,0,0.4211,0.1407,-0.415,-0.5509,-0.8046,-1.4732,False,False
外部需求 → 日本,us_comp,証券、商品先物取引業,3,3,3,0.1815,0.6391,-0.5248,-0.2282,-1.3361,-0.469,False,False
外部需求 → 日本,us_comp,証券、商品先物取引業,3,3,6,0.6331,0.0941,-0.2448,-1.0737,-0.4774,-1.6742,False,False
外部需求 → 日本,us_comp,証券、商品先物取引業,3,6,0,0.0376,0.1243,-0.9341,-0.8403,-2.0788,-1.5369,False,False
外部需求 → 日本,us_comp,証券、商品先物取引業,3,6,3,0.169,0.1197,-0.7799,-1.3391,-1.3753,-1.5562,False,False
外部需求 → 日本,us_comp,証券、商品先物取引業,3,6,6,0.7478,0.0654,-0.2324,-1.185,-0.3216,-1.8427,False,False
外部需求 → 日本,us_comp,証券、商品先物取引業,6,1,0,0.3943,0.2842,-0.0921,-0.1469,-0.8518,-1.071,False,False
外部需求 → 日本,us_comp,証券、商品先物取引業,6,1,3,0.3363,0.3413,-0.0932,-0.1639,-0.9615,-0.9516,False,False
外部需求 → 日本,us_comp,証券、商品先物取引業,6,1,6,0.6393,0.2123,-0.0481,-0.1926,-0.4686,-1.2471,False,False
外部需求 → 日本,us_comp,証券、商品先物取引業,6,3,0,0.2243,0.1619,-0.2656,-0.4571,-1.2153,-1.3988,False,False
外部需求 → 日本,us_comp,証券、商品先物取引業,6,3,3,0.2509,0.0971,-0.2652,-0.8362,-1.1483,-1.659,False,False
外部需求 → 日本,us_comp,証券、商品先物取引業,6,3,6,0.6975,0.1207,-0.1052,-0.6771,-0.3887,-1.552,False,False
外部需求 → 日本,us_comp,証券、商品先物取引業,6,6,0,0.0351,0.0537,-0.532,-1.3639,-2.1069,-1.9294,False,False
外部需求 → 日本,us_comp,証券、商品先物取引業,6,6,3,0.3632,0.05,-0.3717,-1.5865,-0.9094,-1.9599,False,False
外部需求 → 日本,us_comp,証券、商品先物取引業,6,6,6,0.9147,0.1807,-0.0416,-0.7736,-0.1071,-1.3386,False,False
外部需求 → 日本,us_comp,輸送用機器,1,1,0,0.487,0.2964,0.4677,0.3401,0.6951,1.0442,False,False
外部需求 → 日本,us_comp,輸送用機器,1,1,3,0.9894,0.6261,-0.0077,-0.1807,-0.0133,-0.4873,False,False
外部需求 → 日本,us_comp,輸送用機器,1,1,6,0.3308,0.6037,-0.3767,-0.1846,-0.9724,-0.5191,False,False
外部需求 → 日本,us_comp,輸送用機器,1,3,0,0.9439,0.3486,-0.1149,-0.3759,-0.0704,-0.9373,False,False
外部需求 → 日本,us_comp,輸送用機器,1,3,3,0.7428,0.8069,-0.3686,-0.1081,-0.3281,-0.2444,False,False
外部需求 → 日本,us_comp,輸送用機器,1,3,6,0.0685,0.5903,-1.6375,-0.2363,-1.8219,-0.5384,False,False
外部需求 → 日本,us_comp,輸送用機器,1,6,0,0.6538,0.4056,-0.9749,-0.436,-0.4485,-0.8316,False,False
外部需求 → 日本,us_comp,輸送用機器,1,6,3,0.2451,0.6594,-2.1751,-0.2744,-1.1624,-0.4407,False,False
外部需求 → 日本,us_comp,輸送用機器,1,6,6,0.0626,0.8204,-3.2062,-0.1479,-1.8623,-0.227,False,False
外部需求 → 日本,us_comp,輸送用機器,3,1,0,0.9276,0.3404,-0.0269,-0.1467,-0.0908,-0.9533,False,False
外部需求 → 日本,us_comp,輸送用機器,3,1,3,0.8038,0.8767,-0.048,-0.0256,-0.2485,-0.1552,False,False
外部需求 → 日本,us_comp,輸送用機器,3,1,6,0.1227,0.3902,-0.2267,-0.1224,-1.5433,-0.8593,False,False
外部需求 → 日本,us_comp,輸送用機器,3,3,0,0.7084,0.1848,-0.221,-0.4782,-0.374,-1.326,False,False
外部需求 → 日本,us_comp,輸送用機器,3,3,3,0.4393,0.6178,-0.3366,-0.1723,-0.7734,-0.499,False,False
外部需求 → 日本,us_comp,輸送用機器,3,3,6,0.0962,0.9737,-0.7233,0.0117,-1.6638,0.033,False,False
外部需求 → 日本,us_comp,輸送用機器,3,6,0,0.3496,0.2219,-0.7491,-0.5929,-0.9355,-1.2216,False,False
外部需求 → 日本,us_comp,輸送用機器,3,6,3,0.1589,0.827,-1.137,-0.1076,-1.4089,-0.2185,False,False
外部需求 → 日本,us_comp,輸送用機器,3,6,6,0.1083,0.5981,-1.0366,-0.3269,-1.606,-0.5271,False,False
外部需求 → 日本,us_comp,輸送用機器,6,1,0,0.8715,0.3918,-0.0206,-0.0884,-0.1618,-0.8564,False,False
外部需求 → 日本,us_comp,輸送用機器,6,1,3,0.3609,0.5282,-0.0845,-0.0786,-0.9136,-0.6308,False,False
外部需求 → 日本,us_comp,輸送用機器,6,1,6,0.1714,0.5875,-0.1406,-0.0679,-1.3676,-0.5425,False,False
外部需求 → 日本,us_comp,輸送用機器,6,3,0,0.5004,0.1315,-0.1804,-0.3932,-0.6738,-1.5082,False,False
外部需求 → 日本,us_comp,輸送用機器,6,3,3,0.2353,0.6745,-0.3296,-0.1251,-1.1869,-0.42,False,False
外部需求 → 日本,us_comp,輸送用機器,6,3,6,0.1782,0.4682,-0.3228,-0.2573,-1.3462,-0.7255,False,False
外部需求 → 日本,us_comp,輸送用機器,6,6,0,0.2312,0.2845,-0.5994,-0.4626,-1.1972,-1.0703,False,False
外部需求 → 日本,us_comp,輸送用機器,6,6,3,0.1775,0.5636,-0.6694,-0.3423,-1.3485,-0.5775,False,False
外部需求 → 日本,us_comp,輸送用機器,6,6,6,0.232,0.6011,-0.3207,-0.2645,-1.1952,-0.5228,False,False
外部需求 → 日本,us_comp,金属製品,1,1,0,0.3282,0.291,-0.2422,-0.2352,-0.9778,-1.056,False,False
外部需求 → 日本,us_comp,金属製品,1,1,3,0.9859,0.3548,0.0036,-0.2241,0.0177,-0.9254,False,False
外部需求 → 日本,us_comp,金属製品,1,1,6,0.0884,0.1921,-0.3237,-0.2819,-1.7037,-1.3044,False,False
外部需求 → 日本,us_comp,金属製品,1,3,0,0.1286,0.1985,-0.6653,-0.4247,-1.5197,-1.2858,False,False
外部需求 → 日本,us_comp,金属製品,1,3,3,0.7541,0.8318,-0.1333,-0.1042,-0.3132,-0.2124,False,False
外部需求 → 日本,us_comp,金属製品,1,3,6,0.024,0.2492,-0.7084,-0.3081,-2.2574,-1.1524,False,False
外部需求 → 日本,us_comp,金属製品,1,6,0,0.2012,0.2861,-0.7643,-0.4992,-1.2782,-1.0667,False,False
外部需求 → 日本,us_comp,金属製品,1,6,3,0.1114,0.4417,-0.8495,-0.4344,-1.5918,-0.7694,False,False
外部需求 → 日本,us_comp,金属製品,1,6,6,0.6307,0.1555,-0.2527,-0.5189,-0.4807,-1.4205,False,False
外部需求 → 日本,us_comp,金属製品,3,1,0,0.1996,0.1573,-0.0934,-0.1563,-1.2827,-1.4143,False,False
外部需求 → 日本,us_comp,金属製品,3,1,3,0.7887,0.6273,-0.0202,-0.0782,-0.268,-0.4856,False,False
外部需求 → 日本,us_comp,金属製品,3,1,6,0.0732,0.0825,-0.1072,-0.1642,-1.7914,-1.7362,False,False
外部需求 → 日本,us_comp,金属製品,3,3,0,0.2963,0.4017,-0.1784,-0.26,-1.0444,-0.8386,False,False
外部需求 → 日本,us_comp,金属製品,3,3,3,0.2174,0.5768,-0.1964,-0.2602,-1.2335,-0.558,False,False
外部需求 → 日本,us_comp,金属製品,3,3,6,0.4437,0.3381,-0.1049,-0.2066,-0.7659,-0.9579,False,False
外部需求 → 日本,us_comp,金属製品,3,6,0,0.0656,0.1823,-0.3635,-0.537,-1.8413,-1.3337,False,False
外部需求 → 日本,us_comp,金属製品,3,6,3,0.1671,0.2189,-0.3027,-0.5313,-1.3817,-1.2295,False,False
外部需求 → 日本,us_comp,金属製品,3,6,6,0.9759,0.0428,0.008,-0.5966,0.0302,-2.0254,False,False
外部需求 → 日本,us_comp,金属製品,6,1,0,0.3704,0.1589,-0.0342,-0.1391,-0.8958,-1.4089,False,False
外部需求 → 日本,us_comp,金属製品,6,1,3,0.1773,0.2464,-0.0425,-0.1297,-1.3491,-1.1592,False,False
外部需求 → 日本,us_comp,金属製品,6,1,6,0.6019,0.0524,-0.0172,-0.1309,-0.5216,-1.9396,False,False
外部需求 → 日本,us_comp,金属製品,6,3,0,0.1192,0.1371,-0.1216,-0.3495,-1.5581,-1.4866,False,False
外部需求 → 日本,us_comp,金属製品,6,3,3,0.1886,0.32,-0.0963,-0.2736,-1.3148,-0.9945,False,False
外部需求 → 日本,us_comp,金属製品,6,3,6,0.9509,0.0574,-0.006,-0.3358,-0.0616,-1.9004,False,False
外部需求 → 日本,us_comp,金属製品,6,6,0,0.0311,0.1129,-0.2146,-0.693,-2.1561,-1.5855,False,False
外部需求 → 日本,us_comp,金属製品,6,6,3,0.4459,0.034,-0.104,-0.6869,-0.7623,-2.1205,False,False
外部需求 → 日本,us_comp,金属製品,6,6,6,0.9015,0.1614,0.0207,-0.3868,0.1238,-1.4003,False,False
外部需求 → 日本,us_comp,鉄鋼,1,1,0,0.2015,0.9674,0.4593,0.0123,1.2773,0.0409,False,False
外部需求 → 日本,us_comp,鉄鋼,1,1,3,0.8091,0.341,-0.1051,-0.2914,-0.2416,-0.9521,False,False
外部需求 → 日本,us_comp,鉄鋼,1,1,6,0.4106,0.4263,-0.3225,0.2564,-0.8228,0.7955,False,False
外部需求 → 日本,us_comp,鉄鋼,1,3,0,0.7873,0.9772,0.2873,0.0132,0.2699,0.0285,False,False
外部需求 → 日本,us_comp,鉄鋼,1,3,3,0.3156,0.0043,-0.9222,-1.4494,-1.0036,-2.8517,False,False
外部需求 → 日本,us_comp,鉄鋼,1,3,6,0.723,0.105,-0.3287,0.8338,-0.3545,1.6213,False,False
外部需求 → 日本,us_comp,鉄鋼,1,6,0,0.6881,0.0137,-0.6469,-1.4742,-0.4014,-2.4649,False,False
外部需求 → 日本,us_comp,鉄鋼,1,6,3,0.2067,0.3794,-1.2634,-0.6183,-1.2626,-0.879,False,False
外部需求 → 日本,us_comp,鉄鋼,1,6,6,0.9831,0.6863,0.0216,0.2841,0.0212,0.4039,False,False
外部需求 → 日本,us_comp,鉄鋼,3,1,0,0.7202,0.9371,0.0601,0.0133,0.3582,0.079,False,False
外部需求 → 日本,us_comp,鉄鋼,3,1,3,0.4791,0.0055,-0.1197,-0.5055,-0.7078,-2.7734,False,False
外部需求 → 日本,us_comp,鉄鋼,3,1,6,0.8285,0.0789,-0.0348,0.2833,-0.2166,1.7571,False,False
外部需求 → 日本,us_comp,鉄鋼,3,3,0,0.922,0.0932,-0.0523,-0.4222,-0.0979,-1.6789,False,False
外部需求 → 日本,us_comp,鉄鋼,3,3,3,0.2603,0.1569,-0.4206,-0.5714,-1.1257,-1.4155,False,False
外部需求 → 日本,us_comp,鉄鋼,3,3,6,0.8873,0.8574,0.0417,0.087,0.1418,0.1796,False,False
外部需求 → 日本,us_comp,鉄鋼,3,6,0,0.3734,0.0602,-0.481,-0.9956,-0.8901,-1.8794,False,False
外部需求 → 日本,us_comp,鉄鋼,3,6,3,0.4158,0.4958,-0.3879,-0.4726,-0.8138,-0.6811,False,False
外部需求 → 日本,us_comp,鉄鋼,3,6,6,0.5577,0.9405,0.1769,-0.0487,0.5862,-0.0747,False,False
外部需求 → 日本,us_comp,鉄鋼,6,1,0,0.9552,0.0102,-0.006,-0.2774,-0.0562,-2.5693,False,False
外部需求 → 日本,us_comp,鉄鋼,6,1,3,0.6414,0.4503,-0.0405,-0.0996,-0.4658,-0.7549,False,False
外部需求 → 日本,us_comp,鉄鋼,6,1,6,0.7427,0.8326,0.0196,0.0299,0.3283,0.2113,False,False
外部需求 → 日本,us_comp,鉄鋼,6,3,0,0.659,0.027,-0.1084,-0.5886,-0.4412,-2.2115,False,False
外部需求 → 日本,us_comp,鉄鋼,6,3,3,0.6279,0.4217,-0.0978,-0.3272,-0.4847,-0.8036,False,False
外部需求 → 日本,us_comp,鉄鋼,6,3,6,0.4626,0.919,0.0905,-0.0428,0.7346,-0.1017,False,False
外部需求 → 日本,us_comp,鉄鋼,6,6,0,0.5154,0.1126,-0.2126,-0.9197,-0.6504,-1.5866,False,False
外部需求 → 日本,us_comp,鉄鋼,6,6,3,0.9514,0.6343,-0.0144,-0.3528,-0.0609,-0.4756,False,False
外部需求 → 日本,us_comp,鉄鋼,6,6,6,0.4472,0.7228,0.1177,-0.2111,0.7601,-0.3548,False,False
外部需求 → 日本,us_comp,鉱業,1,1,0,0.9976,0.5148,0.0019,0.2871,0.003,0.6514,False,False
外部需求 → 日本,us_comp,鉱業,1,1,3,0.4569,0.0429,-0.4577,1.1246,-0.744,2.0246,False,False
外部需求 → 日本,us_comp,鉱業,1,1,6,0.9312,0.0433,0.0509,1.0104,0.0863,2.0206,False,False
外部需求 → 日本,us_comp,鉱業,1,3,0,0.5831,0.9176,-0.6341,0.0821,-0.5488,0.1034,False,False
外部需求 → 日本,us_comp,鉱業,1,3,3,0.488,0.4486,-0.5944,0.6914,-0.6935,0.7578,False,False
外部需求 → 日本,us_comp,鉱業,1,3,6,0.6799,0.8012,-0.3591,0.2558,-0.4126,0.2518,False,False
外部需求 → 日本,us_comp,鉱業,1,6,0,0.4149,0.5782,-1.3416,0.4945,-0.8153,0.556,False,False
外部需求 → 日本,us_comp,鉱業,1,6,3,0.4927,0.474,-0.9621,0.9496,-0.6861,0.7159,False,False
外部需求 → 日本,us_comp,鉱業,1,6,6,0.3541,0.1485,1.486,1.8401,0.9266,1.4447,False,False
外部需求 → 日本,us_comp,鉱業,3,1,0,0.5846,0.7418,-0.1202,0.0846,-0.5466,0.3295,False,False
外部需求 → 日本,us_comp,鉱業,3,1,3,0.8117,0.4599,-0.0422,0.2256,-0.2382,0.7389,False,False
外部需求 → 日本,us_comp,鉱業,3,1,6,0.8794,0.9829,-0.025,0.0071,-0.1518,0.0214,False,False
外部需求 → 日本,us_comp,鉱業,3,3,0,0.2359,0.1784,-0.4428,0.6781,-1.1853,1.3457,False,False
外部需求 → 日本,us_comp,鉱業,3,3,3,0.8127,0.8252,-0.0838,0.1547,-0.2369,0.2209,False,False
外部需求 → 日本,us_comp,鉱業,3,3,6,0.7219,0.605,0.1566,0.3787,0.3559,0.5173,False,False
外部需求 → 日本,us_comp,鉱業,3,6,0,0.3466,0.332,-0.5773,0.8369,-0.9413,0.9701,False,False
外部需求 → 日本,us_comp,鉱業,3,6,3,0.9297,0.6016,0.0597,0.6186,0.0883,0.5221,False,False
外部需求 → 日本,us_comp,鉱業,3,6,6,0.1915,0.1055,0.9215,1.8504,1.3061,1.6185,False,False
外部需求 → 日本,us_comp,鉱業,6,1,0,0.5578,0.3271,-0.0576,0.1798,-0.5861,0.9799,False,False
外部需求 → 日本,us_comp,鉱業,6,1,3,0.8661,0.5493,-0.0153,0.1648,-0.1686,0.5988,False,False
外部需求 → 日本,us_comp,鉱業,6,1,6,0.3682,0.0659,0.0908,0.3727,0.8998,1.8389,False,False
外部需求 → 日本,us_comp,鉱業,6,3,0,0.5105,0.3524,-0.1499,0.5009,-0.6581,0.9299,False,False
外部需求 → 日本,us_comp,鉱業,6,3,3,0.8424,0.6318,0.0473,0.3271,0.1988,0.4792,False,False
外部需求 → 日本,us_comp,鉱業,6,3,6,0.2367,0.0443,0.3161,1.0546,1.1834,2.0115,False,False
外部需求 → 日本,us_comp,鉱業,6,6,0,0.7686,0.4125,-0.1235,0.8858,-0.2942,0.8194,False,False
外部需求 → 日本,us_comp,鉱業,6,6,3,0.3965,0.1652,0.3625,1.5167,0.8478,1.3877,False,False
外部需求 → 日本,us_comp,鉱業,6,6,6,0.0365,0.1057,0.7087,1.4031,2.0909,1.6178,False,False
外部需求 → 日本,us_comp,銀行業,1,1,0,0.4269,0.5,-0.2592,0.2452,-0.7946,0.6744,False,False
外部需求 → 日本,us_comp,銀行業,1,1,3,0.7427,0.075,0.1178,-0.6313,0.3283,-1.7806,False,False
外部需求 → 日本,us_comp,銀行業,1,1,6,0.0051,0.1395,0.7642,0.6211,2.8003,1.4778,False,False
外部需求 → 日本,us_comp,銀行業,1,3,0,0.7467,0.0406,0.2427,1.3117,0.323,2.0471,False,False
外部需求 → 日本,us_comp,銀行業,1,3,3,0.0511,0.9707,1.3495,-0.0259,1.9509,-0.0368,False,False
外部需求 → 日本,us_comp,銀行業,1,3,6,0.0034,0.8142,1.7862,0.1985,2.9303,0.235,True,False
外部需求 → 日本,us_comp,銀行業,1,6,0,0.1061,0.1368,1.6401,1.0999,1.616,1.488,False,False
外部需求 → 日本,us_comp,銀行業,1,6,3,0.0038,0.9548,3.1564,0.0666,2.8962,0.0566,False,False
外部需求 → 日本,us_comp,銀行業,1,6,6,0.0006,0.2323,3.5222,1.1836,3.4271,1.1946,True,False
外部需求 → 日本,us_comp,銀行業,3,1,0,0.8338,0.0211,0.0285,0.4563,0.2098,2.3059,False,False
外部需求 → 日本,us_comp,銀行業,3,1,3,0.063,0.9173,0.1988,-0.0219,1.8589,-0.1038,False,False
外部需求 → 日本,us_comp,銀行業,3,1,6,0.0036,0.8609,0.2704,0.056,2.9071,0.1752,True,False
外部需求 → 日本,us_comp,銀行業,3,3,0,0.3955,0.2926,0.2776,0.4606,0.8497,1.0524,False,False
外部需求 → 日本,us_comp,銀行業,3,3,3,0.0,0.2558,0.8308,0.8026,4.0772,1.1363,True,False
外部需求 → 日本,us_comp,銀行業,3,3,6,0.006,0.4358,0.7145,-0.3794,2.7451,-0.7792,False,False
外部需求 → 日本,us_comp,銀行業,3,6,0,0.0025,0.1828,1.1257,1.1388,3.0249,1.3321,True,False
外部需求 → 日本,us_comp,銀行業,3,6,3,0.0001,0.7445,1.5505,0.3466,4.0239,0.3259,True,False
外部需求 → 日本,us_comp,銀行業,3,6,6,0.0018,0.6293,1.2463,0.3972,3.1284,0.4828,True,False
外部需求 → 日本,us_comp,銀行業,6,1,0,0.3017,0.1223,0.0711,0.256,1.0328,1.5451,False,False
外部需求 → 日本,us_comp,銀行業,6,1,3,0.0025,0.8941,0.1506,0.0305,3.0255,0.1332,True,False
外部需求 → 日本,us_comp,銀行業,6,1,6,0.0061,0.1751,0.1608,0.2598,2.7419,1.3559,False,False
外部需求 → 日本,us_comp,銀行業,6,3,0,0.0133,0.166,0.3578,0.7998,2.4751,1.3853,False,False
外部需求 → 日本,us_comp,銀行業,6,3,3,0.0003,0.7039,0.4961,0.2459,3.6333,0.38,True,False
外部需求 → 日本,us_comp,銀行業,6,3,6,0.0087,0.4797,0.3844,0.3461,2.6239,0.7068,False,False
外部需求 → 日本,us_comp,銀行業,6,6,0,0.0,0.4266,0.8611,0.9429,4.1528,0.795,True,False
外部需求 → 日本,us_comp,銀行業,6,6,3,0.0005,0.6519,0.8833,0.4939,3.4607,0.4511,True,False
外部需求 → 日本,us_comp,銀行業,6,6,6,0.0013,0.6922,0.5789,0.378,3.2211,0.3959,True,False
外部需求 → 日本,us_comp,電気・ガス業,1,1,0,0.1034,0.8537,-0.811,-0.0622,-1.6287,-0.1844,False,False
外部需求 → 日本,us_comp,電気・ガス業,1,1,3,0.2803,0.1604,0.6848,-0.5436,1.0797,-1.4036,False,False
外部需求 → 日本,us_comp,電気・ガス業,1,1,6,0.1969,0.6902,0.6788,-0.1592,1.2905,-0.3986,False,False
外部需求 → 日本,us_comp,電気・ガス業,1,3,0,0.7497,0.6886,-0.5758,0.2102,-0.319,0.4008,False,False
外部需求 → 日本,us_comp,電気・ガス業,1,3,3,0.1028,0.6111,2.3786,-0.32,1.6314,-0.5085,False,False
外部需求 → 日本,us_comp,電気・ガス業,1,3,6,0.212,0.2325,2.1579,-0.6892,1.2481,-1.1941,False,False
外部需求 → 日本,us_comp,電気・ガス業,1,6,0,0.4265,0.8622,2.0103,-0.1474,0.7952,-0.1736,False,False
外部需求 → 日本,us_comp,電気・ガス業,1,6,3,0.0265,0.2079,4.7387,-0.9979,2.2193,-1.2594,False,False
外部需求 → 日本,us_comp,電気・ガス業,1,6,6,0.4239,0.7264,2.5019,0.3148,0.7997,0.3499,False,False
外部需求 → 日本,us_comp,電気・ガス業,3,1,0,0.9895,0.6407,0.0036,0.0839,0.0131,0.4667,False,False
外部需求 → 日本,us_comp,電気・ガス業,3,1,3,0.0961,0.9215,0.3743,-0.0204,1.664,-0.0986,False,False
外部需求 → 日本,us_comp,電気・ガス業,3,1,6,0.29,0.3366,0.2633,-0.1817,1.0582,-0.9608,False,False
外部需求 → 日本,us_comp,電気・ガス業,3,3,0,0.5659,0.847,0.4232,-0.0718,0.5742,-0.193,False,False
外部需求 → 日本,us_comp,電気・ガス業,3,3,3,0.0253,0.764,1.1256,-0.133,2.2362,-0.3003,False,False
外部需求 → 日本,us_comp,電気・ガス業,3,3,6,0.3668,0.2916,0.7529,-0.4549,0.9025,-1.0547,False,False
外部需求 → 日本,us_comp,電気・ガス業,3,6,0,0.0253,0.7681,1.6187,-0.2104,2.2373,-0.2949,False,False
外部需求 → 日本,us_comp,電気・ガス業,3,6,3,0.0941,0.3514,1.9233,-0.5448,1.6741,-0.9319,False,False
外部需求 → 日本,us_comp,電気・ガス業,3,6,6,0.5757,0.3521,0.6891,0.6825,0.5597,0.9306,False,False
外部需求 → 日本,us_comp,電気・ガス業,6,1,0,0.3304,0.8105,0.1367,0.0341,0.9733,0.2398,False,False
外部需求 → 日本,us_comp,電気・ガス業,6,1,3,0.0987,0.2661,0.2081,-0.158,1.6512,-1.1121,False,False
外部需求 → 日本,us_comp,電気・ガス業,6,1,6,0.6178,0.4927,0.0668,0.1181,0.499,0.686,False,False
外部需求 → 日本,us_comp,電気・ガス業,6,3,0,0.0502,0.8228,0.5261,-0.0827,1.9585,-0.224,False,False
外部需求 → 日本,us_comp,電気・ガス業,6,3,3,0.1605,0.3105,0.5885,-0.3748,1.4033,-1.0141,False,False
外部需求 → 日本,us_comp,電気・ガス業,6,3,6,0.629,0.3341,0.2016,0.4065,0.4831,0.9659,False,False
外部需求 → 日本,us_comp,電気・ガス業,6,6,0,0.0212,0.4949,1.1508,-0.4398,2.3039,-0.6825,False,False
外部需求 → 日本,us_comp,電気・ガス業,6,6,3,0.3224,0.9011,0.8034,0.085,0.9896,0.1242,False,False
外部需求 → 日本,us_comp,電気・ガス業,6,6,6,0.7684,0.3187,0.1693,0.7077,0.2944,0.9971,False,False
外部需求 → 日本,us_comp,電気機器,1,1,0,0.4102,0.0097,0.1941,-0.66,0.8235,-2.5863,False,False
外部需求 → 日本,us_comp,電気機器,1,1,3,0.2184,0.6451,-0.3244,0.1432,-1.2308,0.4605,False,False
外部需求 → 日本,us_comp,電気機器,1,1,6,0.3401,0.0261,-0.2018,-0.6951,-0.9539,-2.2254,False,False
外部需求 → 日本,us_comp,電気機器,1,3,0,0.7477,0.0506,-0.2432,-0.8369,-0.3217,-1.9545,False,False
外部需求 → 日本,us_comp,電気機器,1,3,3,0.0491,0.2879,-0.9712,0.5796,-1.9676,1.0626,False,False
外部需求 → 日本,us_comp,電気機器,1,3,6,0.1129,0.9625,-0.9116,-0.0259,-1.5854,-0.047,False,False
外部需求 → 日本,us_comp,電気機器,1,6,0,0.1731,0.8922,-1.3605,-0.0917,-1.3623,-0.1355,False,False
外部需求 → 日本,us_comp,電気機器,1,6,3,0.0114,0.3795,-1.9397,0.5815,-2.5291,0.8788,False,False
外部需求 → 日本,us_comp,電気機器,1,6,6,0.0317,0.7385,-1.8157,-0.1887,-2.1487,-0.3338,False,False
外部需求 → 日本,us_comp,電気機器,3,1,0,0.6637,0.032,-0.0538,-0.3046,-0.4347,-2.1442,False,False
外部需求 → 日本,us_comp,電気機器,3,1,3,0.0762,0.3302,-0.1543,0.1979,-1.7733,0.9738,False,False
外部需求 → 日本,us_comp,電気機器,3,1,6,0.1579,0.9642,-0.1168,0.0089,-1.4121,0.0449,False,False
外部需求 → 日本,us_comp,電気機器,3,3,0,0.3313,0.269,-0.2731,-0.2747,-0.9715,-1.1054,False,False
外部需求 → 日本,us_comp,電気機器,3,3,3,0.0308,0.9929,-0.4286,0.0044,-2.1601,0.0089,False,False
外部需求 → 日本,us_comp,電気機器,3,3,6,0.137,0.1547,-0.3849,0.4379,-1.4869,1.4232,False,False
外部需求 → 日本,us_comp,電気機器,3,6,0,0.0165,0.6406,-0.7687,-0.2457,-2.3983,-0.4668,False,False
外部需求 → 日本,us_comp,電気機器,3,6,3,0.0214,0.4867,-0.8477,0.4136,-2.3016,0.6955,False,False
外部需求 → 日本,us_comp,電気機器,3,6,6,0.0272,0.7183,-0.6575,0.1505,-2.2088,0.3607,False,False
外部需求 → 日本,us_comp,電気機器,6,1,0,0.2614,0.4595,-0.0653,-0.08,-1.1231,-0.7397,False,False
外部需求 → 日本,us_comp,電気機器,6,1,3,0.0801,0.4852,-0.0837,0.1004,-1.7503,0.698,False,False
外部需求 → 日本,us_comp,電気機器,6,1,6,0.1247,0.4379,-0.0706,-0.0786,-1.5355,-0.7758,False,False
外部需求 → 日本,us_comp,電気機器,6,3,0,0.0467,0.5215,-0.2291,-0.2076,-1.9888,-0.6411,False,False
外部需求 → 日本,us_comp,電気機器,6,3,3,0.0725,0.4688,-0.2483,0.2639,-1.7957,0.7244,False,False
外部需求 → 日本,us_comp,電気機器,6,3,6,0.0776,0.7641,-0.2065,0.0828,-1.7649,0.3001,False,False
外部需求 → 日本,us_comp,電気機器,6,6,0,0.0062,0.9347,-0.5108,0.0517,-2.739,0.082,False,False
外部需求 → 日本,us_comp,電気機器,6,6,3,0.0335,0.5568,-0.4649,0.3097,-2.1262,0.5877,False,False
外部需求 → 日本,us_comp,電気機器,6,6,6,0.0094,0.4762,-0.3258,0.3834,-2.5966,0.7125,False,False
外部需求 → 日本,us_comp,非鉄金属,1,1,0,0.3183,0.0407,0.3803,-0.7404,0.998,-2.0468,False,False
外部需求 → 日本,us_comp,非鉄金属,1,1,3,0.5732,0.662,-0.2132,0.164,-0.5634,0.4371,False,False
外部需求 → 日本,us_comp,非鉄金属,1,1,6,0.3434,0.1656,-0.3122,-0.6757,-0.9475,-1.3866,False,False
外部需求 → 日本,us_comp,非鉄金属,1,3,0,0.9455,0.9916,-0.071,0.0062,-0.0684,0.0105,False,False
外部需求 → 日本,us_comp,非鉄金属,1,3,3,0.3035,0.9072,-0.9137,0.0838,-1.029,0.1166,False,False
外部需求 → 日本,us_comp,非鉄金属,1,3,6,0.3562,0.4182,-0.8366,0.6102,-0.9226,0.8095,False,False
外部需求 → 日本,us_comp,非鉄金属,1,6,0,0.4771,0.5849,-1.1233,0.4901,-0.711,0.5463,False,False
外部需求 → 日本,us_comp,非鉄金属,1,6,3,0.1196,0.3288,-1.9499,1.0136,-1.5566,0.9766,False,False
外部需求 → 日本,us_comp,非鉄金属,1,6,6,0.2572,0.4653,-1.5688,0.7961,-1.1331,0.7301,False,False
外部需求 → 日本,us_comp,非鉄金属,3,1,0,0.7449,0.8711,-0.0512,0.0307,-0.3254,0.1623,False,False
外部需求 → 日本,us_comp,非鉄金属,3,1,3,0.3966,0.6492,-0.1302,0.1075,-0.8477,0.4549,False,False
外部需求 → 日本,us_comp,非鉄金属,3,1,6,0.4641,0.6712,-0.1017,0.1167,-0.7321,0.4245,False,False
外部需求 → 日本,us_comp,非鉄金属,3,3,0,0.6136,0.0838,-0.2257,0.7069,-0.505,1.729,False,False
外部需求 → 日本,us_comp,非鉄金属,3,3,3,0.1231,0.9602,-0.499,-0.0316,-1.5417,-0.0499,False,False
外部需求 → 日本,us_comp,非鉄金属,3,3,6,0.4899,0.5605,-0.2818,0.3504,-0.6905,0.5821,False,False
外部需求 → 日本,us_comp,非鉄金属,3,6,0,0.1321,0.289,-0.794,0.7853,-1.5059,1.0603,False,False
外部需求 → 日本,us_comp,非鉄金属,3,6,3,0.1582,0.6986,-0.8526,0.4413,-1.4111,0.3872,False,False
外部需求 → 日本,us_comp,非鉄金属,3,6,6,0.2193,0.3299,-0.5951,1.0482,-1.2284,0.9744,False,False
外部需求 → 日本,us_comp,非鉄金属,6,1,0,0.4967,0.6416,-0.061,0.0792,-0.6797,0.4655,False,False
外部需求 → 日本,us_comp,非鉄金属,6,1,3,0.3671,0.4916,-0.0721,0.1511,-0.9019,0.6878,False,False
外部需求 → 日本,us_comp,非鉄金属,6,1,6,0.4969,0.561,-0.049,0.1038,-0.6794,0.5813,False,False
外部需求 → 日本,us_comp,非鉄金属,6,3,0,0.2933,0.4601,-0.2171,0.3453,-1.0508,0.7386,False,False
外部需求 → 日本,us_comp,非鉄金属,6,3,3,0.2731,0.8264,-0.2422,0.1403,-1.096,0.2193,False,False
外部需求 → 日本,us_comp,非鉄金属,6,3,6,0.3571,0.2912,-0.1761,0.5962,-0.9208,1.0554,False,False
外部需求 → 日本,us_comp,非鉄金属,6,6,0,0.1116,0.5461,-0.5034,0.6276,-1.5909,0.6036,False,False
外部需求 → 日本,us_comp,非鉄金属,6,6,3,0.2023,0.4798,-0.4505,0.8734,-1.275,0.7067,False,False
外部需求 → 日本,us_comp,非鉄金属,6,6,6,0.0774,0.513,-0.4059,0.8019,-1.7661,0.6542,False,False
外部需求 → 日本,us_comp,食料品,1,1,0,0.5792,0.1083,-0.1776,0.4166,-0.5545,1.6057,False,False
外部需求 → 日本,us_comp,食料品,1,1,3,0.0512,0.8806,0.6272,-0.0468,1.9497,-0.1503,False,False
外部需求 → 日本,us_comp,食料品,1,1,6,0.1722,0.5897,0.4381,0.182,1.3651,0.5392,False,False
外部需求 → 日本,us_comp,食料品,1,3,0,0.4202,0.4809,0.7992,0.2713,0.806,0.7048,False,False
外部需求 → 日本,us_comp,食料品,1,3,3,0.0589,0.5981,1.646,0.2604,1.8887,0.5271,False,False
外部需求 → 日本,us_comp,食料品,1,3,6,0.3826,0.2367,1.0042,-0.5709,0.8731,-1.1833,False,False
外部需求 → 日本,us_comp,食料品,1,6,0,0.0961,0.283,2.4679,0.4908,1.664,1.0736,False,False
外部需求 → 日本,us_comp,食料品,1,6,3,0.0798,0.574,2.794,-0.3448,1.7517,-0.5622,False,False
外部需求 → 日本,us_comp,食料品,1,6,6,0.5229,0.8225,1.0149,-0.1345,0.6389,-0.2243,False,False
外部需求 → 日本,us_comp,食料品,3,1,0,0.3767,0.5074,0.127,0.0795,0.8839,0.6629,False,False
外部需求 → 日本,us_comp,食料品,3,1,3,0.0731,0.444,0.2388,0.1159,1.7923,0.7655,False,False
外部需求 → 日本,us_comp,食料品,3,1,6,0.4411,0.2677,0.134,-0.1846,0.7703,-1.1083,False,False
外部需求 → 日本,us_comp,食料品,3,3,0,0.0912,0.6734,0.6186,0.0952,1.6889,0.4215,False,False
外部需求 → 日本,us_comp,食料品,3,3,3,0.0694,0.3768,0.6915,0.2765,1.816,0.8838,False,False
外部需求 → 日本,us_comp,食料品,3,3,6,0.5727,0.236,0.2701,-0.514,0.5641,-1.1851,False,False
外部需求 → 日本,us_comp,食料品,3,6,0,0.0089,0.3023,1.3249,0.3577,2.6169,1.0315,False,False
外部需求 → 日本,us_comp,食料品,3,6,3,0.188,0.6531,0.9966,-0.259,1.3166,-0.4494,False,False
外部需求 → 日本,us_comp,食料品,3,6,6,0.6512,0.8305,0.2106,0.0957,0.4521,0.2141,False,False
外部需求 → 日本,us_comp,食料品,6,1,0,0.1053,0.1997,0.1197,0.1159,1.6199,1.2825,False,False
外部需求 → 日本,us_comp,食料品,6,1,3,0.1721,0.7276,0.1251,-0.0466,1.3654,-0.3483,False,False
外部需求 → 日本,us_comp,食料品,6,1,6,0.715,0.7856,0.0288,0.028,0.3652,0.272,False,False
外部需求 → 日本,us_comp,食料品,6,3,0,0.0181,0.2355,0.4259,0.2464,2.3638,1.1864,False,False
外部需求 → 日本,us_comp,食料品,6,3,3,0.2746,0.7365,0.3046,-0.1137,1.0926,-0.3365,False,False
外部需求 → 日本,us_comp,食料品,6,3,6,0.7838,0.7669,0.0468,0.0797,0.2743,0.2964,False,False
外部需求 → 日本,us_comp,食料品,6,6,0,0.061,0.8033,0.7458,0.115,1.8738,0.249,False,False
外部需求 → 日本,us_comp,食料品,6,6,3,0.376,0.9199,0.3695,-0.0525,0.8852,-0.1005,False,False
外部需求 → 日本,us_comp,食料品,6,6,6,0.5591,0.8989,0.1328,0.043,0.5842,0.1271,False,False
外部需求 → 日本,us_elec,T1,1,1,0,0.2503,0.0917,0.6055,0.6098,1.1496,1.6867,False,False
外部需求 → 日本,us_elec,T1,1,1,3,0.2968,0.3343,-0.5432,-0.3195,-1.0432,-0.9656,False,False
外部需求 → 日本,us_elec,T1,1,1,6,0.9157,0.9142,0.0593,-0.0397,0.1058,-0.1077,False,False
外部需求 → 日本,us_elec,T1,1,3,0,0.6019,0.4022,0.7847,0.457,0.5216,0.8377,False,False
外部需求 → 日本,us_elec,T1,1,3,3,0.9233,0.6154,-0.1153,0.2836,-0.0963,0.5024,False,False
外部需求 → 日本,us_elec,T1,1,3,6,0.8148,0.5602,0.2232,-0.2938,0.2342,-0.5825,False,False
外部需求 → 日本,us_elec,T1,1,6,0,0.7593,0.3673,0.7027,0.7057,0.3064,0.9015,False,False
外部需求 → 日本,us_elec,T1,1,6,3,0.9781,0.7979,0.0445,0.1488,0.0275,0.2561,False,False
外部需求 → 日本,us_elec,T1,1,6,6,0.7363,0.5636,0.4437,-0.3588,0.3367,-0.5775,False,False
外部需求 → 日本,us_elec,T1,3,1,0,0.5275,0.3173,0.1856,0.1933,0.6318,0.9999,False,False
外部需求 → 日本,us_elec,T1,3,1,3,0.9308,0.3247,0.0225,0.2244,0.0868,0.9849,False,False
外部需求 → 日本,us_elec,T1,3,1,6,0.8448,0.6822,0.0368,-0.0831,0.1957,-0.4095,False,False
外部需求 → 日本,us_elec,T1,3,3,0,0.8739,0.7597,0.1402,-0.1274,0.1587,-0.3059,False,False
外部需求 → 日本,us_elec,T1,3,3,3,0.7557,0.3128,0.1921,0.5005,0.3111,1.0093,False,False
外部需求 → 日本,us_elec,T1,3,3,6,0.9463,0.3037,0.0287,-0.3963,0.0674,-1.0286,False,False
外部需求 → 日本,us_elec,T1,3,6,0,0.7762,0.6129,0.3157,0.3619,0.2843,0.5059,False,False
外部需求 → 日本,us_elec,T1,3,6,3,0.8163,0.69,0.1797,0.1808,0.2323,0.3988,False,False
外部需求 → 日本,us_elec,T1,3,6,6,0.9261,0.9421,0.0608,0.0373,0.0927,0.0727,False,False
外部需求 → 日本,us_elec,T1,6,1,0,0.6788,0.0566,0.0683,0.267,0.4141,1.9062,False,False
外部需求 → 日本,us_elec,T1,6,1,3,0.8877,0.5806,0.0176,0.0945,0.1413,0.5524,False,False
外部需求 → 日本,us_elec,T1,6,1,6,0.8735,0.9749,0.0153,-0.004,0.1593,-0.0315,False,False
外部需求 → 日本,us_elec,T1,6,3,0,0.7665,0.5531,0.1209,0.2479,0.297,0.5932,False,False
外部需求 → 日本,us_elec,T1,6,3,3,0.8236,0.859,0.0632,0.0748,0.2229,0.1776,False,False
外部需求 → 日本,us_elec,T1,6,3,6,0.9504,0.6584,0.0134,0.1453,0.0623,0.4421,False,False
外部需求 → 日本,us_elec,T1,6,6,0,0.7569,0.5373,0.166,0.3643,0.3096,0.6168,False,False
外部需求 → 日本,us_elec,T1,6,6,3,0.874,0.7174,0.0673,0.17,0.1586,0.3619,False,False
外部需求 → 日本,us_elec,T1,6,6,6,0.7074,0.2483,-0.1533,0.6071,-0.3753,1.1544,False,False
外部需求 → 日本,us_elec,T10,1,1,0,0.0564,0.3798,-0.6267,-0.2579,-1.9079,-0.8783,False,False
外部需求 → 日本,us_elec,T10,1,1,3,0.2418,0.5531,-0.4028,0.2104,-1.1705,0.5931,False,False
外部需求 → 日本,us_elec,T10,1,1,6,0.9299,0.7019,-0.0295,-0.1449,-0.088,-0.3828,False,False
外部需求 → 日本,us_elec,T10,1,3,0,0.2966,0.4957,-0.8467,0.3746,-1.0437,0.6812,False,False
外部需求 → 日本,us_elec,T10,1,3,3,0.0479,0.3394,-1.2343,-0.5306,-1.9784,-0.9553,False,False
外部需求 → 日本,us_elec,T10,1,3,6,0.0838,0.3829,-0.9393,-0.5289,-1.729,-0.8725,False,False
外部需求 → 日本,us_elec,T10,1,6,0,0.0991,0.888,-2.1915,-0.1075,-1.6495,-0.1408,False,False
外部需求 → 日本,us_elec,T10,1,6,3,0.0177,0.1761,-2.2492,-1.0878,-2.3725,-1.3527,False,False
外部需求 → 日本,us_elec,T10,1,6,6,0.0174,0.3426,-1.7376,-0.5843,-2.3774,-0.9491,False,False
外部需求 → 日本,us_elec,T10,3,1,0,0.3197,0.5218,-0.1781,0.1339,-0.9951,0.6406,False,False
外部需求 → 日本,us_elec,T10,3,1,3,0.0595,0.1585,-0.2596,-0.2735,-1.8846,-1.4102,False,False
外部需求 → 日本,us_elec,T10,3,1,6,0.2042,0.5624,-0.1811,-0.1317,-1.2696,-0.5792,False,False
外部需求 → 日本,us_elec,T10,3,3,0,0.2353,0.0676,-0.4816,0.7855,-1.1869,1.8275,False,False
外部需求 → 日本,us_elec,T10,3,3,3,0.0151,0.0319,-0.6754,-0.8733,-2.4303,-2.1455,False,False
外部需求 → 日本,us_elec,T10,3,3,6,0.0156,0.5568,-0.6391,-0.3347,-2.4185,-0.5876,False,False
外部需求 → 日本,us_elec,T10,3,6,0,0.0262,0.9073,-1.2038,-0.068,-2.2237,-0.1165,False,False
外部需求 → 日本,us_elec,T10,3,6,3,0.0013,0.0761,-1.3267,-1.2844,-3.2166,-1.7737,True,True
外部需求 → 日本,us_elec,T10,3,6,6,0.0276,0.3036,-0.7432,-0.4951,-2.2031,-1.0288,False,False
外部需求 → 日本,us_elec,T10,6,1,0,0.0434,0.4304,-0.1397,-0.1072,-2.0199,-0.7886,False,False
外部需求 → 日本,us_elec,T10,6,1,3,0.0333,0.1268,-0.1376,-0.2623,-2.1281,-1.5269,False,False
外部需求 → 日本,us_elec,T10,6,1,6,0.0917,0.2553,-0.0977,-0.1666,-1.6863,-1.1375,False,False
外部需求 → 日本,us_elec,T10,6,3,0,0.0386,0.788,-0.3611,-0.0964,-2.0686,-0.2689,False,False
外部需求 → 日本,us_elec,T10,6,3,3,0.0094,0.0925,-0.4113,-0.7558,-2.5958,-1.6825,False,False
外部需求 → 日本,us_elec,T10,6,3,6,0.0241,0.2285,-0.2302,-0.4654,-2.2557,-1.2043,False,False
外部需求 → 日本,us_elec,T10,6,6,0,0.0003,0.1699,-0.791,-0.8806,-3.5773,-1.3725,True,False
外部需求 → 日本,us_elec,T10,6,6,3,0.0032,0.1507,-0.6458,-1.109,-2.9482,-1.4371,True,False
外部需求 → 日本,us_elec,T10,6,6,6,0.1016,0.387,-0.3386,-0.3589,-1.6369,-0.8651,False,False
外部需求 → 日本,us_elec,T11,1,1,0,0.6836,0.1037,-0.159,-0.455,-0.4076,-1.627,False,False
外部需求 → 日本,us_elec,T11,1,1,3,0.3183,0.3738,-0.3409,0.328,-0.998,0.8893,False,False
外部需求 → 日本,us_elec,T11,1,1,6,0.4797,0.2214,0.2321,-0.469,0.7068,-1.2227,False,False
外部需求 → 日本,us_elec,T11,1,3,0,0.3722,0.3373,-0.6596,-0.4948,-0.8923,-0.9595,False,False
外部需求 → 日本,us_elec,T11,1,3,3,0.0661,0.4177,-1.0039,0.5021,-1.8374,0.8105,False,False
外部需求 → 日本,us_elec,T11,1,3,6,0.0596,0.0267,-1.0311,-1.1572,-1.8838,-2.2162,False,False
外部需求 → 日本,us_elec,T11,1,6,0,0.0624,0.962,-1.7291,0.0355,-1.8636,0.0477,False,False
外部需求 → 日本,us_elec,T11,1,6,3,0.0117,0.1172,-2.1093,-0.9062,-2.522,-1.5665,False,False
外部需求 → 日本,us_elec,T11,1,6,6,0.0088,0.0805,-1.9822,-1.4291,-2.6212,-1.7481,False,False
外部需求 → 日本,us_elec,T11,3,1,0,0.4171,0.3407,-0.1367,-0.2177,-0.8114,-0.9528,False,False
外部需求 → 日本,us_elec,T11,3,1,3,0.0906,0.7354,-0.2088,0.0943,-1.6924,0.3379,False,False
外部需求 → 日本,us_elec,T11,3,1,6,0.0904,0.0124,-0.1923,-0.4742,-1.6931,-2.5013,False,False
外部需求 → 日本,us_elec,T11,3,3,0,0.1485,0.7823,-0.4457,0.1307,-1.4448,0.2764,False,False
外部需求 → 日本,us_elec,T11,3,3,3,0.0361,0.8866,-0.5247,-0.1001,-2.0954,-0.1426,False,False
外部需求 → 日本,us_elec,T11,3,3,6,0.0002,0.2027,-0.8122,-0.8242,-3.6995,-1.2738,True,False
外部需求 → 日本,us_elec,T11,3,6,0,0.0083,0.9825,-0.9987,-0.0192,-2.6397,-0.022,False,False
外部需求 → 日本,us_elec,T11,3,6,3,0.0002,0.001,-1.3691,-1.1904,-3.7464,-3.3001,True,True
外部需求 → 日本,us_elec,T11,3,6,6,0.0006,0.4232,-1.075,-0.681,-3.4262,-0.801,True,False
外部需求 → 日本,us_elec,T11,6,1,0,0.093,0.5304,-0.1076,-0.1079,-1.6797,-0.6273,False,False
外部需求 → 日本,us_elec,T11,6,1,3,0.0431,0.0764,-0.1264,-0.2483,-2.0232,-1.7718,False,False
外部需求 → 日本,us_elec,T11,6,1,6,0.0185,0.1631,-0.1135,-0.2992,-2.3559,-1.3946,False,False
外部需求 → 日本,us_elec,T11,6,3,0,0.0123,0.9655,-0.303,-0.0252,-2.5035,-0.0432,False,False
外部需求 → 日本,us_elec,T11,6,3,3,0.0026,0.0499,-0.4157,-0.5793,-3.017,-1.9611,True,True
外部需求 → 日本,us_elec,T11,6,3,6,0.0017,0.3384,-0.3264,-0.5828,-3.1467,-0.9573,True,False
外部需求 → 日本,us_elec,T11,6,6,0,0.0002,0.1457,-0.7377,-0.7956,-3.7127,-1.455,True,False
外部需求 → 日本,us_elec,T11,6,6,3,0.0002,0.1205,-0.7585,-1.1919,-3.7706,-1.5526,True,False
外部需求 → 日本,us_elec,T11,6,6,6,0.0147,0.8489,-0.5164,-0.0824,-2.4397,-0.1905,False,False
外部需求 → 日本,us_elec,T13,1,1,0,0.579,0.5026,-0.2211,0.2916,-0.5548,0.6705,False,False
外部需求 → 日本,us_elec,T13,1,1,3,0.9736,0.0402,0.0115,0.9462,0.0331,2.0517,False,False
外部需求 → 日本,us_elec,T13,1,1,6,0.6677,0.5779,-0.1289,-0.2921,-0.4293,-0.5564,False,False
外部需求 → 日本,us_elec,T13,1,3,0,0.6111,0.9811,-0.349,-0.0181,-0.5085,-0.0236,False,False
外部需求 → 日本,us_elec,T13,1,3,3,0.9744,0.9647,0.0181,0.0394,0.0321,0.0442,False,False
外部需求 → 日本,us_elec,T13,1,3,6,0.0586,0.1791,-0.9943,-1.2692,-1.891,-1.3435,False,False
外部需求 → 日本,us_elec,T13,1,6,0,0.6604,0.8533,-0.4574,0.2047,-0.4394,0.1849,False,False
外部需求 → 日本,us_elec,T13,1,6,3,0.1544,0.2735,-1.0356,-1.0614,-1.4241,-1.0951,False,False
外部需求 → 日本,us_elec,T13,1,6,6,0.1993,0.8869,-0.8494,0.1776,-1.2836,0.1422,False,False
外部需求 → 日本,us_elec,T13,3,1,0,0.5844,0.8667,-0.0952,0.0469,-0.5469,0.1678,False,False
外部需求 → 日本,us_elec,T13,3,1,3,0.9578,0.9961,-0.0075,0.0015,-0.0529,0.0049,False,False
外部需求 → 日本,us_elec,T13,3,1,6,0.1181,0.0417,-0.1836,-0.6021,-1.5627,-2.0366,False,False
外部需求 → 日本,us_elec,T13,3,3,0,0.7067,0.2567,-0.1292,0.76,-0.3763,1.1341,False,False
外部需求 → 日本,us_elec,T13,3,3,3,0.7544,0.0213,-0.0901,-1.2041,-0.3129,-2.3027,False,False
外部需求 → 日本,us_elec,T13,3,3,6,0.1382,0.455,-0.3442,-0.472,-1.4825,-0.7471,False,False
外部需求 → 日本,us_elec,T13,3,6,0,0.5094,0.7678,-0.3122,-0.2722,-0.6598,-0.2953,False,False
外部需求 → 日本,us_elec,T13,3,6,3,0.2111,0.0279,-0.4861,-1.4796,-1.2506,-2.1981,False,False
外部需求 → 日本,us_elec,T13,3,6,6,0.8713,0.5901,-0.0588,0.5445,-0.162,0.5386,False,False
外部需求 → 日本,us_elec,T13,6,1,0,0.6604,0.8694,-0.0338,0.0481,-0.4393,0.1645,False,False
外部需求 → 日本,us_elec,T13,6,1,3,0.3738,0.0724,-0.0575,-0.358,-0.8894,-1.7965,False,False
外部需求 → 日本,us_elec,T13,6,1,6,0.3572,0.7092,-0.0451,-0.0859,-0.9207,-0.3729,False,False
外部需求 → 日本,us_elec,T13,6,3,0,0.6773,0.6122,-0.0674,-0.3014,-0.4162,-0.5069,False,False
外部需求 → 日本,us_elec,T13,6,3,3,0.3498,0.0274,-0.1287,-1.0287,-0.9349,-2.2058,False,False
外部需求 → 日本,us_elec,T13,6,3,6,0.9354,0.5507,-0.0104,0.353,-0.0811,0.5968,False,False
外部需求 → 日本,us_elec,T13,6,6,0,0.2963,0.0857,-0.2376,-1.1019,-1.0444,-1.7188,False,False
外部需求 → 日本,us_elec,T13,6,6,3,0.4548,0.5685,-0.1633,-0.5479,-0.7475,-0.5703,False,False
外部需求 → 日本,us_elec,T13,6,6,6,0.7178,0.0925,0.0808,1.3827,0.3613,1.6823,False,False
外部需求 → 日本,us_elec,T2,1,1,0,0.0803,0.1206,0.7219,0.4537,1.7487,1.5523,False,False
外部需求 → 日本,us_elec,T2,1,1,3,0.816,0.1364,0.094,-0.4549,0.2327,-1.4892,False,False
外部需求 → 日本,us_elec,T2,1,1,6,0.712,0.6669,-0.1682,0.137,-0.3691,0.4305,False,False
外部需求 → 日本,us_elec,T2,1,3,0,0.1868,0.1701,1.6702,0.6952,1.3201,1.3718,False,False
外部需求 → 日本,us_elec,T2,1,3,3,0.5189,0.014,0.734,-1.3248,0.645,-2.4573,False,False
外部需求 → 日本,us_elec,T2,1,3,6,0.7732,0.3186,0.3072,0.5608,0.2882,0.9974,False,False
外部需求 → 日本,us_elec,T2,1,6,0,0.1317,0.3773,2.6235,-0.583,1.5072,-0.8829,False,False
外部需求 → 日本,us_elec,T2,1,6,3,0.4721,0.3759,1.1849,-0.6514,0.7191,-0.8854,False,False
外部需求 → 日本,us_elec,T2,1,6,6,0.6319,0.3081,0.5404,0.7703,0.4791,1.0192,False,False
外部需求 → 日本,us_elec,T2,3,1,0,0.1663,0.1762,0.3273,0.2323,1.3841,1.3526,False,False
外部需求 → 日本,us_elec,T2,3,1,3,0.5,0.0126,0.1666,-0.4449,0.6745,-2.4945,False,False
外部需求 → 日本,us_elec,T2,3,1,6,0.8217,0.3077,0.0513,0.2083,0.2253,1.0201,False,False
外部需求 → 日本,us_elec,T2,3,3,0,0.2021,0.9132,0.7819,0.0487,1.2755,0.109,False,False
外部需求 → 日本,us_elec,T2,3,3,3,0.6173,0.009,0.3382,-0.9041,0.4996,-2.6106,False,False
外部需求 → 日本,us_elec,T2,3,3,6,0.7148,0.5178,0.1844,0.3417,0.3654,0.6467,False,False
外部需求 → 日本,us_elec,T2,3,6,0,0.1009,0.2299,1.2354,-0.8386,1.6407,-1.2006,False,False
外部需求 → 日本,us_elec,T2,3,6,3,0.4785,0.5336,0.5702,-0.4558,0.7088,-0.6226,False,False
外部需求 → 日本,us_elec,T2,3,6,6,0.9497,0.4428,-0.0277,0.5746,-0.0631,0.7675,False,False
外部需求 → 日本,us_elec,T2,6,1,0,0.203,0.4495,0.1579,-0.1138,1.2729,-0.7562,False,False
外部需求 → 日本,us_elec,T2,6,1,3,0.6267,0.3314,0.068,-0.1119,0.4864,-0.9713,False,False
外部需求 → 日本,us_elec,T2,6,1,6,0.8869,0.2733,0.0147,0.2006,0.1422,1.0954,False,False
外部需求 → 日本,us_elec,T2,6,3,0,0.241,0.1852,0.3577,-0.4968,1.1724,-1.3249,False,False
外部需求 → 日本,us_elec,T2,6,3,3,0.6017,0.3821,0.1608,-0.3093,0.522,-0.874,False,False
外部需求 → 日本,us_elec,T2,6,3,6,0.8924,0.3826,-0.0232,0.4145,-0.1352,0.8731,False,False
外部需求 → 日本,us_elec,T2,6,6,0,0.1547,0.2638,0.5698,-0.7405,1.4232,-1.1175,False,False
外部需求 → 日本,us_elec,T2,6,6,3,0.6368,0.8273,0.1637,0.1475,0.4722,0.2182,False,False
外部需求 → 日本,us_elec,T2,6,6,6,0.4743,0.1621,-0.1486,0.7403,-0.7155,1.3979,False,False
外部需求 → 日本,us_elec,T3,1,1,0,0.5184,0.7336,-0.1951,-0.1447,-0.6458,-0.3403,False,False
外部需求 → 日本,us_elec,T3,1,1,3,0.8716,0.0151,-0.0525,0.9997,-0.1617,2.4289,False,False
外部需求 → 日本,us_elec,T3,1,1,6,0.6504,0.0007,0.1289,-1.6393,0.4532,-3.3789,False,False
外部需求 → 日本,us_elec,T3,1,3,0,0.5748,0.9205,-0.5164,0.0683,-0.561,0.0998,False,False
外部需求 → 日本,us_elec,T3,1,3,3,0.4188,0.1749,-0.5716,0.8924,-0.8085,1.3567,False,False
外部需求 → 日本,us_elec,T3,1,3,6,0.2292,0.0245,-0.7537,-1.8576,-1.2024,-2.2488,False,False
外部需求 → 日本,us_elec,T3,1,6,0,0.2173,0.184,-1.0452,1.2655,-1.2337,1.3285,False,False
外部需求 → 日本,us_elec,T3,1,6,3,0.0498,0.243,-1.2862,-1.0758,-1.9621,-1.1674,False,False
外部需求 → 日本,us_elec,T3,1,6,6,0.0275,0.2834,-1.3669,-0.8887,-2.2042,-1.0728,False,False
外部需求 → 日本,us_elec,T3,3,1,0,0.614,0.6567,-0.0959,0.0964,-0.5043,0.4445,False,False
外部需求 → 日本,us_elec,T3,3,1,3,0.462,0.2318,-0.12,0.3047,-0.7356,1.1956,False,False
外部需求 → 日本,us_elec,T3,3,1,6,0.3397,0.0466,-0.136,-0.6728,-0.9548,-1.9895,False,False
外部需求 → 日本,us_elec,T3,3,3,0,0.5875,0.0408,-0.2441,1.2302,-0.5425,2.0451,False,False
外部需求 → 日本,us_elec,T3,3,3,3,0.3275,0.0004,-0.3474,-1.0979,-0.9791,-3.5498,False,False
外部需求 → 日本,us_elec,T3,3,3,6,0.0862,0.1768,-0.4653,-0.9486,-1.7157,-1.3507,False,False
外部需求 → 日本,us_elec,T3,3,6,0,0.0663,0.6416,-0.5652,0.2981,-1.8361,0.4654,False,False
外部需求 → 日本,us_elec,T3,3,6,3,0.0173,0.0283,-0.8026,-2.0499,-2.3811,-2.1934,False,False
外部需求 → 日本,us_elec,T3,3,6,6,0.0555,0.9723,-0.587,-0.024,-1.9151,-0.0348,False,False
外部需求 → 日本,us_elec,T3,6,1,0,0.4605,0.2555,-0.0631,0.2275,-0.7379,1.137,False,False
外部需求 → 日本,us_elec,T3,6,1,3,0.2523,0.094,-0.0807,-0.2271,-1.1447,-1.6746,False,False
外部需求 → 日本,us_elec,T3,6,1,6,0.1797,0.227,-0.0776,-0.2372,-1.3418,-1.2082,False,False
外部需求 → 日本,us_elec,T3,6,3,0,0.2489,0.9257,-0.1837,0.0444,-1.1529,0.0932,False,False
外部需求 → 日本,us_elec,T3,6,3,3,0.0835,0.0204,-0.2543,-1.2573,-1.7306,-2.3186,False,False
外部需求 → 日本,us_elec,T3,6,3,6,0.0869,0.705,-0.1871,-0.1529,-1.7122,-0.3785,False,False
外部需求 → 日本,us_elec,T3,6,6,0,0.0013,0.1184,-0.4266,-1.1011,-3.221,-1.5617,True,False
外部需求 → 日本,us_elec,T3,6,6,3,0.0258,0.1278,-0.4317,-1.2784,-2.2286,-1.523,False,False
外部需求 → 日本,us_elec,T3,6,6,6,0.2606,0.675,-0.1975,0.2874,-1.125,0.4193,False,False
外部需求 → 日本,us_elec,T4,1,1,0,0.6465,0.8944,0.1732,-0.0288,0.4587,-0.1327,False,False
外部需求 → 日本,us_elec,T4,1,1,3,0.6866,0.1655,-0.1266,0.3288,-0.4034,1.3869,False,False
外部需求 → 日本,us_elec,T4,1,1,6,0.9848,0.0482,0.0053,-0.3995,0.019,-1.9754,False,False
外部需求 → 日本,us_elec,T4,1,3,0,0.8562,0.9809,0.1042,0.0088,0.1812,0.0239,False,False
外部需求 → 日本,us_elec,T4,1,3,3,0.3338,0.3804,-0.4199,0.2734,-0.9665,0.8772,False,False
外部需求 → 日本,us_elec,T4,1,3,6,0.2424,0.0572,-0.623,-0.7514,-1.1691,-1.9018,False,False
外部需求 → 日本,us_elec,T4,1,6,0,0.6494,0.4625,-0.3294,0.3409,-0.4546,0.7347,False,False
外部需求 → 日本,us_elec,T4,1,6,3,0.0384,0.2018,-1.053,-0.5285,-2.071,-1.2765,False,False
外部需求 → 日本,us_elec,T4,1,6,6,0.0429,0.2825,-1.5419,-0.5185,-2.0251,-1.0747,False,False
外部需求 → 日本,us_elec,T4,3,1,0,0.8717,0.9568,0.0239,0.0075,0.1615,0.0541,False,False
外部需求 → 日本,us_elec,T4,3,1,3,0.4425,0.6382,-0.0808,0.0488,-0.768,0.4703,False,False
外部需求 → 日本,us_elec,T4,3,1,6,0.3818,0.0442,-0.1137,-0.2957,-0.8745,-2.0118,False,False
外部需求 → 日本,us_elec,T4,3,3,0,0.8633,0.293,-0.0508,0.3154,-0.1721,1.0515,False,False
外部需求 → 日本,us_elec,T4,3,3,3,0.3278,0.3567,-0.2319,-0.2721,-0.9785,-0.9217,False,False
外部需求 → 日本,us_elec,T4,3,3,6,0.0804,0.3008,-0.5334,-0.3229,-1.7481,-1.0347,False,False
外部需求 → 日本,us_elec,T4,3,6,0,0.3928,0.8613,-0.2821,0.0603,-0.8546,0.1747,False,False
外部需求 → 日本,us_elec,T4,3,6,3,0.0129,0.0508,-0.7625,-0.6161,-2.4857,-1.9535,False,False
外部需求 → 日本,us_elec,T4,3,6,6,0.0156,0.2818,-0.8464,-0.3315,-2.4185,-1.0764,False,False
外部需求 → 日本,us_elec,T4,6,1,0,0.7852,0.7567,-0.0169,0.025,-0.2726,0.3099,False,False
外部需求 → 日本,us_elec,T4,6,1,3,0.2794,0.0895,-0.0581,-0.1592,-1.0817,-1.6981,False,False
外部需求 → 日本,us_elec,T4,6,1,6,0.1897,0.0862,-0.0846,-0.1533,-1.3114,-1.7159,False,False
外部需求 → 日本,us_elec,T4,6,3,0,0.496,0.9557,-0.0828,-0.0104,-0.6807,-0.0556,False,False
外部需求 → 日本,us_elec,T4,6,3,3,0.0808,0.1314,-0.2386,-0.363,-1.746,-1.5084,False,False
外部需求 → 日本,us_elec,T4,6,3,6,0.0577,0.1806,-0.2588,-0.28,-1.8978,-1.3388,False,False
外部需求 → 日本,us_elec,T4,6,6,0,0.0423,0.162,-0.3203,-0.3726,-2.0308,-1.3985,False,False
外部需求 → 日本,us_elec,T4,6,6,3,0.0043,0.1196,-0.498,-0.5838,-2.8585,-1.5563,False,False
外部需求 → 日本,us_elec,T4,6,6,6,0.0071,0.2194,-0.4664,-0.2618,-2.6918,-1.2281,False,False
外部需求 → 日本,us_elec,T5,1,1,0,0.8952,0.8343,-0.0419,-0.0617,-0.1318,-0.2092,False,False
外部需求 → 日本,us_elec,T5,1,1,3,0.5872,0.436,0.1599,0.2416,0.5429,0.7789,False,False
外部需求 → 日本,us_elec,T5,1,1,6,0.9161,0.1866,-0.0305,-0.3557,-0.1054,-1.3208,False,False
外部需求 → 日本,us_elec,T5,1,3,0,0.3936,0.7823,0.4455,0.1402,0.853,0.2764,False,False
外部需求 → 日本,us_elec,T5,1,3,3,0.5417,0.8054,0.3132,0.1151,0.6102,0.2464,False,False
外部需求 → 日本,us_elec,T5,1,3,6,0.5947,0.9303,0.2247,-0.0418,0.532,-0.0875,False,False
外部需求 → 日本,us_elec,T5,1,6,0,0.4026,0.6286,0.7712,0.2926,0.837,0.4836,False,False
外部需求 → 日本,us_elec,T5,1,6,3,0.4292,0.7732,0.592,0.1314,0.7905,0.2881,False,False
外部需求 → 日本,us_elec,T5,1,6,6,0.3304,0.2143,0.4954,0.6542,0.9732,1.2419,False,False
外部需求 → 日本,us_elec,T5,3,1,0,0.3236,0.4242,0.0978,0.1408,0.987,0.7992,False,False
外部需求 → 日本,us_elec,T5,3,1,3,0.5065,0.5951,0.0678,0.0829,0.6644,0.5314,False,False
外部需求 → 日本,us_elec,T5,3,1,6,0.6281,0.943,0.048,0.0132,0.4844,0.0714,False,False
外部需求 → 日本,us_elec,T5,3,3,0,0.1086,0.2385,0.338,0.4787,1.6045,1.1788,False,False
外部需求 → 日本,us_elec,T5,3,3,3,0.712,0.9235,0.0904,-0.0248,0.3692,-0.0961,False,False
外部需求 → 日本,us_elec,T5,3,3,6,0.3774,0.7508,0.1596,0.1103,0.8828,0.3176,False,False
外部需求 → 日本,us_elec,T5,3,6,0,0.3213,0.2724,0.4093,0.4879,0.9917,1.0975,False,False
外部需求 → 日本,us_elec,T5,3,6,3,0.4805,0.7713,0.2431,0.1242,0.7054,0.2907,False,False
外部需求 → 日本,us_elec,T5,3,6,6,0.433,0.2283,0.2097,0.5411,0.7841,1.2047,False,False
外部需求 → 日本,us_elec,T5,6,1,0,0.3591,0.2918,0.0493,0.1455,0.9171,1.0542,False,False
外部需求 → 日本,us_elec,T5,6,1,3,0.5182,0.3778,0.0345,0.0716,0.6462,0.882,False,False
外部需求 → 日本,us_elec,T5,6,1,6,0.5671,0.305,0.0235,0.1219,0.5724,1.0257,False,False
外部需求 → 日本,us_elec,T5,6,3,0,0.3343,0.2841,0.1316,0.306,0.9655,1.0711,False,False
外部需求 → 日本,us_elec,T5,6,3,3,0.507,0.7708,0.0765,0.0757,0.6636,0.2913,False,False
外部需求 → 日本,us_elec,T5,6,3,6,0.494,0.4509,0.0613,0.2444,0.684,0.7539,False,False
外部需求 → 日本,us_elec,T5,6,6,0,0.402,0.3228,0.1976,0.4337,0.8381,0.9888,False,False
外部需求 → 日本,us_elec,T5,6,6,3,0.4112,0.3534,0.1402,0.4255,0.8217,0.928,False,False
外部需求 → 日本,us_elec,T5,6,6,6,0.2728,0.6881,0.2188,0.2386,1.0966,0.4015,False,False
外部需求 → 日本,us_elec,T6,1,1,0,0.7161,0.0504,0.1462,0.4373,0.3636,1.9565,False,False
外部需求 → 日本,us_elec,T6,1,1,3,0.1067,0.2026,0.5919,0.3328,1.6133,1.2743,False,False
外部需求 → 日本,us_elec,T6,1,1,6,0.6632,0.0855,0.1414,-0.451,0.4355,-1.7194,False,False
外部需求 → 日本,us_elec,T6,1,3,0,0.5008,0.8567,0.6957,0.0728,0.6733,0.1806,False,False
外部需求 → 日本,us_elec,T6,1,3,3,0.2638,0.517,0.8069,0.2575,1.1174,0.648,False,False
外部需求 → 日本,us_elec,T6,1,3,6,0.0436,0.3016,1.1464,-0.3874,2.0184,-1.0331,False,False
外部需求 → 日本,us_elec,T6,1,6,0,0.3308,0.4603,1.5338,0.3918,0.9724,0.7384,False,False
外部需求 → 日本,us_elec,T6,1,6,3,0.1065,0.811,2.0005,-0.1226,1.6139,-0.2391,False,False
外部需求 → 日本,us_elec,T6,1,6,6,0.039,0.6829,2.2389,0.2034,2.064,0.4085,False,False
外部需求 → 日本,us_elec,T6,3,1,0,0.5551,0.6407,0.1266,0.0616,0.5901,0.4667,False,False
外部需求 → 日本,us_elec,T6,3,1,3,0.2856,0.4217,0.161,0.1238,1.0678,0.8034,False,False
外部需求 → 日本,us_elec,T6,3,1,6,0.0613,0.2925,0.2123,-0.1897,1.8715,-1.0526,False,False
外部需求 → 日本,us_elec,T6,3,3,0,0.2941,0.6429,0.4874,0.1596,1.0492,0.4637,False,False
外部需求 → 日本,us_elec,T6,3,3,3,0.2593,0.7196,0.4028,-0.1036,1.1279,-0.359,False,False
外部需求 → 日本,us_elec,T6,3,3,6,0.0001,0.4805,0.8231,-0.193,3.8393,-0.7054,True,False
外部需求 → 日本,us_elec,T6,3,6,0,0.167,0.8146,0.9268,0.1248,1.3819,0.2345,False,False
外部需求 → 日本,us_elec,T6,3,6,3,0.0041,0.6716,1.2612,-0.211,2.8702,-0.4239,False,False
外部需求 → 日本,us_elec,T6,3,6,6,0.0004,0.879,1.3897,0.0716,3.5213,0.1522,True,False
外部需求 → 日本,us_elec,T6,6,1,0,0.3564,0.3458,0.0954,0.1142,0.9222,0.9429,False,False
外部需求 → 日本,us_elec,T6,6,1,3,0.0779,0.8577,0.1142,-0.0217,1.7632,-0.1793,False,False
外部需求 → 日本,us_elec,T6,6,1,6,0.0075,0.6908,0.134,-0.0361,2.675,-0.3978,False,False
外部需求 → 日本,us_elec,T6,6,3,0,0.1807,0.906,0.2897,0.0379,1.3387,0.118,False,False
外部需求 → 日本,us_elec,T6,6,3,3,0.0028,0.6051,0.3753,-0.1467,2.9904,-0.5171,True,False
外部需求 → 日本,us_elec,T6,6,3,6,0.0,0.8953,0.4464,-0.0332,4.1219,-0.1317,True,False
外部需求 → 日本,us_elec,T6,6,6,0,0.0177,0.981,0.6876,-0.0132,2.371,-0.0238,False,False
外部需求 → 日本,us_elec,T6,6,6,3,0.0002,0.9057,0.8349,-0.0567,3.7745,-0.1185,True,False
外部需求 → 日本,us_elec,T6,6,6,6,0.0006,0.9499,0.8037,-0.0271,3.4548,-0.0629,True,False
外部需求 → 日本,us_elec,T7,1,1,0,0.3881,0.723,-0.7427,0.2145,-0.8631,0.3544,False,False
外部需求 → 日本,us_elec,T7,1,1,3,0.6881,0.6678,-0.2563,-0.2715,-0.4014,-0.4291,False,False
外部需求 → 日本,us_elec,T7,1,1,6,0.3909,0.1209,0.6009,0.8622,0.858,1.5511,False,False
外部需求 → 日本,us_elec,T7,1,3,0,0.0987,0.6062,-1.9443,0.4711,-1.6512,0.5155,False,False
外部需求 → 日本,us_elec,T7,1,3,3,0.6363,0.1969,-0.5672,-1.3906,-0.4729,-1.2905,False,False
外部需求 → 日本,us_elec,T7,1,3,6,0.9074,0.0509,0.159,1.848,0.1164,1.952,False,False
外部需求 → 日本,us_elec,T7,1,6,0,0.1156,0.3671,-2.5819,-0.9284,-1.5734,-0.9019,False,False
外部需求 → 日本,us_elec,T7,1,6,3,0.6928,0.6339,-0.534,0.4386,-0.3951,0.4762,False,False
外部需求 → 日本,us_elec,T7,1,6,6,0.2388,0.5917,-3.8694,0.655,-1.178,0.5364,False,False
外部需求 → 日本,us_elec,T7,3,1,0,0.0709,0.761,-0.3988,0.0914,-1.8063,0.3042,False,False
外部需求 → 日本,us_elec,T7,3,1,3,0.582,0.134,-0.1266,-0.5305,-0.5504,-1.4986,False,False
外部需求 → 日本,us_elec,T7,3,1,6,0.9204,0.0062,-0.0276,0.8506,-0.0999,2.7362,False,False
外部需求 → 日本,us_elec,T7,3,3,0,0.0601,0.3952,-0.85,-0.8417,-1.88,-0.8502,False,False
外部需求 → 日本,us_elec,T7,3,3,3,0.4337,0.7676,-0.4118,-0.1716,-0.7829,-0.2955,False,False
外部需求 → 日本,us_elec,T7,3,3,6,0.4179,0.024,-0.7706,1.3474,-0.8101,2.2576,False,False
外部需求 → 日本,us_elec,T7,3,6,0,0.099,0.2811,-1.2353,-1.0402,-1.6496,-1.0779,False,False
外部需求 → 日本,us_elec,T7,3,6,3,0.0431,0.1237,-1.2219,0.9965,-2.0224,1.5396,False,False
外部需求 → 日本,us_elec,T7,3,6,6,0.0301,0.2717,-3.3841,0.7509,-2.1684,1.0992,False,False
外部需求 → 日本,us_elec,T7,6,1,0,0.1066,0.3575,-0.1643,-0.2586,-1.6135,-0.9202,False,False
外部需求 → 日本,us_elec,T7,6,1,3,0.5656,0.4958,-0.0509,0.1495,-0.5745,0.6812,False,False
外部需求 → 日本,us_elec,T7,6,1,6,0.2757,0.1579,-0.2539,0.3255,-1.0901,1.4123,False,False
外部需求 → 日本,us_elec,T7,6,3,0,0.101,0.4384,-0.4114,-0.5114,-1.6401,-0.7749,False,False
外部需求 → 日本,us_elec,T7,6,3,3,0.1284,0.0935,-0.3927,0.7033,-1.5206,1.6773,False,False
外部需求 → 日本,us_elec,T7,6,3,6,0.0731,0.3621,-1.0203,0.4478,-1.7922,0.9114,False,False
外部需求 → 日本,us_elec,T7,6,6,0,0.0006,0.9379,-0.8083,0.049,-3.45,0.0779,True,False
外部需求 → 日本,us_elec,T7,6,6,3,0.0191,0.0993,-1.4902,1.1016,-2.3429,1.6484,False,False
外部需求 → 日本,us_elec,T7,6,6,6,0.0,0.5624,-2.567,0.3184,-4.5597,0.5793,True,False
外部需求 → 日本,us_elec,T8,1,1,0,0.9385,0.4138,0.0195,-0.2379,0.0772,-0.8172,False,False
外部需求 → 日本,us_elec,T8,1,1,3,0.8888,0.719,0.0345,0.1119,0.1398,0.3598,False,False
外部需求 → 日本,us_elec,T8,1,1,6,0.7318,0.3501,0.0929,0.3584,0.3427,0.9344,False,False
外部需求 → 日本,us_elec,T8,1,3,0,0.8073,0.3227,-0.0905,-0.513,-0.2439,-0.989,False,False
外部需求 → 日本,us_elec,T8,1,3,3,0.4029,0.9329,0.3092,0.0524,0.8364,0.0842,False,False
外部需求 → 日本,us_elec,T8,1,3,6,0.5878,0.0218,-0.2124,1.2615,-0.5421,2.2933,False,False
外部需求 → 日本,us_elec,T8,1,6,0,0.6656,0.5252,0.2094,-0.5098,0.4322,-0.6354,False,False
外部需求 → 日本,us_elec,T8,1,6,3,0.837,0.0805,0.1008,1.3139,0.2057,1.7476,False,False
外部需求 → 日本,us_elec,T8,1,6,6,0.4709,0.0437,-0.355,1.1677,-0.7211,2.0174,False,False
外部需求 → 日本,us_elec,T8,3,1,0,0.8921,0.4962,-0.0119,-0.1364,-0.1356,-0.6804,False,False
外部需求 → 日本,us_elec,T8,3,1,3,0.6072,0.8685,0.0432,0.0306,0.5141,0.1655,False,False
外部需求 → 日本,us_elec,T8,3,1,6,0.6258,0.0086,-0.0414,0.5556,-0.4877,2.6264,False,False
外部需求 → 日本,us_elec,T8,3,3,0,0.8684,0.648,-0.0288,-0.2383,-0.1657,-0.4566,False,False
外部需求 → 日本,us_elec,T8,3,3,3,0.1921,0.5307,0.2018,0.2535,1.3045,0.6269,False,False
外部需求 → 日本,us_elec,T8,3,3,6,0.5247,0.0,-0.1239,1.6277,-0.6361,4.8432,False,False
外部需求 → 日本,us_elec,T8,3,6,0,0.505,0.9809,0.1709,-0.0136,0.6667,-0.024,False,False
外部需求 → 日本,us_elec,T8,3,6,3,0.7714,0.0025,0.072,1.9133,0.2906,3.0214,False,False
外部需求 → 日本,us_elec,T8,3,6,6,0.2107,0.0028,-0.3685,1.193,-1.2516,2.9876,False,False
外部需求 → 日本,us_elec,T8,6,1,0,0.8703,0.7006,0.0062,-0.0519,0.1633,-0.3845,False,False
外部需求 → 日本,us_elec,T8,6,1,3,0.8836,0.0086,0.0055,0.3498,0.1464,2.6266,False,False
外部需求 → 日本,us_elec,T8,6,1,6,0.5923,0.0062,-0.0225,0.2956,-0.5356,2.7393,False,False
外部需求 → 日本,us_elec,T8,6,3,0,0.6301,0.8861,0.0416,0.0394,0.4816,0.1432,False,False
外部需求 → 日本,us_elec,T8,6,3,3,0.7309,0.002,0.029,1.1713,0.3439,3.0975,False,False
外部需求 → 日本,us_elec,T8,6,3,6,0.2994,0.0045,-0.112,0.73,-1.0377,2.841,False,False
外部需求 → 日本,us_elec,T8,6,6,0,0.641,0.0264,0.0681,1.212,0.4663,2.22,False,False
外部需求 → 日本,us_elec,T8,6,6,3,0.6194,0.0014,-0.0836,1.93,-0.4968,3.1988,False,False
外部需求 → 日本,us_elec,T8,6,6,6,0.3038,0.1008,-0.1385,0.5568,-1.0284,1.6408,False,False
外部需求 → 日本,us_elec,T9,1,1,0,0.3876,0.3401,-0.4887,-0.6489,-0.864,-0.9539,False,False
外部需求 → 日本,us_elec,T9,1,1,3,0.0072,0.0833,-1.2526,1.1326,-2.6879,1.7316,False,False
外部需求 → 日本,us_elec,T9,1,1,6,0.7048,0.6745,-0.1798,-0.2419,-0.3788,-0.42,False,False
外部需求 → 日本,us_elec,T9,1,3,0,0.2125,0.9663,-1.9694,0.0314,-1.2467,0.0422,False,False
外部需求 → 日本,us_elec,T9,1,3,3,0.0203,0.8027,-2.5905,-0.1891,-2.3203,-0.2498,False,False
外部需求 → 日本,us_elec,T9,1,3,6,0.0565,0.3008,-1.9794,-0.8696,-1.9072,-1.0346,False,False
外部需求 → 日本,us_elec,T9,1,6,0,0.0741,0.9321,-4.5374,-0.0953,-1.7861,-0.0852,False,False
外部需求 → 日本,us_elec,T9,1,6,3,0.0255,0.3036,-4.6252,-1.1691,-2.2334,-1.0287,False,False
外部需求 → 日本,us_elec,T9,1,6,6,0.0059,0.5852,-3.6677,-0.5905,-2.7517,-0.5458,False,False
外部需求 → 日本,us_elec,T9,3,1,0,0.2134,0.8672,-0.3479,0.0617,-1.2442,0.1673,False,False
外部需求 → 日本,us_elec,T9,3,1,3,0.0071,0.6616,-0.5309,-0.1419,-2.6919,-0.4377,False,False
外部需求 → 日本,us_elec,T9,3,1,6,0.0487,0.215,-0.3774,-0.3831,-1.9711,-1.2399,False,False
外部需求 → 日本,us_elec,T9,3,3,0,0.027,0.0456,-1.4136,1.2308,-2.2113,1.9993,False,False
外部需求 → 日本,us_elec,T9,3,3,3,0.0134,0.0496,-1.3825,-1.2237,-2.4741,-1.9635,False,False
外部需求 → 日本,us_elec,T9,3,3,6,0.0059,0.6189,-1.2764,-0.2633,-2.7525,-0.4975,False,False
外部需求 → 日本,us_elec,T9,3,6,0,0.0005,0.9384,-2.8064,0.0663,-3.5039,0.0773,True,False
外部需求 → 日本,us_elec,T9,3,6,3,0.0007,0.0497,-2.6807,-1.6855,-3.3852,-1.9629,True,True
外部需求 → 日本,us_elec,T9,3,6,6,0.0135,0.4095,-1.7207,-0.5077,-2.4702,-0.8247,False,False
外部需求 → 日本,us_elec,T9,6,1,0,0.0179,0.8165,-0.2831,-0.0492,-2.3682,-0.232,False,False
外部需求 → 日本,us_elec,T9,6,1,3,0.0072,0.1499,-0.2883,-0.3361,-2.6896,-1.4399,False,False
外部需求 → 日本,us_elec,T9,6,1,6,0.0229,0.3309,-0.2119,-0.2159,-2.2747,-0.9723,False,False
外部需求 → 日本,us_elec,T9,6,3,0,0.0001,0.9553,-0.9012,-0.0254,-3.829,-0.0561,True,False
外部需求 → 日本,us_elec,T9,6,3,3,0.0027,0.0824,-0.8295,-0.9493,-2.9966,-1.737,True,True
外部需求 → 日本,us_elec,T9,6,3,6,0.0203,0.3717,-0.5425,-0.4128,-2.3204,-0.8932,False,False
外部需求 → 日本,us_elec,T9,6,6,0,0.0,0.2347,-1.7407,-1.0518,-5.5963,-1.1884,True,False
外部需求 → 日本,us_elec,T9,6,6,3,0.0014,0.1073,-1.3853,-1.3757,-3.1919,-1.6105,True,False
外部需求 → 日本,us_elec,T9,6,6,6,0.1432,0.4299,-0.7014,-0.5734,-1.464,-0.7894,False,False
外部需求 → 日本,us_elec,その他製品,1,1,0,0.1081,0.24,0.2406,0.1429,1.6066,1.1751,False,False
外部需求 → 日本,us_elec,その他製品,1,1,3,0.1013,0.5414,0.2345,0.069,1.6384,0.6107,False,False
外部需求 → 日本,us_elec,その他製品,1,1,6,0.793,0.7681,-0.0365,0.0297,-0.2624,0.2948,False,False
外部需求 → 日本,us_elec,その他製品,1,3,0,0.0345,0.0915,0.4629,0.2934,2.1146,1.6876,False,False
外部需求 → 日本,us_elec,その他製品,1,3,3,0.0405,0.12,0.4332,0.2605,2.0484,1.5549,False,False
外部需求 → 日本,us_elec,その他製品,1,3,6,0.8094,0.4911,0.0586,0.1206,0.2412,0.6886,False,False
外部需求 → 日本,us_elec,その他製品,1,6,0,0.011,0.0475,0.9153,0.5033,2.5433,1.9815,False,False
外部需求 → 日本,us_elec,その他製品,1,6,3,0.1937,0.2215,0.5109,0.3511,1.2997,1.2224,False,False
外部需求 → 日本,us_elec,その他製品,1,6,6,0.5711,0.8582,0.227,-0.0479,0.5664,-0.1787,False,False
外部需求 → 日本,us_elec,その他製品,3,1,0,0.1107,0.0837,0.0797,0.1187,1.5949,1.7295,False,False
外部需求 → 日本,us_elec,その他製品,3,1,3,0.1515,0.0468,0.075,0.1165,1.4341,1.9883,False,False
外部需求 → 日本,us_elec,その他製品,3,1,6,0.9976,0.5667,0.0002,0.0389,0.0029,0.573,False,False
外部需求 → 日本,us_elec,その他製品,3,3,0,0.0022,0.0306,0.2622,0.3783,3.0573,2.1616,True,True
外部需求 → 日本,us_elec,その他製品,3,3,3,0.1211,0.1702,0.1864,0.2099,1.5503,1.3714,False,False
外部需求 → 日本,us_elec,その他製品,3,3,6,0.6184,0.6031,0.0615,0.0835,0.4981,0.52,False,False
外部需求 → 日本,us_elec,その他製品,3,6,0,0.016,0.0344,0.4584,0.5636,2.4094,2.1152,False,False
外部需求 → 日本,us_elec,その他製品,3,6,3,0.2689,0.3523,0.2617,0.2558,1.1057,0.9302,False,False
外部需求 → 日本,us_elec,その他製品,3,6,6,0.9096,0.6403,0.0234,-0.116,0.1135,-0.4672,False,False
外部需求 → 日本,us_elec,その他製品,6,1,0,0.0348,0.0046,0.0475,0.1449,2.1105,2.8321,False,False
外部需求 → 日本,us_elec,その他製品,6,1,3,0.3613,0.0626,0.0259,0.0962,0.9128,1.8621,False,False
外部需求 → 日本,us_elec,その他製品,6,1,6,0.8689,0.5224,0.0042,-0.0314,0.165,-0.6397,False,False
外部需求 → 日本,us_elec,その他製品,6,3,0,0.0175,0.0029,0.1373,0.3613,2.3761,2.978,False,False
外部需求 → 日本,us_elec,その他製品,6,3,3,0.3349,0.1508,0.0761,0.1881,0.9643,1.4367,False,False
外部需求 → 日本,us_elec,その他製品,6,3,6,0.9011,0.5012,0.0079,-0.08,0.1243,-0.6726,False,False
外部需求 → 日本,us_elec,その他製品,6,6,0,0.1106,0.0119,0.2211,0.5198,1.5956,2.5136,False,False
外部需求 → 日本,us_elec,その他製品,6,6,3,0.5367,0.7553,0.0888,0.0679,0.6178,0.3117,False,False
外部需求 → 日本,us_elec,その他製品,6,6,6,0.9746,0.2654,0.0036,-0.259,0.0319,-1.1137,False,False
外部需求 → 日本,us_elec,その他金融業,1,1,0,0.3014,0.3981,-0.5338,0.1281,-1.0335,0.845,False,False
外部需求 → 日本,us_elec,その他金融業,1,1,3,0.8893,0.8572,0.0689,-0.0237,0.1392,-0.18,False,False
外部需求 → 日本,us_elec,その他金融業,1,1,6,0.437,0.8646,-0.3649,-0.0249,-0.7773,-0.1705,False,False
外部需求 → 日本,us_elec,その他金融業,1,3,0,0.5767,0.1887,-0.5341,0.2686,-0.5582,1.3144,False,False
外部需求 → 日本,us_elec,その他金融業,1,3,3,0.6554,0.5458,0.3856,0.1248,0.4462,0.604,False,False
外部需求 → 日本,us_elec,その他金融業,1,3,6,0.8832,0.8238,0.1201,0.0456,0.1469,0.2227,False,False
外部需求 → 日本,us_elec,その他金融業,1,6,0,0.6759,0.1628,-0.4238,0.3889,-0.418,1.3956,False,False
外部需求 → 日本,us_elec,その他金融業,1,6,3,0.6163,0.5473,0.3751,0.1901,0.5011,0.6019,False,False
外部需求 → 日本,us_elec,その他金融業,1,6,6,0.5856,0.5911,0.4313,0.1467,0.5452,0.5373,False,False
外部需求 → 日本,us_elec,その他金融業,3,1,0,0.4568,0.2112,-0.1852,0.1038,-0.7442,1.2503,False,False
外部需求 → 日本,us_elec,その他金融業,3,1,3,0.9923,0.4868,0.0024,0.0558,0.0097,0.6955,False,False
外部需求 → 日本,us_elec,その他金融業,3,1,6,0.964,0.9391,0.0087,-0.0064,0.0451,-0.0764,False,False
外部需求 → 日本,us_elec,その他金融業,3,3,0,0.7791,0.0278,-0.1353,0.3024,-0.2805,2.1995,False,False
外部需求 → 日本,us_elec,その他金融業,3,3,3,0.9896,0.4368,0.0053,0.1416,0.013,0.7775,False,False
外部需求 → 日本,us_elec,その他金融業,3,3,6,0.429,0.9476,0.3713,0.013,0.7908,0.0657,False,False
外部需求 → 日本,us_elec,その他金融業,3,6,0,0.57,0.0804,-0.2808,0.4473,-0.568,1.7486,False,False
外部需求 → 日本,us_elec,その他金融業,3,6,3,0.5462,0.5863,0.2889,0.1667,0.6035,0.5443,False,False
外部需求 → 日本,us_elec,その他金融業,3,6,6,0.3548,0.8648,0.5122,-0.0477,0.9253,-0.1703,False,False
外部需求 → 日本,us_elec,その他金融業,6,1,0,0.5934,0.0939,-0.0606,0.0912,-0.5339,1.6751,False,False
外部需求 → 日本,us_elec,その他金融業,6,1,3,0.9954,0.5587,0.0005,0.0322,0.0057,0.5848,False,False
外部需求 → 日本,us_elec,その他金融業,6,1,6,0.8595,0.9027,0.0142,-0.007,0.177,-0.1223,False,False
外部需求 → 日本,us_elec,その他金融業,6,3,0,0.822,0.0302,-0.0469,0.2568,-0.225,2.1669,False,False
外部需求 → 日本,us_elec,その他金融業,6,3,3,0.5381,0.4741,0.1121,0.1001,0.6156,0.7158,False,False
外部需求 → 日本,us_elec,その他金融業,6,3,6,0.5,0.8069,0.1518,-0.0359,0.6745,-0.2444,False,False
外部需求 → 日本,us_elec,その他金融業,6,6,0,0.9678,0.0622,-0.01,0.3733,-0.0403,1.8649,False,False
外部需求 → 日本,us_elec,その他金融業,6,6,3,0.5184,0.7919,0.2276,0.0604,0.6458,0.2638,False,False
外部需求 → 日本,us_elec,その他金融業,6,6,6,0.3299,0.6924,0.2781,-0.1098,0.9744,-0.3956,False,False
外部需求 → 日本,us_elec,ガラス・土石製品,1,1,0,0.2827,0.6522,-0.196,-0.0782,-1.0743,-0.4507,False,False
外部需求 → 日本,us_elec,ガラス・土石製品,1,1,3,0.9704,0.9861,-0.0065,0.0028,-0.0372,0.0175,False,False
外部需求 → 日本,us_elec,ガラス・土石製品,1,1,6,0.5818,0.1629,0.1015,-0.2696,0.5507,-1.3953,False,False
外部需求 → 日本,us_elec,ガラス・土石製品,1,3,0,0.2579,0.5845,-0.4009,0.134,-1.1315,0.5468,False,False
外部需求 → 日本,us_elec,ガラス・土石製品,1,3,3,0.7427,0.7372,-0.1234,-0.0866,-0.3282,-0.3356,False,False
外部需求 → 日本,us_elec,ガラス・土石製品,1,3,6,0.3159,0.164,-0.3722,-0.3692,-1.003,-1.3919,False,False
外部需求 → 日本,us_elec,ガラス・土石製品,1,6,0,0.3447,0.6972,-0.5298,0.1171,-0.9449,0.3891,False,False
外部需求 → 日本,us_elec,ガラス・土石製品,1,6,3,0.2063,0.1642,-0.5262,-0.49,-1.2638,-1.3911,False,False
外部需求 → 日本,us_elec,ガラス・土石製品,1,6,6,0.1028,0.2808,-0.91,-0.3002,-1.6317,-1.0785,False,False
外部需求 → 日本,us_elec,ガラス・土石製品,3,1,0,0.3595,0.5731,-0.0689,0.0494,-0.9163,0.5635,False,False
外部需求 → 日本,us_elec,ガラス・土石製品,3,1,3,0.9048,0.8685,-0.0098,-0.0174,-0.1195,-0.1656,False,False
外部需求 → 日本,us_elec,ガラス・土石製品,3,1,6,0.5986,0.175,-0.0479,-0.1362,-0.5265,-1.3562,False,False
外部需求 → 日本,us_elec,ガラス・土石製品,3,3,0,0.3396,0.1918,-0.1657,0.2634,-0.955,1.3052,False,False
外部需求 → 日本,us_elec,ガラス・土石製品,3,3,3,0.7125,0.1942,-0.0656,-0.2298,-0.3685,-1.2983,False,False
外部需求 → 日本,us_elec,ガラス・土石製品,3,3,6,0.1237,0.3117,-0.3475,-0.1915,-1.5395,-1.0116,False,False
外部需求 → 日本,us_elec,ガラス・土石製品,3,6,0,0.3367,0.8084,-0.2419,0.0525,-0.9607,0.2425,False,False
外部需求 → 日本,us_elec,ガラス・土石製品,3,6,3,0.0971,0.1703,-0.4164,-0.4588,-1.6592,-1.3714,False,False
外部需求 → 日本,us_elec,ガラス・土石製品,3,6,6,0.0789,0.3628,-0.4442,-0.2199,-1.7568,-0.91,False,False
外部需求 → 日本,us_elec,ガラス・土石製品,6,1,0,0.6145,0.8635,-0.0216,0.011,-0.5037,0.1719,False,False
外部需求 → 日本,us_elec,ガラス・土石製品,6,1,3,0.6254,0.1683,-0.0186,-0.1056,-0.4882,-1.3778,False,False
外部需求 → 日本,us_elec,ガラス・土石製品,6,1,6,0.4069,0.1937,-0.0362,-0.0996,-0.8293,-1.2998,False,False
外部需求 → 日本,us_elec,ガラス・土石製品,6,3,0,0.5183,0.9634,-0.0632,0.0062,-0.646,0.0459,False,False
外部需求 → 日本,us_elec,ガラス・土石製品,6,3,3,0.2541,0.1265,-0.1259,-0.2716,-1.1405,-1.528,False,False
外部需求 → 日本,us_elec,ガラス・土石製品,6,3,6,0.1592,0.3542,-0.1346,-0.194,-1.4078,-0.9265,False,False
外部需求 → 日本,us_elec,ガラス・土石製品,6,6,0,0.1377,0.3166,-0.195,-0.2742,-1.4845,-1.0015,False,False
外部需求 → 日本,us_elec,ガラス・土石製品,6,6,3,0.0583,0.2549,-0.2632,-0.4308,-1.8936,-1.1386,False,False
外部需求 → 日本,us_elec,ガラス・土石製品,6,6,6,0.0285,0.3644,-0.2679,-0.2207,-2.1898,-0.907,False,False
外部需求 → 日本,us_elec,ゴム製品,1,1,0,0.7878,0.7158,-0.1028,-0.102,-0.2692,-0.3641,False,False
外部需求 → 日本,us_elec,ゴム製品,1,1,3,0.4477,0.4621,0.2521,0.2136,0.7593,0.7354,False,False
外部需求 → 日本,us_elec,ゴム製品,1,1,6,0.2193,0.9,0.4425,0.0319,1.2284,0.1257,False,False
外部需求 → 日本,us_elec,ゴム製品,1,3,0,0.1852,0.8458,0.784,-0.0734,1.3249,-0.1945,False,False
外部需求 → 日本,us_elec,ゴム製品,1,3,3,0.1903,0.3667,0.7043,0.3724,1.3098,0.9027,False,False
外部需求 → 日本,us_elec,ゴム製品,1,3,6,0.0145,0.5474,1.3183,-0.241,2.4443,-0.6016,False,False
外部需求 → 日本,us_elec,ゴム製品,1,6,0,0.0283,0.6026,1.5719,0.2716,2.1933,0.5206,False,False
外部需求 → 日本,us_elec,ゴム製品,1,6,3,0.0026,0.8574,1.9894,0.1036,3.0061,0.1797,True,False
外部需求 → 日本,us_elec,ゴム製品,1,6,6,0.4454,0.3445,0.6712,-0.4789,0.763,-0.9454,False,False
外部需求 → 日本,us_elec,ゴム製品,3,1,0,0.2442,0.8827,0.1859,-0.0237,1.1646,-0.1476,False,False
外部需求 → 日本,us_elec,ゴム製品,3,1,3,0.1637,0.235,0.1598,0.1976,1.3928,1.1876,False,False
外部需求 → 日本,us_elec,ゴム製品,3,1,6,0.0492,0.4086,0.2582,-0.1473,1.9671,-0.8264,False,False
外部需求 → 日本,us_elec,ゴム製品,3,3,0,0.0143,0.5134,0.6543,0.222,2.4497,0.6536,False,False
外部需求 → 日本,us_elec,ゴム製品,3,3,3,0.0782,0.3978,0.4169,0.4004,1.7613,0.8456,False,False
外部需求 → 日本,us_elec,ゴム製品,3,3,6,0.1738,0.2346,0.42,-0.4309,1.36,-1.1886,False,False
外部需求 → 日本,us_elec,ゴム製品,3,6,0,0.0,0.4269,1.1247,0.5314,4.2186,0.7945,True,False
外部需求 → 日本,us_elec,ゴム製品,3,6,3,0.0144,0.8147,0.8472,-0.113,2.4482,-0.2343,False,False
外部需求 → 日本,us_elec,ゴム製品,3,6,6,0.5178,0.0681,0.2869,-0.9296,0.6467,-1.8243,False,False
外部需求 → 日本,us_elec,ゴム製品,6,1,0,0.0437,0.5281,0.1126,0.0905,2.0173,0.6308,False,False
外部需求 → 日本,us_elec,ゴム製品,6,1,3,0.0111,0.7629,0.1282,0.0349,2.5392,0.3017,False,False
外部需求 → 日本,us_elec,ゴム製品,6,1,6,0.5361,0.0432,0.0444,-0.1872,0.6187,-2.0214,False,False
外部需求 → 日本,us_elec,ゴム製品,6,3,0,0.0026,0.3868,0.3396,0.379,3.0166,0.8654,True,False
外部需求 → 日本,us_elec,ゴム製品,6,3,3,0.025,0.7956,0.2692,-0.071,2.2414,-0.259,False,False
外部需求 → 日本,us_elec,ゴム製品,6,3,6,0.5695,0.046,0.0889,-0.655,0.5687,-1.9956,False,False
外部需求 → 日本,us_elec,ゴム製品,6,6,0,0.0001,0.7361,0.629,0.2142,4.0138,0.337,True,False
外部需求 → 日本,us_elec,ゴム製品,6,6,3,0.0972,0.0025,0.3689,-0.7178,1.6586,-3.0253,False,False
外部需求 → 日本,us_elec,ゴム製品,6,6,6,0.6646,0.0784,0.1082,-0.8434,0.4336,-1.7601,False,False
外部需求 → 日本,us_elec,サービス業,1,1,0,0.355,0.6675,0.1564,0.0809,0.925,0.4295,False,False
外部需求 → 日本,us_elec,サービス業,1,1,3,0.8229,0.9894,-0.0426,-0.003,-0.2238,-0.0133,False,False
外部需求 → 日本,us_elec,サービス業,1,1,6,0.2837,0.3219,0.1797,0.2137,1.072,0.9905,False,False
外部需求 → 日本,us_elec,サービス業,1,3,0,0.3666,0.9816,0.3919,0.0067,0.9028,0.0231,False,False
外部需求 → 日本,us_elec,サービス業,1,3,3,0.9464,0.6968,-0.0254,-0.1263,-0.0672,-0.3897,False,False
外部需求 → 日本,us_elec,サービス業,1,3,6,0.0747,0.0707,0.5218,0.5667,1.7824,1.8077,False,False
外部需求 → 日本,us_elec,サービス業,1,6,0,0.5182,0.6639,0.3878,-0.1719,0.6461,-0.4346,False,False
外部需求 → 日本,us_elec,サービス業,1,6,3,0.1993,0.3574,0.4883,0.3646,1.2836,0.9204,False,False
外部需求 → 日本,us_elec,サービス業,1,6,6,0.1214,0.1788,0.5667,0.5047,1.5491,1.3444,False,False
外部需求 → 日本,us_elec,サービス業,3,1,0,0.4487,0.9587,0.0709,0.0052,0.7577,0.0518,False,False
外部需求 → 日本,us_elec,サービス業,3,1,3,0.9172,0.4914,-0.0079,-0.0856,-0.104,-0.6881,False,False
外部需求 → 日本,us_elec,サービス業,3,1,6,0.211,0.0632,0.087,0.2241,1.2508,1.858,False,False
外部需求 → 日本,us_elec,サービス業,3,3,0,0.5625,0.6118,0.1391,-0.1228,0.5791,-0.5074,False,False
外部需求 → 日本,us_elec,サービス業,3,3,3,0.8163,0.8549,0.0379,0.0453,0.2323,0.1829,False,False
外部需求 → 日本,us_elec,サービス業,3,3,6,0.1309,0.0345,0.212,0.571,1.5105,2.1143,False,False
外部需求 → 日本,us_elec,サービス業,3,6,0,0.5159,0.7258,0.1787,-0.1241,0.6497,-0.3507,False,False
外部需求 → 日本,us_elec,サービス業,3,6,3,0.1276,0.221,0.2507,0.5548,1.5236,1.2238,False,False
外部需求 → 日本,us_elec,サービス業,3,6,6,0.1723,0.1626,0.2535,0.4539,1.3649,1.3964,False,False
外部需求 → 日本,us_elec,サービス業,6,1,0,0.6725,0.6626,0.0206,-0.0384,0.4227,-0.4364,False,False
外部需求 → 日本,us_elec,サービス業,6,1,3,0.5236,0.3676,0.0243,0.0879,0.6378,0.9009,False,False
外部需求 → 日本,us_elec,サービス業,6,1,6,0.3015,0.0877,0.0313,0.1273,1.0333,1.7075,False,False
外部需求 → 日本,us_elec,サービス業,6,3,0,0.6046,0.8512,0.051,-0.0396,0.5178,-0.1876,False,False
外部需求 → 日本,us_elec,サービス業,6,3,3,0.3408,0.1448,0.0721,0.3725,0.9526,1.4583,False,False
外部需求 → 日本,us_elec,サービス業,6,3,6,0.2184,0.1516,0.0811,0.2947,1.2308,1.4338,False,False
外部需求 → 日本,us_elec,サービス業,6,6,0,0.271,0.5114,0.1238,0.265,1.1008,0.6567,False,False
外部需求 → 日本,us_elec,サービス業,6,6,3,0.0656,0.1193,0.1539,0.605,1.8414,1.5577,False,False
外部需求 → 日本,us_elec,サービス業,6,6,6,0.1094,0.708,0.1687,0.1404,1.601,0.3746,False,False
外部需求 → 日本,us_elec,パルプ・紙,1,1,0,0.4038,0.5983,0.4159,0.1536,0.8348,0.5269,False,False
外部需求 → 日本,us_elec,パルプ・紙,1,1,3,0.0757,0.8566,0.6551,-0.0603,1.776,-0.1807,False,False
外部需求 → 日本,us_elec,パルプ・紙,1,1,6,0.2371,0.2117,0.4289,-0.3447,1.1822,-1.2488,False,False
外部需求 → 日本,us_elec,パルプ・紙,1,3,0,0.6651,0.0871,0.4666,0.8166,0.4328,1.7111,False,False
外部需求 → 日本,us_elec,パルプ・紙,1,3,3,0.0762,0.4338,1.2759,0.3568,1.7731,0.7827,False,False
外部需求 → 日本,us_elec,パルプ・紙,1,3,6,0.1956,0.618,0.8255,-0.2721,1.2941,-0.4986,False,False
外部需求 → 日本,us_elec,パルプ・紙,1,6,0,0.234,0.0606,1.5783,1.2166,1.1902,1.8762,False,False
外部需求 → 日本,us_elec,パルプ・紙,1,6,3,0.0663,0.7522,2.0756,0.1534,1.8361,0.3158,False,False
外部需求 → 日本,us_elec,パルプ・紙,1,6,6,0.247,0.9177,0.884,-0.0598,1.1577,-0.1034,False,False
外部需求 → 日本,us_elec,パルプ・紙,3,1,0,0.6269,0.0062,0.103,0.3688,0.4861,2.7377,False,False
外部需求 → 日本,us_elec,パルプ・紙,3,1,3,0.0541,0.2708,0.261,0.1726,1.926,1.1012,False,False
外部需求 → 日本,us_elec,パルプ・紙,3,1,6,0.3163,0.3386,0.1362,-0.2026,1.0021,-0.957,False,False
外部需求 → 日本,us_elec,パルプ・紙,3,3,0,0.2682,0.0001,0.4904,0.9566,1.1071,3.8907,False,False
外部需求 → 日本,us_elec,パルプ・紙,3,3,3,0.0898,0.8309,0.6081,-0.0529,1.6967,-0.2135,False,False
外部需求 → 日本,us_elec,パルプ・紙,3,3,6,0.3027,0.8368,0.2714,-0.0857,1.0306,-0.206,False,False
外部需求 → 日本,us_elec,パルプ・紙,3,6,0,0.0313,0.0103,1.018,0.923,2.1538,2.5663,False,False
外部需求 → 日本,us_elec,パルプ・紙,3,6,3,0.0696,0.745,0.8455,-0.1535,1.8143,-0.3253,False,False
外部需求 → 日本,us_elec,パルプ・紙,3,6,6,0.4975,0.302,0.2424,-0.3627,0.6784,-1.0321,False,False
外部需求 → 日本,us_elec,パルプ・紙,6,1,0,0.1595,0.0026,0.1213,0.3145,1.4066,3.0173,False,False
外部需求 → 日本,us_elec,パルプ・紙,6,1,3,0.1277,0.7216,0.1236,-0.0399,1.5232,-0.3563,False,False
外部需求 → 日本,us_elec,パルプ・紙,6,1,6,0.3211,0.6556,0.0553,-0.0553,0.9922,-0.446,False,False
外部需求 → 日本,us_elec,パルプ・紙,6,3,0,0.0508,0.0148,0.3457,0.5475,1.9535,2.4368,False,False
外部需求 → 日本,us_elec,パルプ・紙,6,3,3,0.1089,0.6656,0.2755,-0.1123,1.6034,-0.4322,False,False
外部需求 → 日本,us_elec,パルプ・紙,6,3,6,0.4808,0.4073,0.085,-0.1854,0.705,-0.8286,False,False
外部需求 → 日本,us_elec,パルプ・紙,6,6,0,0.0081,0.163,0.5851,0.4524,2.6499,1.3951,False,False
外部需求 → 日本,us_elec,パルプ・紙,6,6,3,0.1257,0.3,0.349,-0.363,1.5314,-1.0365,False,False
外部需求 → 日本,us_elec,パルプ・紙,6,6,6,0.4645,0.2036,0.1524,-0.5521,0.7315,-1.2714,False,False
外部需求 → 日本,us_elec,不動産業,1,1,0,0.6087,0.2728,-0.2512,-0.1818,-0.5119,-1.0966,False,False
外部需求 → 日本,us_elec,不動産業,1,1,3,0.5311,0.7229,0.3022,-0.0753,0.6263,-0.3546,False,False
外部需求 → 日本,us_elec,不動産業,1,1,6,0.5721,0.1619,-0.2379,-0.2459,-0.5649,-1.3986,False,False
外部需求 → 日本,us_elec,不動産業,1,3,0,0.4468,0.7504,-0.6644,-0.0853,-0.7608,-0.3181,False,False
外部需求 → 日本,us_elec,不動産業,1,3,3,0.9934,0.6357,-0.0056,0.1209,-0.0082,0.4737,False,False
外部需求 → 日本,us_elec,不動産業,1,3,6,0.8912,0.9711,0.0813,0.0085,0.1368,0.0362,False,False
外部需求 → 日本,us_elec,不動産業,1,6,0,0.4487,0.8127,-0.6862,0.0689,-0.7576,0.2369,False,False
外部需求 → 日本,us_elec,不動産業,1,6,3,0.9061,0.6439,0.1044,0.1592,0.1179,0.4622,False,False
外部需求 → 日本,us_elec,不動産業,1,6,6,0.7686,0.2518,0.2877,0.3119,0.2942,1.1459,False,False
外部需求 → 日本,us_elec,不動産業,3,1,0,0.5961,0.7365,-0.122,-0.0453,-0.5301,-0.3365,False,False
外部需求 → 日本,us_elec,不動産業,3,1,3,0.9328,0.78,-0.0152,0.0326,-0.0843,0.2793,False,False
外部需求 → 日本,us_elec,不動産業,3,1,6,0.7696,0.9198,0.0408,-0.0097,0.2929,-0.1007,False,False
外部需求 → 日本,us_elec,不動産業,3,3,0,0.7239,0.8288,-0.1488,0.0352,-0.3532,0.2162,False,False
外部需求 → 日本,us_elec,不動産業,3,3,3,0.6763,0.9644,-0.137,0.0095,-0.4175,0.0446,False,False
外部需求 → 日本,us_elec,不動産業,3,3,6,0.3403,0.2422,0.2477,0.2125,0.9535,1.1695,False,False
外部需求 → 日本,us_elec,不動産業,3,6,0,0.4973,0.7407,-0.2879,0.086,-0.6787,0.3309,False,False
外部需求 → 日本,us_elec,不動産業,3,6,3,0.8428,0.3194,0.091,0.2872,0.1983,0.9957,False,False
外部需求 → 日本,us_elec,不動産業,3,6,6,0.7524,0.1659,0.1736,0.4623,0.3154,1.3856,False,False
外部需求 → 日本,us_elec,不動産業,6,1,0,0.5523,0.9386,-0.048,-0.006,-0.5943,-0.077,False,False
外部需求 → 日本,us_elec,不動産業,6,1,3,0.9157,0.7029,0.0076,0.0277,0.1058,0.3814,False,False
外部需求 → 日本,us_elec,不動産業,6,1,6,0.7946,0.4737,0.0173,0.0402,0.2603,0.7165,False,False
外部需求 → 日本,us_elec,不動産業,6,3,0,0.5703,0.9115,-0.0937,0.0203,-0.5676,0.1112,False,False
外部需求 → 日本,us_elec,不動産業,6,3,3,0.867,0.2748,0.0268,0.1612,0.1674,1.092,False,False
外部需求 → 日本,us_elec,不動産業,6,3,6,0.7804,0.1352,0.0481,0.2826,0.2788,1.4938,False,False
外部需求 → 日本,us_elec,不動産業,6,6,0,0.7697,0.2529,-0.0735,0.2478,-0.2928,1.1432,False,False
外部需求 → 日本,us_elec,不動産業,6,6,3,0.8037,0.0537,0.0756,0.4756,0.2486,1.9295,False,False
外部需求 → 日本,us_elec,不動産業,6,6,6,0.7913,0.2668,0.0943,0.4586,0.2647,1.1105,False,False
外部需求 → 日本,us_elec,保険業,1,1,0,0.511,0.7076,0.2876,0.1007,0.6572,0.3751,False,False
外部需求 → 日本,us_elec,保険業,1,1,3,0.5302,0.2705,0.2356,-0.3408,0.6277,-1.1018,False,False
外部需求 → 日本,us_elec,保険業,1,1,6,0.9491,0.8877,-0.022,-0.0379,-0.0639,-0.1412,False,False
外部需求 → 日本,us_elec,保険業,1,3,0,0.032,0.5115,1.1871,0.2236,2.1445,0.6565,False,False
外部需求 → 日本,us_elec,保険業,1,3,3,0.1485,0.1767,0.813,-0.4674,1.4448,-1.3509,False,False
外部需求 → 日本,us_elec,保険業,1,3,6,0.1013,0.7952,0.778,0.0905,1.6384,0.2596,False,False
外部需求 → 日本,us_elec,保険業,1,6,0,0.0412,0.7115,2.1557,-0.1773,2.0414,-0.3698,False,False
外部需求 → 日本,us_elec,保険業,1,6,3,0.0977,0.3508,1.7236,-0.3249,1.6562,-0.9331,False,False
外部需求 → 日本,us_elec,保険業,1,6,6,0.0004,0.4436,2.507,0.3533,3.5489,0.7661,True,False
外部需求 → 日本,us_elec,保険業,3,1,0,0.1365,0.7682,0.2162,0.0483,1.489,0.2947,False,False
外部需求 → 日本,us_elec,保険業,3,1,3,0.1547,0.3701,0.1713,-0.1386,1.4232,-0.8963,False,False
外部需求 → 日本,us_elec,保険業,3,1,6,0.103,0.8646,0.19,0.0228,1.6305,0.1705,False,False
外部需求 → 日本,us_elec,保険業,3,3,0,0.0005,0.7247,0.6808,-0.0957,3.5079,-0.3522,True,False
外部需求 → 日本,us_elec,保険業,3,3,3,0.0781,0.2347,0.4198,-0.2771,1.7618,-1.1884,False,False
外部需求 → 日本,us_elec,保険業,3,3,6,0.0118,0.3049,0.573,0.2566,2.517,1.026,False,False
外部需求 → 日本,us_elec,保険業,3,6,0,0.0021,0.2742,1.1709,-0.3654,3.0741,-1.0933,True,False
外部需求 → 日本,us_elec,保険業,3,6,3,0.0082,0.9058,1.0459,0.0345,2.642,0.1183,False,False
外部需求 → 日本,us_elec,保険業,3,6,6,0.0001,0.0071,1.487,0.6622,3.881,2.6908,True,True
外部需求 → 日本,us_elec,保険業,6,1,0,0.0436,0.5937,0.1188,-0.0568,2.0179,-0.5335,False,False
外部需求 → 日本,us_elec,保険業,6,1,3,0.0564,0.4325,0.1117,-0.0622,1.9077,-0.785,False,False
外部需求 → 日本,us_elec,保険業,6,1,6,0.0146,0.3991,0.156,0.081,2.4431,0.8433,False,False
外部需求 → 日本,us_elec,保険業,6,3,0,0.0002,0.1851,0.3519,-0.2413,3.7137,-1.3252,True,False
外部需求 → 日本,us_elec,保険業,6,3,3,0.0048,0.957,0.3224,0.0086,2.8202,0.0539,False,False
外部需求 → 日本,us_elec,保険業,6,3,6,0.002,0.0046,0.4575,0.454,3.0884,2.8314,True,True
外部需求 → 日本,us_elec,保険業,6,6,0,0.0003,0.3654,0.7136,-0.1988,3.6273,-0.9051,True,False
外部需求 → 日本,us_elec,保険業,6,6,3,0.0002,0.0414,0.8042,0.467,3.7636,2.0397,True,True
外部需求 → 日本,us_elec,保険業,6,6,6,0.0007,0.0253,0.8812,0.6487,3.3715,2.2368,True,True
外部需求 → 日本,us_elec,化学,1,1,0,0.68,0.2603,-0.0401,0.0979,-0.4124,1.1256,False,False
外部需求 → 日本,us_elec,化学,1,1,3,0.2401,0.4156,-0.1331,0.0828,-1.1748,0.8141,False,False
外部需求 → 日本,us_elec,化学,1,1,6,0.25,0.217,-0.128,-0.135,-1.1504,-1.2345,False,False
外部需求 → 日本,us_elec,化学,1,3,0,0.269,0.9027,-0.1744,0.0148,-1.1055,0.1222,False,False
外部需求 → 日本,us_elec,化学,1,3,3,0.4265,0.7062,-0.1596,0.0482,-0.7952,0.377,False,False
外部需求 → 日本,us_elec,化学,1,3,6,0.0341,0.6289,-0.3059,-0.0695,-2.1195,-0.4833,False,False
外部需求 → 日本,us_elec,化学,1,6,0,0.2579,0.7065,-0.3322,0.0602,-1.1315,0.3765,False,False
外部需求 → 日本,us_elec,化学,1,6,3,0.0796,0.698,-0.4773,-0.0612,-1.7531,-0.388,False,False
外部需求 → 日本,us_elec,化学,1,6,6,0.0186,0.6287,-0.6211,-0.0726,-2.3532,-0.4835,False,False
外部需求 → 日本,us_elec,化学,3,1,0,0.2918,0.9308,-0.0373,0.0056,-1.0541,0.0869,False,False
外部需求 → 日本,us_elec,化学,3,1,3,0.597,0.9861,-0.0234,0.0009,-0.5287,0.0175,False,False
外部需求 → 日本,us_elec,化学,3,1,6,0.0949,0.5535,-0.0599,-0.0396,-1.6703,-0.5925,False,False
外部需求 → 日本,us_elec,化学,3,3,0,0.0667,0.4757,-0.1438,0.0731,-1.834,0.7132,False,False
外部需求 → 日本,us_elec,化学,3,3,3,0.564,0.175,-0.0589,-0.1493,-0.5769,-1.3564,False,False
外部需求 → 日本,us_elec,化学,3,3,6,0.0176,0.6693,-0.2179,0.0511,-2.3744,0.4271,False,False
外部需求 → 日本,us_elec,化学,3,6,0,0.1673,0.6508,-0.2052,-0.0687,-1.3808,-0.4527,False,False
外部需求 → 日本,us_elec,化学,3,6,3,0.0071,0.3153,-0.2787,-0.1301,-2.6925,-1.0042,False,False
外部需求 → 日本,us_elec,化学,3,6,6,0.0927,0.7958,-0.3379,-0.0438,-1.6815,-0.2588,False,False
外部需求 → 日本,us_elec,化学,6,1,0,0.328,0.9495,-0.0185,-0.0025,-0.9782,-0.0633,False,False
外部需求 → 日本,us_elec,化学,6,1,3,0.1336,0.4672,-0.0261,-0.0271,-1.5002,-0.727,False,False
外部需求 → 日本,us_elec,化学,6,1,6,0.0953,0.643,-0.0356,-0.0184,-1.6681,-0.4635,False,False
外部需求 → 日本,us_elec,化学,6,3,0,0.184,0.589,-0.0616,-0.0524,-1.3286,-0.5402,False,False
外部需求 → 日本,us_elec,化学,6,3,3,0.0135,0.4375,-0.0863,-0.063,-2.4701,-0.7764,False,False
外部需求 → 日本,us_elec,化学,6,3,6,0.1415,0.6605,-0.1032,-0.0476,-1.4703,-0.4392,False,False
外部需求 → 日本,us_elec,化学,6,6,0,0.0339,0.279,-0.1493,-0.1298,-2.1216,-1.0826,False,False
外部需求 → 日本,us_elec,化学,6,6,3,0.0307,0.5209,-0.1905,-0.1113,-2.1605,-0.642,False,False
外部需求 → 日本,us_elec,化学,6,6,6,0.1442,0.6231,-0.1878,-0.0688,-1.4604,-0.4915,False,False
外部需求 → 日本,us_elec,医薬品,1,1,0,0.3046,0.3102,0.3355,0.2222,1.0267,1.0147,False,False
外部需求 → 日本,us_elec,医薬品,1,1,3,0.9619,0.8412,-0.012,-0.0511,-0.0477,-0.2003,False,False
外部需求 → 日本,us_elec,医薬品,1,1,6,0.5091,0.6816,-0.1864,0.0957,-0.6603,0.4103,False,False
外部需求 → 日本,us_elec,医薬品,1,3,0,0.5591,0.7733,0.4076,0.107,0.5842,0.2881,False,False
外部需求 → 日本,us_elec,医薬品,1,3,3,0.947,0.948,0.0353,-0.0287,0.0664,-0.0652,False,False
外部需求 → 日本,us_elec,医薬品,1,3,6,0.6932,0.9904,0.1908,0.0045,0.3946,0.012,False,False
外部需求 → 日本,us_elec,医薬品,1,6,0,0.4732,0.8063,0.4558,0.135,0.7172,0.2452,False,False
外部需求 → 日本,us_elec,医薬品,1,6,3,0.7039,0.8901,0.1974,0.0584,0.3801,0.1382,False,False
外部需求 → 日本,us_elec,医薬品,1,6,6,0.1256,0.3864,1.1017,0.3585,1.5317,0.8662,False,False
外部需求 → 日本,us_elec,医薬品,3,1,0,0.7032,0.5647,0.0607,0.0783,0.381,0.5759,False,False
外部需求 → 日本,us_elec,医薬品,3,1,3,0.8843,0.9993,0.0169,-0.0002,0.1455,-0.0009,False,False
外部需求 → 日本,us_elec,医薬品,3,1,6,0.7854,0.6817,0.0256,0.0517,0.2724,0.4101,False,False
外部需求 → 日本,us_elec,医薬品,3,3,0,0.649,0.9857,0.1405,-0.006,0.4552,-0.0179,False,False
外部需求 → 日本,us_elec,医薬品,3,3,3,0.7469,0.9409,0.0752,-0.0248,0.3227,-0.0741,False,False
外部需求 → 日本,us_elec,医薬品,3,3,6,0.3866,0.121,0.2157,0.3311,0.8659,1.5504,False,False
外部需求 → 日本,us_elec,医薬品,3,6,0,0.4101,0.9867,0.2169,0.0084,0.8238,0.0166,False,False
外部需求 → 日本,us_elec,医薬品,3,6,3,0.2432,0.1357,0.297,0.4368,1.1671,1.4919,False,False
外部需求 → 日本,us_elec,医薬品,3,6,6,0.1562,0.3263,0.4488,0.3594,1.418,0.9816,False,False
外部需求 → 日本,us_elec,医薬品,6,1,0,0.7687,0.5395,0.0198,0.0706,0.2941,0.6135,False,False
外部需求 → 日本,us_elec,医薬品,6,1,3,0.7587,0.7754,0.0143,0.0293,0.3072,0.2853,False,False
外部需求 → 日本,us_elec,医薬品,6,1,6,0.2535,0.2058,0.0613,0.1125,1.1419,1.2653,False,False
外部需求 → 日本,us_elec,医薬品,6,3,0,0.5628,0.9117,0.061,0.0313,0.5787,0.1109,False,False
外部需求 → 日本,us_elec,医薬品,6,3,3,0.3897,0.3035,0.0888,0.1932,0.8602,1.029,False,False
外部需求 → 日本,us_elec,医薬品,6,3,6,0.23,0.4065,0.1408,0.2045,1.2003,0.8301,False,False
外部需求 → 日本,us_elec,医薬品,6,6,0,0.1566,0.3793,0.1524,0.3281,1.4166,0.8792,False,False
外部需求 → 日本,us_elec,医薬品,6,6,3,0.1053,0.1658,0.2343,0.4948,1.6198,1.3858,False,False
外部需求 → 日本,us_elec,医薬品,6,6,6,0.1048,0.5152,0.2365,0.2455,1.6218,0.6508,False,False
外部需求 → 日本,us_elec,卸売業,1,1,0,0.7306,0.2497,0.0567,0.0917,0.3443,1.1511,False,False
外部需求 → 日本,us_elec,卸売業,1,1,3,0.8411,0.0844,-0.0272,-0.1404,-0.2005,-1.7258,False,False
外部需求 → 日本,us_elec,卸売業,1,1,6,0.2596,0.3002,-0.1229,0.0872,-1.1273,1.036,False,False
外部需求 → 日本,us_elec,卸売業,1,3,0,0.6754,0.3159,0.1156,-0.1218,0.4187,-1.0029,False,False
外部需求 → 日本,us_elec,卸売業,1,3,3,0.6907,0.622,0.1031,-0.0666,0.3979,-0.493,False,False
外部需求 → 日本,us_elec,卸売業,1,3,6,0.9104,0.5298,-0.0283,0.0752,-0.1125,0.6284,False,False
外部需求 → 日本,us_elec,卸売業,1,6,0,0.3985,0.2487,0.201,-0.2009,0.8443,-1.1536,False,False
外部需求 → 日本,us_elec,卸売業,1,6,3,0.8433,0.8739,0.0503,0.0261,0.1976,0.1587,False,False
外部需求 → 日本,us_elec,卸売業,1,6,6,0.2083,0.5056,0.4148,0.1145,1.2583,0.6656,False,False
外部需求 → 日本,us_elec,卸売業,3,1,0,0.8482,0.4551,0.0153,-0.0393,0.1914,-0.747,False,False
外部需求 → 日本,us_elec,卸売業,3,1,3,0.7122,0.8353,0.0244,-0.0133,0.3689,-0.2079,False,False
外部需求 → 日本,us_elec,卸売業,3,1,6,0.9246,0.3804,-0.0052,0.0367,-0.0947,0.8771,False,False
外部需求 → 日本,us_elec,卸売業,3,3,0,0.8187,0.0022,0.0288,-0.3044,0.2292,-3.057,False,False
外部需求 → 日本,us_elec,卸売業,3,3,3,0.6149,0.3093,0.0656,0.1214,0.5031,1.0167,False,False
外部需求 → 日本,us_elec,卸売業,3,3,6,0.4111,0.7876,0.0997,-0.0308,0.8219,-0.2694,False,False
外部需求 → 日本,us_elec,卸売業,3,6,0,0.4895,0.2796,0.0848,-0.1994,0.691,-1.0812,False,False
外部需求 → 日本,us_elec,卸売業,3,6,3,0.2532,0.543,0.1587,0.1186,1.1425,0.6083,False,False
外部需求 → 日本,us_elec,卸売業,3,6,6,0.1041,0.9909,0.2408,0.0021,1.6254,0.0114,False,False
外部需求 → 日本,us_elec,卸売業,6,1,0,0.6359,0.3753,0.0134,-0.0276,0.4734,-0.8867,False,False
外部需求 → 日本,us_elec,卸売業,6,1,3,0.8002,0.7206,0.0065,0.0134,0.253,0.3576,False,False
外部需求 → 日本,us_elec,卸売業,6,1,6,0.2638,0.4436,0.0266,0.0245,1.1174,0.7661,False,False
外部需求 → 日本,us_elec,卸売業,6,3,0,0.5684,0.3037,0.0315,-0.0985,0.5704,-1.0286,False,False
外部需求 → 日本,us_elec,卸売業,6,3,3,0.3896,0.6078,0.0535,0.0597,0.8604,0.5132,False,False
外部需求 → 日本,us_elec,卸売業,6,3,6,0.1412,0.9258,0.0758,0.0098,1.4713,0.0932,False,False
外部需求 → 日本,us_elec,卸売業,6,6,0,0.333,0.8634,0.0798,-0.0362,0.968,-0.172,False,False
外部需求 → 日本,us_elec,卸売業,6,6,3,0.1443,0.7369,0.1281,0.0766,1.4599,0.3359,False,False
外部需求 → 日本,us_elec,卸売業,6,6,6,0.3094,0.9868,0.0968,0.0033,1.0164,0.0166,False,False
外部需求 → 日本,us_elec,小売業,1,1,0,0.8226,0.2772,-0.0464,0.1483,-0.2242,1.0866,False,False
外部需求 → 日本,us_elec,小売業,1,1,3,0.4016,0.0322,-0.16,-0.324,-0.8388,-2.1417,False,False
外部需求 → 日本,us_elec,小売業,1,1,6,0.8278,0.155,-0.0422,0.2304,-0.2176,1.4222,False,False
外部需求 → 日本,us_elec,小売業,1,3,0,0.9847,0.9087,-0.0104,0.0292,-0.0191,0.1147,False,False
外部需求 → 日本,us_elec,小売業,1,3,3,0.6944,0.6028,-0.1793,-0.1161,-0.3928,-0.5204,False,False
外部需求 → 日本,us_elec,小売業,1,3,6,0.5985,0.2724,0.2316,0.2556,0.5265,1.0976,False,False
外部需求 → 日本,us_elec,小売業,1,6,0,0.8332,0.6927,-0.1269,-0.1235,-0.2106,-0.3952,False,False
外部需求 → 日本,us_elec,小売業,1,6,3,0.8435,0.5216,0.1184,0.1971,0.1974,0.6409,False,False
外部需求 → 日本,us_elec,小売業,1,6,6,0.486,0.3564,0.3337,0.267,0.6967,0.9222,False,False
外部需求 → 日本,us_elec,小売業,3,1,0,0.9655,0.9924,0.0048,-0.001,0.0432,-0.0095,False,False
外部需求 → 日本,us_elec,小売業,3,1,3,0.7429,0.9742,-0.0325,-0.0032,-0.328,-0.0323,False,False
外部需求 → 日本,us_elec,小売業,3,1,6,0.7422,0.2652,0.0321,0.0963,0.3289,1.1143,False,False
外部需求 → 日本,us_elec,小売業,3,3,0,0.9043,0.1582,-0.0332,-0.2634,-0.1203,-1.4113,False,False
外部需求 → 日本,us_elec,小売業,3,3,3,0.8227,0.405,-0.0545,0.1901,-0.2241,0.8327,False,False
外部需求 → 日本,us_elec,小売業,3,3,6,0.5886,0.6397,0.1187,0.0774,0.5408,0.4682,False,False
外部需求 → 日本,us_elec,小売業,3,6,0,0.8165,0.6525,-0.0655,-0.0974,-0.232,-0.4503,False,False
外部需求 → 日本,us_elec,小売業,3,6,3,0.7956,0.2303,0.0747,0.2984,0.2591,1.1996,False,False
外部需求 → 日本,us_elec,小売業,3,6,6,0.7101,0.5605,0.0778,0.12,0.3717,0.5821,False,False
外部需求 → 日本,us_elec,小売業,6,1,0,0.8927,0.9205,-0.0083,-0.0058,-0.1349,-0.0998,False,False
外部需求 → 日本,us_elec,小売業,6,1,3,0.9835,0.349,-0.0011,0.0606,-0.0207,0.9366,False,False
外部需求 → 日本,us_elec,小売業,6,1,6,0.7613,0.319,0.0135,0.0659,0.3038,0.9966,False,False
外部需求 → 日本,us_elec,小売業,6,3,0,0.79,0.8214,-0.0319,-0.0278,-0.2663,-0.2258,False,False
外部需求 → 日本,us_elec,小売業,6,3,3,0.8905,0.3041,0.0158,0.172,0.1377,1.0276,False,False
外部需求 → 日本,us_elec,小売業,6,3,6,0.8221,0.4433,0.0184,0.1161,0.2248,0.7666,False,False
外部需求 → 日本,us_elec,小売業,6,6,0,0.9664,0.4612,-0.0058,0.1447,-0.0421,0.7369,False,False
外部需求 → 日本,us_elec,小売業,6,6,3,0.7662,0.3348,0.0384,0.2694,0.2973,0.9646,False,False
外部需求 → 日本,us_elec,小売業,6,6,6,0.6299,0.5039,0.0501,0.1127,0.4819,0.6684,False,False
外部需求 → 日本,us_elec,建設業,1,1,0,0.4633,0.5488,-0.1588,0.0873,-0.7334,0.5995,False,False
外部需求 → 日本,us_elec,建設業,1,1,3,0.0195,0.5496,0.5681,-0.1115,2.3367,-0.5984,False,False
外部需求 → 日本,us_elec,建設業,1,1,6,0.6994,0.3898,-0.0938,-0.1495,-0.3861,-0.8599,False,False
外部需求 → 日本,us_elec,建設業,1,3,0,0.8425,0.9901,0.0952,0.0032,0.1987,0.0124,False,False
外部需求 → 日本,us_elec,建設業,1,3,3,0.0566,0.7257,0.9781,-0.1052,1.9062,-0.3508,False,False
外部需求 → 日本,us_elec,建設業,1,3,6,0.2274,0.762,0.6283,-0.0727,1.207,-0.3028,False,False
外部需求 → 日本,us_elec,建設業,1,6,0,0.2866,0.9578,1.0053,-0.0194,1.0655,-0.0529,False,False
外部需求 → 日本,us_elec,建設業,1,6,3,0.1499,0.8285,1.4981,-0.079,1.44,-0.2166,False,False
外部需求 → 日本,us_elec,建設業,1,6,6,0.1506,0.3178,1.2036,0.332,1.4375,0.9989,False,False
外部需求 → 日本,us_elec,建設業,3,1,0,0.8199,0.9241,-0.0216,0.0087,-0.2276,0.0953,False,False
外部需求 → 日本,us_elec,建設業,3,1,3,0.0711,0.8699,0.1599,-0.0217,1.8051,-0.1638,False,False
外部需求 → 日本,us_elec,建設業,3,1,6,0.2359,0.6411,0.1072,-0.0468,1.1854,-0.4662,False,False
外部需求 → 日本,us_elec,建設業,3,3,0,0.2055,0.873,0.304,0.0355,1.2661,0.1599,False,False
外部需求 → 日本,us_elec,建設業,3,3,3,0.2263,0.798,0.3531,-0.0736,1.2099,-0.2559,False,False
外部需求 → 日本,us_elec,建設業,3,3,6,0.0085,0.2153,0.5584,-0.1519,2.6304,-1.2391,False,False
外部需求 → 日本,us_elec,建設業,3,6,0,0.1879,0.8761,0.6343,0.0649,1.317,0.1559,False,False
外部需求 → 日本,us_elec,建設業,3,6,3,0.0283,0.7939,0.8765,-0.0765,2.1926,-0.2612,False,False
外部需求 → 日本,us_elec,建設業,3,6,6,0.0085,0.6124,0.8507,0.1462,2.6329,0.5067,False,False
外部需求 → 日本,us_elec,建設業,6,1,0,0.425,0.9944,0.044,-0.0006,0.7978,-0.007,False,False
外部需求 → 日本,us_elec,建設業,6,1,3,0.104,0.7578,0.081,-0.0314,1.6259,-0.3084,False,False
外部需求 → 日本,us_elec,建設業,6,1,6,0.1824,0.8206,0.0632,0.0143,1.3334,0.2267,False,False
外部需求 → 日本,us_elec,建設業,6,3,0,0.1899,0.9719,0.2089,-0.0098,1.311,-0.0352,False,False
外部需求 → 日本,us_elec,建設業,6,3,3,0.0262,0.5688,0.2813,-0.1226,2.2226,-0.5699,False,False
外部需求 → 日本,us_elec,建設業,6,3,6,0.014,0.6623,0.279,0.0679,2.456,0.4367,False,False
外部需求 → 日本,us_elec,建設業,6,6,0,0.0491,0.9553,0.472,0.0228,1.9678,0.0561,False,False
外部需求 → 日本,us_elec,建設業,6,6,3,0.0023,0.8123,0.5389,0.0578,3.0427,0.2375,True,False
外部需求 → 日本,us_elec,建設業,6,6,6,0.0037,0.3727,0.4858,0.1869,2.8985,0.8915,False,False
外部需求 → 日本,us_elec,情報・通信業,1,1,0,0.615,0.0058,0.1001,-0.5368,0.5029,-2.7591,False,False
外部需求 → 日本,us_elec,情報・通信業,1,1,3,0.939,0.6383,0.0123,-0.1182,0.0765,-0.4701,False,False
外部需求 → 日本,us_elec,情報・通信業,1,1,6,0.0081,0.0199,0.4444,0.5764,2.6463,2.3275,False,False
外部需求 → 日本,us_elec,情報・通信業,1,3,0,0.5059,0.1015,0.2807,-0.6425,0.6652,-1.6378,False,False
外部需求 → 日本,us_elec,情報・通信業,1,3,3,0.4322,0.3222,0.242,-0.4172,0.7854,-0.99,False,False
外部需求 → 日本,us_elec,情報・通信業,1,3,6,0.0166,0.0543,0.6137,0.7917,2.3958,1.9246,False,False
外部需求 → 日本,us_elec,情報・通信業,1,6,0,0.3062,0.0461,0.5626,-1.1115,1.0232,-1.9948,False,False
外部需求 → 日本,us_elec,情報・通信業,1,6,3,0.0514,0.4872,0.827,0.383,1.9483,0.6947,False,False
外部需求 → 日本,us_elec,情報・通信業,1,6,6,0.0503,0.2019,0.7478,0.6172,1.9575,1.2762,False,False
外部需求 → 日本,us_elec,情報・通信業,3,1,0,0.5088,0.0754,0.0563,-0.2296,0.6607,-1.778,False,False
外部需求 → 日本,us_elec,情報・通信業,3,1,3,0.6487,0.1631,0.0292,-0.1603,0.4556,-1.3947,False,False
外部需求 → 日本,us_elec,情報・通信業,3,1,6,0.0753,0.0147,0.1037,0.3492,1.7788,2.4385,False,False
外部需求 → 日本,us_elec,情報・通信業,3,3,0,0.5179,0.013,0.1271,-0.6535,0.6466,-2.4834,False,False
外部需求 → 日本,us_elec,情報・通信業,3,3,3,0.0543,0.7726,0.2851,0.0838,1.9245,0.2889,False,False
外部需求 → 日本,us_elec,情報・通信業,3,3,6,0.0558,0.0094,0.2487,0.7091,1.9124,2.5971,False,False
外部需求 → 日本,us_elec,情報・通信業,3,6,0,0.0309,0.1418,0.4129,-0.6099,2.1585,-1.4691,False,False
外部需求 → 日本,us_elec,情報・通信業,3,6,3,0.0157,0.1001,0.5275,0.8179,2.4153,1.6445,False,False
外部需求 → 日本,us_elec,情報・通信業,3,6,6,0.3316,0.1778,0.1798,0.5237,0.9709,1.3476,False,False
外部需求 → 日本,us_elec,情報・通信業,6,1,0,0.5369,0.0036,0.0245,-0.2245,0.6175,-2.9114,False,False
外部需求 → 日本,us_elec,情報・通信業,6,1,3,0.1367,0.319,0.0437,0.1085,1.4881,0.9965,False,False
外部需求 → 日本,us_elec,情報・通信業,6,1,6,0.0891,0.0573,0.0477,0.1705,1.7001,1.901,False,False
外部需求 → 日本,us_elec,情報・通信業,6,3,0,0.0995,0.1334,0.118,-0.3123,1.6474,-1.5007,False,False
外部需求 → 日本,us_elec,情報・通信業,6,3,3,0.0395,0.0847,0.1636,0.4953,2.0586,1.7239,False,False
外部需求 → 日本,us_elec,情報・通信業,6,3,6,0.3327,0.2203,0.0656,0.3248,0.9687,1.2259,False,False
外部需求 → 日本,us_elec,情報・通信業,6,6,0,0.0041,0.7287,0.2795,0.164,2.8731,0.3468,False,False
外部需求 → 日本,us_elec,情報・通信業,6,6,3,0.0734,0.1198,0.2205,0.8364,1.7905,1.5554,False,False
外部需求 → 日本,us_elec,情報・通信業,6,6,6,0.4776,0.6818,0.0533,0.1744,0.7101,0.41,False,False
外部需求 → 日本,us_elec,機械,1,1,0,0.9488,0.3759,0.0138,-0.1105,0.0643,-0.8855,False,False
外部需求 → 日本,us_elec,機械,1,1,3,0.6364,0.2168,-0.095,0.1933,-0.4727,1.235,False,False
外部需求 → 日本,us_elec,機械,1,1,6,0.5209,0.0969,-0.1263,-0.2717,-0.642,-1.6599,False,False
外部需求 → 日本,us_elec,機械,1,3,0,0.8654,0.9117,0.0901,0.0242,0.1695,0.1109,False,False
外部需求 → 日本,us_elec,機械,1,3,3,0.2543,0.6661,-0.4481,-0.0926,-1.14,-0.4315,False,False
外部需求 → 日本,us_elec,機械,1,3,6,0.0462,0.0248,-0.7409,-0.5457,-1.994,-2.2453,False,False
外部需求 → 日本,us_elec,機械,1,6,0,0.565,0.9168,-0.4142,-0.0307,-0.5754,-0.1045,False,False
外部需求 → 日本,us_elec,機械,1,6,3,0.0248,0.0263,-1.2145,-0.6576,-2.245,-2.2213,False,False
外部需求 → 日本,us_elec,機械,1,6,6,0.0054,0.0693,-1.629,-0.4889,-2.7829,-1.8162,False,False
外部需求 → 日本,us_elec,機械,3,1,0,0.8155,0.8991,0.0284,0.0108,0.2334,0.1268,False,False
外部需求 → 日本,us_elec,機械,3,1,3,0.2532,0.2807,-0.0931,-0.0832,-1.1427,-1.0788,False,False
外部需求 → 日本,us_elec,機械,3,1,6,0.0992,0.0241,-0.125,-0.2204,-1.6489,-2.2558,False,False
外部需求 → 日本,us_elec,機械,3,3,0,0.8121,0.1379,-0.0607,0.2396,-0.2377,1.4836,False,False
外部需求 → 日本,us_elec,機械,3,3,3,0.0465,0.0004,-0.3129,-0.4688,-1.9911,-3.5686,False,False
外部需求 → 日本,us_elec,機械,3,3,6,0.0154,0.0965,-0.4391,-0.2964,-2.4221,-1.6619,False,False
外部需求 → 日本,us_elec,機械,3,6,0,0.1538,0.2235,-0.3877,-0.217,-1.4262,-1.2174,False,False
外部需求 → 日本,us_elec,機械,3,6,3,0.0017,0.0001,-0.7572,-0.7776,-3.139,-4.045,True,True
外部需求 → 日本,us_elec,機械,3,6,6,0.0034,0.292,-0.698,-0.2127,-2.9331,-1.0537,True,False
外部需求 → 日本,us_elec,機械,6,1,0,0.6765,0.3644,-0.0215,-0.0477,-0.4172,-0.907,False,False
外部需求 → 日本,us_elec,機械,6,1,3,0.0647,0.0028,-0.0677,-0.1947,-1.8475,-2.985,False,False
外部需求 → 日本,us_elec,機械,6,1,6,0.0221,0.0048,-0.0837,-0.1352,-2.2885,-2.8219,False,False
外部需求 → 日本,us_elec,機械,6,3,0,0.1973,0.1165,-0.1182,-0.1545,-1.2892,-1.5697,False,False
外部需求 → 日本,us_elec,機械,6,3,3,0.0143,0.0002,-0.2279,-0.4864,-2.4505,-3.7475,False,False
外部需求 → 日本,us_elec,機械,6,3,6,0.0067,0.1279,-0.2132,-0.1636,-2.7118,-1.5225,False,False
外部需求 → 日本,us_elec,機械,6,6,0,0.0014,0.0,-0.3521,-0.641,-3.1897,-5.0192,True,True
外部需求 → 日本,us_elec,機械,6,6,3,0.0006,0.0006,-0.4433,-0.6211,-3.4532,-3.4516,True,True
外部需求 → 日本,us_elec,機械,6,6,6,0.0086,0.453,-0.3553,-0.1306,-2.629,-0.7504,False,False
外部需求 → 日本,us_elec,水産・農林業,1,1,0,0.6688,0.1354,0.1488,0.2782,0.4278,1.4932,False,False
外部需求 → 日本,us_elec,水産・農林業,1,1,3,0.9278,0.0245,0.0307,-0.5106,0.0907,-2.2485,False,False
外部需求 → 日本,us_elec,水産・農林業,1,1,6,0.5633,0.379,-0.1692,0.2013,-0.578,0.8798,False,False
外部需求 → 日本,us_elec,水産・農林業,1,3,0,0.1803,0.624,1.0594,0.1797,1.34,0.4902,False,False
外部需求 → 日本,us_elec,水産・農林業,1,3,3,0.9555,0.8932,-0.0433,-0.056,-0.0558,-0.1342,False,False
外部需求 → 日本,us_elec,水産・農林業,1,3,6,0.3291,0.4485,0.6321,0.2613,0.9759,0.7579,False,False
外部需求 → 日本,us_elec,水産・農林業,1,6,0,0.2585,0.7026,1.2925,0.1915,1.1298,0.3818,False,False
外部需求 → 日本,us_elec,水産・農林業,1,6,3,0.4913,0.3776,0.7016,0.3183,0.6883,0.8823,False,False
外部需求 → 日本,us_elec,水産・農林業,1,6,6,0.2615,0.0499,0.7875,0.6349,1.123,1.9608,False,False
外部需求 → 日本,us_elec,水産・農林業,3,1,0,0.2809,0.4687,0.1883,0.0884,1.0784,0.7245,False,False
外部需求 → 日本,us_elec,水産・農林業,3,1,3,0.7963,0.7666,0.0454,0.0537,0.2581,0.2968,False,False
外部需求 → 日本,us_elec,水産・農林業,3,1,6,0.4804,0.8268,0.1089,0.0345,0.7057,0.2188,False,False
外部需求 → 日本,us_elec,水産・農林業,3,3,0,0.1782,0.3458,0.472,-0.2293,1.3465,-0.9427,False,False
外部需求 → 日本,us_elec,水産・農林業,3,3,3,0.9693,0.2106,0.0149,0.4367,0.0384,1.2519,False,False
外部需求 → 日本,us_elec,水産・農林業,3,3,6,0.3543,0.9586,0.2691,0.0174,0.9263,0.0519,False,False
外部需求 → 日本,us_elec,水産・農林業,3,6,0,0.2259,0.5874,0.606,0.2654,1.211,0.5425,False,False
外部需求 → 日本,us_elec,水産・農林業,3,6,3,0.456,0.0127,0.3386,0.5453,0.7455,2.491,False,False
外部需求 → 日本,us_elec,水産・農林業,3,6,6,0.2814,0.2777,0.355,0.4118,1.0771,1.0856,False,False
外部需求 → 日本,us_elec,水産・農林業,6,1,0,0.3423,0.4267,0.0776,0.0832,0.9497,0.7949,False,False
外部需求 → 日本,us_elec,水産・農林業,6,1,3,0.5439,0.6267,0.0482,0.0529,0.6069,0.4864,False,False
外部需求 → 日本,us_elec,水産・農林業,6,1,6,0.5675,0.2155,0.0342,0.1141,0.5717,1.2386,False,False
外部需求 → 日本,us_elec,水産・農林業,6,3,0,0.3767,0.6507,0.1627,0.1391,0.884,0.4528,False,False
外部需求 → 日本,us_elec,水産・農林業,6,3,3,0.5573,0.2419,0.0913,0.2705,0.5869,1.1702,False,False
外部需求 → 日本,us_elec,水産・農林業,6,3,6,0.4476,0.1234,0.0912,0.3244,0.7594,1.5407,False,False
外部需求 → 日本,us_elec,水産・農林業,6,6,0,0.2217,0.1388,0.3089,0.502,1.2219,1.4802,False,False
外部需求 → 日本,us_elec,水産・農林業,6,6,3,0.3483,0.0199,0.2098,0.6017,0.9379,2.3282,False,False
外部需求 → 日本,us_elec,水産・農林業,6,6,6,0.3968,0.1793,0.1718,0.518,0.8473,1.3429,False,False
外部需求 → 日本,us_elec,海運業,1,1,0,0.1787,0.5195,0.6936,0.3177,1.3447,0.644,False,False
外部需求 → 日本,us_elec,海運業,1,1,3,0.3553,0.0825,0.4473,0.9629,0.9243,1.7364,False,False
外部需求 → 日本,us_elec,海運業,1,1,6,0.9834,0.5283,0.0093,0.3188,0.0207,0.6306,False,False
外部需求 → 日本,us_elec,海運業,1,3,0,0.0289,0.3839,1.9154,0.6424,2.1854,0.8708,False,False
外部需求 → 日本,us_elec,海運業,1,3,3,0.2747,0.327,1.0694,0.9157,1.0924,0.9801,False,False
外部需求 → 日本,us_elec,海運業,1,3,6,0.5563,0.2743,-0.626,1.0898,-0.5884,1.0933,False,False
外部需求 → 日本,us_elec,海運業,1,6,0,0.0454,0.2505,2.9898,1.4692,2.0012,1.1491,False,False
外部需求 → 日本,us_elec,海運業,1,6,3,0.7586,0.1805,0.4649,2.1977,0.3073,1.3393,False,False
外部需求 → 日本,us_elec,海運業,1,6,6,0.3392,0.6561,-1.5388,0.7674,-0.9557,0.4453,False,False
外部需求 → 日本,us_elec,海運業,3,1,0,0.0892,0.3557,0.3713,0.2373,1.6995,0.9236,False,False
外部需求 → 日本,us_elec,海運業,3,1,3,0.2294,0.3934,0.2251,0.3329,1.202,0.8535,False,False
外部需求 → 日本,us_elec,海運業,3,1,6,0.7075,0.2862,-0.0823,0.3681,-0.3753,1.0665,False,False
外部需求 → 日本,us_elec,海運業,3,3,0,0.0324,0.2718,1.0772,0.8469,2.1397,1.0989,False,False
外部需求 → 日本,us_elec,海運業,3,3,3,0.3242,0.5326,0.4269,0.6991,0.9859,0.624,False,False
外部需求 → 日本,us_elec,海運業,3,3,6,0.3763,0.5558,-0.5728,0.677,-0.8848,0.5892,False,False
外部需求 → 日本,us_elec,海運業,3,6,0,0.0191,0.3742,1.5092,1.5261,2.3438,0.8886,False,False
外部需求 → 日本,us_elec,海運業,3,6,3,0.8696,0.4655,-0.1374,1.4876,-0.1641,0.7299,False,False
外部需求 → 日本,us_elec,海運業,3,6,6,0.3144,0.854,-0.7744,0.3389,-1.0061,0.184,False,False
外部需求 → 日本,us_elec,海運業,6,1,0,0.0771,0.1573,0.1891,0.3307,1.768,1.4141,False,False
外部需求 → 日本,us_elec,海運業,6,1,3,0.655,0.211,0.0507,0.4132,0.4468,1.2509,False,False
外部需求 → 日本,us_elec,海運業,6,1,6,0.547,0.8671,-0.078,0.056,-0.6022,0.1674,False,False
外部需求 → 日本,us_elec,海運業,6,3,0,0.0269,0.2872,0.4851,0.8741,2.2123,1.0642,False,False
外部需求 → 日本,us_elec,海運業,6,3,3,0.9532,0.4113,-0.0192,0.7735,-0.0586,0.8216,False,False
外部需求 → 日本,us_elec,海運業,6,3,6,0.4075,0.8034,-0.2417,0.2467,-0.8283,0.2489,False,False
外部需求 → 日本,us_elec,海運業,6,6,0,0.2312,0.2686,0.4686,1.7307,1.1974,1.1063,False,False
外部需求 → 日本,us_elec,海運業,6,6,3,0.5768,0.56,-0.2602,1.0487,-0.558,0.5829,False,False
外部需求 → 日本,us_elec,海運業,6,6,6,0.1898,0.6983,-0.5005,-0.729,-1.3112,-0.3876,False,False
外部需求 → 日本,us_elec,石油・石炭製品,1,1,0,0.677,0.1632,-0.1873,0.5389,-0.4166,1.3943,False,False
外部需求 → 日本,us_elec,石油・石炭製品,1,1,3,0.2847,0.9116,0.4898,-0.0398,1.0697,-0.111,False,False
外部需求 → 日本,us_elec,石油・石炭製品,1,1,6,0.0185,0.6877,0.962,-0.1415,2.3561,-0.402,False,False
外部需求 → 日本,us_elec,石油・石炭製品,1,3,0,0.6819,0.6445,0.4842,0.3175,0.4098,0.4614,False,False
外部需求 → 日本,us_elec,石油・石炭製品,1,3,3,0.5669,0.8057,0.6226,0.1977,0.5726,0.246,False,False
外部需求 → 日本,us_elec,石油・石炭製品,1,3,6,0.3801,0.1495,0.8138,-1.1948,0.8777,-1.4415,False,False
外部需求 → 日本,us_elec,石油・石炭製品,1,6,0,0.6297,0.5412,0.8363,0.5786,0.4822,0.611,False,False
外部需求 → 日本,us_elec,石油・石炭製品,1,6,3,0.5055,0.2155,1.1558,-0.8629,0.6658,-1.2385,False,False
外部需求 → 日本,us_elec,石油・石炭製品,1,6,6,0.3001,0.8786,1.3178,0.1424,1.0361,0.1527,False,False
外部需求 → 日本,us_elec,石油・石炭製品,3,1,0,0.3734,0.4178,0.1929,0.1886,0.89,0.8102,False,False
外部需求 → 日本,us_elec,石油・石炭製品,3,1,3,0.2529,0.5414,0.2043,0.1709,1.1432,0.6107,False,False
外部需求 → 日本,us_elec,石油・石炭製品,3,1,6,0.3803,0.0545,0.174,-0.4678,0.8774,-1.9225,False,False
外部需求 → 日本,us_elec,石油・石炭製品,3,3,0,0.3348,0.7572,0.6164,0.1699,0.9645,0.3091,False,False
外部需求 → 日本,us_elec,石油・石炭製品,3,3,3,0.1681,0.6621,0.6552,-0.2537,1.3783,-0.4371,False,False
外部需求 → 日本,us_elec,石油・石炭製品,3,3,6,0.6157,0.3969,0.2717,-0.5808,0.5019,-0.8471,False,False
外部需求 → 日本,us_elec,石油・石炭製品,3,6,0,0.1868,0.9971,1.0735,-0.0035,1.3202,-0.0036,False,False
外部需求 → 日本,us_elec,石油・石炭製品,3,6,3,0.2857,0.2228,0.7902,-0.6848,1.0677,-1.2192,False,False
外部需求 → 日本,us_elec,石油・石炭製品,3,6,6,0.5112,0.771,0.4899,0.2587,0.6569,0.2911,False,False
外部需求 → 日本,us_elec,石油・石炭製品,6,1,0,0.2393,0.2799,0.1212,0.2152,1.1767,1.0805,False,False
外部需求 → 日本,us_elec,石油・石炭製品,6,1,3,0.155,0.2559,0.135,-0.2183,1.4221,-1.1361,False,False
外部需求 → 日本,us_elec,石油・石炭製品,6,1,6,0.4057,0.8547,0.0974,0.0385,0.8315,0.1831,False,False
外部需求 → 日本,us_elec,石油・石炭製品,6,3,0,0.1625,0.8951,0.4121,-0.0849,1.3967,-0.1319,False,False
外部需求 → 日本,us_elec,石油・石炭製品,6,3,3,0.2287,0.1495,0.3174,-0.5935,1.2037,-1.4415,False,False
外部需求 → 日本,us_elec,石油・石炭製品,6,3,6,0.5832,0.575,0.167,0.3097,0.5487,0.5607,False,False
外部需求 → 日本,us_elec,石油・石炭製品,6,6,0,0.091,0.4486,0.626,-0.5339,1.6901,-0.7578,False,False
外部需求 → 日本,us_elec,石油・石炭製品,6,6,3,0.1955,0.7311,0.4252,-0.2751,1.2944,-0.3437,False,False
外部需求 → 日本,us_elec,石油・石炭製品,6,6,6,0.8912,0.3131,-0.0517,0.7312,-0.1368,1.0086,False,False
外部需求 → 日本,us_elec,精密機器,1,1,0,0.6274,0.8175,-0.1259,-0.0373,-0.4854,-0.2307,False,False
外部需求 → 日本,us_elec,精密機器,1,1,3,0.9988,0.3539,0.0003,0.1456,0.0015,0.927,False,False
外部需求 → 日本,us_elec,精密機器,1,1,6,0.8822,0.7617,-0.0298,-0.0569,-0.1482,-0.3033,False,False
外部需求 → 日本,us_elec,精密機器,1,3,0,0.7218,0.7022,-0.1969,0.1018,-0.356,0.3824,False,False
外部需求 → 日本,us_elec,精密機器,1,3,3,0.8532,0.2868,0.0795,0.2449,0.185,1.0652,False,False
外部需求 → 日本,us_elec,精密機器,1,3,6,0.0928,0.7297,-0.631,-0.0899,-1.681,-0.3456,False,False
外部需求 → 日本,us_elec,精密機器,1,6,0,0.9121,0.3035,-0.0878,0.3224,-0.1104,1.0289,False,False
外部需求 → 日本,us_elec,精密機器,1,6,3,0.274,0.6645,-0.5479,0.1362,-1.094,0.4337,False,False
外部需求 → 日本,us_elec,精密機器,1,6,6,0.0049,0.7993,-1.0582,-0.0875,-2.811,-0.2543,False,False
外部需求 → 日本,us_elec,精密機器,3,1,0,0.7221,0.6275,-0.0411,0.0465,-0.3556,0.4852,False,False
外部需求 → 日本,us_elec,精密機器,3,1,3,0.8907,0.2348,0.0125,0.0971,0.1374,1.1882,False,False
外部需求 → 日本,us_elec,精密機器,3,1,6,0.2116,0.6473,-0.1114,-0.0445,-1.2493,-0.4575,False,False
外部需求 → 日本,us_elec,精密機器,3,3,0,0.9059,0.1313,-0.0353,0.3066,-0.1182,1.509,False,False
外部需求 → 日本,us_elec,精密機器,3,3,3,0.8789,0.6491,-0.0298,0.0834,-0.1524,0.455,False,False
外部需求 → 日本,us_elec,精密機器,3,3,6,0.066,0.9688,-0.4095,-0.0089,-1.8383,-0.0391,False,False
外部需求 → 日本,us_elec,精密機器,3,6,0,0.8981,0.0605,-0.05,0.3692,-0.128,1.8769,False,False
外部需求 → 日本,us_elec,精密機器,3,6,3,0.0365,0.7926,-0.4357,0.0652,-2.0911,0.2629,False,False
外部需求 → 日本,us_elec,精密機器,3,6,6,0.0145,0.75,-0.5193,-0.0876,-2.4443,-0.3187,False,False
外部需求 → 日本,us_elec,精密機器,6,1,0,0.8769,0.2286,-0.01,0.0911,-0.1549,1.204,False,False
外部需求 → 日本,us_elec,精密機器,6,1,3,0.4571,0.5106,-0.0311,0.0338,-0.7436,0.658,False,False
外部需求 → 日本,us_elec,精密機器,6,1,6,0.1539,0.7095,-0.0625,-0.0286,-1.4258,-0.3725,False,False
外部需求 → 日本,us_elec,精密機器,6,3,0,0.8908,0.145,-0.0202,0.2272,-0.1373,1.4573,False,False
外部需求 → 日本,us_elec,精密機器,6,3,3,0.1538,0.6918,-0.1342,0.0594,-1.4261,0.3964,False,False
外部需求 → 日本,us_elec,精密機器,6,3,6,0.0574,0.6215,-0.1652,-0.0898,-1.9002,-0.4937,False,False
外部需求 → 日本,us_elec,精密機器,6,6,0,0.2347,0.1118,-0.1484,0.2741,-1.1882,1.59,False,False
外部需求 → 日本,us_elec,精密機器,6,6,3,0.0197,0.9922,-0.2971,-0.0029,-2.3316,-0.0097,False,False
外部需求 → 日本,us_elec,精密機器,6,6,6,0.0274,0.5961,-0.2379,-0.1427,-2.206,-0.53,False,False
外部需求 → 日本,us_elec,繊維製品,1,1,0,0.5605,0.1598,-0.1229,0.2176,-0.5821,1.4056,False,False
外部需求 → 日本,us_elec,繊維製品,1,1,3,0.7919,0.4582,0.0552,-0.1479,0.2638,-0.7418,False,False
外部需求 → 日本,us_elec,繊維製品,1,1,6,0.8374,0.8541,-0.047,0.0403,-0.2052,0.1839,False,False
外部需求 → 日本,us_elec,繊維製品,1,3,0,0.4128,0.4483,-0.1775,0.3257,-0.819,0.7582,False,False
外部需求 → 日本,us_elec,繊維製品,1,3,3,0.1515,0.305,0.4222,0.377,1.4343,1.0259,False,False
外部需求 → 日本,us_elec,繊維製品,1,3,6,0.6452,0.8503,0.1658,-0.0483,0.4604,-0.1888,False,False
外部需求 → 日本,us_elec,繊維製品,1,6,0,0.423,0.1749,0.2507,0.683,0.8013,1.3566,False,False
外部需求 → 日本,us_elec,繊維製品,1,6,3,0.1264,0.3313,0.5955,0.378,1.5283,0.9715,False,False
外部需求 → 日本,us_elec,繊維製品,1,6,6,0.1396,0.7124,0.5955,0.1084,1.4772,0.3686,False,False
外部需求 → 日本,us_elec,繊維製品,3,1,0,0.6431,0.4894,-0.0318,0.1195,-0.4634,0.6913,False,False
外部需求 → 日本,us_elec,繊維製品,3,1,3,0.2262,0.0847,0.0994,0.2149,1.2102,1.7238,False,False
外部需求 → 日本,us_elec,繊維製品,3,1,6,0.6321,0.7566,0.041,-0.0276,0.4788,-0.31,False,False
外部需求 → 日本,us_elec,繊維製品,3,3,0,0.8663,0.3426,-0.0174,0.2789,-0.1683,0.9491,False,False
外部需求 → 日本,us_elec,繊維製品,3,3,3,0.2114,0.0449,0.1904,0.6746,1.2497,2.0056,False,False
外部需求 → 日本,us_elec,繊維製品,3,3,6,0.114,0.0975,0.2286,-0.3167,1.5805,-1.657,False,False
外部需求 → 日本,us_elec,繊維製品,3,6,0,0.3208,0.0571,0.1693,0.9414,0.9928,1.9022,False,False
外部需求 → 日本,us_elec,繊維製品,3,6,3,0.0201,0.2383,0.4164,0.403,2.3246,1.1792,False,False
外部需求 → 日本,us_elec,繊維製品,3,6,6,0.0334,0.4574,0.4397,-0.2779,2.1278,-0.7432,False,False
外部需求 → 日本,us_elec,繊維製品,6,1,0,0.5528,0.0088,0.0186,0.2117,0.5935,2.6194,False,False
外部需求 → 日本,us_elec,繊維製品,6,1,3,0.1756,0.3177,0.0448,0.1089,1.3545,0.9992,False,False
外部需求 → 日本,us_elec,繊維製品,6,1,6,0.227,0.9889,0.0389,0.001,1.208,0.0139,False,False
外部需求 → 日本,us_elec,繊維製品,6,3,0,0.4187,0.0497,0.0563,0.6034,0.8087,1.963,False,False
外部需求 → 日本,us_elec,繊維製品,6,3,3,0.0524,0.4866,0.1364,0.1977,1.9397,0.6957,False,False
外部需求 → 日本,us_elec,繊維製品,6,3,6,0.0771,0.3807,0.1342,-0.1578,1.7678,-0.8766,False,False
外部需求 → 日本,us_elec,繊維製品,6,6,0,0.0681,0.1513,0.1908,0.8342,1.824,1.4349,False,False
外部需求 → 日本,us_elec,繊維製品,6,6,3,0.0167,0.8543,0.2677,0.0645,2.3934,0.1836,False,False
外部需求 → 日本,us_elec,繊維製品,6,6,6,0.1421,0.5077,0.1742,-0.1775,1.4682,-0.6624,False,False
外部需求 → 日本,us_elec,証券、商品先物取引業,1,1,0,0.5108,0.258,-0.3287,-0.2477,-0.6576,-1.1312,False,False
外部需求 → 日本,us_elec,証券、商品先物取引業,1,1,3,0.6883,0.9742,0.193,0.0081,0.4012,0.0323,False,False
外部需求 → 日本,us_elec,証券、商品先物取引業,1,1,6,0.6204,0.3295,-0.2119,0.252,-0.4953,0.9752,False,False
外部需求 → 日本,us_elec,証券、商品先物取引業,1,3,0,0.176,0.762,-1.2993,0.1313,-1.3532,0.3028,False,False
外部需求 → 日本,us_elec,証券、商品先物取引業,1,3,3,0.8671,0.3625,-0.1577,0.4416,-0.1673,0.9105,False,False
外部需求 → 日本,us_elec,証券、商品先物取引業,1,3,6,0.7634,0.2788,-0.2448,-0.5133,-0.301,-1.0831,False,False
外部需求 → 日本,us_elec,証券、商品先物取引業,1,6,0,0.0734,0.4298,-1.6056,0.4912,-1.7901,0.7896,False,False
外部需求 → 日本,us_elec,証券、商品先物取引業,1,6,3,0.73,0.8671,-0.3693,-0.0908,-0.3452,-0.1673,False,False
外部需求 → 日本,us_elec,証券、商品先物取引業,1,6,6,0.8626,0.2587,0.1744,-0.7556,0.173,-1.1295,False,False
外部需求 → 日本,us_elec,証券、商品先物取引業,3,1,0,0.1223,0.8074,-0.2982,0.0373,-1.5452,0.2438,False,False
外部需求 → 日本,us_elec,証券、商品先物取引業,3,1,3,0.7828,0.5612,-0.0646,0.0996,-0.2757,0.5811,False,False
外部需求 → 日本,us_elec,証券、商品先物取引業,3,1,6,0.6981,0.2092,-0.0719,-0.1845,-0.3879,-1.2557,False,False
外部需求 → 日本,us_elec,証券、商品先物取引業,3,3,0,0.2826,0.387,-0.4994,0.4309,-1.0745,0.8651,False,False
外部需求 → 日本,us_elec,証券、商品先物取引業,3,3,3,0.4233,0.343,-0.3665,0.3723,-0.8008,0.9482,False,False
外部需求 → 日本,us_elec,証券、商品先物取引業,3,3,6,0.8146,0.0067,0.0792,-1.0993,0.2346,-2.709,False,False
外部需求 → 日本,us_elec,証券、商品先物取引業,3,6,0,0.0661,0.1602,-0.891,0.7786,-1.8376,1.4043,False,False
外部需求 → 日本,us_elec,証券、商品先物取引業,3,6,3,0.5872,0.1299,-0.3057,-0.7719,-0.5429,-1.5145,False,False
外部需求 → 日本,us_elec,証券、商品先物取引業,3,6,6,0.5814,0.0326,0.3093,-1.0247,0.5514,-2.1371,False,False
外部需求 → 日本,us_elec,証券、商品先物取引業,6,1,0,0.2463,0.5529,-0.1095,0.0719,-1.1595,0.5934,False,False
外部需求 → 日本,us_elec,証券、商品先物取引業,6,1,3,0.5941,0.5816,-0.0505,-0.0569,-0.5329,-0.5511,False,False
外部需求 → 日本,us_elec,証券、商品先物取引業,6,1,6,0.9157,0.3461,-0.0079,-0.1477,-0.1058,-0.9421,False,False
外部需求 → 日本,us_elec,証券、商品先物取引業,6,3,0,0.2037,0.1555,-0.2597,0.4384,-1.2712,1.4204,False,False
外部需求 → 日本,us_elec,証券、商品先物取引業,6,3,3,0.6203,0.152,-0.1015,-0.471,-0.4954,-1.4324,False,False
外部需求 → 日本,us_elec,証券、商品先物取引業,6,3,6,0.6376,0.1402,0.0932,-0.5539,0.4711,-1.4751,False,False
外部需求 → 日本,us_elec,証券、商品先物取引業,6,6,0,0.2245,0.8807,-0.3748,-0.066,-1.2146,-0.15,False,False
外部需求 → 日本,us_elec,証券、商品先物取引業,6,6,3,0.9531,0.0612,-0.0206,-1.1283,-0.0589,-1.8722,False,False
外部需求 → 日本,us_elec,証券、商品先物取引業,6,6,6,0.2883,0.1945,0.3797,-0.4749,1.0618,-1.2973,False,False
外部需求 → 日本,us_elec,輸送用機器,1,1,0,0.7101,0.392,-0.1861,0.195,-0.3717,0.856,False,False
外部需求 → 日本,us_elec,輸送用機器,1,1,3,0.749,0.2753,-0.1282,0.2479,-0.32,1.0909,False,False
外部需求 → 日本,us_elec,輸送用機器,1,1,6,0.9944,0.1464,-0.0023,-0.2646,-0.0071,-1.4524,False,False
外部需求 → 日本,us_elec,輸送用機器,1,3,0,0.647,0.1554,-0.4934,0.4046,-0.4579,1.4208,False,False
外部需求 → 日本,us_elec,輸送用機器,1,3,3,0.4908,0.217,-0.4549,0.3609,-0.689,1.2345,False,False
外部需求 → 日本,us_elec,輸送用機器,1,3,6,0.1822,0.3589,-0.7322,-0.294,-1.334,-0.9174,False,False
外部需求 → 日本,us_elec,輸送用機器,1,6,0,0.3481,0.0494,-1.3307,0.8013,-0.9382,1.9654,False,False
外部需求 → 日本,us_elec,輸送用機器,1,6,3,0.2608,0.8952,-1.3473,0.0562,-1.1246,0.1318,False,False
外部需求 → 日本,us_elec,輸送用機器,1,6,6,0.0244,0.1863,-1.5666,-0.5357,-2.2508,-1.3215,False,False
外部需求 → 日本,us_elec,輸送用機器,3,1,0,0.7778,0.1987,-0.0689,0.1547,-0.2822,1.2854,False,False
外部需求 → 日本,us_elec,輸送用機器,3,1,3,0.5056,0.294,-0.099,0.1178,-0.6657,1.0494,False,False
外部需求 → 日本,us_elec,輸送用機器,3,1,6,0.3784,0.2301,-0.1034,-0.1395,-0.8809,-1.2,False,False
外部需求 → 日本,us_elec,輸送用機器,3,3,0,0.4906,0.0338,-0.3146,0.4924,-0.6894,2.1225,False,False
外部需求 → 日本,us_elec,輸送用機器,3,3,3,0.3829,0.841,-0.2903,0.0545,-0.8725,0.2007,False,False
外部需求 → 日本,us_elec,輸送用機器,3,3,6,0.0113,0.2826,-0.5116,-0.2474,-2.5321,-1.0745,False,False
外部需求 → 日本,us_elec,輸送用機器,3,6,0,0.244,0.1497,-0.7579,0.6,-1.165,1.4406,False,False
外部需求 → 日本,us_elec,輸送用機器,3,6,3,0.0613,0.6437,-0.8795,-0.1553,-1.871,-0.4625,False,False
外部需求 → 日本,us_elec,輸送用機器,3,6,6,0.0339,0.0601,-0.6926,-0.6897,-2.1216,-1.8799,False,False
外部需求 → 日本,us_elec,輸送用機器,6,1,0,0.6179,0.0639,-0.0499,0.1531,-0.4988,1.8531,False,False
外部需求 → 日本,us_elec,輸送用機器,6,1,3,0.3356,0.9808,-0.0635,-0.0018,-0.9629,-0.0241,False,False
外部需求 → 日本,us_elec,輸送用機器,6,1,6,0.0453,0.0312,-0.0835,-0.1605,-2.0022,-2.1545,False,False
外部需求 → 日本,us_elec,輸送用機器,6,3,0,0.35,0.1325,-0.1888,0.2951,-0.9346,1.5043,False,False
外部需求 → 日本,us_elec,輸送用機器,6,3,3,0.0766,0.4087,-0.2445,-0.1384,-1.7709,-0.8261,False,False
外部需求 → 日本,us_elec,輸送用機器,6,3,6,0.0218,0.0972,-0.2134,-0.4033,-2.2938,-1.6585,False,False
外部需求 → 日本,us_elec,輸送用機器,6,6,0,0.0989,0.3741,-0.5061,0.2226,-1.6504,0.8889,False,False
外部需求 → 日本,us_elec,輸送用機器,6,6,3,0.0327,0.0896,-0.4876,-0.5331,-2.1353,-1.6976,False,False
外部需求 → 日本,us_elec,輸送用機器,6,6,6,0.0167,0.107,-0.3553,-0.5935,-2.3925,-1.6119,False,False
外部需求 → 日本,us_elec,金属製品,1,1,0,0.2789,0.9322,-0.2194,-0.0129,-1.0828,-0.085,False,False
外部需求 → 日本,us_elec,金属製品,1,1,3,0.7413,0.426,0.0591,0.1404,0.3301,0.796,False,False
外部需求 → 日本,us_elec,金属製品,1,1,6,0.2319,0.014,-0.2279,-0.418,-1.1954,-2.4573,False,False
外部需求 → 日本,us_elec,金属製品,1,3,0,0.1567,0.1201,-0.4842,0.3655,-1.4164,1.5545,False,False
外部需求 → 日本,us_elec,金属製品,1,3,3,0.5047,0.6881,-0.1874,0.119,-0.6672,0.4014,False,False
外部需求 → 日本,us_elec,金属製品,1,3,6,0.0728,0.1545,-0.4278,-0.2746,-1.7943,-1.424,False,False
外部需求 → 日本,us_elec,金属製品,1,6,0,0.0908,0.129,-0.6616,0.4868,-1.6912,1.5179,False,False
外部需求 → 日本,us_elec,金属製品,1,6,3,0.0519,0.5384,-0.6111,-0.2201,-1.9443,-0.6152,False,False
外部需求 → 日本,us_elec,金属製品,1,6,6,0.0429,0.1191,-0.6029,-0.3601,-2.025,-1.5586,False,False
外部需求 → 日本,us_elec,金属製品,3,1,0,0.2574,0.1448,-0.0947,0.1388,-1.1325,1.4581,False,False
外部需求 → 日本,us_elec,金属製品,3,1,3,0.5284,0.8943,-0.0405,-0.017,-0.6304,-0.1329,False,False
外部需求 → 日本,us_elec,金属製品,3,1,6,0.1548,0.0858,-0.0891,-0.1428,-1.4229,-1.718,False,False
外部需求 → 日本,us_elec,金属製品,3,3,0,0.2032,0.0074,-0.2232,0.421,-1.2725,2.6762,False,False
外部需求 → 日本,us_elec,金属製品,3,3,3,0.0801,0.349,-0.2271,-0.3147,-1.7502,-0.9365,False,False
外部需求 → 日本,us_elec,金属製品,3,3,6,0.0857,0.4391,-0.1805,-0.1073,-1.7184,-0.7738,False,False
外部需求 → 日本,us_elec,金属製品,3,6,0,0.0393,0.845,-0.4477,0.0756,-2.0611,0.1955,False,False
外部需求 → 日本,us_elec,金属製品,3,6,3,0.0244,0.0674,-0.4073,-0.5071,-2.2505,-1.8293,False,False
外部需求 → 日本,us_elec,金属製品,3,6,6,0.1486,0.0924,-0.178,-0.2933,-1.4446,-1.683,False,False
外部需求 → 日本,us_elec,金属製品,6,1,0,0.1823,0.2442,-0.0409,0.061,-1.3338,1.1645,False,False
外部需求 → 日本,us_elec,金属製品,6,1,3,0.1389,0.3135,-0.0407,-0.0914,-1.48,-1.008,False,False
外部需求 → 日本,us_elec,金属製品,6,1,6,0.1276,0.095,-0.0385,-0.1083,-1.5236,-1.6698,False,False
外部需求 → 日本,us_elec,金属製品,6,3,0,0.0862,0.8692,-0.1398,0.0288,-1.7157,0.1647,False,False
外部需求 → 日本,us_elec,金属製品,6,3,3,0.0691,0.1935,-0.1315,-0.2646,-1.8179,-1.3002,False,False
外部需求 → 日本,us_elec,金属製品,6,3,6,0.2233,0.1049,-0.0578,-0.2066,-1.2178,-1.6213,False,False
外部需求 → 日本,us_elec,金属製品,6,6,0,0.0278,0.3043,-0.2703,-0.3069,-2.1999,-1.0274,False,False
外部需求 → 日本,us_elec,金属製品,6,6,3,0.018,0.0566,-0.188,-0.5097,-2.3647,-1.9065,False,False
外部需求 → 日本,us_elec,金属製品,6,6,6,0.9234,0.4232,-0.0077,-0.1311,-0.0961,-0.8008,False,False
外部需求 → 日本,us_elec,鉄鋼,1,1,0,0.4876,0.6982,0.2749,-0.0875,0.6941,-0.3877,False,False
外部需求 → 日本,us_elec,鉄鋼,1,1,3,0.6315,0.531,-0.1578,0.1404,-0.4796,0.6265,False,False
外部需求 → 日本,us_elec,鉄鋼,1,1,6,0.5864,0.3337,0.1724,-0.2511,0.5441,-0.9667,False,False
外部需求 → 日本,us_elec,鉄鋼,1,3,0,0.7387,0.663,-0.2628,-0.1618,-0.3336,-0.4358,False,False
外部需求 → 日本,us_elec,鉄鋼,1,3,3,0.6066,0.4954,-0.3573,0.2441,-0.515,0.6817,False,False
外部需求 → 日本,us_elec,鉄鋼,1,3,6,0.7784,0.9757,-0.1508,-0.0114,-0.2815,-0.0304,False,False
外部需求 → 日本,us_elec,鉄鋼,1,6,0,0.4947,0.8725,-0.6037,0.0774,-0.6828,0.1605,False,False
外部需求 → 日本,us_elec,鉄鋼,1,6,3,0.4924,0.5794,-0.4759,0.2488,-0.6865,0.5543,False,False
外部需求 → 日本,us_elec,鉄鋼,1,6,6,0.8212,0.1483,-0.1232,-0.595,-0.226,-1.4454,False,False
外部需求 → 日本,us_elec,鉄鋼,3,1,0,0.9134,0.556,-0.0204,-0.0775,-0.1088,-0.5888,False,False
外部需求 → 日本,us_elec,鉄鋼,3,1,3,0.7922,0.4956,-0.0444,0.0963,-0.2635,0.6814,False,False
外部需求 → 日本,us_elec,鉄鋼,3,1,6,0.8317,0.8086,-0.0271,-0.0284,-0.2126,-0.2422,False,False
外部需求 → 日本,us_elec,鉄鋼,3,3,0,0.4461,0.6918,-0.2901,-0.1273,-0.7619,-0.3964,False,False
外部需求 → 日本,us_elec,鉄鋼,3,3,3,0.8261,0.7576,-0.0713,0.1023,-0.2197,0.3087,False,False
外部需求 → 日本,us_elec,鉄鋼,3,3,6,0.8187,0.0508,-0.0535,-0.4806,-0.2292,-1.9532,False,False
外部需求 → 日本,us_elec,鉄鋼,3,6,0,0.3785,0.9842,-0.3673,-0.0097,-0.8806,-0.0198,False,False
外部需求 → 日本,us_elec,鉄鋼,3,6,3,0.6765,0.3106,-0.122,-0.3477,-0.4172,-1.0139,False,False
外部需求 → 日本,us_elec,鉄鋼,3,6,6,0.8993,0.0062,0.0315,-0.9434,0.1265,-2.7372,False,False
外部需求 → 日本,us_elec,鉄鋼,6,1,0,0.8015,0.9169,-0.0219,0.0111,-0.2514,0.1044,False,False
外部需求 → 日本,us_elec,鉄鋼,6,1,3,0.7605,0.6957,-0.0202,0.0355,-0.3048,0.3911,False,False
外部需求 → 日本,us_elec,鉄鋼,6,1,6,0.9102,0.1001,-0.0056,-0.1563,-0.1127,-1.6446,False,False
外部需求 → 日本,us_elec,鉄鋼,6,3,0,0.5434,0.8805,-0.1072,-0.0439,-0.6076,-0.1503,False,False
外部需求 → 日本,us_elec,鉄鋼,6,3,3,0.8037,0.1852,-0.0326,-0.2511,-0.2485,-1.3249,False,False
外部需求 → 日本,us_elec,鉄鋼,6,3,6,0.9307,0.0532,0.0084,-0.511,0.087,-1.9335,False,False
外部需求 → 日本,us_elec,鉄鋼,6,6,0,0.4594,0.4476,-0.1409,-0.2623,-0.7398,-0.7594,False,False
外部需求 → 日本,us_elec,鉄鋼,6,6,3,0.8392,0.039,-0.0235,-0.795,-0.203,-2.0644,False,False
外部需求 → 日本,us_elec,鉄鋼,6,6,6,0.9903,0.1192,0.0014,-0.8076,0.0122,-1.5579,False,False
外部需求 → 日本,us_elec,鉱業,1,1,0,0.559,0.364,-0.2977,-0.3201,-0.5843,-0.9078,False,False
外部需求 → 日本,us_elec,鉱業,1,1,3,0.8145,0.6696,0.1156,0.1725,0.2346,0.4267,False,False
外部需求 → 日本,us_elec,鉱業,1,1,6,0.6998,0.3656,-0.1693,-0.3594,-0.3856,-0.9048,False,False
外部需求 → 日本,us_elec,鉱業,1,3,0,0.4481,0.6655,-0.5735,-0.2775,-0.7585,-0.4323,False,False
外部需求 → 日本,us_elec,鉱業,1,3,3,0.6746,0.8482,-0.2265,0.1317,-0.4198,0.1914,False,False
外部需求 → 日本,us_elec,鉱業,1,3,6,0.5949,0.1361,-0.3397,-0.9195,-0.5317,-1.4903,False,False
外部需求 → 日本,us_elec,鉱業,1,6,0,0.3509,0.8076,-0.9128,-0.2044,-0.9329,-0.2435,False,False
外部需求 → 日本,us_elec,鉱業,1,6,3,0.5174,0.4379,-0.5124,-0.5807,-0.6474,-0.7758,False,False
外部需求 → 日本,us_elec,鉱業,1,6,6,0.2162,0.5878,1.091,0.3822,1.2368,0.542,False,False
外部需求 → 日本,us_elec,鉱業,3,1,0,0.5171,0.7648,-0.1234,-0.0697,-0.6479,-0.2991,False,False
外部需求 → 日本,us_elec,鉱業,3,1,3,0.6869,0.6232,-0.0611,0.1202,-0.4031,0.4913,False,False
外部需求 → 日本,us_elec,鉱業,3,1,6,0.7704,0.1127,-0.0445,-0.3354,-0.2919,-1.5862,False,False
外部需求 → 日本,us_elec,鉱業,3,3,0,0.3013,0.7834,-0.3854,0.1513,-1.0337,0.2749,False,False
外部需求 → 日本,us_elec,鉱業,3,3,3,0.5929,0.529,-0.1202,-0.3521,-0.5347,-0.6295,False,False
外部需求 → 日本,us_elec,鉱業,3,3,6,0.2846,0.382,0.3203,-0.3851,1.0701,-0.8742,False,False
外部需求 → 日本,us_elec,鉱業,3,6,0,0.2333,0.8002,-0.5578,-0.2256,-1.1919,-0.253,False,False
外部需求 → 日本,us_elec,鉱業,3,6,3,0.6767,0.3204,0.1733,-0.5275,0.4169,-0.9937,False,False
外部需求 → 日本,us_elec,鉱業,3,6,6,0.0241,0.1803,1.1081,0.9475,2.2561,1.34,False,False
外部需求 → 日本,us_elec,鉱業,6,1,0,0.4355,0.819,-0.0682,0.0418,-0.7798,0.2288,False,False
外部需求 → 日本,us_elec,鉱業,6,1,3,0.6502,0.5609,-0.0321,-0.1178,-0.4536,-0.5815,False,False
外部需求 → 日本,us_elec,鉱業,6,1,6,0.2861,0.4623,0.0763,0.1269,1.0668,0.7351,False,False
外部需求 → 日本,us_elec,鉱業,6,3,0,0.3173,0.7803,-0.1611,-0.1446,-1.0,-0.2789,False,False
外部需求 → 日本,us_elec,鉱業,6,3,3,0.6281,0.351,0.0729,-0.4486,0.4844,-0.9327,False,False
外部需求 → 日本,us_elec,鉱業,6,3,6,0.0691,0.1527,0.3573,0.6588,1.8175,1.4302,False,False
外部需求 → 日本,us_elec,鉱業,6,6,0,0.6443,0.5167,-0.1146,-0.4828,-0.4616,-0.6485,False,False
外部需求 → 日本,us_elec,鉱業,6,6,3,0.1682,0.6187,0.4189,0.302,1.378,0.4977,False,False
外部需求 → 日本,us_elec,鉱業,6,6,6,0.0087,0.0793,0.7975,1.2896,2.6235,1.7548,False,False
外部需求 → 日本,us_elec,銀行業,1,1,0,0.6883,0.8074,0.1131,0.0795,0.4011,0.2437,False,False
外部需求 → 日本,us_elec,銀行業,1,1,3,0.2866,0.6352,0.2827,-0.1413,1.0656,-0.4745,False,False
外部需求 → 日本,us_elec,銀行業,1,1,6,0.9872,0.6629,-0.0046,0.1341,-0.016,0.436,False,False
外部需求 → 日本,us_elec,銀行業,1,3,0,0.5473,0.7322,0.4278,0.1681,0.6018,0.3422,False,False
外部需求 → 日本,us_elec,銀行業,1,3,3,0.048,0.8352,1.0487,-0.1026,1.977,-0.208,False,False
外部需求 → 日本,us_elec,銀行業,1,3,6,0.0071,0.851,1.1877,0.0944,2.6931,0.1879,False,False
外部需求 → 日本,us_elec,銀行業,1,6,0,0.1973,0.9433,1.5056,-0.0442,1.2894,-0.0711,False,False
外部需求 → 日本,us_elec,銀行業,1,6,3,0.0052,0.9264,2.2298,-0.0581,2.7943,-0.0923,False,False
外部需求 → 日本,us_elec,銀行業,1,6,6,0.0001,0.6548,2.5017,0.2586,3.9273,0.4471,True,False
外部需求 → 日本,us_elec,銀行業,3,1,0,0.6024,0.6836,0.0744,0.0689,0.521,0.4075,False,False
外部需求 → 日本,us_elec,銀行業,3,1,3,0.0261,0.9405,0.2076,0.0123,2.225,0.0747,False,False
外部需求 → 日本,us_elec,銀行業,3,1,6,0.0305,0.6674,0.2283,0.0903,2.1637,0.4298,False,False
外部需求 → 日本,us_elec,銀行業,3,3,0,0.2327,0.9759,0.3984,-0.0108,1.1934,-0.0302,False,False
外部需求 → 日本,us_elec,銀行業,3,3,3,0.0345,0.4094,0.5321,0.4096,2.1136,0.825,False,False
外部需求 → 日本,us_elec,銀行業,3,3,6,0.004,0.2407,0.7911,-0.3675,2.8805,-1.1732,False,False
外部需求 → 日本,us_elec,銀行業,3,6,0,0.038,0.6105,0.9301,0.3181,2.075,0.5094,False,False
外部需求 → 日本,us_elec,銀行業,3,6,3,0.0,0.9196,1.3337,-0.0547,4.0685,-0.101,True,False
外部需求 → 日本,us_elec,銀行業,3,6,6,0.0012,0.6799,1.2234,0.2046,3.2291,0.4125,True,False
外部需求 → 日本,us_elec,銀行業,6,1,0,0.1562,0.6618,0.091,0.0489,1.4181,0.4375,False,False
外部需求 → 日本,us_elec,銀行業,6,1,3,0.0036,0.6456,0.1361,0.0791,2.9075,0.4599,True,False
外部需求 → 日本,us_elec,銀行業,6,1,6,0.0197,0.2634,0.1458,0.1429,2.3317,1.1184,False,False
外部需求 → 日本,us_elec,銀行業,6,3,0,0.027,0.4406,0.3036,0.2429,2.2115,0.7712,False,False
外部需求 → 日本,us_elec,銀行業,6,3,3,0.0007,0.9121,0.4163,0.0436,3.3888,0.1104,True,False
外部需求 → 日本,us_elec,銀行業,6,3,6,0.0055,0.5157,0.3846,0.1835,2.7746,0.6501,False,False
外部需求 → 日本,us_elec,銀行業,6,6,0,0.0,0.7501,0.7231,0.1772,5.2165,0.3186,True,False
外部需求 → 日本,us_elec,銀行業,6,6,3,0.0004,0.7927,0.7991,0.1419,3.5294,0.2628,True,False
外部需求 → 日本,us_elec,銀行業,6,6,6,0.0059,0.2537,0.5743,0.638,2.7558,1.1414,False,False
外部需求 → 日本,us_elec,電気・ガス業,1,1,0,0.1947,0.0248,0.6296,0.6339,1.2968,2.244,False,False
外部需求 → 日本,us_elec,電気・ガス業,1,1,3,0.3782,0.1749,-0.407,-0.3668,-0.8812,-1.3566,False,False
外部需求 → 日本,us_elec,電気・ガス業,1,1,6,0.8813,0.9399,0.0748,-0.0214,0.1493,-0.0754,False,False
外部需求 → 日本,us_elec,電気・ガス業,1,3,0,0.5572,0.1696,0.8522,0.5843,0.5871,1.3736,False,False
外部需求 → 日本,us_elec,電気・ガス業,1,3,3,0.9624,0.574,-0.0544,-0.2417,-0.0471,-0.5622,False,False
外部需求 → 日本,us_elec,電気・ガス業,1,3,6,0.7329,0.9029,0.3148,-0.0497,0.3413,-0.1219,False,False
外部需求 → 日本,us_elec,電気・ガス業,1,6,0,0.67,0.4778,0.9085,0.4133,0.4261,0.7098,False,False
外部需求 → 日本,us_elec,電気・ガス業,1,6,3,0.8319,0.6468,0.3203,-0.2215,0.2123,-0.4582,False,False
外部需求 → 日本,us_elec,電気・ガス業,1,6,6,0.6609,0.9774,0.5305,-0.013,0.4387,-0.0283,False,False
外部需求 → 日本,us_elec,電気・ガス業,3,1,0,0.4611,0.0881,0.2132,0.2174,0.7371,1.7053,False,False
外部需求 → 日本,us_elec,電気・ガス業,3,1,3,0.8647,0.949,0.0433,-0.0103,0.1704,-0.0639,False,False
外部需求 → 日本,us_elec,電気・ガス業,3,1,6,0.7774,0.9277,0.0548,-0.0131,0.2827,-0.0908,False,False
外部需求 → 日本,us_elec,電気・ガス業,3,3,0,0.8042,0.935,0.2045,-0.0285,0.2479,-0.0815,False,False
外部需求 → 日本,us_elec,電気・ガス業,3,3,3,0.7862,0.6479,0.1654,-0.1223,0.2713,-0.4567,False,False
外部需求 → 日本,us_elec,電気・ガス業,3,3,6,0.8088,0.6889,0.1012,-0.1051,0.2419,-0.4004,False,False
外部需求 → 日本,us_elec,電気・ガス業,3,6,0,0.6637,0.8299,0.4313,-0.1087,0.4348,-0.2149,False,False
外部需求 → 日本,us_elec,電気・ガス業,3,6,3,0.6925,0.6818,0.2783,-0.1528,0.3955,-0.41,False,False
外部需求 → 日本,us_elec,電気・ガス業,3,6,6,0.8974,0.8193,0.0728,0.0972,0.129,0.2284,False,False
外部需求 → 日本,us_elec,電気・ガス業,6,1,0,0.5913,0.2156,0.0842,0.1318,0.5369,1.2383,False,False
外部需求 → 日本,us_elec,電気・ガス業,6,1,3,0.8146,0.9805,0.0292,0.0024,0.2345,0.0245,False,False
外部需求 → 日本,us_elec,電気・ガス業,6,1,6,0.8177,0.7979,0.0223,0.0218,0.2305,0.2561,False,False
外部需求 → 日本,us_elec,電気・ガス業,6,3,0,0.7309,0.7682,0.1296,-0.0828,0.3439,-0.2948,False,False
外部需求 → 日本,us_elec,電気・ガス業,6,3,3,0.7736,0.6041,0.0771,-0.1217,0.2876,-0.5185,False,False
外部需求 → 日本,us_elec,電気・ガス業,6,3,6,0.9543,0.5944,0.0107,0.1316,0.0572,0.5325,False,False
外部需求 → 日本,us_elec,電気・ガス業,6,6,0,0.615,0.7479,0.2298,-0.1357,0.5029,-0.3214,False,False
外部需求 → 日本,us_elec,電気・ガス業,6,6,3,0.7889,0.9767,0.0992,0.0111,0.2678,0.0292,False,False
外部需求 → 日本,us_elec,電気・ガス業,6,6,6,0.6468,0.2156,-0.1459,0.3807,-0.4582,1.2384,False,False
外部需求 → 日本,us_elec,電気機器,1,1,0,0.3567,0.3065,-0.1949,-0.1848,-0.9217,-1.0227,False,False
外部需求 → 日本,us_elec,電気機器,1,1,3,0.3084,0.0397,-0.1996,0.4686,-1.0185,2.0571,False,False
外部需求 → 日本,us_elec,電気機器,1,1,6,0.4922,0.2445,0.1275,-0.2412,0.6868,-1.1639,False,False
外部需求 → 日本,us_elec,電気機器,1,3,0,0.2774,0.3464,-0.5516,-0.2861,-1.0862,-0.9416,False,False
外部需求 → 日本,us_elec,電気機器,1,3,3,0.1923,0.4704,-0.4756,0.2399,-1.3037,0.7218,False,False
外部需求 → 日本,us_elec,電気機器,1,3,6,0.1162,0.0631,-0.5172,-0.5257,-1.5711,-1.8587,False,False
外部需求 → 日本,us_elec,電気機器,1,6,0,0.1055,0.9836,-1.1406,-0.0084,-1.6186,-0.0206,False,False
外部需求 → 日本,us_elec,電気機器,1,6,3,0.0414,0.2621,-1.0614,-0.3902,-2.04,-1.1215,False,False
外部需求 → 日本,us_elec,電気機器,1,6,6,0.0054,0.0344,-0.9772,-0.7304,-2.7802,-2.1156,False,False
外部需求 → 日本,us_elec,電気機器,3,1,0,0.2593,0.3637,-0.117,-0.1215,-1.1282,-0.9083,False,False
外部需求 → 日本,us_elec,電気機器,3,1,3,0.1751,0.7486,-0.115,0.0479,-1.356,0.3205,False,False
外部需求 → 日本,us_elec,電気機器,3,1,6,0.2111,0.1038,-0.0929,-0.198,-1.2507,-1.6268,False,False
外部需求 → 日本,us_elec,電気機器,3,3,0,0.1837,0.8279,-0.3045,0.0545,-1.3294,0.2174,False,False
外部需求 → 日本,us_elec,電気機器,3,3,3,0.2234,0.4768,-0.2369,-0.2457,-1.2176,-0.7114,False,False
外部需求 → 日本,us_elec,電気機器,3,3,6,0.0195,0.4158,-0.381,-0.2318,-2.3365,-0.8138,False,False
外部需求 → 日本,us_elec,電気機器,3,6,0,0.0424,0.6612,-0.5893,-0.1774,-2.0292,-0.4383,False,False
外部需求 → 日本,us_elec,電気機器,3,6,3,0.0077,0.0116,-0.6449,-0.5641,-2.6651,-2.5233,False,False
外部需求 → 日本,us_elec,電気機器,3,6,6,0.0017,0.1623,-0.5294,-0.4706,-3.1408,-1.3974,True,False
外部需求 → 日本,us_elec,電気機器,6,1,0,0.1284,0.4998,-0.0732,-0.0572,-1.5203,-0.6748,False,False
外部需求 → 日本,us_elec,電気機器,6,1,3,0.1443,0.2832,-0.0654,-0.101,-1.4599,-1.0732,False,False
外部需求 → 日本,us_elec,電気機器,6,1,6,0.0852,0.1035,-0.0537,-0.181,-1.7211,-1.628,False,False
外部需求 → 日本,us_elec,電気機器,6,3,0,0.0841,0.5358,-0.1716,-0.1452,-1.7276,-0.6192,False,False
外部需求 → 日本,us_elec,電気機器,6,3,3,0.0449,0.1603,-0.1915,-0.3006,-2.0053,-1.404,False,False
外部需求 → 日本,us_elec,電気機器,6,3,6,0.0051,0.1256,-0.1616,-0.3655,-2.801,-1.5316,False,False
外部需求 → 日本,us_elec,電気機器,6,6,0,0.0022,0.1027,-0.3867,-0.4902,-3.0568,-1.6321,True,False
外部需求 → 日本,us_elec,電気機器,6,6,3,0.0027,0.0684,-0.3641,-0.6594,-3.0031,-1.8226,True,True
外部需求 → 日本,us_elec,電気機器,6,6,6,0.0415,0.122,-0.2404,-0.3617,-2.0384,-1.5466,False,False
外部需求 → 日本,us_elec,非鉄金属,1,1,0,0.8133,0.2606,-0.0785,-0.3605,-0.2362,-1.125,False,False
外部需求 → 日本,us_elec,非鉄金属,1,1,3,0.5841,0.0241,-0.1519,0.639,-0.5474,2.2553,False,False
外部需求 → 日本,us_elec,非鉄金属,1,1,6,0.6239,0.0038,0.1414,-0.8831,0.4903,-2.8906,False,False
外部需求 → 日本,us_elec,非鉄金属,1,3,0,0.4166,0.5336,-0.601,-0.3436,-0.8123,-0.6225,False,False
外部需求 → 日本,us_elec,非鉄金属,1,3,3,0.4975,0.1302,-0.4265,0.7627,-0.6784,1.5133,False,False
外部需求 → 日本,us_elec,非鉄金属,1,3,6,0.2693,0.0047,-0.6316,-1.4097,-1.1047,-2.8277,False,False
外部需求 → 日本,us_elec,非鉄金属,1,6,0,0.2522,0.5105,-1.1053,0.4841,-1.145,0.6581,False,False
外部需求 → 日本,us_elec,非鉄金属,1,6,3,0.1413,0.3549,-1.1297,-0.619,-1.4709,-0.9251,False,False
外部需求 → 日本,us_elec,非鉄金属,1,6,6,0.0572,0.1066,-1.3901,-0.9322,-1.9016,-1.6137,False,False
外部需求 → 日本,us_elec,非鉄金属,3,1,0,0.3721,0.497,-0.136,-0.1437,-0.8926,-0.6793,False,False
外部需求 → 日本,us_elec,非鉄金属,3,1,3,0.5788,0.0837,-0.0807,0.2741,-0.5552,1.7298,False,False
外部需求 → 日本,us_elec,非鉄金属,3,1,6,0.3989,0.0047,-0.1155,-0.5681,-0.8437,-2.8266,False,False
外部需求 → 日本,us_elec,非鉄金属,3,3,0,0.3448,0.397,-0.3321,0.405,-0.9447,0.847,False,False
外部需求 → 日本,us_elec,非鉄金属,3,3,3,0.6288,0.1801,-0.1667,-0.3589,-0.4834,-1.3403,False,False
外部需求 → 日本,us_elec,非鉄金属,3,3,6,0.1733,0.0051,-0.4224,-1.0281,-1.3617,-2.8028,False,False
外部需求 → 日本,us_elec,非鉄金属,3,6,0,0.2411,0.8269,-0.5395,0.1144,-1.1724,0.2187,False,False
外部需求 → 日本,us_elec,非鉄金属,3,6,3,0.1021,0.0118,-0.6125,-1.3564,-1.6347,-2.5188,False,False
外部需求 → 日本,us_elec,非鉄金属,3,6,6,0.0225,0.32,-0.7355,-0.3653,-2.2818,-0.9945,False,False
外部需求 → 日本,us_elec,非鉄金属,6,1,0,0.4275,0.5766,-0.065,0.0745,-0.7935,0.5584,False,False
外部需求 → 日本,us_elec,非鉄金属,6,1,3,0.4571,0.1359,-0.0579,-0.1882,-0.7436,-1.4912,False,False
外部需求 → 日本,us_elec,非鉄金属,6,1,6,0.2552,0.0391,-0.0799,-0.2275,-1.1379,-2.0635,False,False
外部需求 → 日本,us_elec,非鉄金属,6,3,0,0.409,0.9895,-0.1473,-0.0037,-0.8257,-0.0131,False,False
外部需求 → 日本,us_elec,非鉄金属,6,3,3,0.2673,0.0139,-0.1802,-0.8607,-1.1094,-2.4601,False,False
外部需求 → 日本,us_elec,非鉄金属,6,3,6,0.0657,0.2244,-0.2312,-0.2641,-1.8402,-1.215,False,False
外部需求 → 日本,us_elec,非鉄金属,6,6,0,0.1135,0.1502,-0.3476,-0.7988,-1.5826,-1.439,False,False
外部需求 → 日本,us_elec,非鉄金属,6,6,3,0.0213,0.051,-0.4221,-1.0552,-2.3035,-1.9516,False,False
外部需求 → 日本,us_elec,非鉄金属,6,6,6,0.0,0.5882,-0.5158,0.1525,-4.4955,0.5415,True,False
外部需求 → 日本,us_elec,食料品,1,1,0,0.1169,0.1196,0.4464,0.2328,1.5677,1.5563,False,False
外部需求 → 日本,us_elec,食料品,1,1,3,0.7375,0.0235,0.0886,-0.4434,0.3351,-2.2656,False,False
外部需求 → 日本,us_elec,食料品,1,1,6,0.8965,0.4416,-0.0378,0.1396,-0.1301,0.7695,False,False
外部需求 → 日本,us_elec,食料品,1,3,0,0.1506,0.3054,1.0979,0.2837,1.4374,1.0249,False,False
外部需求 → 日本,us_elec,食料品,1,3,3,0.6019,0.4597,0.3588,-0.2462,0.5217,-0.7393,False,False
外部需求 → 日本,us_elec,食料品,1,3,6,0.4001,0.1705,0.4698,0.4114,0.8414,1.3707,False,False
外部需求 → 日本,us_elec,食料品,1,6,0,0.1852,0.9082,1.4905,0.045,1.3248,0.1153,False,False
外部需求 → 日本,us_elec,食料品,1,6,3,0.3222,0.5058,0.859,0.2408,0.99,0.6653,False,False
外部需求 → 日本,us_elec,食料品,1,6,6,0.1418,0.0791,0.9728,0.5102,1.469,1.7559,False,False
外部需求 → 日本,us_elec,食料品,3,1,0,0.1816,0.2968,0.1916,0.1159,1.3358,1.0434,False,False
外部需求 → 日本,us_elec,食料品,3,1,3,0.554,0.7736,0.0854,-0.0367,0.5918,-0.2877,False,False
外部需求 → 日本,us_elec,食料品,3,1,6,0.5446,0.0704,0.0761,0.177,0.6059,1.809,False,False
外部需求 → 日本,us_elec,食料品,3,3,0,0.1956,0.7724,0.4987,-0.0674,1.2942,-0.2893,False,False
外部需求 → 日本,us_elec,食料品,3,3,3,0.5004,0.4881,0.2585,0.152,0.6739,0.6933,False,False
外部需求 → 日本,us_elec,食料品,3,3,6,0.4226,0.0008,0.2317,0.4071,0.8019,3.3529,False,False
外部需求 → 日本,us_elec,食料品,3,6,0,0.1215,0.8119,0.7747,0.0772,1.5486,0.2379,False,False
外部需求 → 日本,us_elec,食料品,3,6,3,0.2266,0.0044,0.497,0.574,1.2091,2.8515,False,False
外部需求 → 日本,us_elec,食料品,3,6,6,0.2375,0.0048,0.3624,0.4487,1.1813,2.8235,False,False
外部需求 → 日本,us_elec,食料品,6,1,0,0.2925,0.4171,0.0863,0.0616,1.0527,0.8115,False,False
外部需求 → 日本,us_elec,食料品,6,1,3,0.488,0.1712,0.051,0.0912,0.6936,1.3683,False,False
外部需求 → 日本,us_elec,食料品,6,1,6,0.4661,0.0406,0.0458,0.1364,0.7289,2.0477,False,False
外部需求 → 日本,us_elec,食料品,6,3,0,0.224,0.6123,0.2376,0.0899,1.2159,0.5068,False,False
外部需求 → 日本,us_elec,食料品,6,3,3,0.3705,0.0036,0.1491,0.3603,0.8956,2.9142,False,False
外部需求 → 日本,us_elec,食料品,6,3,6,0.3774,0.0347,0.1089,0.2891,0.8827,2.1114,False,False
外部需求 → 日本,us_elec,食料品,6,6,0,0.1,0.0404,0.3943,0.4545,1.6447,2.0498,False,False
外部需求 → 日本,us_elec,食料品,6,6,3,0.1363,0.0033,0.2642,0.6427,1.4897,2.9427,False,False
外部需求 → 日本,us_elec,食料品,6,6,6,0.1865,0.4938,0.2012,0.1426,1.3211,0.6842,False,False
外部需求 → 日本,us_mach,T1,1,1,0,0.6607,0.5969,0.1523,0.1346,0.439,0.5289,False,False
外部需求 → 日本,us_mach,T1,1,1,3,0.9969,0.2059,-0.0015,-0.3514,-0.0038,-1.265,False,False
外部需求 → 日本,us_mach,T1,1,1,6,0.8619,0.2587,0.0654,0.3669,0.174,1.1295,False,False
外部需求 → 日本,us_mach,T1,1,3,0,0.937,0.8673,-0.0804,-0.09,-0.079,-0.167,False,False
外部需求 → 日本,us_mach,T1,1,3,3,0.5762,0.8597,-0.5344,-0.0833,-0.5589,-0.1768,False,False
外部需求 → 日本,us_mach,T1,1,3,6,0.5725,0.7345,-0.3234,0.1426,-0.5644,0.3391,False,False
外部需求 → 日本,us_mach,T1,1,6,0,0.7538,0.6221,-0.5803,-0.3282,-0.3136,-0.4929,False,False
外部需求 → 日本,us_mach,T1,1,6,3,0.4739,0.9539,-0.8837,0.0304,-0.7161,0.0578,False,False
外部需求 → 日本,us_mach,T1,1,6,6,0.6726,0.6646,-0.4991,0.2999,-0.4226,0.4336,False,False
外部需求 → 日本,us_mach,T1,3,1,0,0.9666,0.7695,0.0092,0.036,0.0418,0.293,False,False
外部需求 → 日本,us_mach,T1,3,1,3,0.7692,0.239,-0.0538,0.1238,-0.2934,1.1774,False,False
外部需求 → 日本,us_mach,T1,3,1,6,0.6684,0.9522,-0.0516,-0.0067,-0.4284,-0.0599,False,False
外部需求 → 日本,us_mach,T1,3,3,0,0.9256,0.9129,-0.0605,-0.0306,-0.0934,-0.1094,False,False
外部需求 → 日本,us_mach,T1,3,3,3,0.4559,0.0195,-0.3372,0.5619,-0.7455,2.336,False,False
外部需求 → 日本,us_mach,T1,3,3,6,0.5318,0.269,-0.2235,-0.2578,-0.6252,-1.1054,False,False
外部需求 → 日本,us_mach,T1,3,6,0,0.6749,0.1905,-0.4275,0.5245,-0.4194,1.3091,False,False
外部需求 → 日本,us_mach,T1,3,6,3,0.3679,0.3103,-0.5798,0.2974,-0.9003,1.0146,False,False
外部需求 → 日本,us_mach,T1,3,6,6,0.6413,0.4911,-0.3194,0.2941,-0.4659,0.6886,False,False
外部需求 → 日本,us_mach,T1,6,1,0,0.9368,0.1289,-0.0103,0.1196,-0.0793,1.5183,False,False
外部需求 → 日本,us_mach,T1,6,1,3,0.6843,0.4912,-0.0355,0.0748,-0.4066,0.6885,False,False
外部需求 → 日本,us_mach,T1,6,1,6,0.6844,0.4467,-0.0327,0.0739,-0.4064,0.7609,False,False
外部需求 → 日本,us_mach,T1,6,3,0,0.7523,0.1254,-0.1083,0.3448,-0.3156,1.5326,False,False
外部需求 → 日本,us_mach,T1,6,3,3,0.3979,0.4747,-0.1877,0.2131,-0.8454,0.7148,False,False
外部需求 → 日本,us_mach,T1,6,3,6,0.702,0.393,-0.0843,0.198,-0.3827,0.8543,False,False
外部需求 → 日本,us_mach,T1,6,6,0,0.5383,0.1452,-0.3113,0.5515,-0.6154,1.4568,False,False
外部需求 → 日本,us_mach,T1,6,6,3,0.4665,0.2445,-0.2846,0.3962,-0.7282,1.1637,False,False
外部需求 → 日本,us_mach,T1,6,6,6,0.8935,0.0234,-0.0633,0.7821,-0.1339,2.2663,False,False
外部需求 → 日本,us_mach,T10,1,1,0,0.1093,0.0122,-0.4005,-0.6543,-1.6012,-2.5058,False,False
外部需求 → 日本,us_mach,T10,1,1,3,0.1176,0.1985,-0.3325,0.3814,-1.5649,1.2858,False,False
外部需求 → 日本,us_mach,T10,1,1,6,0.2994,0.51,-0.2619,-0.1806,-1.0378,-0.6589,False,False
外部需求 → 日本,us_mach,T10,1,3,0,0.1422,0.501,-0.7846,-0.2626,-1.4675,-0.6729,False,False
外部需求 → 日本,us_mach,T10,1,3,3,0.3123,0.3932,-0.4497,0.3912,-1.0104,0.8539,False,False
外部需求 → 日本,us_mach,T10,1,3,6,0.0366,0.8565,-0.8139,-0.0697,-2.0902,-0.1809,False,False
外部需求 → 日本,us_mach,T10,1,6,0,0.2066,0.6959,-1.242,0.2367,-1.2629,0.3908,False,False
外部需求 → 日本,us_mach,T10,1,6,3,0.0658,0.6194,-1.2391,0.2399,-1.8396,0.4967,False,False
外部需求 → 日本,us_mach,T10,1,6,6,0.0166,0.0824,-1.3766,-0.8677,-2.3963,-1.7367,False,False
外部需求 → 日本,us_mach,T10,3,1,0,0.1195,0.9615,-0.1745,-0.0055,-1.5568,-0.0483,False,False
外部需求 → 日本,us_mach,T10,3,1,3,0.2832,0.6643,-0.1081,-0.0474,-1.0732,-0.4339,False,False
外部需求 → 日本,us_mach,T10,3,1,6,0.0996,0.9892,-0.1709,0.0015,-1.6467,0.0136,False,False
外部需求 → 日本,us_mach,T10,3,3,0,0.0885,0.1414,-0.4454,0.3533,-1.7033,1.4706,False,False
外部需求 → 日本,us_mach,T10,3,3,3,0.134,0.0443,-0.3171,-0.4081,-1.4983,-2.0109,False,False
外部需求 → 日本,us_mach,T10,3,3,6,0.033,0.5518,-0.4039,0.1178,-2.1323,0.5951,False,False
外部需求 → 日本,us_mach,T10,3,6,0,0.0719,0.8105,-0.7769,-0.0701,-1.7999,-0.2398,False,False
外部需求 → 日本,us_mach,T10,3,6,3,0.0233,0.3244,-0.7225,-0.2821,-2.2686,-0.9854,False,False
外部需求 → 日本,us_mach,T10,3,6,6,0.0226,0.3274,-0.8335,-0.3475,-2.2798,-0.9794,False,False
外部需求 → 日本,us_mach,T10,6,1,0,0.0683,0.641,-0.0947,-0.0358,-1.823,-0.4663,False,False
外部需求 → 日本,us_mach,T10,6,1,3,0.0826,0.714,-0.0836,-0.033,-1.7356,-0.3664,False,False
外部需求 → 日本,us_mach,T10,6,1,6,0.0658,0.0557,-0.0828,-0.1427,-1.8395,-1.9135,False,False
外部需求 → 日本,us_mach,T10,6,3,0,0.0645,0.8729,-0.2498,-0.0326,-1.8487,-0.1599,False,False
外部需求 → 日本,us_mach,T10,6,3,3,0.0516,0.3884,-0.2196,-0.1895,-1.9466,-0.8625,False,False
外部需求 → 日本,us_mach,T10,6,3,6,0.0283,0.3866,-0.2573,-0.2023,-2.1928,-0.8657,False,False
外部需求 → 日本,us_mach,T10,6,6,0,0.02,0.5466,-0.4743,-0.2231,-2.3258,-0.6029,False,False
外部需求 → 日本,us_mach,T10,6,6,3,0.0134,0.2543,-0.4788,-0.3989,-2.4739,-1.14,False,False
外部需求 → 日本,us_mach,T10,6,6,6,0.0619,0.5097,-0.5286,-0.3028,-1.867,-0.6592,False,False
外部需求 → 日本,us_mach,T11,1,1,0,0.6426,0.4724,-0.1127,-0.1852,-0.464,-0.7186,False,False
外部需求 → 日本,us_mach,T11,1,1,3,0.6069,0.0374,0.1098,0.6313,0.5145,2.0819,False,False
外部需求 → 日本,us_mach,T11,1,1,6,0.5305,0.7804,-0.1519,0.0889,-0.6272,0.2788,False,False
外部需求 → 日本,us_mach,T11,1,3,0,0.3008,0.6882,-0.5361,0.1765,-1.0348,0.4013,False,False
外部需求 → 日本,us_mach,T11,1,3,3,0.5465,0.2717,-0.2777,0.5597,-0.603,1.0992,False,False
外部需求 → 日本,us_mach,T11,1,3,6,0.0131,0.1368,-1.0482,-0.6326,-2.481,-1.4879,False,False
外部需求 → 日本,us_mach,T11,1,6,0,0.2861,0.1937,-0.8666,0.899,-1.0668,1.2998,False,False
外部需求 → 日本,us_mach,T11,1,6,3,0.0871,0.5829,-1.3537,-0.2424,-1.7111,-0.5492,False,False
外部需求 → 日本,us_mach,T11,1,6,6,0.015,0.5288,-1.6328,-0.2911,-2.4315,-0.6299,False,False
外部需求 → 日本,us_mach,T11,3,1,0,0.303,0.916,-0.1186,-0.0161,-1.03,-0.1055,False,False
外部需求 → 日本,us_mach,T11,3,1,3,0.4358,0.8693,-0.0712,-0.0227,-0.7794,-0.1646,False,False
外部需求 → 日本,us_mach,T11,3,1,6,0.0303,0.0304,-0.2142,-0.1703,-2.166,-2.1654,False,False
外部需求 → 日本,us_mach,T11,3,3,0,0.2867,0.2254,-0.2581,0.4075,-1.0655,1.2123,False,False
外部需求 → 日本,us_mach,T11,3,3,3,0.1549,0.0469,-0.3559,-0.4197,-1.4225,-1.9869,False,False
外部需求 → 日本,us_mach,T11,3,3,6,0.0059,0.9135,-0.5701,0.0188,-2.7543,0.1086,False,False
外部需求 → 日本,us_mach,T11,3,6,0,0.1344,0.8538,-0.6355,-0.0734,-1.4968,-0.1843,False,False
外部需求 → 日本,us_mach,T11,3,6,3,0.0218,0.0384,-0.9453,-0.4633,-2.2945,-2.0701,False,False
外部需求 → 日本,us_mach,T11,3,6,6,0.0078,0.6557,-0.9307,0.1172,-2.6617,0.4459,False,False
外部需求 → 日本,us_mach,T11,6,1,0,0.2532,0.7458,-0.0623,-0.0296,-1.1426,-0.3242,False,False
外部需求 → 日本,us_mach,T11,6,1,3,0.0824,0.1775,-0.0902,-0.1162,-1.7372,-1.3486,False,False
外部需求 → 日本,us_mach,T11,6,1,6,0.0529,0.424,-0.0949,-0.0578,-1.9355,-0.7994,False,False
外部需求 → 日本,us_mach,T11,6,3,0,0.1409,0.9313,-0.1978,-0.0202,-1.4723,-0.0862,False,False
外部需求 → 日本,us_mach,T11,6,3,3,0.0328,0.2568,-0.2896,-0.2523,-2.1351,-1.1341,False,False
外部需求 → 日本,us_mach,T11,6,3,6,0.0167,0.6216,-0.2767,0.0972,-2.3935,0.4936,False,False
外部需求 → 日本,us_mach,T11,6,6,0,0.0466,0.3523,-0.5001,-0.3461,-1.9903,-0.9301,False,False
外部需求 → 日本,us_mach,T11,6,6,3,0.0077,0.5103,-0.5791,-0.2074,-2.6629,-0.6583,False,False
外部需求 → 日本,us_mach,T11,6,6,6,0.0148,0.4006,-0.5295,0.2891,-2.4376,0.8406,False,False
外部需求 → 日本,us_mach,T13,1,1,0,0.9257,0.7139,-0.0268,-0.1055,-0.0932,-0.3666,False,False
外部需求 → 日本,us_mach,T13,1,1,3,0.7161,0.4354,0.082,0.2768,0.3637,0.7799,False,False
外部需求 → 日本,us_mach,T13,1,1,6,0.9409,0.3662,0.0185,0.367,0.0742,0.9037,False,False
外部需求 → 日本,us_mach,T13,1,3,0,0.7003,0.7599,0.203,-0.1656,0.385,-0.3056,False,False
外部需求 → 日本,us_mach,T13,1,3,3,0.7029,0.2982,0.1535,1.0343,0.3814,1.0403,False,False
外部需求 → 日本,us_mach,T13,1,3,6,0.8431,0.5127,0.0796,0.489,0.198,0.6546,False,False
外部需求 → 日本,us_mach,T13,1,6,0,0.7315,0.3968,0.2883,0.9319,0.3431,0.8473,False,False
外部需求 → 日本,us_mach,T13,1,6,3,0.7705,0.0781,0.1798,1.6994,0.2917,1.7616,False,False
外部需求 → 日本,us_mach,T13,1,6,6,0.4662,0.7835,0.4372,-0.3245,0.7287,-0.2747,False,False
外部需求 → 日本,us_mach,T13,3,1,0,0.7471,0.9437,0.0441,0.0094,0.3224,0.0706,False,False
外部需求 → 日本,us_mach,T13,3,1,3,0.6995,0.2354,0.0372,0.1881,0.386,1.1866,False,False
外部需求 → 日本,us_mach,T13,3,1,6,0.8318,0.4861,0.0173,-0.1665,0.2124,-0.6966,False,False
外部需求 → 日本,us_mach,T13,3,3,0,0.5104,0.0952,0.2124,0.5315,0.6583,1.6684,False,False
外部需求 → 日本,us_mach,T13,3,3,3,0.7269,0.8601,0.0695,-0.057,0.3493,-0.1762,False,False
外部需求 → 日本,us_mach,T13,3,3,6,0.4788,0.4478,0.1596,-0.3523,0.7082,-0.7591,False,False
外部需求 → 日本,us_mach,T13,3,6,0,0.5883,0.2368,0.2439,0.5512,0.5414,1.183,False,False
外部需求 → 日本,us_mach,T13,3,6,3,0.5679,0.6175,0.2128,-0.316,0.5711,-0.4994,False,False
外部需求 → 日本,us_mach,T13,3,6,6,0.2436,0.3017,0.4253,-0.5512,1.1659,-1.0328,False,False
外部需求 → 日本,us_mach,T13,6,1,0,0.6411,0.4924,0.0307,0.1004,0.4661,0.6865,False,False
外部需求 → 日本,us_mach,T13,6,1,3,0.5442,0.9421,0.0248,-0.009,0.6065,-0.0726,False,False
外部需求 → 日本,us_mach,T13,6,1,6,0.4132,0.2745,0.0387,-0.193,0.8183,-1.0927,False,False
外部需求 → 日本,us_mach,T13,6,3,0,0.4778,0.4036,0.1096,0.2422,0.7098,0.8351,False,False
外部需求 → 日本,us_mach,T13,6,3,3,0.4514,0.4608,0.0914,-0.3068,0.7532,-0.7376,False,False
外部需求 → 日本,us_mach,T13,6,3,6,0.2653,0.4081,0.1442,-0.3404,1.114,-0.8273,False,False
外部需求 → 日本,us_mach,T13,6,6,0,0.459,0.9188,0.1864,0.0483,0.7405,0.1019,False,False
外部需求 → 日本,us_mach,T13,6,6,3,0.3208,0.419,0.2247,-0.5932,0.9929,-0.8082,False,False
外部需求 → 日本,us_mach,T13,6,6,6,0.2606,0.3317,0.1986,-0.5664,1.125,-0.9708,False,False
外部需求 → 日本,us_mach,T2,1,1,0,0.1254,0.3997,0.4603,0.2318,1.5327,0.8421,False,False
外部需求 → 日本,us_mach,T2,1,1,3,0.2017,0.0979,0.3898,-0.4633,1.2768,-1.6549,False,False
外部需求 → 日本,us_mach,T2,1,1,6,0.9141,0.4669,-0.0319,-0.2175,-0.1078,-0.7276,False,False
外部需求 → 日本,us_mach,T2,1,3,0,0.1639,0.4485,1.0601,0.2663,1.392,0.7579,False,False
外部需求 → 日本,us_mach,T2,1,3,3,0.6975,0.0103,0.3168,-1.1527,0.3886,-2.5651,False,False
外部需求 → 日本,us_mach,T2,1,3,6,0.9147,0.6823,-0.057,-0.1875,-0.1071,-0.4093,False,False
外部需求 → 日本,us_mach,T2,1,6,0,0.2408,0.0991,1.5305,-0.9408,1.1729,-1.6491,False,False
外部需求 → 日本,us_mach,T2,1,6,3,0.7002,0.0264,0.3216,-1.249,0.385,-2.2208,False,False
外部需求 → 日本,us_mach,T2,1,6,6,0.9767,0.8274,0.0239,-0.1781,0.0292,-0.218,False,False
外部需求 → 日本,us_mach,T2,3,1,0,0.1657,0.0586,0.2257,0.1477,1.386,1.891,False,False
外部需求 → 日本,us_mach,T2,3,1,3,0.6118,0.0053,0.0856,-0.3243,0.5075,-2.7868,False,False
外部需求 → 日本,us_mach,T2,3,1,6,0.9469,0.3302,-0.0081,0.1242,-0.0666,0.9737,False,False
外部需求 → 日本,us_mach,T2,3,3,0,0.1855,0.9086,0.5784,0.0343,1.3242,0.1148,False,False
外部需求 → 日本,us_mach,T2,3,3,3,0.9487,0.0077,0.0247,-0.6056,0.0643,-2.6629,False,False
外部需求 → 日本,us_mach,T2,3,3,6,0.9389,0.5349,-0.0233,0.1708,-0.0766,0.6205,False,False
外部需求 → 日本,us_mach,T2,3,6,0,0.2845,0.2111,0.6549,-0.5631,1.0704,-1.2504,False,False
外部需求 → 日本,us_mach,T2,3,6,3,0.9621,0.282,0.0171,-0.4084,0.0475,-1.0757,False,False
外部需求 → 日本,us_mach,T2,3,6,6,0.8577,0.3266,0.0846,0.4428,0.1793,0.981,False,False
外部需求 → 日本,us_mach,T2,6,1,0,0.2803,0.3293,0.1014,-0.108,1.0797,-0.9755,False,False
外部需求 → 日本,us_mach,T2,6,1,3,0.7574,0.1089,0.025,-0.1247,0.3089,-1.603,False,False
外部需求 → 日本,us_mach,T2,6,1,6,0.9987,0.037,0.0001,0.1737,0.0016,2.0858,False,False
外部需求 → 日本,us_mach,T2,6,3,0,0.3754,0.2009,0.1998,-0.3602,0.8864,-1.2789,False,False
外部需求 → 日本,us_mach,T2,6,3,3,0.9803,0.1959,0.0039,-0.2543,0.0246,-1.2934,False,False
外部需求 → 日本,us_mach,T2,6,3,6,0.871,0.2001,0.026,0.2988,0.1623,1.2813,False,False
外部需求 → 日本,us_mach,T2,6,6,0,0.3243,0.1222,0.2255,-0.5984,0.9856,-1.5455,False,False
外部需求 → 日本,us_mach,T2,6,6,3,0.8506,0.8662,0.0411,0.0552,0.1884,0.1685,False,False
外部需求 → 日本,us_mach,T2,6,6,6,0.7714,0.1486,0.0898,0.5326,0.2905,1.4444,False,False
外部需求 → 日本,us_mach,T3,1,1,0,0.062,0.021,-0.4172,-0.5905,-1.8664,-2.3072,False,False
外部需求 → 日本,us_mach,T3,1,1,3,0.3174,0.6172,-0.2239,0.1566,-0.9999,0.4999,False,False
外部需求 → 日本,us_mach,T3,1,1,6,0.0548,0.1445,-0.4421,-0.5023,-1.9207,-1.4593,False,False
外部需求 → 日本,us_mach,T3,1,3,0,0.1033,0.7475,-0.7308,-0.1704,-1.6291,-0.3219,False,False
外部需求 → 日本,us_mach,T3,1,3,3,0.5834,0.9814,-0.2547,0.0158,-0.5485,0.0233,False,False
外部需求 → 日本,us_mach,T3,1,3,6,0.0977,0.1282,-0.7522,-0.7191,-1.6563,-1.5211,False,False
外部需求 → 日本,us_mach,T3,1,6,0,0.0749,0.9897,-0.9846,0.01,-1.7813,0.013,False,False
外部需求 → 日本,us_mach,T3,1,6,3,0.0297,0.3959,-1.0271,-0.6086,-2.1734,-0.8489,False,False
外部需求 → 日本,us_mach,T3,1,6,6,0.0129,0.04,-1.323,-1.6969,-2.4865,-2.0534,False,False
外部需求 → 日本,us_mach,T3,3,1,0,0.0933,0.1775,-0.1682,0.125,-1.6781,1.3484,False,False
外部需求 → 日本,us_mach,T3,3,1,3,0.5252,0.6111,-0.0651,-0.057,-0.6353,-0.5085,False,False
外部需求 → 日本,us_mach,T3,3,1,6,0.146,0.1556,-0.1466,-0.1457,-1.4537,-1.42,False,False
外部需求 → 日本,us_mach,T3,3,3,0,0.115,0.0144,-0.3658,0.6702,-1.5762,2.4472,False,False
外部需求 → 日本,us_mach,T3,3,3,3,0.1232,0.0031,-0.3138,-0.7112,-1.5415,-2.9622,False,False
外部需求 → 日本,us_mach,T3,3,3,6,0.0902,0.2189,-0.3656,-0.3533,-1.6942,-1.2296,False,False
外部需求 → 日本,us_mach,T3,3,6,0,0.0018,0.9853,-0.669,-0.0092,-3.1214,-0.0184,True,False
外部需求 → 日本,us_mach,T3,3,6,3,0.0166,0.0525,-0.6789,-0.9891,-2.3948,-1.9393,False,False
外部需求 → 日本,us_mach,T3,3,6,6,0.0231,0.3744,-0.7057,-0.5589,-2.2713,-0.8882,False,False
外部需求 → 日本,us_mach,T3,6,1,0,0.1114,0.7712,-0.0764,0.0344,-1.5918,0.2907,False,False
外部需求 → 日本,us_mach,T3,6,1,3,0.1404,0.1715,-0.0685,-0.1338,-1.4743,-1.3673,False,False
外部需求 → 日本,us_mach,T3,6,1,6,0.0553,0.0836,-0.0808,-0.1994,-1.9161,-1.7302,False,False
外部需求 → 日本,us_mach,T3,6,3,0,0.0196,0.9206,-0.2221,-0.0386,-2.3345,-0.0996,False,False
外部需求 → 日本,us_mach,T3,6,3,3,0.0485,0.0182,-0.2136,-0.6746,-1.973,-2.362,False,False
外部需求 → 日本,us_mach,T3,6,3,6,0.0286,0.298,-0.2236,-0.369,-2.1893,-1.0408,False,False
外部需求 → 日本,us_mach,T3,6,6,0,0.0008,0.3505,-0.4321,-0.64,-3.3377,-0.9337,True,False
外部需求 → 日本,us_mach,T3,6,6,3,0.0158,0.136,-0.4331,-0.9858,-2.4136,-1.4909,False,False
外部需求 → 日本,us_mach,T3,6,6,6,0.072,0.3074,-0.428,-0.6972,-1.799,-1.0207,False,False
外部需求 → 日本,us_mach,T4,1,1,0,0.2795,0.0069,0.2259,-0.4429,1.0814,-2.6997,False,False
外部需求 → 日本,us_mach,T4,1,1,3,0.6828,0.1143,0.0808,0.2853,0.4086,1.579,False,False
外部需求 → 日本,us_mach,T4,1,1,6,0.6138,0.0799,-0.1103,-0.2798,-0.5046,-1.7515,False,False
外部需求 → 日本,us_mach,T4,1,3,0,0.637,0.4506,0.1803,-0.2117,0.4718,-0.7544,False,False
外部需求 → 日本,us_mach,T4,1,3,3,0.9408,0.0471,-0.0266,0.6671,-0.0742,1.9857,False,False
外部需求 → 日本,us_mach,T4,1,3,6,0.2877,0.1452,-0.4812,-0.4306,-1.0632,-1.4568,False,False
外部需求 → 日本,us_mach,T4,1,6,0,0.8405,0.2373,0.128,0.5379,0.2013,1.1817,False,False
外部需求 → 日本,us_mach,T4,1,6,3,0.4018,0.5472,-0.5258,0.2392,-0.8383,0.6019,False,False
外部需求 → 日本,us_mach,T4,1,6,6,0.2002,0.0701,-0.8518,-0.6648,-1.2809,-1.8113,False,False
外部需求 → 日本,us_mach,T4,3,1,0,0.7462,0.7833,0.0324,-0.018,0.3237,-0.275,False,False
外部需求 → 日本,us_mach,T4,3,1,3,0.9721,0.3253,-0.0028,0.0587,-0.035,0.9836,False,False
外部需求 → 日本,us_mach,T4,3,1,6,0.371,0.0847,-0.0915,-0.1351,-0.8945,-1.7241,False,False
外部需求 → 日本,us_mach,T4,3,3,0,0.8019,0.1476,0.0607,0.2363,0.2509,1.448,False,False
外部需求 → 日本,us_mach,T4,3,3,3,0.4999,0.1819,-0.14,-0.2117,-0.6746,-1.3349,False,False
外部需求 → 日本,us_mach,T4,3,3,6,0.2322,0.4093,-0.2962,-0.1363,-1.1947,-0.8251,False,False
外部需求 → 日本,us_mach,T4,3,6,0,0.8331,0.9036,-0.0775,0.0267,-0.2107,0.1211,False,False
外部需求 → 日本,us_mach,T4,3,6,3,0.2519,0.077,-0.436,-0.3427,-1.1457,-1.7685,False,False
外部需求 → 日本,us_mach,T4,3,6,6,0.0835,0.0743,-0.6003,-0.454,-1.7307,-1.7846,False,False
外部需求 → 日本,us_mach,T4,6,1,0,0.9059,0.6949,0.006,0.0186,0.1182,0.3922,False,False
外部需求 → 日本,us_mach,T4,6,1,3,0.577,0.2928,-0.0249,-0.056,-0.5578,-1.052,False,False
外部需求 → 日本,us_mach,T4,6,1,6,0.3099,0.0034,-0.0525,-0.1479,-1.0154,-2.9245,False,False
外部需求 → 日本,us_mach,T4,6,3,0,0.8354,0.9908,-0.026,0.0015,-0.2077,0.0115,False,False
外部需求 → 日本,us_mach,T4,6,3,3,0.3075,0.0777,-0.1292,-0.2466,-1.0204,-1.7641,False,False
外部需求 → 日本,us_mach,T4,6,3,6,0.1322,0.0555,-0.1887,-0.2812,-1.5057,-1.9149,False,False
外部需求 → 日本,us_mach,T4,6,6,0,0.4829,0.2802,-0.1546,-0.2378,-0.7016,-1.0799,False,False
外部需求 → 日本,us_mach,T4,6,6,3,0.128,0.0254,-0.3182,-0.526,-1.5222,-2.2353,False,False
外部需求 → 日本,us_mach,T4,6,6,6,0.0297,0.0471,-0.3835,-0.5126,-2.1746,-1.9854,False,False
外部需求 → 日本,us_mach,T5,1,1,0,0.5384,0.5517,0.1431,-0.147,0.6152,-0.5951,False,False
外部需求 → 日本,us_mach,T5,1,1,3,0.8692,0.5382,-0.0352,0.1352,-0.1646,0.6155,False,False
外部需求 → 日本,us_mach,T5,1,1,6,0.4498,0.0003,-0.1385,-0.6857,-0.7558,-3.6342,False,False
外部需求 → 日本,us_mach,T5,1,3,0,0.6386,0.2181,0.1661,-0.4831,0.4697,-1.2315,False,False
外部需求 → 日本,us_mach,T5,1,3,3,0.9704,0.8553,0.015,-0.0694,0.0371,-0.1823,False,False
外部需求 → 日本,us_mach,T5,1,3,6,0.9131,0.02,-0.0349,-0.8103,-0.1091,-2.3258,False,False
外部需求 → 日本,us_mach,T5,1,6,0,0.8014,0.393,0.1768,-0.486,0.2515,-0.8541,False,False
外部需求 → 日本,us_mach,T5,1,6,3,0.9935,0.0518,0.0053,-0.9048,0.0081,-1.9444,False,False
外部需求 → 日本,us_mach,T5,1,6,6,0.8481,0.2185,0.0958,-0.6571,0.1915,-1.2306,False,False
外部需求 → 日本,us_mach,T5,3,1,0,0.434,0.7471,0.062,0.0353,0.7824,0.3225,False,False
外部需求 → 日本,us_mach,T5,3,1,3,0.9461,0.6336,0.0056,0.038,0.0676,0.4767,False,False
外部需求 → 日本,us_mach,T5,3,1,6,0.8973,0.5061,0.0094,-0.0864,0.129,-0.6649,False,False
外部需求 → 日本,us_mach,T5,3,3,0,0.6679,0.6064,0.092,0.145,0.429,0.5152,False,False
外部需求 → 日本,us_mach,T5,3,3,3,0.9888,0.6616,-0.0026,-0.086,-0.014,-0.4377,False,False
外部需求 → 日本,us_mach,T5,3,3,6,0.7856,0.9456,0.0429,-0.0162,0.272,-0.0682,False,False
外部需求 → 日本,us_mach,T5,3,6,0,0.8552,0.8706,0.0723,0.0664,0.1824,0.1629,False,False
外部需求 → 日本,us_mach,T5,3,6,3,0.8942,0.834,0.0407,-0.0841,0.133,-0.2096,False,False
外部需求 → 日本,us_mach,T5,3,6,6,0.8826,0.9687,0.043,-0.0156,0.1476,-0.0392,False,False
外部需求 → 日本,us_mach,T5,6,1,0,0.695,0.6295,0.0188,0.0435,0.3921,0.4824,False,False
外部需求 → 日本,us_mach,T5,6,1,3,0.7922,0.6978,0.0106,-0.0315,0.2634,-0.3883,False,False
外部需求 → 日本,us_mach,T5,6,1,6,0.793,0.8843,0.0093,-0.0136,0.2625,-0.1455,False,False
外部需求 → 日本,us_mach,T5,6,3,0,0.8387,0.8612,0.0259,0.0443,0.2035,0.1748,False,False
外部需求 → 日本,us_mach,T5,6,3,3,0.7956,0.8422,0.0242,-0.046,0.259,-0.199,False,False
外部需求 → 日本,us_mach,T5,6,3,6,0.9163,0.9383,0.0098,-0.0192,0.1051,-0.0774,False,False
外部需求 → 日本,us_mach,T5,6,6,0,0.8329,0.9761,0.0448,0.0138,0.211,0.0299,False,False
外部需求 → 日本,us_mach,T5,6,6,3,0.8432,0.9003,0.0355,-0.061,0.1977,-0.1253,False,False
外部需求 → 日本,us_mach,T5,6,6,6,0.859,0.814,0.028,-0.0825,0.1777,-0.2353,False,False
外部需求 → 日本,us_mach,T6,1,1,0,0.9195,0.9642,-0.027,0.0091,-0.1011,0.0449,False,False
外部需求 → 日本,us_mach,T6,1,1,3,0.9638,0.6797,-0.0113,-0.087,-0.0454,-0.4129,False,False
外部需求 → 日本,us_mach,T6,1,1,6,0.5406,0.0409,0.147,-0.4061,0.6119,-2.0442,False,False
外部需求 → 日本,us_mach,T6,1,3,0,0.9381,0.3706,0.0495,-0.3348,0.0777,-0.8953,False,False
外部需求 → 日本,us_mach,T6,1,3,3,0.5888,0.8552,0.2838,-0.0576,0.5406,-0.1825,False,False
外部需求 → 日本,us_mach,T6,1,3,6,0.0995,0.0052,0.6541,-0.694,1.6471,-2.7935,False,False
外部需求 → 日本,us_mach,T6,1,6,0,0.7845,0.4879,0.3364,-0.3205,0.2734,-0.6937,False,False
外部需求 → 日本,us_mach,T6,1,6,3,0.2855,0.1192,0.9358,-0.674,1.0681,-1.5581,False,False
外部需求 → 日本,us_mach,T6,1,6,6,0.2966,0.0354,0.8983,-0.7318,1.0437,-2.1038,False,False
外部需求 → 日本,us_mach,T6,3,1,0,0.8869,0.8038,0.0206,0.0185,0.1422,0.2484,False,False
外部需求 → 日本,us_mach,T6,3,1,3,0.5262,0.5004,0.0695,0.0605,0.6339,0.6739,False,False
外部需求 → 日本,us_mach,T6,3,1,6,0.1562,0.2361,0.1148,-0.1282,1.4178,-1.1849,False,False
外部需求 → 日本,us_mach,T6,3,3,0,0.8279,0.5663,0.0879,0.114,0.2174,0.5735,False,False
外部需求 → 日本,us_mach,T6,3,3,3,0.3263,0.7411,0.2357,-0.07,0.9817,-0.3303,False,False
外部需求 → 日本,us_mach,T6,3,3,6,0.1155,0.2489,0.3442,-0.2061,1.5737,-1.1529,False,False
外部需求 → 日本,us_mach,T6,3,6,0,0.6146,0.8414,0.3395,0.069,0.5035,0.2001,False,False
外部需求 → 日本,us_mach,T6,3,6,3,0.1868,0.5365,0.5846,-0.2211,1.32,-0.6182,False,False
外部需求 → 日本,us_mach,T6,3,6,6,0.2204,0.489,0.6133,-0.2191,1.2254,-0.6919,False,False
外部需求 → 日本,us_mach,T6,6,1,0,0.6814,0.5935,0.0328,0.0384,0.4106,0.5338,False,False
外部需求 → 日本,us_mach,T6,6,1,3,0.2145,0.5657,0.0618,-0.0519,1.2413,-0.5744,False,False
外部需求 → 日本,us_mach,T6,6,1,6,0.3327,0.328,0.0502,-0.052,0.9687,-0.9782,False,False
外部需求 → 日本,us_mach,T6,6,3,0,0.5419,0.9278,0.1206,0.0202,0.61,0.0906,False,False
外部需求 → 日本,us_mach,T6,6,3,3,0.1619,0.471,0.1772,-0.1605,1.3988,-0.7208,False,False
外部需求 → 日本,us_mach,T6,6,3,6,0.2239,0.4353,0.1915,-0.1331,1.2162,-0.7802,False,False
外部需求 → 日本,us_mach,T6,6,6,0,0.3462,0.827,0.3046,-0.0898,0.942,-0.2185,False,False
外部需求 → 日本,us_mach,T6,6,6,3,0.2057,0.4939,0.3738,-0.2616,1.2655,-0.6842,False,False
外部需求 → 日本,us_mach,T6,6,6,6,0.2658,0.4317,0.3647,-0.2834,1.1128,-0.7863,False,False
外部需求 → 日本,us_mach,T7,1,1,0,0.4328,0.5184,-0.4872,0.2905,-0.7843,0.6458,False,False
外部需求 → 日本,us_mach,T7,1,1,3,0.2574,0.4788,-0.4874,-0.3602,-1.1325,-0.7082,False,False
外部需求 → 日本,us_mach,T7,1,1,6,0.8675,0.2866,0.0944,-0.5834,0.1668,-1.0655,False,False
外部需求 → 日本,us_mach,T7,1,3,0,0.4509,0.4036,-0.9431,1.0361,-0.754,0.8353,False,False
外部需求 → 日本,us_mach,T7,1,3,3,0.7866,0.0382,-0.2367,-2.1424,-0.2707,-2.0722,False,False
外部需求 → 日本,us_mach,T7,1,3,6,0.6782,0.7355,-0.5517,-0.2633,-0.415,-0.3378,False,False
外部需求 → 日本,us_mach,T7,1,6,0,0.5384,0.2361,-1.1176,-1.0203,-0.6152,-1.1847,False,False
外部需求 → 日本,us_mach,T7,1,6,3,0.4011,0.0253,-1.0181,-2.4172,-0.8396,-2.2363,False,False
外部需求 → 日本,us_mach,T7,1,6,6,0.1208,0.6387,-3.9172,-0.4566,-1.5513,-0.4695,False,False
外部需求 → 日本,us_mach,T7,3,1,0,0.4592,0.8736,-0.1994,0.0291,-0.7402,0.1591,False,False
外部需求 → 日本,us_mach,T7,3,1,3,0.5168,0.0212,-0.1155,-0.4351,-0.6482,-2.3052,False,False
外部需求 → 日本,us_mach,T7,3,1,6,0.6127,0.3755,-0.1403,0.1911,-0.5062,0.8861,False,False
外部需求 → 日本,us_mach,T7,3,3,0,0.5248,0.0012,-0.3787,-1.126,-0.636,-3.235,False,False
外部需求 → 日本,us_mach,T7,3,3,3,0.4419,0.169,-0.3201,-0.6498,-0.769,-1.3754,False,False
外部需求 → 日本,us_mach,T7,3,3,6,0.1927,0.2103,-1.037,0.4722,-1.3025,1.2528,False,False
外部需求 → 日本,us_mach,T7,3,6,0,0.435,0.0,-0.6248,-1.7703,-0.7806,-4.2069,False,False
外部需求 → 日本,us_mach,T7,3,6,3,0.0706,0.7035,-1.416,-0.2523,-1.8082,-0.3806,False,False
外部需求 → 日本,us_mach,T7,3,6,6,0.0682,0.1232,-2.4781,0.5944,-1.824,1.5413,False,False
外部需求 → 日本,us_mach,T7,6,1,0,0.4638,0.1006,-0.0956,-0.2518,-0.7326,-1.6418,False,False
外部需求 → 日本,us_mach,T7,6,1,3,0.3405,0.3682,-0.0907,-0.1586,-0.9532,-0.8998,False,False
外部需求 → 日本,us_mach,T7,6,1,6,0.1418,0.6133,-0.2603,0.0857,-1.4692,0.5054,False,False
外部需求 → 日本,us_mach,T7,6,3,0,0.3922,0.0001,-0.231,-1.0663,-0.8556,-3.8237,False,False
外部需求 → 日本,us_mach,T7,6,3,3,0.1247,0.7937,-0.4524,-0.1125,-1.5353,-0.2615,False,False
外部需求 → 日本,us_mach,T7,6,3,6,0.0954,0.2037,-0.7604,0.3689,-1.6675,1.2712,False,False
外部需求 → 日本,us_mach,T7,6,6,0,0.0507,0.0079,-0.6787,-1.2444,-1.9537,-2.6553,False,False
外部需求 → 日本,us_mach,T7,6,6,3,0.0378,0.7272,-1.2813,0.1958,-2.0773,0.3489,False,False
外部需求 → 日本,us_mach,T7,6,6,6,0.0461,0.114,-1.5205,0.5498,-1.9944,1.5806,False,False
外部需求 → 日本,us_mach,T8,1,1,0,0.4531,0.4658,-0.1325,-0.1809,-0.7503,-0.7293,False,False
外部需求 → 日本,us_mach,T8,1,1,3,0.6399,0.7881,0.0829,0.0687,0.4678,0.2688,False,False
外部需求 → 日本,us_mach,T8,1,1,6,0.1156,0.0375,0.3161,-0.5302,1.5735,-2.0808,False,False
外部需求 → 日本,us_mach,T8,1,3,0,0.7827,0.203,-0.0915,-0.5294,-0.2758,-1.2731,False,False
外部需求 → 日本,us_mach,T8,1,3,3,0.2817,0.5075,-0.298,-0.2984,-1.0766,-0.6627,False,False
外部需求 → 日本,us_mach,T8,1,3,6,0.9279,0.2204,0.0313,-0.4445,0.0905,-1.2255,False,False
外部需求 → 日本,us_mach,T8,1,6,0,0.4135,0.1319,-0.3931,-0.8726,-0.8177,-1.5068,False,False
外部需求 → 日本,us_mach,T8,1,6,3,0.634,0.2196,-0.2537,-0.7241,-0.4761,-1.2275,False,False
外部需求 → 日本,us_mach,T8,1,6,6,0.7306,0.6694,-0.1843,-0.1992,-0.3443,-0.427,False,False
外部需求 → 日本,us_mach,T8,3,1,0,0.8456,0.4081,-0.0137,-0.0687,-0.1947,-0.8273,False,False
外部需求 → 日本,us_mach,T8,3,1,3,0.2869,0.9053,-0.0735,-0.014,-1.0648,-0.119,False,False
外部需求 → 日本,us_mach,T8,3,1,6,0.8447,0.3656,0.0145,0.0879,0.1959,0.9047,False,False
外部需求 → 日本,us_mach,T8,3,3,0,0.8779,0.6795,0.0246,0.0785,0.1536,0.4131,False,False
外部需求 → 日本,us_mach,T8,3,3,3,0.5362,0.2392,-0.099,-0.3443,-0.6186,-1.177,False,False
外部需求 → 日本,us_mach,T8,3,3,6,0.9108,0.0267,-0.021,0.4826,-0.112,2.2166,False,False
外部需求 → 日本,us_mach,T8,3,6,0,0.7567,0.4223,-0.0901,-0.2758,-0.3099,-0.8025,False,False
外部需求 → 日本,us_mach,T8,3,6,3,0.6771,0.8053,-0.125,0.1101,-0.4165,0.2465,False,False
外部需求 → 日本,us_mach,T8,3,6,6,0.616,0.137,-0.1433,0.4281,-0.5015,1.4869,False,False
外部需求 → 日本,us_mach,T8,6,1,0,0.4202,0.5324,-0.0301,-0.0529,-0.8061,-0.6243,False,False
外部需求 → 日本,us_mach,T8,6,1,3,0.6244,0.524,-0.0185,0.0497,-0.4896,0.6371,False,False
外部需求 → 日本,us_mach,T8,6,1,6,0.9696,0.5792,-0.0015,0.0478,-0.0381,0.5546,False,False
外部需求 → 日本,us_mach,T8,6,3,0,0.7245,0.535,-0.0341,-0.1363,-0.3524,-0.6203,False,False
外部需求 → 日本,us_mach,T8,6,3,3,0.7238,0.6646,-0.0366,0.1056,-0.3534,0.4336,False,False
外部需求 → 日本,us_mach,T8,6,3,6,0.7571,0.2272,-0.0301,0.2716,-0.3094,1.2075,False,False
外部需求 → 日本,us_mach,T8,6,6,0,0.6626,0.8849,-0.0772,-0.0579,-0.4363,-0.1448,False,False
外部需求 → 日本,us_mach,T8,6,6,3,0.7129,0.4158,-0.0676,0.3526,-0.368,0.8138,False,False
外部需求 → 日本,us_mach,T8,6,6,6,0.8256,0.2656,-0.0314,0.3162,-0.2204,1.1133,False,False
外部需求 → 日本,us_mach,T9,1,1,0,0.4264,0.0401,-0.2782,-1.0266,-0.7953,-2.0531,False,False
外部需求 → 日本,us_mach,T9,1,1,3,0.0297,0.0915,-0.6886,0.8428,-2.1737,1.6877,False,False
外部需求 → 日本,us_mach,T9,1,1,6,0.0186,0.4903,-0.8622,-0.3459,-2.3525,-0.6899,False,False
外部需求 → 日本,us_mach,T9,1,3,0,0.1525,0.1565,-1.3372,-0.8586,-1.4309,-1.4168,False,False
外部需求 → 日本,us_mach,T9,1,3,3,0.0143,0.297,-2.0517,0.8801,-2.4508,1.043,False,False
外部需求 → 日本,us_mach,T9,1,3,6,0.0006,0.7413,-1.9727,-0.2415,-3.4322,-0.3301,True,False
外部需求 → 日本,us_mach,T9,1,6,0,0.0502,0.9212,-3.3323,0.108,-1.9579,0.0989,False,False
外部需求 → 日本,us_mach,T9,1,6,3,0.0013,0.6617,-3.9412,0.503,-3.2185,0.4375,True,False
外部需求 → 日本,us_mach,T9,1,6,6,0.0001,0.1928,-2.9748,-1.2162,-3.8402,-1.3024,True,False
外部需求 → 日本,us_mach,T9,3,1,0,0.1921,0.5807,-0.2306,-0.1145,-1.3044,-0.5523,False,False
外部需求 → 日本,us_mach,T9,3,1,3,0.0118,0.9494,-0.419,-0.0114,-2.5178,-0.0635,False,False
外部需求 → 日本,us_mach,T9,3,1,6,0.0067,0.3868,-0.388,-0.1638,-2.7135,-0.8654,False,False
外部需求 → 日本,us_mach,T9,3,3,0,0.0455,0.2319,-0.9535,0.5186,-2.0002,1.1954,False,False
外部需求 → 日本,us_mach,T9,3,3,3,0.0014,0.0336,-1.2966,-0.7271,-3.195,-2.1244,True,True
外部需求 → 日本,us_mach,T9,3,3,6,0.0029,0.7158,-0.8571,-0.0994,-2.974,-0.364,True,False
外部需求 → 日本,us_mach,T9,3,6,0,0.0006,0.744,-2.255,-0.1924,-3.4377,-0.3266,True,False
外部需求 → 日本,us_mach,T9,3,6,3,0.0,0.1104,-2.1462,-0.8148,-4.1147,-1.5965,True,False
外部需求 → 日本,us_mach,T9,3,6,6,0.0113,0.1809,-1.6695,-0.7053,-2.5322,-1.338,False,False
外部需求 → 日本,us_mach,T9,6,1,0,0.0165,0.5505,-0.208,-0.088,-2.3972,-0.597,False,False
外部需求 → 日本,us_mach,T9,6,1,3,0.0025,0.4097,-0.2561,-0.112,-3.025,-0.8244,True,False
外部需求 → 日本,us_mach,T9,6,1,6,0.0098,0.0109,-0.1846,-0.2866,-2.5815,-2.5463,False,False
外部需求 → 日本,us_mach,T9,6,3,0,0.0004,0.643,-0.7268,-0.1519,-3.5189,-0.4634,True,False
外部需求 → 日本,us_mach,T9,6,3,3,0.0005,0.1163,-0.6694,-0.5511,-3.4634,-1.5706,True,False
外部需求 → 日本,us_mach,T9,6,3,6,0.016,0.1531,-0.5356,-0.4675,-2.4095,-1.4285,False,False
外部需求 → 日本,us_mach,T9,6,6,0,0.0,0.1941,-1.3953,-0.6827,-4.983,-1.2986,True,False
外部需求 → 日本,us_mach,T9,6,6,3,0.0005,0.0582,-1.2068,-1.0095,-3.4587,-1.894,True,True
外部需求 → 日本,us_mach,T9,6,6,6,0.0813,0.3919,-0.9623,-0.6715,-1.743,-0.8562,False,False
外部需求 → 日本,us_mach,その他製品,1,1,0,0.3631,0.8987,0.0997,0.0113,0.9094,0.1273,False,False
外部需求 → 日本,us_mach,その他製品,1,1,3,0.9866,0.2753,-0.0018,0.0956,-0.0167,1.091,False,False
外部需求 → 日本,us_mach,その他製品,1,1,6,0.6634,0.9702,-0.0469,0.0035,-0.4352,0.0373,False,False
外部需求 → 日本,us_mach,その他製品,1,3,0,0.2239,0.3246,0.2077,0.1384,1.2161,0.985,False,False
外部需求 → 日本,us_mach,その他製品,1,3,3,0.8516,0.0907,-0.0337,0.2163,-0.1871,1.6919,False,False
外部需求 → 日本,us_mach,その他製品,1,3,6,0.7422,0.9993,-0.0619,0.0002,-0.329,0.0009,False,False
外部需求 → 日本,us_mach,その他製品,1,6,0,0.5465,0.0961,0.1769,0.3428,0.603,1.664,False,False
外部需求 → 日本,us_mach,その他製品,1,6,3,0.7381,0.4168,-0.1065,0.1948,-0.3343,0.812,False,False
外部需求 → 日本,us_mach,その他製品,1,6,6,0.3269,0.4942,-0.2647,0.2106,-0.9803,0.6836,False,False
外部需求 → 日本,us_mach,その他製品,3,1,0,0.3222,0.3884,0.0363,0.0299,0.9899,0.8626,False,False
外部需求 → 日本,us_mach,その他製品,3,1,3,0.8482,0.0972,-0.0087,0.0531,-0.1914,1.6586,False,False
外部需求 → 日本,us_mach,その他製品,3,1,6,0.6038,0.8578,-0.0222,-0.0063,-0.5189,-0.1792,False,False
外部需求 → 日本,us_mach,その他製品,3,3,0,0.5138,0.1493,0.0616,0.1328,0.6529,1.4419,False,False
外部需求 → 日本,us_mach,その他製品,3,3,3,0.917,0.5158,-0.011,0.0554,-0.1042,0.6498,False,False
外部需求 → 日本,us_mach,その他製品,3,3,6,0.4383,0.9904,-0.0657,0.0011,-0.7751,0.012,False,False
外部需求 → 日本,us_mach,その他製品,3,6,0,0.7733,0.1729,0.0571,0.1713,0.2881,1.3629,False,False
外部需求 → 日本,us_mach,その他製品,3,6,3,0.6983,0.8243,-0.072,0.033,-0.3876,0.222,False,False
外部需求 → 日本,us_mach,その他製品,3,6,6,0.2844,0.9998,-0.1651,-0.0,-1.0705,-0.0002,False,False
外部需求 → 日本,us_mach,その他製品,6,1,0,0.7972,0.1113,0.0058,0.0475,0.257,1.5922,False,False
外部需求 → 日本,us_mach,その他製品,6,1,3,0.818,0.4352,-0.0053,0.0236,-0.2301,0.7804,False,False
外部需求 → 日本,us_mach,その他製品,6,1,6,0.2694,0.5279,-0.0211,-0.0162,-1.1044,-0.6312,False,False
外部需求 → 日本,us_mach,その他製品,6,3,0,0.8421,0.1585,0.0129,0.1091,0.1992,1.4103,False,False
外部需求 → 日本,us_mach,その他製品,6,3,3,0.7343,0.7365,-0.0209,0.0298,-0.3394,0.3365,False,False
外部需求 → 日本,us_mach,その他製品,6,3,6,0.3059,0.9155,-0.0521,-0.0086,-1.0238,-0.1061,False,False
外部需求 → 日本,us_mach,その他製品,6,6,0,0.9738,0.4135,-0.0043,0.1152,-0.0328,0.8177,False,False
外部需求 → 日本,us_mach,その他製品,6,6,3,0.536,0.9698,-0.0715,0.005,-0.6188,0.0378,False,False
外部需求 → 日本,us_mach,その他製品,6,6,6,0.3536,0.5606,-0.0855,-0.1053,-0.9276,-0.5819,False,False
外部需求 → 日本,us_mach,その他金融業,1,1,0,0.3911,0.5263,-0.328,-0.0997,-0.8577,-0.6337,False,False
外部需求 → 日本,us_mach,その他金融業,1,1,3,0.3074,0.5354,-0.3412,0.0586,-1.0208,0.6198,False,False
外部需求 → 日本,us_mach,その他金融業,1,1,6,0.2893,0.2158,0.3033,0.1289,1.0597,1.2376,False,False
外部需求 → 日本,us_mach,その他金融業,1,3,0,0.9915,0.8997,-0.006,0.0223,-0.0107,0.1261,False,False
外部需求 → 日本,us_mach,その他金融業,1,3,3,0.8969,0.4267,0.0647,0.1501,0.1296,0.7948,False,False
外部需求 → 日本,us_mach,その他金融業,1,3,6,0.0737,0.4302,1.0286,0.1437,1.7882,0.7889,False,False
外部需求 → 日本,us_mach,その他金融業,1,6,0,0.8988,0.5413,-0.0888,0.155,-0.1272,0.6108,False,False
外部需求 → 日本,us_mach,その他金融業,1,6,3,0.193,0.2751,0.9604,0.3055,1.3017,1.0915,False,False
外部需求 → 日本,us_mach,その他金融業,1,6,6,0.1363,0.1673,1.2262,0.3623,1.4896,1.381,False,False
外部需求 → 日本,us_mach,その他金融業,3,1,0,0.7482,0.3974,-0.0549,0.0397,-0.3211,0.8463,False,False
外部需求 → 日本,us_mach,その他金融業,3,1,3,0.9093,0.7028,-0.0159,0.0168,-0.1139,0.3815,False,False
外部需求 → 日本,us_mach,その他金融業,3,1,6,0.1706,0.6847,0.1885,-0.0163,1.3704,-0.4061,False,False
外部需求 → 日本,us_mach,その他金融業,3,3,0,0.8659,0.051,-0.0531,0.141,-0.1689,1.9518,False,False
外部需求 → 日本,us_mach,その他金融業,3,3,3,0.2374,0.91,0.3111,0.0109,1.1816,0.113,False,False
外部需求 → 日本,us_mach,その他金融業,3,3,6,0.2388,0.7143,0.4191,-0.0406,1.178,-0.366,False,False
外部需求 → 日本,us_mach,その他金融業,3,6,0,0.6044,0.2304,0.1959,0.1547,0.5181,1.1993,False,False
外部需求 → 日本,us_mach,その他金融業,3,6,3,0.1838,0.8636,0.6913,-0.0263,1.3293,-0.1719,False,False
外部需求 → 日本,us_mach,その他金融業,3,6,6,0.1995,0.7084,0.724,-0.0668,1.283,-0.3741,False,False
外部需求 → 日本,us_mach,その他金融業,6,1,0,0.7259,0.3535,-0.0249,0.0355,-0.3506,0.9278,False,False
外部需求 → 日本,us_mach,その他金融業,6,1,3,0.3867,0.7717,0.0498,-0.0084,0.8656,-0.2901,False,False
外部需求 → 日本,us_mach,その他金融業,6,1,6,0.4278,0.5852,0.0569,-0.0191,0.793,-0.5459,False,False
外部需求 → 日本,us_mach,その他金融業,6,3,0,0.5907,0.3476,0.073,0.0824,0.5379,0.9392,False,False
外部需求 → 日本,us_mach,その他金融業,6,3,3,0.2115,0.626,0.2185,-0.0389,1.2495,-0.4873,False,False
外部需求 → 日本,us_mach,その他金融業,6,3,6,0.341,0.6206,0.1984,-0.0495,0.9521,-0.4951,False,False
外部需求 → 日本,us_mach,その他金融業,6,6,0,0.3027,0.7237,0.2586,0.0492,1.0307,0.3536,False,False
外部需求 → 日本,us_mach,その他金融業,6,6,3,0.2696,0.46,0.3968,-0.0837,1.104,-0.7388,False,False
外部需求 → 日本,us_mach,その他金融業,6,6,6,0.18,0.5824,0.4508,-0.1069,1.3409,-0.5499,False,False
外部需求 → 日本,us_mach,ガラス・土石製品,1,1,0,0.2582,0.0593,-0.1639,-0.2539,-1.1306,-1.8863,False,False
外部需求 → 日本,us_mach,ガラス・土石製品,1,1,3,0.4674,0.1542,0.0982,0.2024,0.7268,1.4248,False,False
外部需求 → 日本,us_mach,ガラス・土石製品,1,1,6,0.7764,0.6539,-0.0415,0.0682,-0.284,0.4484,False,False
外部需求 → 日本,us_mach,ガラス・土石製品,1,3,0,0.4268,0.3834,-0.2415,-0.1788,-0.7948,-0.8716,False,False
外部需求 → 日本,us_mach,ガラス・土石製品,1,3,3,0.7574,0.0993,0.0703,0.3212,0.3089,1.6483,False,False
外部需求 → 日本,us_mach,ガラス・土石製品,1,3,6,0.474,0.935,-0.2179,-0.0155,-0.716,-0.0816,False,False
外部需求 → 日本,us_mach,ガラス・土石製品,1,6,0,0.7077,0.4728,-0.1749,0.2022,-0.375,0.718,False,False
外部需求 → 日本,us_mach,ガラス・土石製品,1,6,3,0.7256,0.1116,-0.1339,0.2917,-0.351,1.5909,False,False
外部需求 → 日本,us_mach,ガラス・土石製品,1,6,6,0.1812,0.1353,-0.5796,-0.3562,-1.337,-1.4935,False,False
外部需求 → 日本,us_mach,ガラス・土石製品,3,1,0,0.4571,0.4424,-0.05,-0.0343,-0.7436,-0.7681,False,False
外部需求 → 日本,us_mach,ガラス・土石製品,3,1,3,0.7294,0.1739,0.0186,0.0882,0.3459,1.3597,False,False
外部需求 → 日本,us_mach,ガラス・土石製品,3,1,6,0.5548,0.6884,-0.0395,-0.0196,-0.5906,-0.4011,False,False
外部需求 → 日本,us_mach,ガラス・土石製品,3,3,0,0.921,0.7679,-0.0168,0.0299,-0.0992,0.2951,False,False
外部需求 → 日本,us_mach,ガラス・土石製品,3,3,3,0.7583,0.1514,-0.039,0.1859,-0.3078,1.4345,False,False
外部需求 → 日本,us_mach,ガラス・土石製品,3,3,6,0.4633,0.2425,-0.1286,-0.1243,-0.7334,-1.1688,False,False
外部需求 → 日本,us_mach,ガラス・土石製品,3,6,0,0.7951,0.2385,-0.0631,0.2101,-0.2597,1.1788,False,False
外部需求 → 日本,us_mach,ガラス・土石製品,3,6,3,0.4527,0.5479,-0.1706,0.0747,-0.751,0.6009,False,False
外部需求 → 日本,us_mach,ガラス・土石製品,3,6,6,0.1168,0.4063,-0.3958,-0.126,-1.5682,-0.8305,False,False
外部需求 → 日本,us_mach,ガラス・土石製品,6,1,0,0.8206,0.3403,-0.008,0.0357,-0.2268,0.9536,False,False
外部需求 → 日本,us_mach,ガラス・土石製品,6,1,3,0.8561,0.2782,-0.0054,0.0409,-0.1814,1.0844,False,False
外部需求 → 日本,us_mach,ガラス・土石製品,6,1,6,0.3528,0.129,-0.0313,-0.0614,-0.9293,-1.5182,False,False
外部需求 → 日本,us_mach,ガラス・土石製品,6,3,0,0.8839,0.1473,-0.0127,0.1437,-0.1461,1.449,False,False
外部需求 → 日本,us_mach,ガラス・土石製品,6,3,3,0.5648,0.6415,-0.0469,0.0336,-0.5757,0.4655,False,False
外部需求 → 日本,us_mach,ガラス・土石製品,6,3,6,0.1688,0.4966,-0.1237,-0.0671,-1.3762,-0.6798,False,False
外部需求 → 日本,us_mach,ガラス・土石製品,6,6,0,0.6337,0.2174,-0.063,0.1848,-0.4765,1.2334,False,False
外部需求 → 日本,us_mach,ガラス・土石製品,6,6,3,0.2298,0.8307,-0.1708,-0.0302,-1.2009,-0.2138,False,False
外部需求 → 日本,us_mach,ガラス・土石製品,6,6,6,0.0558,0.805,-0.298,-0.0357,-1.9128,-0.2469,False,False
外部需求 → 日本,us_mach,ゴム製品,1,1,0,0.1748,0.8568,0.408,0.0403,1.3569,0.1805,False,False
外部需求 → 日本,us_mach,ゴム製品,1,1,3,0.6394,0.6618,-0.1106,0.1131,-0.4686,0.4375,False,False
外部需求 → 日本,us_mach,ゴム製品,1,1,6,0.5784,0.0142,0.167,0.524,0.5557,2.4523,False,False
外部需求 → 日本,us_mach,ゴム製品,1,3,0,0.0881,0.1302,0.6747,-0.5081,1.7054,-1.5134,False,False
外部需求 → 日本,us_mach,ゴム製品,1,3,3,0.0631,0.8348,0.7758,0.07,1.8586,0.2086,False,False
外部需求 → 日本,us_mach,ゴム製品,1,3,6,0.033,0.1492,0.9203,0.6722,2.1315,1.4425,False,False
外部需求 → 日本,us_mach,ゴム製品,1,6,0,0.0128,0.2593,1.5162,-0.423,2.4884,-1.1281,False,False
外部需求 → 日本,us_mach,ゴム製品,1,6,3,0.0003,0.27,1.6824,0.66,3.6171,1.103,True,False
外部需求 → 日本,us_mach,ゴム製品,1,6,6,0.0196,0.2747,1.3697,0.6686,2.3345,1.0923,False,False
外部需求 → 日本,us_mach,ゴム製品,3,1,0,0.0897,0.3942,0.1579,-0.0817,1.6971,-0.8519,False,False
外部需求 → 日本,us_mach,ゴム製品,3,1,3,0.0642,0.1805,0.1579,0.1174,1.8507,1.3392,False,False
外部需求 → 日本,us_mach,ゴム製品,3,1,6,0.0582,0.8874,0.1903,0.0162,1.8941,0.1416,False,False
外部需求 → 日本,us_mach,ゴム製品,3,3,0,0.0651,0.5977,0.3215,-0.0903,1.8443,-0.5277,False,False
外部需求 → 日本,us_mach,ゴム製品,3,3,3,0.0051,0.0309,0.4969,0.4449,2.8036,2.1585,False,False
外部需求 → 日本,us_mach,ゴム製品,3,3,6,0.0356,0.5469,0.4803,-0.1624,2.1017,-0.6025,False,False
外部需求 → 日本,us_mach,ゴム製品,3,6,0,0.002,0.2215,0.8383,0.3431,3.0929,1.2225,True,False
外部需求 → 日本,us_mach,ゴム製品,3,6,3,0.0,0.5104,0.9967,0.1989,4.1007,0.6582,True,False
外部需求 → 日本,us_mach,ゴム製品,3,6,6,0.066,0.1475,0.7502,-0.5115,1.8387,-1.4483,False,False
外部需求 → 日本,us_mach,ゴム製品,6,1,0,0.0284,0.638,0.0959,0.0314,2.1923,0.4705,False,False
外部需求 → 日本,us_mach,ゴム製品,6,1,3,0.0029,0.1124,0.1048,0.099,2.9819,1.5874,True,False
外部需求 → 日本,us_mach,ゴム製品,6,1,6,0.0793,0.3231,0.0943,-0.073,1.7549,-0.9881,False,False
外部需求 → 日本,us_mach,ゴム製品,6,3,0,0.0125,0.3156,0.247,0.2163,2.4976,1.0036,False,False
外部需求 → 日本,us_mach,ゴム製品,6,3,3,0.0006,0.2986,0.3131,0.1655,3.4102,1.0394,True,False
外部需求 → 日本,us_mach,ゴム製品,6,3,6,0.0905,0.0839,0.2457,-0.4122,1.6927,-1.7283,False,False
外部需求 → 日本,us_mach,ゴム製品,6,6,0,0.0,0.3283,0.5724,0.3226,4.2599,0.9775,True,False
外部需求 → 日本,us_mach,ゴム製品,6,6,3,0.0062,0.3672,0.566,-0.2286,2.7382,-0.9018,False,False
外部需求 → 日本,us_mach,ゴム製品,6,6,6,0.2567,0.1601,0.3116,-0.5586,1.1342,-1.4047,False,False
外部需求 → 日本,us_mach,サービス業,1,1,0,0.9337,0.1196,-0.0102,0.2571,-0.0832,1.5563,False,False
外部需求 → 日本,us_mach,サービス業,1,1,3,0.9349,0.6649,-0.0109,0.0817,-0.0817,0.4332,False,False
外部需求 → 日本,us_mach,サービス業,1,1,6,0.3166,0.9939,0.1286,-0.0014,1.0015,-0.0077,False,False
外部需求 → 日本,us_mach,サービス業,1,3,0,0.5789,0.0148,0.1736,0.6366,0.555,2.4368,False,False
外部需求 → 日本,us_mach,サービス業,1,3,3,0.3061,0.7957,-0.222,0.0639,-1.0233,0.2589,False,False
外部需求 → 日本,us_mach,サービス業,1,3,6,0.149,0.6117,0.3558,0.1127,1.4429,0.5076,False,False
外部需求 → 日本,us_mach,サービス業,1,6,0,0.9216,0.0237,-0.0369,0.6612,-0.0984,2.2617,False,False
外部需求 → 日本,us_mach,サービス業,1,6,3,0.644,0.6829,0.1412,0.1312,0.4621,0.4085,False,False
外部需求 → 日本,us_mach,サービス業,1,6,6,0.1386,0.2919,0.4586,0.3506,1.4809,1.0539,False,False
外部需求 → 日本,us_mach,サービス業,3,1,0,0.5774,0.0641,0.0367,0.1016,0.5572,1.8513,False,False
外部需求 → 日本,us_mach,サービス業,3,1,3,0.3141,0.4039,-0.0463,-0.0573,-1.0066,-0.8346,False,False
外部需求 → 日本,us_mach,サービス業,3,1,6,0.253,0.367,0.0575,0.0547,1.143,0.9022,False,False
外部需求 → 日本,us_mach,サービス業,3,3,0,0.7308,0.5682,0.0524,0.1083,0.3441,0.5707,False,False
外部需求 → 日本,us_mach,サービス業,3,3,3,0.7075,0.6145,-0.0434,-0.0757,-0.3752,-0.5037,False,False
外部需求 → 日本,us_mach,サービス業,3,3,6,0.2559,0.3054,0.1313,0.1225,1.1362,1.025,False,False
外部需求 → 日本,us_mach,サービス業,3,6,0,0.9659,0.9262,0.008,0.0272,0.0428,0.0927,False,False
外部需求 → 日本,us_mach,サービス業,3,6,3,0.6228,0.94,0.0906,0.0185,0.4919,0.0753,False,False
外部需求 → 日本,us_mach,サービス業,3,6,6,0.0375,0.3211,0.2875,0.2158,2.08,0.9923,False,False
外部需求 → 日本,us_mach,サービス業,6,1,0,0.9709,0.687,-0.0011,0.0264,-0.0365,0.4029,False,False
外部需求 → 日本,us_mach,サービス業,6,1,3,0.9656,0.9104,-0.0011,0.0073,-0.0431,0.1126,False,False
外部需求 → 日本,us_mach,サービス業,6,1,6,0.3677,0.2127,0.0219,0.0611,0.9008,1.2461,False,False
外部需求 → 日本,us_mach,サービス業,6,3,0,0.9577,0.9515,0.0036,0.0111,0.0531,0.0608,False,False
外部需求 → 日本,us_mach,サービス業,6,3,3,0.8933,0.7999,0.0093,0.0438,0.1341,0.2534,False,False
外部需求 → 日本,us_mach,サービス業,6,3,6,0.0988,0.3051,0.0866,0.1317,1.6509,1.0255,False,False
外部需求 → 日本,us_mach,サービス業,6,6,0,0.9039,0.9121,0.0142,0.0348,0.1207,0.1104,False,False
外部需求 → 日本,us_mach,サービス業,6,6,3,0.2994,0.5608,0.0972,0.1655,1.0377,0.5817,False,False
外部需求 → 日本,us_mach,サービス業,6,6,6,0.0051,0.6959,0.2332,0.0774,2.8011,0.3909,False,False
外部需求 → 日本,us_mach,パルプ・紙,1,1,0,0.4978,0.6377,0.2111,-0.1077,0.6779,-0.4709,False,False
外部需求 → 日本,us_mach,パルプ・紙,1,1,3,0.693,0.5534,-0.1218,-0.1392,-0.3948,-0.5927,False,False
外部需求 → 日本,us_mach,パルプ・紙,1,1,6,0.448,0.5267,0.2397,0.1676,0.7587,0.633,False,False
外部需求 → 日本,us_mach,パルプ・紙,1,3,0,0.9717,0.8598,-0.0227,0.068,-0.0355,0.1766,False,False
外部需求 → 日本,us_mach,パルプ・紙,1,3,3,0.7578,0.1584,-0.1878,0.6327,-0.3084,1.4105,False,False
外部需求 → 日本,us_mach,パルプ・紙,1,3,6,0.4759,0.6488,0.329,0.1713,0.7129,0.4554,False,False
外部需求 → 日本,us_mach,パルプ・紙,1,6,0,0.8453,0.2363,-0.2423,0.6223,-0.1951,1.1843,False,False
外部需求 → 日本,us_mach,パルプ・紙,1,6,3,0.8108,0.0433,0.2135,0.8139,0.2394,2.0205,False,False
外部需求 → 日本,us_mach,パルプ・紙,1,6,6,0.6989,0.3529,0.2317,0.4631,0.3868,0.9289,False,False
外部需求 → 日本,us_mach,パルプ・紙,3,1,0,0.9428,0.0782,0.01,0.126,0.0717,1.7611,False,False
外部需求 → 日本,us_mach,パルプ・紙,3,1,3,0.7737,0.111,-0.035,0.1555,-0.2875,1.5937,False,False
外部需求 → 日本,us_mach,パルプ・紙,3,1,6,0.5004,0.3277,0.0663,-0.129,0.6739,-0.9787,False,False
外部需求 → 日本,us_mach,パルプ・紙,3,3,0,0.9312,0.0455,-0.0359,0.3917,-0.0863,1.9996,False,False
外部需求 → 日本,us_mach,パルプ・紙,3,3,3,0.9719,0.2461,0.0107,0.1929,0.0352,1.16,False,False
外部需求 → 日本,us_mach,パルプ・紙,3,3,6,0.4338,0.6257,0.1629,-0.1349,0.7827,-0.4877,False,False
外部需求 → 日本,us_mach,パルプ・紙,3,6,0,0.9408,0.0062,-0.0505,0.6124,-0.0742,2.7382,False,False
外部需求 → 日本,us_mach,パルプ・紙,3,6,3,0.6573,0.8537,0.176,0.0609,0.4436,0.1845,False,False
外部需求 → 日本,us_mach,パルプ・紙,3,6,6,0.7784,0.7546,0.107,-0.1019,0.2814,-0.3126,False,False
外部需求 → 日本,us_mach,パルプ・紙,6,1,0,0.9662,0.0543,-0.0036,0.1528,-0.0423,1.9243,False,False
外部需求 → 日本,us_mach,パルプ・紙,6,1,3,0.9412,0.8421,0.0045,0.0144,0.0737,0.1992,False,False
外部需求 → 日本,us_mach,パルプ・紙,6,1,6,0.553,0.8218,0.0292,-0.0262,0.5932,-0.2252,False,False
外部需求 → 日本,us_mach,パルプ・紙,6,3,0,0.9664,0.0277,-0.0092,0.3456,-0.0421,2.2019,False,False
外部需求 → 日本,us_mach,パルプ・紙,6,3,3,0.7107,0.8943,0.0501,0.026,0.3709,0.1328,False,False
外部需求 → 日本,us_mach,パルプ・紙,6,3,6,0.6612,0.7173,0.0612,-0.0752,0.4382,-0.362,False,False
外部需求 → 日本,us_mach,パルプ・紙,6,6,0,0.9111,0.0358,0.0338,0.3942,0.1117,2.0987,False,False
外部需求 → 日本,us_mach,パルプ・紙,6,6,3,0.6366,0.8941,0.1044,-0.0475,0.4725,-0.1331,False,False
外部需求 → 日本,us_mach,パルプ・紙,6,6,6,0.8341,0.9362,0.0594,-0.0223,0.2094,-0.0801,False,False
外部需求 → 日本,us_mach,不動産業,1,1,0,0.557,0.9924,-0.2087,0.002,-0.5872,0.0096,False,False
外部需求 → 日本,us_mach,不動産業,1,1,3,0.0444,0.879,-0.5825,0.0271,-2.0101,0.1523,False,False
外部需求 → 日本,us_mach,不動産業,1,1,6,0.7028,0.949,0.0989,-0.0108,0.3816,-0.0639,False,False
外部需求 → 日本,us_mach,不動産業,1,3,0,0.3234,0.752,-0.5877,0.0682,-0.9876,0.316,False,False
外部需求 → 日本,us_mach,不動産業,1,3,3,0.2941,0.5638,-0.4839,0.1424,-1.0492,0.5772,False,False
外部需求 → 日本,us_mach,不動産業,1,3,6,0.2165,0.2808,0.5429,0.2325,1.2359,1.0785,False,False
外部需求 → 日本,us_mach,不動産業,1,6,0,0.2671,0.5254,-0.9409,0.1916,-1.1098,0.635,False,False
外部需求 → 日本,us_mach,不動産業,1,6,3,0.9408,0.1786,0.0578,0.4092,0.0742,1.3452,False,False
外部需求 → 日本,us_mach,不動産業,1,6,6,0.5054,0.09,0.6008,0.4688,0.666,1.6955,False,False
外部需求 → 日本,us_mach,不動産業,3,1,0,0.5163,0.5179,-0.1075,0.048,-0.649,0.6466,False,False
外部需求 → 日本,us_mach,不動産業,3,1,3,0.4715,0.8944,-0.0826,-0.0077,-0.72,-0.1327,False,False
外部需求 → 日本,us_mach,不動産業,3,1,6,0.2073,0.3911,0.1203,0.0437,1.261,0.8577,False,False
外部需求 → 日本,us_mach,不動産業,3,3,0,0.1785,0.4336,-0.4042,0.094,-1.3455,0.783,False,False
外部需求 → 日本,us_mach,不動産業,3,3,3,0.7617,0.6866,0.0705,0.0416,0.3032,0.4034,False,False
外部需求 → 日本,us_mach,不動産業,3,3,6,0.5101,0.3504,0.1933,0.1114,0.6587,0.9338,False,False
外部需求 → 日本,us_mach,不動産業,3,6,0,0.495,0.2388,-0.3208,0.1523,-0.6824,1.178,False,False
外部需求 → 日本,us_mach,不動産業,3,6,3,0.6305,0.3331,0.2349,0.1712,0.481,0.9679,False,False
外部需求 → 日本,us_mach,不動産業,3,6,6,0.4157,0.3149,0.48,0.2172,0.8139,1.005,False,False
外部需求 → 日本,us_mach,不動産業,6,1,0,0.3389,0.5687,-0.0613,0.0319,-0.9563,0.57,False,False
外部需求 → 日本,us_mach,不動産業,6,1,3,0.8248,0.5943,0.012,0.0209,0.2214,0.5327,False,False
外部需求 → 日本,us_mach,不動産業,6,1,6,0.6182,0.2084,0.0297,0.0518,0.4985,1.2579,False,False
外部需求 → 日本,us_mach,不動産業,6,3,0,0.5099,0.5366,-0.1007,0.0658,-0.659,0.6179,False,False
外部需求 → 日本,us_mach,不動産業,6,3,3,0.6181,0.3597,0.0732,0.0928,0.4986,0.9159,False,False
外部需求 → 日本,us_mach,不動産業,6,3,6,0.4204,0.3014,0.1515,0.1365,0.8057,1.0334,False,False
外部需求 → 日本,us_mach,不動産業,6,6,0,0.904,0.1186,-0.0325,0.1823,-0.1206,1.5608,False,False
外部需求 → 日本,us_mach,不動産業,6,6,3,0.5411,0.2019,0.2099,0.2363,0.6112,1.276,False,False
外部需求 → 日本,us_mach,不動産業,6,6,6,0.3654,0.651,0.3466,0.1013,0.9051,0.4523,False,False
外部需求 → 日本,us_mach,保険業,1,1,0,0.5758,0.5669,0.1537,0.147,0.5595,0.5726,False,False
外部需求 → 日本,us_mach,保険業,1,1,3,0.731,0.1145,-0.0964,-0.4301,-0.3438,-1.5783,False,False
外部需求 → 日本,us_mach,保険業,1,1,6,0.7628,0.1309,-0.0697,0.3143,-0.3018,1.5106,False,False
外部需求 → 日本,us_mach,保険業,1,3,0,0.1144,0.5876,0.614,-0.1503,1.5789,-0.5423,False,False
外部需求 → 日本,us_mach,保険業,1,3,3,0.1528,0.0075,0.5967,-0.844,1.4296,-2.6723,False,False
外部需求 → 日本,us_mach,保険業,1,3,6,0.0904,0.9557,0.5665,0.02,1.6932,0.0556,False,False
外部需求 → 日本,us_mach,保険業,1,6,0,0.0963,0.0055,1.3073,-0.9862,1.6629,-2.777,False,False
外部需求 → 日本,us_mach,保険業,1,6,3,0.0734,0.027,1.2304,-0.7735,1.7901,-2.2122,False,False
外部需求 → 日本,us_mach,保険業,1,6,6,0.0099,0.6697,1.3458,0.2364,2.5796,0.4266,False,False
外部需求 → 日本,us_mach,保険業,3,1,0,0.224,0.3168,0.1189,-0.0942,1.216,-1.0011,False,False
外部需求 → 日本,us_mach,保険業,3,1,3,0.1753,0.1642,0.1287,-0.1653,1.3553,-1.3911,False,False
外部需求 → 日本,us_mach,保険業,3,1,6,0.0993,0.5589,0.1366,0.045,1.6485,0.5845,False,False
外部需求 → 日本,us_mach,保険業,3,3,0,0.062,0.0348,0.3507,-0.2784,1.8665,-2.1108,False,False
外部需求 → 日本,us_mach,保険業,3,3,3,0.0415,0.0686,0.3947,-0.2713,2.0388,-1.8212,False,False
外部需求 → 日本,us_mach,保険業,3,3,6,0.0493,0.1866,0.3228,0.1856,1.9661,1.3206,False,False
外部需求 → 日本,us_mach,保険業,3,6,0,0.027,0.0091,0.7856,-0.5342,2.2108,-2.6067,False,False
外部需求 → 日本,us_mach,保険業,3,6,3,0.03,0.7164,0.7335,-0.0784,2.1695,-0.3632,False,False
外部需求 → 日本,us_mach,保険業,3,6,6,0.0043,0.0561,0.8387,0.3231,2.8523,1.9102,False,False
外部需求 → 日本,us_mach,保険業,6,1,0,0.1375,0.0166,0.072,-0.147,1.4853,-2.3963,False,False
外部需求 → 日本,us_mach,保険業,6,1,3,0.063,0.3191,0.0833,-0.0692,1.8595,-0.9963,False,False
外部需求 → 日本,us_mach,保険業,6,1,6,0.0318,0.1228,0.0926,0.0837,2.1473,1.543,False,False
外部需求 → 日本,us_mach,保険業,6,3,0,0.0246,0.0049,0.2313,-0.3345,2.2471,-2.8145,False,False
外部需求 → 日本,us_mach,保険業,6,3,3,0.0238,0.5866,0.2376,-0.0588,2.2597,-0.5438,False,False
外部需求 → 日本,us_mach,保険業,6,3,6,0.0141,0.0484,0.2602,0.2001,2.455,1.9738,False,False
外部需求 → 日本,us_mach,保険業,6,6,0,0.0171,0.0334,0.4865,-0.3848,2.3841,-2.1269,False,False
外部需求 → 日本,us_mach,保険業,6,6,3,0.0119,0.4033,0.5088,0.1511,2.5154,0.8358,False,False
外部需求 → 日本,us_mach,保険業,6,6,6,0.0274,0.1009,0.4547,0.2788,2.2053,1.6403,False,False
外部需求 → 日本,us_mach,化学,1,1,0,0.3204,0.944,-0.0738,-0.0063,-0.9936,-0.0703,False,False
外部需求 → 日本,us_mach,化学,1,1,3,0.4803,0.0182,-0.0564,0.184,-0.7058,2.3606,False,False
外部需求 → 日本,us_mach,化学,1,1,6,0.0211,0.6564,-0.1772,-0.0384,-2.3058,-0.4449,False,False
外部需求 → 日本,us_mach,化学,1,3,0,0.2711,0.9841,-0.1649,-0.0026,-1.1006,-0.02,False,False
外部需求 → 日本,us_mach,化学,1,3,3,0.1608,0.2934,-0.1807,0.1236,-1.4024,1.0507,False,False
外部需求 → 日本,us_mach,化学,1,3,6,0.0093,0.2912,-0.3442,-0.1294,-2.6004,-1.0555,False,False
外部需求 → 日本,us_mach,化学,1,6,0,0.1493,0.3254,-0.3504,0.1591,-1.4419,0.9834,False,False
外部需求 → 日本,us_mach,化学,1,6,3,0.0212,0.8839,-0.5299,-0.0217,-2.3039,-0.146,False,False
外部需求 → 日本,us_mach,化学,1,6,6,0.0279,0.0314,-0.4735,-0.2547,-2.1987,-2.1517,False,False
外部需求 → 日本,us_mach,化学,3,1,0,0.2669,0.9592,-0.0363,0.0022,-1.1101,0.0512,False,False
外部需求 → 日本,us_mach,化学,3,1,3,0.1551,0.8443,-0.0413,0.0057,-1.4218,0.1964,False,False
外部需求 → 日本,us_mach,化学,3,1,6,0.0186,0.8331,-0.0727,-0.0078,-2.3535,-0.2108,False,False
外部需求 → 日本,us_mach,化学,3,3,0,0.1706,0.191,-0.1081,0.0822,-1.3701,1.3076,False,False
外部需求 → 日本,us_mach,化学,3,3,3,0.0165,0.2698,-0.1518,-0.0789,-2.3979,-1.1035,False,False
外部需求 → 日本,us_mach,化学,3,3,6,0.0524,0.8201,-0.1362,0.0162,-1.9399,0.2274,False,False
外部需求 → 日本,us_mach,化学,3,6,0,0.0386,0.9798,-0.262,0.0023,-2.0679,0.0253,False,False
外部需求 → 日本,us_mach,化学,3,6,3,0.0218,0.2599,-0.2904,-0.0676,-2.2939,-1.1267,False,False
外部需求 → 日本,us_mach,化学,3,6,6,0.0593,0.9992,-0.2884,-0.0001,-1.886,-0.0011,False,False
外部需求 → 日本,us_mach,化学,6,1,0,0.1228,0.9943,-0.024,0.0002,-1.5433,0.0072,False,False
外部需求 → 日本,us_mach,化学,6,1,3,0.018,0.8615,-0.0366,-0.0039,-2.3658,-0.1744,False,False
外部需求 → 日本,us_mach,化学,6,1,6,0.0644,0.4572,-0.0292,-0.0185,-1.8494,-0.7434,False,False
外部需求 → 日本,us_mach,化学,6,3,0,0.0424,0.9056,-0.0829,0.007,-2.03,0.1187,False,False
外部需求 → 日本,us_mach,化学,6,3,3,0.0232,0.452,-0.0932,-0.0373,-2.2701,-0.7522,False,False
外部需求 → 日本,us_mach,化学,6,3,6,0.094,0.902,-0.0865,0.0079,-1.6748,0.1231,False,False
外部需求 → 日本,us_mach,化学,6,6,0,0.0213,0.7016,-0.1775,-0.033,-2.3034,-0.3832,False,False
外部需求 → 日本,us_mach,化学,6,6,3,0.0506,0.6917,-0.181,-0.0319,-1.9547,-0.3966,False,False
外部需求 → 日本,us_mach,化学,6,6,6,0.0541,0.8401,-0.2173,0.0186,-1.9264,0.2018,False,False
外部需求 → 日本,us_mach,医薬品,1,1,0,0.7691,0.6399,0.0629,-0.0857,0.2936,-0.4679,False,False
外部需求 → 日本,us_mach,医薬品,1,1,3,0.2827,0.4778,0.2065,-0.1725,1.0742,-0.7098,False,False
外部需求 → 日本,us_mach,医薬品,1,1,6,0.5708,0.9845,0.1093,-0.0046,0.5668,-0.0194,False,False
外部需求 → 日本,us_mach,医薬品,1,3,0,0.991,0.5476,-0.0054,-0.2362,-0.0112,-0.6013,False,False
外部需求 → 日本,us_mach,医薬品,1,3,3,0.6941,0.6049,-0.147,-0.1591,-0.3932,-0.5173,False,False
外部需求 → 日本,us_mach,医薬品,1,3,6,0.2238,0.4258,0.4447,-0.2228,1.2164,-0.7965,False,False
外部需求 → 日本,us_mach,医薬品,1,6,0,0.8571,0.399,-0.1057,-0.4462,-0.18,-0.8435,False,False
外部需求 → 日本,us_mach,医薬品,1,6,3,0.5831,0.445,0.2824,-0.2976,0.5489,-0.7638,False,False
外部需求 → 日本,us_mach,医薬品,1,6,6,0.1077,0.3318,0.8604,0.3792,1.6086,0.9705,False,False
外部需求 → 日本,us_mach,医薬品,3,1,0,0.7828,0.8496,0.0278,0.0163,0.2756,0.1896,False,False
外部需求 → 日本,us_mach,医薬品,3,1,3,0.8111,0.5864,-0.0191,0.0488,-0.239,0.5441,False,False
外部需求 → 日本,us_mach,医薬品,3,1,6,0.3695,0.9542,0.0755,-0.0033,0.8974,-0.0575,False,False
外部需求 → 日本,us_mach,医薬品,3,3,0,0.7609,0.8251,0.0674,0.042,0.3043,0.221,False,False
外部需求 → 日本,us_mach,医薬品,3,3,3,0.8488,0.6615,-0.038,0.0921,-0.1907,0.4379,False,False
外部需求 → 日本,us_mach,医薬品,3,3,6,0.1594,0.0163,0.2924,0.2745,1.4072,2.402,False,False
外部需求 → 日本,us_mach,医薬品,3,6,0,0.8897,0.6266,0.0381,0.1524,0.1386,0.4866,False,False
外部需求 → 日本,us_mach,医薬品,3,6,3,0.3632,0.0534,0.2486,0.4153,0.9093,1.9314,False,False
外部需求 → 日本,us_mach,医薬品,3,6,6,0.0789,0.1008,0.5161,0.3483,1.7573,1.6409,False,False
外部需求 → 日本,us_mach,医薬品,6,1,0,0.936,0.5409,0.0037,0.0409,0.0803,0.6115,False,False
外部需求 → 日本,us_mach,医薬品,6,1,3,0.6666,0.6405,0.0178,0.0334,0.4308,0.467,False,False
外部需求 → 日本,us_mach,医薬品,6,1,6,0.1943,0.163,0.0568,0.078,1.2979,1.3949,False,False
外部需求 → 日本,us_mach,医薬品,6,3,0,0.9107,0.6198,0.0107,0.0938,0.1121,0.4961,False,False
外部需求 → 日本,us_mach,医薬品,6,3,3,0.4422,0.0936,0.078,0.2439,0.7684,1.6768,False,False
外部需求 → 日本,us_mach,医薬品,6,3,6,0.0872,0.1269,0.1747,0.2162,1.7102,1.5264,False,False
外部需求 → 日本,us_mach,医薬品,6,6,0,0.5249,0.1779,0.0894,0.3798,0.6358,1.3472,False,False
外部需求 → 日本,us_mach,医薬品,6,6,3,0.0892,0.0475,0.249,0.4906,1.6998,1.9815,False,False
外部需求 → 日本,us_mach,医薬品,6,6,6,0.0918,0.2288,0.2981,0.33,1.6858,1.2036,False,False
外部需求 → 日本,us_mach,卸売業,1,1,0,0.8058,0.0044,0.0256,0.1945,0.2458,2.845,False,False
外部需求 → 日本,us_mach,卸売業,1,1,3,0.0631,0.0859,0.1571,-0.1413,1.8585,-1.7172,False,False
外部需求 → 日本,us_mach,卸売業,1,1,6,0.6952,0.8226,-0.0288,0.0184,-0.3917,0.2242,False,False
外部需求 → 日本,us_mach,卸売業,1,3,0,0.3365,0.3801,0.1867,0.1036,0.9612,0.8777,False,False
外部需求 → 日本,us_mach,卸売業,1,3,3,0.1046,0.2704,0.2803,-0.1407,1.6231,-1.1021,False,False
外部需求 → 日本,us_mach,卸売業,1,3,6,0.461,0.9878,0.1385,-0.0015,0.7373,-0.0153,False,False
外部需求 → 日本,us_mach,卸売業,1,6,0,0.0409,0.7001,0.4561,-0.0709,2.0448,-0.3852,False,False
外部需求 → 日本,us_mach,卸売業,1,6,3,0.1166,0.4792,0.3993,-0.1209,1.5692,-0.7076,False,False
外部需求 → 日本,us_mach,卸売業,1,6,6,0.4034,0.2731,0.26,0.153,0.8356,1.0959,False,False
外部需求 → 日本,us_mach,卸売業,3,1,0,0.5305,0.6487,0.0325,0.0151,0.6273,0.4556,False,False
外部需求 → 日本,us_mach,卸売業,3,1,3,0.1703,0.8483,0.0577,0.0069,1.3712,0.1913,False,False
外部需求 → 日本,us_mach,卸売業,3,1,6,0.5261,0.1672,0.025,0.0258,0.634,1.3814,False,False
外部需求 → 日本,us_mach,卸売業,3,3,0,0.1607,0.1352,0.1438,-0.0955,1.4026,-1.4938,False,False
外部需求 → 日本,us_mach,卸売業,3,3,3,0.2746,0.0239,0.1101,0.1266,1.0926,2.2591,False,False
外部需求 → 日本,us_mach,卸売業,3,3,6,0.2548,0.2067,0.1103,0.0579,1.1387,1.2627,False,False
外部需求 → 日本,us_mach,卸売業,3,6,0,0.069,0.7654,0.2508,0.0265,1.8182,0.2984,False,False
外部需求 → 日本,us_mach,卸売業,3,6,3,0.139,0.0166,0.2144,0.1837,1.4795,2.3947,False,False
外部需求 → 日本,us_mach,卸売業,3,6,6,0.3948,0.0658,0.1466,0.1346,0.851,1.8399,False,False
外部需求 → 日本,us_mach,卸売業,6,1,0,0.1757,0.5657,0.0292,0.0111,1.3541,0.5744,False,False
外部需求 → 日本,us_mach,卸売業,6,1,3,0.2659,0.2729,0.0245,0.0209,1.1127,1.0965,False,False
外部需求 → 日本,us_mach,卸売業,6,1,6,0.4388,0.0248,0.0162,0.0411,0.7741,2.2443,False,False
外部需求 → 日本,us_mach,卸売業,6,3,0,0.144,0.4871,0.0801,0.0265,1.4609,0.6949,False,False
外部需求 → 日本,us_mach,卸売業,6,3,3,0.2052,0.0101,0.0667,0.1208,1.2669,2.5717,False,False
外部需求 → 日本,us_mach,卸売業,6,3,6,0.4151,0.0291,0.0459,0.0913,0.815,2.182,False,False
外部需求 → 日本,us_mach,卸売業,6,6,0,0.0742,0.0095,0.144,0.1433,1.7852,2.5939,False,False
外部需求 → 日本,us_mach,卸売業,6,6,3,0.2015,0.012,0.1098,0.2116,1.2772,2.5134,False,False
外部需求 → 日本,us_mach,卸売業,6,6,6,0.7683,0.07,0.0368,0.1667,0.2945,1.8122,False,False
外部需求 → 日本,us_mach,小売業,1,1,0,0.6034,0.0564,0.0771,0.2136,0.5195,1.9083,False,False
外部需求 → 日本,us_mach,小売業,1,1,3,0.3788,0.0317,-0.1276,-0.3073,-0.88,-2.1479,False,False
外部需求 → 日本,us_mach,小売業,1,1,6,0.8861,0.7476,-0.0212,-0.0433,-0.1432,-0.3219,False,False
外部需求 → 日本,us_mach,小売業,1,3,0,0.5917,0.8716,0.1742,0.0282,0.5363,0.1616,False,False
外部需求 → 日本,us_mach,小売業,1,3,3,0.5908,0.0271,-0.1579,-0.4189,-0.5376,-2.2106,False,False
外部需求 → 日本,us_mach,小売業,1,3,6,0.6295,0.5083,0.148,-0.1151,0.4824,-0.6615,False,False
外部需求 → 日本,us_mach,小売業,1,6,0,0.9167,0.121,0.0491,-0.407,0.1046,-1.5507,False,False
外部需求 → 日本,us_mach,小売業,1,6,3,0.9644,0.0088,0.0194,-0.5252,0.0447,-2.6207,False,False
外部需求 → 日本,us_mach,小売業,1,6,6,0.2963,0.6422,0.4018,0.1135,1.0444,0.4647,False,False
外部需求 → 日本,us_mach,小売業,3,1,0,0.67,0.3657,0.0313,-0.0391,0.4261,-0.9045,False,False
外部需求 → 日本,us_mach,小売業,3,1,3,0.6097,0.7713,-0.0313,-0.0156,-0.5105,-0.2906,False,False
外部需求 → 日本,us_mach,小売業,3,1,6,0.7062,0.6223,0.025,-0.0224,0.377,-0.4926,False,False
外部需求 → 日本,us_mach,小売業,3,3,0,0.9879,0.0015,-0.003,-0.2749,-0.0152,-3.1795,False,False
外部需求 → 日本,us_mach,小売業,3,3,3,0.8673,0.7294,-0.0274,0.0552,-0.1671,0.3459,False,False
外部需求 → 日本,us_mach,小売業,3,3,6,0.4916,0.739,0.1092,-0.0257,0.6877,-0.3332,False,False
外部需求 → 日本,us_mach,小売業,3,6,0,0.9342,0.1287,-0.0192,-0.2176,-0.0826,-1.5191,False,False
外部需求 → 日本,us_mach,小売業,3,6,3,0.711,0.8807,0.0887,0.0288,0.3706,0.1501,False,False
外部需求 → 日本,us_mach,小売業,3,6,6,0.2346,0.6246,0.2734,0.058,1.1886,0.4893,False,False
外部需求 → 日本,us_mach,小売業,6,1,0,0.9868,0.2481,-0.0007,-0.037,-0.0166,-1.1549,False,False
外部需求 → 日本,us_mach,小売業,6,1,3,0.9208,0.6437,-0.0035,-0.0221,-0.0994,-0.4625,False,False
外部需求 → 日本,us_mach,小売業,6,1,6,0.5161,0.3085,0.0222,0.0306,0.6494,1.0184,False,False
外部需求 → 日本,us_mach,小売業,6,3,0,0.9043,0.1055,-0.0105,-0.137,-0.1202,-1.6186,False,False
外部需求 → 日本,us_mach,小売業,6,3,3,0.8093,0.8353,0.0206,0.0259,0.2414,0.2078,False,False
外部需求 → 日本,us_mach,小売業,6,3,6,0.2968,0.6328,0.086,0.0379,1.0434,0.4777,False,False
外部需求 → 日本,us_mach,小売業,6,6,0,0.8991,0.4661,0.0158,-0.1146,0.1268,-0.7289,False,False
外部需求 → 日本,us_mach,小売業,6,6,3,0.3968,0.6749,0.1081,0.0649,0.8473,0.4194,False,False
外部需求 → 日本,us_mach,小売業,6,6,6,0.1368,0.6032,0.2284,0.0668,1.4878,0.5198,False,False
外部需求 → 日本,us_mach,建設業,1,1,0,0.7044,0.4778,-0.0741,-0.0766,-0.3794,-0.7099,False,False
外部需求 → 日本,us_mach,建設業,1,1,3,0.1886,0.4007,-0.2333,-0.1061,-1.3148,-0.8404,False,False
外部需求 → 日本,us_mach,建設業,1,1,6,0.9159,0.1252,-0.0211,-0.1998,-0.1056,-1.5332,False,False
外部需求 → 日本,us_mach,建設業,1,3,0,0.6584,0.1663,0.1592,-0.3434,0.4421,-1.3841,False,False
外部需求 → 日本,us_mach,建設業,1,3,3,0.3279,0.7522,0.3579,-0.0645,0.9784,-0.3157,False,False
外部需求 → 日本,us_mach,建設業,1,3,6,0.0583,0.2954,0.6462,-0.2123,1.8933,-1.0464,False,False
外部需求 → 日本,us_mach,建設業,1,6,0,0.53,0.302,0.4605,-0.3415,0.628,-1.0323,False,False
外部需求 → 日本,us_mach,建設業,1,6,3,0.1316,0.501,0.9925,-0.1819,1.5079,-0.6729,False,False
外部需求 → 日本,us_mach,建設業,1,6,6,0.1496,0.2508,0.7632,-0.2845,1.4409,-1.1485,False,False
外部需求 → 日本,us_mach,建設業,3,1,0,0.9401,0.5625,-0.0057,-0.037,-0.0751,-0.5792,False,False
外部需求 → 日本,us_mach,建設業,3,1,3,0.4293,0.3181,0.0598,0.0552,0.7904,0.9984,False,False
外部需求 → 日本,us_mach,建設業,3,1,6,0.1291,0.4044,0.0965,-0.0487,1.5175,-0.8338,False,False
外部需求 → 日本,us_mach,建設業,3,3,0,0.722,0.9406,0.084,-0.0114,0.3558,-0.0746,False,False
外部需求 → 日本,us_mach,建設業,3,3,3,0.1541,0.4239,0.2849,0.1087,1.4251,0.7997,False,False
外部需求 → 日本,us_mach,建設業,3,3,6,0.0295,0.1096,0.3498,-0.1398,2.1761,-1.6002,False,False
外部需求 → 日本,us_mach,建設業,3,6,0,0.3928,0.507,0.3588,0.1472,0.8546,0.6635,False,False
外部需求 → 日本,us_mach,建設業,3,6,3,0.0262,0.9077,0.617,0.0227,2.2233,0.1159,False,False
外部需求 → 日本,us_mach,建設業,3,6,6,0.0789,0.3998,0.4669,-0.1286,1.7574,-0.842,False,False
外部需求 → 日本,us_mach,建設業,6,1,0,0.6974,0.8355,0.0176,0.0104,0.3889,0.2076,False,False
外部需求 → 日本,us_mach,建設業,6,1,3,0.2063,0.9941,0.0506,0.0005,1.2637,0.0074,False,False
外部需求 → 日本,us_mach,建設業,6,1,6,0.3577,0.5549,0.0319,-0.0228,0.9198,-0.5904,False,False
外部需求 → 日本,us_mach,建設業,6,3,0,0.3604,0.696,0.1235,0.0578,0.9146,0.3908,False,False
外部需求 → 日本,us_mach,建設業,6,3,3,0.0381,0.9462,0.1996,-0.0103,2.0738,-0.0674,False,False
外部需求 → 日本,us_mach,建設業,6,3,6,0.0992,0.3354,0.1466,-0.0827,1.6488,-0.9632,False,False
外部需求 → 日本,us_mach,建設業,6,6,0,0.1105,0.6502,0.3147,0.1128,1.5961,0.4535,False,False
外部需求 → 日本,us_mach,建設業,6,6,3,0.0344,0.7952,0.329,-0.0569,2.115,-0.2596,False,False
外部需求 → 日本,us_mach,建設業,6,6,6,0.1264,0.6787,0.2343,-0.0726,1.5283,-0.4143,False,False
外部需求 → 日本,us_mach,情報・通信業,1,1,0,0.5523,0.9141,-0.0723,-0.0211,-0.5943,-0.1079,False,False
外部需求 → 日本,us_mach,情報・通信業,1,1,3,0.636,0.7741,0.0541,-0.0499,0.4733,-0.287,False,False
外部需求 → 日本,us_mach,情報・通信業,1,1,6,0.1148,0.1966,0.1975,-0.234,1.577,-1.2913,False,False
外部需求 → 日本,us_mach,情報・通信業,1,3,0,0.6947,0.6531,0.1055,0.1575,0.3925,0.4495,False,False
外部需求 → 日本,us_mach,情報・通信業,1,3,3,0.6964,0.1037,0.0824,-0.474,0.3901,-1.6271,False,False
外部需求 → 日本,us_mach,情報・通信業,1,3,6,0.1234,0.2544,0.3019,-0.3489,1.5408,-1.1396,False,False
外部需求 → 日本,us_mach,情報・通信業,1,6,0,0.627,0.3785,0.2045,-0.3794,0.4859,-0.8806,False,False
外部需求 → 日本,us_mach,情報・通信業,1,6,3,0.2561,0.0563,0.3845,-0.84,1.1357,-1.9088,False,False
外部需求 → 日本,us_mach,情報・通信業,1,6,6,0.2857,0.2629,0.2766,-0.5091,1.0677,-1.1196,False,False
外部需求 → 日本,us_mach,情報・通信業,3,1,0,0.6819,0.5111,0.0236,-0.0537,0.4098,-0.6572,False,False
外部需求 → 日本,us_mach,情報・通信業,3,1,3,0.9926,0.0309,0.0005,-0.1182,0.0093,-2.1584,False,False
外部需求 → 日本,us_mach,情報・通信業,3,1,6,0.254,0.7666,0.0515,0.0236,1.1406,0.2968,False,False
外部需求 → 日本,us_mach,情報・通信業,3,3,0,0.359,0.1241,0.1248,-0.2495,0.9173,-1.538,False,False
外部需求 → 日本,us_mach,情報・通信業,3,3,3,0.5621,0.1213,0.0679,-0.279,0.5798,-1.5494,False,False
外部需求 → 日本,us_mach,情報・通信業,3,3,6,0.2662,0.6662,0.1128,0.0826,1.1118,0.4313,False,False
外部需求 → 日本,us_mach,情報・通信業,3,6,0,0.375,0.017,0.1928,-0.5271,0.8871,-2.3866,False,False
外部需求 → 日本,us_mach,情報・通信業,3,6,3,0.3072,0.5237,0.1811,-0.2165,1.0211,-0.6377,False,False
外部需求 → 日本,us_mach,情報・通信業,3,6,6,0.4031,0.6054,0.1195,0.1458,0.8361,0.5166,False,False
外部需求 → 日本,us_mach,情報・通信業,6,1,0,0.747,0.0612,0.0101,-0.1102,0.3226,-1.8719,False,False
外部需求 → 日本,us_mach,情報・通信業,6,1,3,0.6153,0.4232,0.0129,-0.0505,0.5026,-0.8009,False,False
外部需求 → 日本,us_mach,情報・通信業,6,1,6,0.4946,0.8651,0.0155,0.0132,0.683,0.1699,False,False
外部需求 → 日本,us_mach,情報・通信業,6,3,0,0.4359,0.0335,0.0569,-0.3224,0.7792,-2.1262,False,False
外部需求 → 日本,us_mach,情報・通信業,6,3,3,0.5066,0.5926,0.0415,-0.1043,0.6641,-0.535,False,False
外部需求 → 日本,us_mach,情報・通信業,6,3,6,0.4566,0.6029,0.0396,0.0966,0.7445,0.5203,False,False
外部需求 → 日本,us_mach,情報・通信業,6,6,0,0.4254,0.1378,0.0964,-0.4446,0.7971,-1.4839,False,False
外部需求 → 日本,us_mach,情報・通信業,6,6,3,0.3802,0.9456,0.0811,-0.0245,0.8776,-0.0682,False,False
外部需求 → 日本,us_mach,情報・通信業,6,6,6,0.1929,0.6545,0.0905,0.1335,1.3021,0.4475,False,False
外部需求 → 日本,us_mach,機械,1,1,0,0.6559,0.1328,-0.0601,-0.1742,-0.4455,-1.5031,False,False
外部需求 → 日本,us_mach,機械,1,1,3,0.7152,0.1186,0.0501,0.2154,0.3648,1.5605,False,False
外部需求 → 日本,us_mach,機械,1,1,6,0.2314,0.7094,-0.189,-0.0475,-1.1967,-0.3726,False,False
外部需求 → 日本,us_mach,機械,1,3,0,0.5952,0.6475,-0.1812,-0.0899,-0.5313,-0.4573,False,False
外部需求 → 日本,us_mach,機械,1,3,3,0.7988,0.5414,0.075,0.1611,0.2549,0.6107,False,False
外部需求 → 日本,us_mach,機械,1,3,6,0.0381,0.5959,-0.5842,-0.1008,-2.0736,-0.5304,False,False
外部需求 → 日本,us_mach,機械,1,6,0,0.7857,0.7511,-0.1446,0.1194,-0.2719,0.3172,False,False
外部需求 → 日本,us_mach,機械,1,6,3,0.2879,0.7843,-0.5338,0.0745,-1.0627,0.2737,False,False
外部需求 → 日本,us_mach,機械,1,6,6,0.1062,0.0317,-0.8299,-0.5388,-1.6155,-2.1476,False,False
外部需求 → 日本,us_mach,機械,3,1,0,0.6439,0.9167,-0.034,-0.0054,-0.4622,-0.1046,False,False
外部需求 → 日本,us_mach,機械,3,1,3,0.973,0.4839,0.002,-0.0306,0.0339,-0.7,False,False
外部需求 → 日本,us_mach,機械,3,1,6,0.0816,0.334,-0.1057,-0.0473,-1.7416,-0.966,False,False
外部需求 → 日本,us_mach,機械,3,3,0,0.7173,0.4557,-0.0647,0.0903,-0.362,0.746,False,False
外部需求 → 日本,us_mach,機械,3,3,3,0.4477,0.049,-0.1132,-0.2102,-0.7592,-1.9686,False,False
外部需求 → 日本,us_mach,機械,3,3,6,0.0893,0.288,-0.2771,-0.0787,-1.6991,-1.0625,False,False
外部需求 → 日本,us_mach,機械,3,6,0,0.5067,0.4267,-0.1823,-0.1161,-0.664,-0.7948,False,False
外部需求 → 日本,us_mach,機械,3,6,3,0.1326,0.031,-0.3991,-0.2799,-1.5041,-2.1567,False,False
外部需求 → 日本,us_mach,機械,3,6,6,0.1016,0.1005,-0.455,-0.2733,-1.6371,-1.6426,False,False
外部需求 → 日本,us_mach,機械,6,1,0,0.8092,0.5135,-0.0091,-0.0244,-0.2415,-0.6535,False,False
外部需求 → 日本,us_mach,機械,6,1,3,0.3475,0.1711,-0.0298,-0.0513,-0.9395,-1.3686,False,False
外部需求 → 日本,us_mach,機械,6,1,6,0.1897,0.0055,-0.0446,-0.0913,-1.3115,-2.775,False,False
外部需求 → 日本,us_mach,機械,6,3,0,0.5326,0.3824,-0.0559,-0.0765,-0.624,-0.8735,False,False
外部需求 → 日本,us_mach,機械,6,3,3,0.2168,0.0471,-0.1099,-0.1906,-1.2352,-1.9857,False,False
外部需求 → 日本,us_mach,機械,6,3,6,0.1472,0.0542,-0.1367,-0.1763,-1.4496,-1.9251,False,False
外部需求 → 日本,us_mach,機械,6,6,0,0.2523,0.0489,-0.17,-0.2585,-1.1448,-1.9698,False,False
外部需求 → 日本,us_mach,機械,6,6,3,0.1054,0.0044,-0.2499,-0.3608,-1.6192,-2.8459,False,False
外部需求 → 日本,us_mach,機械,6,6,6,0.072,0.1823,-0.2911,-0.2858,-1.7994,-1.3336,False,False
外部需求 → 日本,us_mach,水産・農林業,1,1,0,0.4268,0.1383,0.1876,0.2442,0.7947,1.4821,False,False
外部需求 → 日本,us_mach,水産・農林業,1,1,3,0.9236,0.0252,0.0247,-0.483,0.0959,-2.2388,False,False
外部需求 → 日本,us_mach,水産・農林業,1,1,6,0.1582,0.2228,0.2969,0.2376,1.4112,1.2192,False,False
外部需求 → 日本,us_mach,水産・農林業,1,3,0,0.9417,0.6631,0.0405,0.1424,0.0731,0.4356,False,False
外部需求 → 日本,us_mach,水産・農林業,1,3,3,0.7834,0.9641,-0.1693,-0.0133,-0.2749,-0.045,False,False
外部需求 → 日本,us_mach,水産・農林業,1,3,6,0.9142,0.4063,0.049,0.2403,0.1077,0.8305,False,False
外部需求 → 日本,us_mach,水産・農林業,1,6,0,0.9451,0.7606,-0.0689,0.119,-0.0688,0.3046,False,False
外部需求 → 日本,us_mach,水産・農林業,1,6,3,0.9157,0.2871,-0.0895,0.351,-0.1059,1.0644,False,False
外部需求 → 日本,us_mach,水産・農林業,1,6,6,0.7086,0.057,-0.2804,0.6355,-0.3738,1.9031,False,False
外部需求 → 日本,us_mach,水産・農林業,3,1,0,0.797,0.5076,0.0326,0.0578,0.2572,0.6625,False,False
外部需求 → 日本,us_mach,水産・農林業,3,1,3,0.9993,0.0711,0.0001,0.1447,0.0009,1.8047,False,False
外部需求 → 日本,us_mach,水産・農林業,3,1,6,0.6832,0.5287,0.0379,-0.0489,0.4081,-0.63,False,False
外部需求 → 日本,us_mach,水産・農林業,3,3,0,0.994,0.7504,-0.0025,-0.0514,-0.0075,-0.3181,False,False
外部需求 → 日本,us_mach,水産・農林業,3,3,3,0.9858,0.0,-0.0053,0.5328,-0.0178,4.8645,False,False
外部需求 → 日本,us_mach,水産・農林業,3,3,6,0.4893,0.8216,-0.1873,-0.0453,-0.6914,-0.2255,False,False
外部需求 → 日本,us_mach,水産・農林業,3,6,0,0.9421,0.0096,0.0399,0.5033,0.0727,2.5882,False,False
外部需求 → 日本,us_mach,水産・農林業,3,6,3,0.7249,0.0084,-0.1748,0.5186,-0.3519,2.6358,False,False
外部需求 → 日本,us_mach,水産・農林業,3,6,6,0.6583,0.3545,-0.1813,0.2649,-0.4423,0.9259,False,False
外部需求 → 日本,us_mach,水産・農林業,6,1,0,0.9026,0.014,0.0089,0.1214,0.1224,2.4584,False,False
外部需求 → 日本,us_mach,水産・農林業,6,1,3,0.7855,0.3252,0.0159,0.0639,0.2721,0.9838,False,False
外部需求 → 日本,us_mach,水産・農林業,6,1,6,0.8315,0.394,-0.0111,0.074,-0.2128,0.8524,False,False
外部需求 → 日本,us_mach,水産・農林業,6,3,0,0.9884,0.0101,0.0026,0.3056,0.0146,2.572,False,False
外部需求 → 日本,us_mach,水産・農林業,6,3,3,0.7516,0.0404,-0.0505,0.3099,-0.3166,2.0496,False,False
外部需求 → 日本,us_mach,水産・農林業,6,3,6,0.6621,0.3402,-0.0665,0.1857,-0.437,0.9537,False,False
外部需求 → 日本,us_mach,水産・農林業,6,6,0,0.9283,0.0,-0.0274,0.6518,-0.09,4.1042,False,False
外部需求 → 日本,us_mach,水産・農林業,6,6,3,0.6908,0.0216,-0.1116,0.4957,-0.3978,2.2967,False,False
外部需求 → 日本,us_mach,水産・農林業,6,6,6,0.8505,0.2487,-0.0448,0.341,-0.1884,1.1536,False,False
外部需求 → 日本,us_mach,海運業,1,1,0,0.6669,0.1878,0.158,0.5327,0.4304,1.3172,False,False
外部需求 → 日本,us_mach,海運業,1,1,3,0.2935,0.1528,0.3581,0.6133,1.0505,1.4298,False,False
外部需求 → 日本,us_mach,海運業,1,1,6,0.4639,0.1787,-0.2411,0.6126,-0.7324,1.3446,False,False
外部需求 → 日本,us_mach,海運業,1,3,0,0.6379,0.1908,0.3117,0.8288,0.4706,1.3083,False,False
外部需求 → 日本,us_mach,海運業,1,3,3,0.3804,0.1053,0.5934,1.0654,0.8771,1.6195,False,False
外部需求 → 日本,us_mach,海運業,1,3,6,0.4746,0.0421,-0.5512,1.9829,-0.715,2.0321,False,False
外部需求 → 日本,us_mach,海運業,1,6,0,0.4559,0.1013,0.8807,1.721,0.7457,1.6385,False,False
外部需求 → 日本,us_mach,海運業,1,6,3,0.9883,0.0135,0.0168,3.1763,0.0146,2.4706,False,False
外部需求 → 日本,us_mach,海運業,1,6,6,0.0608,0.0886,-1.8889,2.9396,-1.8751,1.703,False,False
外部需求 → 日本,us_mach,海運業,3,1,0,0.612,0.2006,0.0712,0.1718,0.5072,1.2799,False,False
外部需求 → 日本,us_mach,海運業,3,1,3,0.4572,0.7438,0.1033,0.0613,0.7435,0.3268,False,False
外部需求 → 日本,us_mach,海運業,3,1,6,0.6742,0.2085,-0.0729,0.284,-0.4203,1.2577,False,False
外部需求 → 日本,us_mach,海運業,3,3,0,0.3384,0.6183,0.349,0.1949,0.9572,0.4983,False,False
外部需求 → 日本,us_mach,海運業,3,3,3,0.825,0.5519,0.0949,0.4099,0.2211,0.595,False,False
外部需求 → 日本,us_mach,海運業,3,3,6,0.3729,0.7218,-0.3775,0.2225,-0.891,0.3561,False,False
外部需求 → 日本,us_mach,海運業,3,6,0,0.5292,0.4794,0.448,0.6254,0.6292,0.7073,False,False
外部需求 → 日本,us_mach,海運業,3,6,3,0.66,0.5872,-0.2828,0.648,-0.4399,0.5429,False,False
外部需求 → 日本,us_mach,海運業,3,6,6,0.0758,0.9867,-1.0115,0.0184,-1.7754,0.0166,False,False
外部需求 → 日本,us_mach,海運業,6,1,0,0.4628,0.3041,0.061,0.1336,0.7342,1.0277,False,False
外部需求 → 日本,us_mach,海運業,6,1,3,0.8202,0.4115,0.0215,0.1884,0.2272,0.8212,False,False
外部需求 → 日本,us_mach,海運業,6,1,6,0.3531,0.6594,-0.0839,0.0969,-0.9287,0.4407,False,False
外部需求 → 日本,us_mach,海運業,6,3,0,0.5455,0.4471,0.1491,0.3632,0.6045,0.7603,False,False
外部需求 → 日本,us_mach,海運業,6,3,3,0.8829,0.609,-0.0367,0.3218,-0.1473,0.5114,False,False
外部需求 → 日本,us_mach,海運業,6,3,6,0.1928,0.8997,-0.2884,-0.0825,-1.3025,-0.126,False,False
外部需求 → 日本,us_mach,海運業,6,6,0,0.7995,0.4881,0.1143,0.7168,0.254,0.6933,False,False
外部需求 → 日本,us_mach,海運業,6,6,3,0.3668,0.8302,-0.3236,0.2598,-0.9025,0.2144,False,False
外部需求 → 日本,us_mach,海運業,6,6,6,0.0424,0.3343,-0.6511,-0.9699,-2.0291,-0.9655,False,False
外部需求 → 日本,us_mach,石油・石炭製品,1,1,0,0.483,0.2115,0.2455,0.3853,0.7015,1.2495,False,False
外部需求 → 日本,us_mach,石油・石炭製品,1,1,3,0.0166,0.4295,0.6707,-0.2677,2.3958,-0.79,False,False
外部需求 → 日本,us_mach,石油・石炭製品,1,1,6,0.3291,0.0004,0.319,1.2048,0.9759,3.5715,False,False
外部需求 → 日本,us_mach,石油・石炭製品,1,3,0,0.5508,0.3727,0.4738,-0.5307,0.5965,-0.8915,False,False
外部需求 → 日本,us_mach,石油・石炭製品,1,3,3,0.0006,0.3681,1.8707,0.6218,3.4194,0.9001,True,False
外部需求 → 日本,us_mach,石油・石炭製品,1,3,6,0.8156,0.0527,0.1666,1.2578,0.2332,1.9378,False,False
外部需求 → 日本,us_mach,石油・石炭製品,1,6,0,0.0313,0.9799,2.178,0.0211,2.1527,0.0252,False,False
外部需求 → 日本,us_mach,石油・石炭製品,1,6,3,0.0562,0.0034,1.8146,2.029,1.9097,2.9299,False,False
外部需求 → 日本,us_mach,石油・石炭製品,1,6,6,0.8386,0.1917,-0.1904,1.141,-0.2037,1.3055,False,False
外部需求 → 日本,us_mach,石油・石炭製品,3,1,0,0.2698,0.7722,0.1549,-0.0455,1.1036,-0.2895,False,False
外部需求 → 日本,us_mach,石油・石炭製品,3,1,3,0.0001,0.0571,0.3869,0.2712,3.8376,1.9024,True,True
外部需求 → 日本,us_mach,石油・石炭製品,3,1,6,0.6613,0.8576,0.0698,-0.0423,0.4382,-0.1794,False,False
外部需求 → 日本,us_mach,石油・石炭製品,3,3,0,0.137,0.8514,0.5547,-0.0655,1.4869,-0.1873,False,False
外部需求 → 日本,us_mach,石油・石炭製品,3,3,3,0.0002,0.0259,0.9305,0.7742,3.7788,2.2281,True,True
外部需求 → 日本,us_mach,石油・石炭製品,3,3,6,0.9331,0.618,0.0326,-0.271,0.084,-0.4987,False,False
外部需求 → 日本,us_mach,石油・石炭製品,3,6,0,0.0022,0.0821,1.3995,0.7416,3.0586,1.7385,True,True
外部需求 → 日本,us_mach,石油・石炭製品,3,6,3,0.0622,0.4753,0.876,0.5778,1.8651,0.7139,False,False
外部需求 → 日本,us_mach,石油・石炭製品,3,6,6,0.5361,0.7751,-0.2987,-0.1665,-0.6188,-0.2857,False,False
外部需求 → 日本,us_mach,石油・石炭製品,6,1,0,0.0121,0.1607,0.1596,0.1621,2.5099,1.4026,False,False
外部需求 → 日本,us_mach,石油・石炭製品,6,1,3,0.0098,0.332,0.1523,0.1445,2.5839,0.9702,False,False
外部需求 → 日本,us_mach,石油・石炭製品,6,1,6,0.8815,0.8082,0.012,0.0439,0.1491,0.2428,False,False
外部需求 → 日本,us_mach,石油・石炭製品,6,3,0,0.006,0.113,0.4552,0.4662,2.7487,1.5849,False,False
外部需求 → 日本,us_mach,石油・石炭製品,6,3,3,0.0428,0.5334,0.329,0.2786,2.0256,0.6228,False,False
外部需求 → 日本,us_mach,石油・石炭製品,6,3,6,0.6768,0.8304,-0.0792,-0.088,-0.4168,-0.2142,False,False
外部需求 → 日本,us_mach,石油・石炭製品,6,6,0,0.0017,0.1396,0.7301,0.8201,3.1435,1.4772,True,False
外部需求 → 日本,us_mach,石油・石炭製品,6,6,3,0.3823,0.7535,0.2136,0.2324,0.8737,0.314,False,False
外部需求 → 日本,us_mach,石油・石炭製品,6,6,6,0.116,0.8352,-0.368,0.1057,-1.5716,0.208,False,False
外部需求 → 日本,us_mach,精密機器,1,1,0,0.8976,0.0028,-0.0207,-0.3693,-0.1287,-2.9865,False,False
外部需求 → 日本,us_mach,精密機器,1,1,3,0.5477,0.0162,0.0924,0.2669,0.6012,2.4038,False,False
外部需求 → 日本,us_mach,精密機器,1,1,6,0.5331,0.8506,-0.0887,-0.0254,-0.6233,-0.1884,False,False
外部需求 → 日本,us_mach,精密機器,1,3,0,0.4733,0.2066,-0.2139,-0.268,-0.7171,-1.2629,False,False
外部需求 → 日本,us_mach,精密機器,1,3,3,0.9404,0.0236,0.0223,0.4543,0.0748,2.2629,False,False
外部需求 → 日本,us_mach,精密機器,1,3,6,0.4329,0.3912,-0.1881,0.1841,-0.7843,0.8574,False,False
外部需求 → 日本,us_mach,精密機器,1,6,0,0.7137,0.4171,-0.1931,0.1993,-0.3669,0.8114,False,False
外部需求 → 日本,us_mach,精密機器,1,6,3,0.4841,0.0221,-0.1865,0.6289,-0.6997,2.2885,False,False
外部需求 → 日本,us_mach,精密機器,1,6,6,0.085,0.4117,-0.4585,0.2128,-1.7222,0.8208,False,False
外部需求 → 日本,us_mach,精密機器,3,1,0,0.3966,0.9916,-0.054,0.0006,-0.8476,0.0105,False,False
外部需求 → 日本,us_mach,精密機器,3,1,3,0.9619,0.0383,0.0028,0.1024,0.0478,2.0714,False,False
外部需求 → 日本,us_mach,精密機器,3,1,6,0.5997,0.2938,-0.027,0.0555,-0.5248,1.0497,False,False
外部需求 → 日本,us_mach,精密機器,3,3,0,0.5131,0.0002,-0.1047,0.2932,-0.6541,3.767,False,False
外部需求 → 日本,us_mach,精密機器,3,3,3,0.7167,0.6456,-0.0429,0.0621,-0.3628,0.4599,False,False
外部需求 → 日本,us_mach,精密機器,3,3,6,0.3614,0.0106,-0.1011,0.2901,-0.9126,2.5557,False,False
外部需求 → 日本,us_mach,精密機器,3,6,0,0.5072,0.0156,-0.1443,0.3427,-0.6633,2.4192,False,False
外部需求 → 日本,us_mach,精密機器,3,6,3,0.1421,0.1099,-0.1461,0.3412,-1.4678,1.5985,False,False
外部需求 → 日本,us_mach,精密機器,3,6,6,0.0762,0.1097,-0.2727,0.2229,-1.7733,1.5997,False,False
外部需求 → 日本,us_mach,精密機器,6,1,0,0.5724,0.0509,-0.0199,0.0661,-0.5646,1.9526,False,False
外部需求 → 日本,us_mach,精密機器,6,1,3,0.8157,0.0289,-0.006,0.0989,-0.2331,2.1854,False,False
外部需求 → 日本,us_mach,精密機器,6,1,6,0.4187,0.4938,-0.0201,0.0219,-0.8087,0.6842,False,False
外部需求 → 日本,us_mach,精密機器,6,3,0,0.4507,0.0148,-0.0553,0.2269,-0.7543,2.4383,False,False
外部需求 → 日本,us_mach,精密機器,6,3,3,0.5081,0.0927,-0.0341,0.2192,-0.6618,1.6814,False,False
外部需求 → 日本,us_mach,精密機器,6,3,6,0.1456,0.0958,-0.079,0.14,-1.4552,1.6657,False,False
外部需求 → 日本,us_mach,精密機器,6,6,0,0.2331,0.0198,-0.089,0.4361,-1.1924,2.331,False,False
外部需求 → 日本,us_mach,精密機器,6,6,3,0.0915,0.0583,-0.113,0.3504,-1.6875,1.8931,False,False
外部需求 → 日本,us_mach,精密機器,6,6,6,0.1207,0.1373,-0.1447,0.2529,-1.5518,1.4858,False,False
外部需求 → 日本,us_mach,繊維製品,1,1,0,0.5073,0.3578,0.1,-0.195,0.663,-0.9196,False,False
外部需求 → 日本,us_mach,繊維製品,1,1,3,0.5697,0.0298,0.0952,-0.3985,0.5684,-2.1732,False,False
外部需求 → 日本,us_mach,繊維製品,1,1,6,0.2384,0.0366,0.1616,0.3135,1.1791,2.0902,False,False
外部需求 → 日本,us_mach,繊維製品,1,3,0,0.3266,0.3419,0.2048,-0.3804,0.9811,-0.9503,False,False
外部需求 → 日本,us_mach,繊維製品,1,3,3,0.0807,0.6768,0.4266,-0.1391,1.7464,-0.4169,False,False
外部需求 → 日本,us_mach,繊維製品,1,3,6,0.1987,0.0045,0.3037,0.6462,1.2854,2.8389,False,False
外部需求 → 日本,us_mach,繊維製品,1,6,0,0.0704,0.3516,0.6328,-0.5164,1.8092,-0.9315,False,False
外部需求 → 日本,us_mach,繊維製品,1,6,3,0.0205,0.2141,0.7198,0.5034,2.3162,1.2424,False,False
外部需求 → 日本,us_mach,繊維製品,1,6,6,0.283,0.0241,0.4393,0.8375,1.0736,2.2557,False,False
外部需求 → 日本,us_mach,繊維製品,3,1,0,0.3437,0.8639,0.0482,0.0234,0.947,0.1713,False,False
外部需求 → 日本,us_mach,繊維製品,3,1,3,0.1353,0.0335,0.0901,0.1377,1.4935,2.1257,False,False
外部需求 → 日本,us_mach,繊維製品,3,1,6,0.1861,0.3432,0.0689,0.0652,1.3222,0.948,False,False
外部需求 → 日本,us_mach,繊維製品,3,3,0,0.3138,0.8463,0.1249,0.0566,1.0072,0.1939,False,False
外部需求 → 日本,us_mach,繊維製品,3,3,3,0.0595,0.0005,0.2131,0.5542,1.8846,3.4895,False,False
外部需求 → 日本,us_mach,繊維製品,3,3,6,0.1673,0.9749,0.1809,-0.0054,1.381,-0.0315,False,False
外部需求 → 日本,us_mach,繊維製品,3,6,0,0.069,0.109,0.3372,0.5951,1.8184,1.6028,False,False
外部需求 → 日本,us_mach,繊維製品,3,6,3,0.0328,0.0038,0.3897,0.5632,2.134,2.8967,False,False
外部需求 → 日本,us_mach,繊維製品,3,6,6,0.4199,0.9997,0.1904,-0.0001,0.8066,-0.0004,False,False
外部需求 → 日本,us_mach,繊維製品,6,1,0,0.1727,0.1087,0.0386,0.1106,1.3634,1.6042,False,False
外部需求 → 日本,us_mach,繊維製品,6,1,3,0.061,0.0436,0.0446,0.128,1.8733,2.0178,False,False
外部需求 → 日本,us_mach,繊維製品,6,1,6,0.3769,0.4175,0.0251,0.0467,0.8836,0.8108,False,False
外部需求 → 日本,us_mach,繊維製品,6,3,0,0.1271,0.0353,0.1,0.4029,1.5255,2.1048,False,False
外部需求 → 日本,us_mach,繊維製品,6,3,3,0.0483,0.0777,0.1217,0.3392,1.9751,1.764,False,False
外部需求 → 日本,us_mach,繊維製品,6,3,6,0.5212,0.9511,0.0487,0.0115,0.6415,0.0613,False,False
外部需求 → 日本,us_mach,繊維製品,6,6,0,0.0206,0.0426,0.2201,0.7459,2.3153,2.0273,False,False
外部需求 → 日本,us_mach,繊維製品,6,6,3,0.157,0.2157,0.1687,0.3571,1.4153,1.2379,False,False
外部需求 → 日本,us_mach,繊維製品,6,6,6,0.9483,0.8379,0.0086,0.0663,0.0648,0.2046,False,False
外部需求 → 日本,us_mach,証券、商品先物取引業,1,1,0,0.5314,0.7292,-0.2584,0.0556,-0.6259,0.3462,False,False
外部需求 → 日本,us_mach,証券、商品先物取引業,1,1,3,0.1748,0.5576,-0.4436,-0.1032,-1.3569,-0.5865,False,False
外部需求 → 日本,us_mach,証券、商品先物取引業,1,1,6,0.6462,0.0086,0.1288,0.5493,0.4591,2.627,False,False
外部需求 → 日本,us_mach,証券、商品先物取引業,1,3,0,0.1062,0.5748,-1.0797,-0.2265,-1.6157,-0.5609,False,False
外部需求 → 日本,us_mach,証券、商品先物取引業,1,3,3,0.2145,0.4594,-0.7811,0.3143,-1.2414,0.7398,False,False
外部需求 → 日本,us_mach,証券、商品先物取引業,1,3,6,0.4692,0.2048,0.3988,0.6785,0.7238,1.268,False,False
外部需求 → 日本,us_mach,証券、商品先物取引業,1,6,0,0.0393,0.9419,-1.8629,0.0477,-2.0609,0.0728,False,False
外部需求 → 日本,us_mach,証券、商品先物取引業,1,6,3,0.5533,0.1798,-0.5015,0.9691,-0.5928,1.3415,False,False
外部需求 → 日本,us_mach,証券、商品先物取引業,1,6,6,0.6262,0.4857,0.6106,-0.3263,0.4871,-0.6972,False,False
外部需求 → 日本,us_mach,証券、商品先物取引業,3,1,0,0.0939,0.2133,-0.2645,-0.0886,-1.675,-1.2447,False,False
外部需求 → 日本,us_mach,証券、商品先物取引業,3,1,3,0.3889,0.9595,-0.1328,-0.0045,-0.8616,-0.0508,False,False
外部需求 → 日本,us_mach,証券、商品先物取引業,3,1,6,0.4919,0.838,0.0831,-0.0173,0.6873,-0.2045,False,False
外部需求 → 日本,us_mach,証券、商品先物取引業,3,3,0,0.0389,0.1524,-0.7365,-0.2469,-2.0653,-1.4311,False,False
外部需求 → 日本,us_mach,証券、商品先物取引業,3,3,3,0.6425,0.2625,-0.138,0.3267,-0.4642,1.1205,False,False
外部需求 → 日本,us_mach,証券、商品先物取引業,3,3,6,0.6139,0.0006,0.1904,-0.6642,0.5046,-3.4398,False,False
外部需求 → 日本,us_mach,証券、商品先物取引業,3,6,0,0.0868,0.8042,-0.8526,0.0867,-1.7126,0.2479,False,False
外部需求 → 日本,us_mach,証券、商品先物取引業,3,6,3,0.9758,0.2969,0.0172,-0.3711,0.0304,-1.0432,False,False
外部需求 → 日本,us_mach,証券、商品先物取引業,3,6,6,0.493,0.0,0.5673,-0.9296,0.6856,-4.2328,False,False
外部需求 → 日本,us_mach,証券、商品先物取引業,6,1,0,0.0981,0.481,-0.1215,-0.047,-1.6542,-0.7048,False,False
外部需求 → 日本,us_mach,証券、商品先物取引業,6,1,3,0.7402,0.7122,-0.0206,-0.0199,-0.3316,-0.3689,False,False
外部需求 → 日本,us_mach,証券、商品先物取引業,6,1,6,0.6579,0.0498,0.0373,-0.1578,0.4428,-1.9618,False,False
外部需求 → 日本,us_mach,証券、商品先物取引業,6,3,0,0.1426,0.8908,-0.2555,0.0296,-1.466,0.1373,False,False
外部需求 → 日本,us_mach,証券、商品先物取引業,6,3,3,0.9547,0.163,0.01,-0.2513,0.0568,-1.395,False,False
外部需求 → 日本,us_mach,証券、商品先物取引業,6,3,6,0.5386,0.0035,0.1699,-0.5781,0.6149,-2.9161,False,False
外部需求 → 日本,us_mach,証券、商品先物取引業,6,6,0,0.3868,0.3671,-0.2497,-0.2391,-0.8655,-0.902,False,False
外部需求 → 日本,us_mach,証券、商品先物取引業,6,6,3,0.7148,0.0104,0.163,-0.8607,0.3654,-2.5627,False,False
外部需求 → 日本,us_mach,証券、商品先物取引業,6,6,6,0.3726,0.0016,0.4763,-0.744,0.8917,-3.1492,False,False
外部需求 → 日本,us_mach,輸送用機器,1,1,0,0.7526,0.8747,0.0935,-0.0333,0.3152,-0.1577,False,False
外部需求 → 日本,us_mach,輸送用機器,1,1,3,0.3941,0.1809,0.1975,0.2662,0.8521,1.3379,False,False
外部需求 → 日本,us_mach,輸送用機器,1,1,6,0.3751,0.0665,0.2167,0.322,0.887,1.8349,False,False
外部需求 → 日本,us_mach,輸送用機器,1,3,0,0.8336,0.4624,-0.1242,-0.1914,-0.2101,-0.7349,False,False
外部需求 → 日本,us_mach,輸送用機器,1,3,3,0.935,0.033,0.0371,0.504,0.0815,2.1326,False,False
外部需求 → 日本,us_mach,輸送用機器,1,3,6,0.2247,0.0363,-0.4022,0.5818,-1.2142,2.0939,False,False
外部需求 → 日本,us_mach,輸送用機器,1,6,0,0.7555,0.4609,-0.3504,0.2906,-0.3114,0.7373,False,False
外部需求 → 日本,us_mach,輸送用機器,1,6,3,0.4781,0.005,-0.4514,1.1112,-0.7093,2.8092,False,False
外部需求 → 日本,us_mach,輸送用機器,1,6,6,0.5042,0.3025,-0.4053,0.4232,-0.6679,1.031,False,False
外部需求 → 日本,us_mach,輸送用機器,3,1,0,0.7468,0.9515,-0.0435,-0.0051,-0.3228,-0.0608,False,False
外部需求 → 日本,us_mach,輸送用機器,3,1,3,0.9419,0.1938,0.0069,0.0754,0.0728,1.2994,False,False
外部需求 → 日本,us_mach,輸送用機器,3,1,6,0.3934,0.64,-0.0709,0.0363,-0.8534,0.4677,False,False
外部需求 → 日本,us_mach,輸送用機器,3,3,0,0.8106,0.2032,-0.0813,0.1453,-0.2396,1.2726,False,False
外部需求 → 日本,us_mach,輸送用機器,3,3,3,0.8333,0.4201,-0.0498,0.1268,-0.2105,0.8063,False,False
外部需求 → 日本,us_mach,輸送用機器,3,3,6,0.2002,0.6326,-0.2332,-0.0805,-1.281,-0.478,False,False
外部需求 → 日本,us_mach,輸送用機器,3,6,0,0.7288,0.1088,-0.2019,0.2908,-0.3467,1.6037,False,False
外部需求 → 日本,us_mach,輸送用機器,3,6,3,0.3371,0.7818,-0.3208,0.0697,-0.9599,0.2769,False,False
外部需求 → 日本,us_mach,輸送用機器,3,6,6,0.4479,0.0575,-0.271,-0.4241,-0.7589,-1.8992,False,False
外部需求 → 日本,us_mach,輸送用機器,6,1,0,0.8647,0.3084,-0.0107,0.0485,-0.1704,1.0185,False,False
外部需求 → 日本,us_mach,輸送用機器,6,1,3,0.6721,0.1431,-0.0198,0.0662,-0.4233,1.4645,False,False
外部需求 → 日本,us_mach,輸送用機器,6,1,6,0.687,0.1878,-0.0181,-0.0619,-0.4029,-1.3172,False,False
外部需求 → 日本,us_mach,輸送用機器,6,3,0,0.7691,0.1084,-0.047,0.1606,-0.2936,1.6057,False,False
外部需求 → 日本,us_mach,輸送用機器,6,3,3,0.4931,0.9958,-0.0801,0.0006,-0.6854,0.0053,False,False
外部需求 → 日本,us_mach,輸送用機器,6,3,6,0.5324,0.0359,-0.0731,-0.2827,-0.6244,-2.0978,False,False
外部需求 → 日本,us_mach,輸送用機器,6,6,0,0.5503,0.229,-0.1611,0.1915,-0.5973,1.2028,False,False
外部需求 → 日本,us_mach,輸送用機器,6,6,3,0.4275,0.2433,-0.1674,-0.2596,-0.7935,-1.1669,False,False
外部需求 → 日本,us_mach,輸送用機器,6,6,6,0.4155,0.0728,-0.1636,-0.4032,-0.8143,-1.7942,False,False
外部需求 → 日本,us_mach,金属製品,1,1,0,0.3009,0.4409,0.1533,-0.0908,1.0345,-0.7707,False,False
外部需求 → 日本,us_mach,金属製品,1,1,3,0.7572,0.0236,0.0375,0.3339,0.3092,2.2634,False,False
外部需求 → 日本,us_mach,金属製品,1,1,6,0.5212,0.0349,-0.0876,-0.3385,-0.6414,-2.1091,False,False
外部需求 → 日本,us_mach,金属製品,1,3,0,0.7649,0.8207,0.0693,0.0548,0.299,0.2267,False,False
外部需求 → 日本,us_mach,金属製品,1,3,3,0.7651,0.1798,-0.0554,0.3553,-0.2988,1.3413,False,False
外部需求 → 日本,us_mach,金属製品,1,3,6,0.0985,0.0611,-0.4255,-0.3557,-1.6523,-1.8728,False,False
外部需求 → 日本,us_mach,金属製品,1,6,0,0.9705,0.228,-0.0108,0.5108,-0.037,1.2056,False,False
外部需求 → 日本,us_mach,金属製品,1,6,3,0.0335,0.9007,-0.4896,0.0454,-2.1266,0.1248,False,False
外部需求 → 日本,us_mach,金属製品,1,6,6,0.2985,0.1301,-0.3182,-0.3781,-1.0396,-1.5135,False,False
外部需求 → 日本,us_mach,金属製品,3,1,0,0.9117,0.4775,0.0067,0.0461,0.111,0.7103,False,False
外部需求 → 日本,us_mach,金属製品,3,1,3,0.7213,0.4265,-0.0174,-0.0479,-0.3567,-0.7953,False,False
外部需求 → 日本,us_mach,金属製品,3,1,6,0.145,0.1276,-0.083,-0.0918,-1.4575,-1.5238,False,False
外部需求 → 日本,us_mach,金属製品,3,3,0,0.6302,0.1151,-0.0527,0.2253,-0.4814,1.5757,False,False
外部需求 → 日本,us_mach,金属製品,3,3,3,0.2197,0.012,-0.102,-0.3544,-1.2272,-2.5126,False,False
外部需求 → 日本,us_mach,金属製品,3,3,6,0.1961,0.285,-0.1678,-0.0945,-1.2928,-1.069,False,False
外部需求 → 日本,us_mach,金属製品,3,6,0,0.211,0.4222,-0.1558,-0.1629,-1.2508,-0.8026,False,False
外部需求 → 日本,us_mach,金属製品,3,6,3,0.0354,0.0013,-0.2673,-0.4899,-2.1038,-3.2206,False,False
外部需求 → 日本,us_mach,金属製品,3,6,6,0.3004,0.014,-0.1659,-0.2981,-1.0355,-2.4585,False,False
外部需求 → 日本,us_mach,金属製品,6,1,0,0.8623,0.8287,-0.0041,-0.0066,-0.1735,-0.2164,False,False
外部需求 → 日本,us_mach,金属製品,6,1,3,0.1887,0.0843,-0.0309,-0.0901,-1.3145,-1.7265,False,False
外部需求 → 日本,us_mach,金属製品,6,1,6,0.3574,0.05,-0.0225,-0.0734,-0.9203,-1.9595,False,False
外部需求 → 日本,us_mach,金属製品,6,3,0,0.2968,0.2687,-0.0496,-0.0966,-1.0432,-1.1062,False,False
外部需求 → 日本,us_mach,金属製品,6,3,3,0.1035,0.0318,-0.0844,-0.2835,-1.6279,-2.1466,False,False
外部需求 → 日本,us_mach,金属製品,6,3,6,0.2723,0.0083,-0.0605,-0.1836,-1.0977,-2.6379,False,False
外部需求 → 日本,us_mach,金属製品,6,6,0,0.0207,0.0037,-0.1335,-0.4259,-2.3129,-2.906,False,False
外部需求 → 日本,us_mach,金属製品,6,6,3,0.0437,0.0004,-0.1429,-0.5056,-2.017,-3.5739,False,False
外部需求 → 日本,us_mach,金属製品,6,6,6,0.4891,0.1002,-0.0666,-0.2728,-0.6918,-1.6437,False,False
外部需求 → 日本,us_mach,鉄鋼,1,1,0,0.633,0.6598,0.1126,0.0858,0.4776,0.4402,False,False
外部需求 → 日本,us_mach,鉄鋼,1,1,3,0.9051,0.7733,0.0307,0.0494,0.1192,0.288,False,False
外部需求 → 日本,us_mach,鉄鋼,1,1,6,0.7085,0.9592,-0.0776,0.0123,-0.3739,0.0512,False,False
外部需求 → 日本,us_mach,鉄鋼,1,3,0,0.6859,0.5115,-0.2087,-0.2303,-0.4044,-0.6566,False,False
外部需求 → 日本,us_mach,鉄鋼,1,3,3,0.7052,0.2654,0.15,0.322,0.3783,1.1138,False,False
外部需求 → 日本,us_mach,鉄鋼,1,3,6,0.37,0.3893,-0.3277,0.371,-0.8965,0.8608,False,False
外部需求 → 日本,us_mach,鉄鋼,1,6,0,0.9406,0.9068,-0.0526,0.0543,-0.0745,0.1171,False,False
外部需求 → 日本,us_mach,鉄鋼,1,6,3,0.7152,0.1848,-0.1731,0.7183,-0.3649,1.3263,False,False
外部需求 → 日本,us_mach,鉄鋼,1,6,6,0.311,0.9719,-0.4499,0.0128,-1.0132,0.0352,False,False
外部需求 → 日本,us_mach,鉄鋼,3,1,0,0.8025,0.5147,-0.0308,-0.0548,-0.2501,-0.6515,False,False
外部需求 → 日本,us_mach,鉄鋼,3,1,3,0.6808,0.6077,0.0443,0.0402,0.4114,0.5134,False,False
外部需求 → 日本,us_mach,鉄鋼,3,1,6,0.5724,0.8619,-0.0503,0.0131,-0.5645,0.174,False,False
外部需求 → 日本,us_mach,鉄鋼,3,3,0,0.7368,0.2156,-0.0978,-0.2436,-0.3361,-1.2382,False,False
外部需求 → 日本,us_mach,鉄鋼,3,3,3,0.9057,0.3971,0.0251,0.2007,0.1185,0.8468,False,False
外部需求 → 日本,us_mach,鉄鋼,3,3,6,0.5049,0.0102,-0.1266,-0.2994,-0.6667,-2.5702,False,False
外部需求 → 日本,us_mach,鉄鋼,3,6,0,0.8299,0.9056,-0.0693,-0.0308,-0.2149,-0.1186,False,False
外部需求 → 日本,us_mach,鉄鋼,3,6,3,0.6872,0.711,-0.1029,-0.0913,-0.4026,-0.3705,False,False
外部需求 → 日本,us_mach,鉄鋼,3,6,6,0.3008,0.0125,-0.2433,-0.3925,-1.0346,-2.4965,False,False
外部需求 → 日本,us_mach,鉄鋼,6,1,0,0.9299,0.9669,0.0054,-0.0024,0.088,-0.0415,False,False
外部需求 → 日本,us_mach,鉄鋼,6,1,3,0.9326,0.8139,0.0038,0.0149,0.0846,0.2354,False,False
外部需求 → 日本,us_mach,鉄鋼,6,1,6,0.5455,0.2773,-0.0254,-0.0624,-0.6046,-1.0863,False,False
外部需求 → 日本,us_mach,鉄鋼,6,3,0,0.9188,0.8674,-0.0137,-0.0258,-0.102,-0.167,False,False
外部需求 → 日本,us_mach,鉄鋼,6,3,3,0.9194,0.389,-0.01,-0.1075,-0.1012,-0.8615,False,False
外部需求 → 日本,us_mach,鉄鋼,6,3,6,0.3819,0.0853,-0.0782,-0.2464,-0.8744,-1.7206,False,False
外部需求 → 日本,us_mach,鉄鋼,6,6,0,0.8865,0.5756,-0.0233,-0.1212,-0.1428,-0.5598,False,False
外部需求 → 日本,us_mach,鉄鋼,6,6,3,0.4968,0.1222,-0.088,-0.3525,-0.6795,-1.5455,False,False
外部需求 → 日本,us_mach,鉄鋼,6,6,6,0.1366,0.0498,-0.1714,-0.376,-1.4884,-1.9613,False,False
外部需求 → 日本,us_mach,鉱業,1,1,0,0.9193,0.2323,0.0349,-0.3046,0.1013,-1.1943,False,False
外部需求 → 日本,us_mach,鉱業,1,1,3,0.245,0.9871,0.4275,-0.0044,1.1626,-0.0161,False,False
外部需求 → 日本,us_mach,鉱業,1,1,6,0.988,0.0327,0.0044,0.7525,0.0151,2.1357,False,False
外部需求 → 日本,us_mach,鉱業,1,3,0,0.9817,0.0778,0.0129,-0.8604,0.023,-1.7637,False,False
外部需求 → 日本,us_mach,鉱業,1,3,3,0.3746,0.0819,0.4466,0.7131,0.8878,1.7399,False,False
外部需求 → 日本,us_mach,鉱業,1,3,6,0.9416,0.1977,0.0448,0.7056,0.0733,1.2881,False,False
外部需求 → 日本,us_mach,鉱業,1,6,0,0.6674,0.5312,0.3769,-0.3545,0.4297,-0.6262,False,False
外部需求 → 日本,us_mach,鉱業,1,6,3,0.5665,0.0157,0.4273,1.5704,0.5732,2.4168,False,False
外部需求 → 日本,us_mach,鉱業,1,6,6,0.6047,0.6494,0.4682,0.3495,0.5177,0.4547,False,False
外部需求 → 日本,us_mach,鉱業,3,1,0,0.9924,0.7525,-0.0013,-0.0468,-0.0095,-0.3153,False,False
外部需求 → 日本,us_mach,鉱業,3,1,3,0.4918,0.1204,0.0895,0.1737,0.6875,1.553,False,False
外部需求 → 日本,us_mach,鉱業,3,1,6,0.8034,0.7902,0.0315,0.0466,0.2489,0.266,False,False
外部需求 → 日本,us_mach,鉱業,3,3,0,0.8721,0.6823,0.047,0.1346,0.1609,0.4093,False,False
外部需求 → 日本,us_mach,鉱業,3,3,3,0.5302,0.031,0.169,0.6053,0.6277,2.1564,False,False
外部需求 → 日本,us_mach,鉱業,3,3,6,0.6132,0.9168,0.1487,-0.0363,0.5056,-0.1045,False,False
外部需求 → 日本,us_mach,鉱業,3,6,0,0.6986,0.0153,0.1801,0.7376,0.3873,2.4262,False,False
外部需求 → 日本,us_mach,鉱業,3,6,3,0.4928,0.3492,0.2691,0.6091,0.6859,0.9361,False,False
外部需求 → 日本,us_mach,鉱業,3,6,6,0.1528,0.4962,0.6638,0.2539,1.4299,0.6805,False,False
外部需求 → 日本,us_mach,鉱業,6,1,0,0.7541,0.325,0.0229,0.0956,0.3132,0.9842,False,False
外部需求 → 日本,us_mach,鉱業,6,1,3,0.526,0.2714,0.0412,0.1505,0.6341,1.0998,False,False
外部需求 → 日本,us_mach,鉱業,6,1,6,0.5565,0.5076,0.0361,0.0771,0.588,0.6626,False,False
外部需求 → 日本,us_mach,鉱業,6,3,0,0.6495,0.0338,0.0762,0.4605,0.4545,2.1227,False,False
外部需求 → 日本,us_mach,鉱業,6,3,3,0.4135,0.3238,0.1157,0.3471,0.8178,0.9867,False,False
外部需求 → 日本,us_mach,鉱業,6,3,6,0.201,0.4988,0.2098,0.1908,1.2788,0.6763,False,False
外部需求 → 日本,us_mach,鉱業,6,6,0,0.4955,0.0439,0.1649,0.8379,0.6815,2.0148,False,False
外部需求 → 日本,us_mach,鉱業,6,6,3,0.1769,0.2839,0.3109,0.5497,1.3503,1.0717,False,False
外部需求 → 日本,us_mach,鉱業,6,6,6,0.1126,0.2164,0.4936,0.5486,1.5868,1.2361,False,False
外部需求 → 日本,us_mach,銀行業,1,1,0,0.2222,0.9315,0.2255,0.019,1.2206,0.086,False,False
外部需求 → 日本,us_mach,銀行業,1,1,3,0.9005,0.0062,0.0251,-0.5375,0.1251,-2.7348,False,False
外部需求 → 日本,us_mach,銀行業,1,1,6,0.2083,0.1112,0.2662,0.427,1.2581,1.5928,False,False
外部需求 → 日本,us_mach,銀行業,1,3,0,0.053,0.3036,0.8239,-0.4314,1.9353,-1.0287,False,False
外部需求 → 日本,us_mach,銀行業,1,3,3,0.0774,0.2608,0.6621,-0.5769,1.766,-1.1245,False,False
外部需求 → 日本,us_mach,銀行業,1,3,6,0.0312,0.0822,0.7511,0.7146,2.1542,1.7381,False,False
外部需求 → 日本,us_mach,銀行業,1,6,0,0.0472,0.1168,1.4981,-1.0418,1.9846,-1.5684,False,False
外部需求 → 日本,us_mach,銀行業,1,6,3,0.021,0.995,1.426,0.0037,2.308,0.0063,False,False
外部需求 → 日本,us_mach,銀行業,1,6,6,0.025,0.2895,1.2481,0.5791,2.2413,1.0592,False,False
外部需求 → 日本,us_mach,銀行業,3,1,0,0.0787,0.692,0.1522,-0.038,1.7584,-0.3961,False,False
外部需求 → 日本,us_mach,銀行業,3,1,3,0.0836,0.75,0.1373,-0.0307,1.7304,-0.3186,False,False
外部需求 → 日本,us_mach,銀行業,3,1,6,0.0508,0.1875,0.1582,0.1733,1.9535,1.318,False,False
外部需求 → 日本,us_mach,銀行業,3,3,0,0.0784,0.3083,0.4124,-0.2924,1.7603,-1.0189,False,False
外部需求 → 日本,us_mach,銀行業,3,3,3,0.0115,0.0155,0.4797,0.4781,2.5285,2.4212,False,False
外部需求 → 日本,us_mach,銀行業,3,3,6,0.0306,0.8649,0.4021,-0.0416,2.1628,-0.1702,False,False
外部需求 → 日本,us_mach,銀行業,3,6,0,0.015,0.6785,0.8997,0.1671,2.4316,0.4145,False,False
外部需求 → 日本,us_mach,銀行業,3,6,3,0.0054,0.2885,0.8872,0.369,2.783,1.0615,False,False
外部需求 → 日本,us_mach,銀行業,3,6,6,0.0215,0.5058,0.6755,0.2059,2.2999,0.6654,False,False
外部需求 → 日本,us_mach,銀行業,6,1,0,0.0488,0.7747,0.0877,-0.023,1.97,-0.2862,False,False
外部需求 → 日本,us_mach,銀行業,6,1,3,0.0264,0.3392,0.0953,0.0855,2.2197,0.9556,False,False
外部需求 → 日本,us_mach,銀行業,6,1,6,0.0539,0.1382,0.0809,0.1333,1.9273,1.4825,False,False
外部需求 → 日本,us_mach,銀行業,6,3,0,0.0198,0.4844,0.2805,0.1367,2.3301,0.6993,False,False
外部需求 → 日本,us_mach,銀行業,6,3,3,0.0093,0.3088,0.288,0.2696,2.6009,1.0178,False,False
外部需求 → 日本,us_mach,銀行業,6,3,6,0.0365,0.467,0.2068,0.1221,2.0909,0.7274,False,False
外部需求 → 日本,us_mach,銀行業,6,6,0,0.0034,0.4018,0.5726,0.3483,2.9301,0.8385,True,False
外部需求 → 日本,us_mach,銀行業,6,6,3,0.0063,0.3458,0.4982,0.3528,2.7341,0.9427,False,False
外部需求 → 日本,us_mach,銀行業,6,6,6,0.0149,0.4043,0.37,0.3016,2.4352,0.834,False,False
外部需求 → 日本,us_mach,電気・ガス業,1,1,0,0.5197,0.3235,0.2085,0.2118,0.6438,0.9873,False,False
外部需求 → 日本,us_mach,電気・ガス業,1,1,3,0.8844,0.3118,0.0499,-0.2119,0.1455,-1.0115,False,False
外部需求 → 日本,us_mach,電気・ガス業,1,1,6,0.8912,0.6334,0.0458,0.1154,0.1368,0.477,False,False
外部需求 → 日本,us_mach,電気・ガス業,1,3,0,0.8721,0.3843,0.1469,0.305,0.161,0.87,False,False
外部需求 → 日本,us_mach,電気・ガス業,1,3,3,0.6154,0.3496,-0.4288,-0.331,-0.5023,-0.9354,False,False
外部需求 → 日本,us_mach,電気・ガス業,1,3,6,0.5809,0.8825,-0.2749,0.0452,-0.552,0.1478,False,False
外部需求 → 日本,us_mach,電気・ガス業,1,6,0,0.9087,0.8181,-0.1871,-0.1104,-0.1147,-0.23,False,False
外部需求 → 日本,us_mach,電気・ガス業,1,6,3,0.4937,0.5224,-0.6719,-0.2664,-0.6845,-0.6396,False,False
外部需求 → 日本,us_mach,電気・ガス業,1,6,6,0.6968,0.6848,-0.3919,0.2397,-0.3896,0.4059,False,False
外部需求 → 日本,us_mach,電気・ガス業,3,1,0,0.7512,0.0315,0.0643,0.1314,0.317,2.1511,False,False
外部需求 → 日本,us_mach,電気・ガス業,3,1,3,0.8336,0.5551,-0.0355,-0.0488,-0.2101,-0.5901,False,False
外部需求 → 日本,us_mach,電気・ガス業,3,1,6,0.7173,0.6765,-0.0383,0.0302,-0.3621,0.4173,False,False
外部需求 → 日本,us_mach,電気・ガス業,3,3,0,0.9359,0.3799,0.0464,0.1645,0.0804,0.8781,False,False
外部需求 → 日本,us_mach,電気・ガス業,3,3,3,0.4315,0.8552,-0.2945,-0.0341,-0.7866,-0.1825,False,False
外部需求 → 日本,us_mach,電気・ガス業,3,3,6,0.554,0.8557,-0.1777,-0.032,-0.5917,-0.1818,False,False
外部需求 → 日本,us_mach,電気・ガス業,3,6,0,0.7894,0.6779,-0.2246,0.1312,-0.2671,0.4153,False,False
外部需求 → 日本,us_mach,電気・ガス業,3,6,3,0.3447,0.8302,-0.4682,-0.0458,-0.9449,-0.2145,False,False
外部需求 → 日本,us_mach,電気・ガス業,3,6,6,0.7304,0.3135,-0.1916,0.3703,-0.3446,1.008,False,False
外部需求 → 日本,us_mach,電気・ガス業,6,1,0,0.9044,0.3884,0.014,0.0582,0.1201,0.8626,False,False
外部需求 → 日本,us_mach,電気・ガス業,6,1,3,0.7396,0.8285,-0.0251,-0.0149,-0.3324,-0.2166,False,False
外部需求 → 日本,us_mach,電気・ガス業,6,1,6,0.7297,0.1905,-0.0231,0.0948,-0.3456,1.3092,False,False
外部需求 → 日本,us_mach,電気・ガス業,6,3,0,0.8307,0.6873,-0.0623,0.0791,-0.2138,0.4025,False,False
外部需求 → 日本,us_mach,電気・ガス業,6,3,3,0.3717,0.858,-0.156,-0.0318,-0.8934,-0.1789,False,False
外部需求 → 日本,us_mach,電気・ガス業,6,3,6,0.7608,0.2162,-0.0561,0.2475,-0.3044,1.2368,False,False
外部需求 → 日本,us_mach,電気・ガス業,6,6,0,0.5891,0.8362,-0.2093,0.0616,-0.5401,0.2067,False,False
外部需求 → 日本,us_mach,電気・ガス業,6,6,3,0.4923,0.4424,-0.2088,0.2154,-0.6867,0.7681,False,False
外部需求 → 日本,us_mach,電気・ガス業,6,6,6,0.9949,0.0707,-0.0025,0.6281,-0.0064,1.8074,False,False
外部需求 → 日本,us_mach,電気機器,1,1,0,0.2933,0.0541,-0.1391,-0.2671,-1.0508,-1.926,False,False
外部需求 → 日本,us_mach,電気機器,1,1,3,0.9903,0.0153,0.0016,0.3975,0.0122,2.4264,False,False
外部需求 → 日本,us_mach,電気機器,1,1,6,0.4029,0.6123,-0.126,-0.0993,-0.8364,-0.5069,False,False
外部需求 → 日本,us_mach,電気機器,1,3,0,0.3783,0.5101,-0.2912,0.1676,-0.881,0.6588,False,False
外部需求 → 日本,us_mach,電気機器,1,3,3,0.6692,0.2529,-0.1286,0.3582,-0.4273,1.1433,False,False
外部需求 → 日本,us_mach,電気機器,1,3,6,0.0065,0.3049,-0.6326,-0.2476,-2.7217,-1.0259,False,False
外部需求 → 日本,us_mach,電気機器,1,6,0,0.412,0.1322,-0.4747,0.6266,-0.8203,1.5054,False,False
外部需求 → 日本,us_mach,電気機器,1,6,3,0.0307,0.8482,-0.7808,0.0563,-2.1611,0.1914,False,False
外部需求 → 日本,us_mach,電気機器,1,6,6,0.0011,0.1927,-0.9318,-0.3242,-3.2631,-1.3028,True,False
外部需求 → 日本,us_mach,電気機器,3,1,0,0.3566,0.852,-0.0678,0.0137,-0.9219,0.1866,False,False
外部需求 → 日本,us_mach,電気機器,3,1,3,0.5544,0.8231,-0.0361,-0.0164,-0.5911,-0.2235,False,False
外部需求 → 日本,us_mach,電気機器,3,1,6,0.0251,0.3434,-0.126,-0.0628,-2.2403,-0.9474,False,False
外部需求 → 日本,us_mach,電気機器,3,3,0,0.5666,0.1406,-0.1105,0.281,-0.573,1.4737,False,False
外部需求 → 日本,us_mach,電気機器,3,3,3,0.1763,0.0086,-0.1848,-0.3323,-1.3523,-2.6277,False,False
外部需求 → 日本,us_mach,電気機器,3,3,6,0.0039,0.4427,-0.3198,0.0764,-2.8883,0.7676,False,False
外部需求 → 日本,us_mach,電気機器,3,6,0,0.2132,0.8179,-0.3139,-0.0576,-1.2449,-0.2302,False,False
外部需求 → 日本,us_mach,電気機器,3,6,3,0.0035,0.086,-0.5162,-0.2649,-2.9158,-1.7171,True,True
外部需求 → 日本,us_mach,電気機器,3,6,6,0.0022,0.4168,-0.5779,-0.1315,-3.0554,-0.812,True,False
外部需求 → 日本,us_mach,電気機器,6,1,0,0.3598,0.9084,-0.0352,-0.0051,-0.9158,-0.115,False,False
外部需求 → 日本,us_mach,電気機器,6,1,3,0.0938,0.4224,-0.0507,-0.0481,-1.6756,-0.8023,False,False
外部需求 → 日本,us_mach,電気機器,6,1,6,0.0133,0.109,-0.0572,-0.0716,-2.475,-1.6026,False,False
外部需求 → 日本,us_mach,電気機器,6,3,0,0.2111,0.7388,-0.0993,-0.0419,-1.2504,-0.3334,False,False
外部需求 → 日本,us_mach,電気機器,6,3,3,0.0216,0.2872,-0.1578,-0.1639,-2.2981,-1.0643,False,False
外部需求 → 日本,us_mach,電気機器,6,3,6,0.0036,0.4281,-0.1799,-0.0811,-2.909,-0.7924,True,False
外部需求 → 日本,us_mach,電気機器,6,6,0,0.0098,0.3557,-0.2666,-0.2124,-2.5815,-0.9236,False,False
外部需求 → 日本,us_mach,電気機器,6,6,3,0.0012,0.1714,-0.3427,-0.2476,-3.2292,-1.3676,True,False
外部需求 → 日本,us_mach,電気機器,6,6,6,0.0219,0.4079,-0.3457,-0.1635,-2.2923,-0.8275,False,False
外部需求 → 日本,us_mach,非鉄金属,1,1,0,0.4307,0.5853,-0.1668,-0.1146,-0.788,-0.5456,False,False
外部需求 → 日本,us_mach,非鉄金属,1,1,3,0.4278,0.9891,0.1735,-0.0031,0.793,-0.0137,False,False
外部需求 → 日本,us_mach,非鉄金属,1,1,6,0.1548,0.9768,-0.2855,0.0076,-1.4226,0.029,False,False
外部需求 → 日本,us_mach,非鉄金属,1,3,0,0.5401,0.859,-0.3074,-0.0688,-0.6127,-0.1776,False,False
外部需求 → 日本,us_mach,非鉄金属,1,3,3,0.3976,0.2185,0.3189,0.5328,0.8459,1.2305,False,False
外部需求 → 日本,us_mach,非鉄金属,1,3,6,0.1701,0.4934,-0.5695,0.2181,-1.3719,0.6849,False,False
外部需求 → 日本,us_mach,非鉄金属,1,6,0,0.9636,0.2213,-0.0388,0.5327,-0.0456,1.2231,False,False
外部需求 → 日本,us_mach,非鉄金属,1,6,3,0.6273,0.093,-0.2729,0.8239,-0.4855,1.6798,False,False
外部需求 → 日本,us_mach,非鉄金属,1,6,6,0.0205,0.3188,-1.3806,-0.5062,-2.3165,-0.9969,False,False
外部需求 → 日本,us_mach,非鉄金属,3,1,0,0.4636,0.4782,-0.0825,0.0542,-0.733,0.7091,False,False
外部需求 → 日本,us_mach,非鉄金属,3,1,3,0.503,0.1717,0.0578,0.1093,0.6697,1.3668,False,False
外部需求 → 日本,us_mach,非鉄金属,3,1,6,0.2225,0.5266,-0.1161,-0.0569,-1.2199,-0.6332,False,False
外部需求 → 日本,us_mach,非鉄金属,3,3,0,0.8764,0.0747,-0.048,0.3428,-0.1555,1.7823,False,False
外部需求 → 日本,us_mach,非鉄金属,3,3,3,0.9256,0.6561,-0.0175,0.0992,-0.0934,0.4452,False,False
外部需求 → 日本,us_mach,非鉄金属,3,3,6,0.1056,0.0587,-0.3876,-0.3224,-1.6181,-1.8902,False,False
外部需求 → 日本,us_mach,非鉄金属,3,6,0,0.8424,0.1137,-0.0798,0.4547,-0.1989,1.5819,False,False
外部需求 → 日本,us_mach,非鉄金属,3,6,3,0.2024,0.666,-0.4115,-0.1578,-1.2746,-0.4316,False,False
外部需求 → 日本,us_mach,非鉄金属,3,6,6,0.0046,0.1624,-0.8434,-0.4106,-2.8315,-1.3972,False,False
外部需求 → 日本,us_mach,非鉄金属,6,1,0,0.8688,0.1514,-0.0104,0.0969,-0.1652,1.4346,False,False
外部需求 → 日本,us_mach,非鉄金属,6,1,3,0.7109,0.8318,-0.0168,0.0161,-0.3707,0.2125,False,False
外部需求 → 日本,us_mach,非鉄金属,6,1,6,0.0733,0.1371,-0.0886,-0.1072,-1.7911,-1.4867,False,False
外部需求 → 日本,us_mach,非鉄金属,6,3,0,0.8678,0.1684,-0.0225,0.2703,-0.1665,1.3774,False,False
外部需求 → 日本,us_mach,非鉄金属,6,3,3,0.2861,0.4368,-0.1211,-0.168,-1.0666,-0.7776,False,False
外部需求 → 日本,us_mach,非鉄金属,6,3,6,0.0111,0.1863,-0.2657,-0.2478,-2.539,-1.3216,False,False
外部需求 → 日本,us_mach,非鉄金属,6,6,0,0.4284,0.6745,-0.1506,0.1587,-0.7919,0.42,False,False
外部需求 → 日本,us_mach,非鉄金属,6,6,3,0.0259,0.3266,-0.3932,-0.3769,-2.227,-0.981,False,False
外部需求 → 日本,us_mach,非鉄金属,6,6,6,0.0,0.23,-0.5896,-0.4119,-4.1101,-1.2004,True,False
外部需求 → 日本,us_mach,食料品,1,1,0,0.2119,0.0961,0.2376,0.2554,1.2483,1.6643,False,False
外部需求 → 日本,us_mach,食料品,1,1,3,0.5798,0.1216,0.1081,-0.2541,0.5536,-1.5482,False,False
外部需求 → 日本,us_mach,食料品,1,1,6,0.5079,0.1405,0.1275,-0.2724,0.6621,-1.4741,False,False
外部需求 → 日本,us_mach,食料品,1,3,0,0.4942,0.867,0.3915,-0.0456,0.6836,-0.1675,False,False
外部需求 → 日本,us_mach,食料品,1,3,3,0.6478,0.4353,-0.2194,-0.2024,-0.4568,-0.7801,False,False
外部需求 → 日本,us_mach,食料品,1,3,6,0.3473,0.0307,0.3587,-0.529,0.9399,-2.1615,False,False
外部需求 → 日本,us_mach,食料品,1,6,0,0.818,0.5364,0.2142,-0.2469,0.2301,-0.6182,False,False
外部需求 → 日本,us_mach,食料品,1,6,3,0.7241,0.0406,0.1909,-0.6972,0.3529,-2.0472,False,False
外部需求 → 日本,us_mach,食料品,1,6,6,0.2865,0.515,0.6478,0.187,1.0659,0.6511,False,False
外部需求 → 日本,us_mach,食料品,3,1,0,0.4172,0.831,0.0923,-0.0114,0.8113,-0.2134,False,False
外部需求 → 日本,us_mach,食料品,3,1,3,0.7779,0.4952,-0.0275,0.0388,-0.2821,0.682,False,False
外部需求 → 日本,us_mach,食料品,3,1,6,0.4479,0.4662,0.0665,-0.0436,0.759,-0.7287,False,False
外部需求 → 日本,us_mach,食料品,3,3,0,0.5874,0.1982,0.1746,-0.1662,0.5426,-1.2867,False,False
外部需求 → 日本,us_mach,食料品,3,3,3,0.8263,0.5852,-0.0462,0.092,-0.2194,0.5458,False,False
外部需求 → 日本,us_mach,食料品,3,3,6,0.4158,0.3228,0.1953,0.1066,0.8138,0.9887,False,False
外部需求 → 日本,us_mach,食料品,3,6,0,0.7571,0.691,0.1338,-0.0804,0.3092,-0.3975,False,False
外部需求 → 日本,us_mach,食料品,3,6,3,0.5893,0.3646,0.1565,0.1917,0.5398,0.9067,False,False
外部需求 → 日本,us_mach,食料品,3,6,6,0.3541,0.0007,0.318,0.3901,0.9266,3.3812,False,False
外部需求 → 日本,us_mach,食料品,6,1,0,0.7316,0.6986,0.0225,0.0147,0.343,0.3873,False,False
外部需求 → 日本,us_mach,食料品,6,1,3,0.7617,0.9314,0.014,0.0041,0.3032,0.086,False,False
外部需求 → 日本,us_mach,食料品,6,1,6,0.4495,0.0137,0.0377,0.0887,0.7562,2.4651,False,False
外部需求 → 日本,us_mach,食料品,6,3,0,0.7562,0.7299,0.0473,-0.0371,0.3105,-0.3453,False,False
外部需求 → 日本,us_mach,食料品,6,3,3,0.6942,0.1382,0.0438,0.1511,0.3932,1.4826,False,False
外部需求 → 日本,us_mach,食料品,6,3,6,0.4029,0.007,0.1023,0.2456,0.8365,2.6964,False,False
外部需求 → 日本,us_mach,食料品,6,6,0,0.6068,0.538,0.0954,0.1026,0.5147,0.6158,False,False
外部需求 → 日本,us_mach,食料品,6,6,3,0.3817,0.0132,0.1502,0.3882,0.8748,2.4773,False,False
外部需求 → 日本,us_mach,食料品,6,6,6,0.2942,0.0073,0.1994,0.3483,1.0489,2.683,False,False
外部需求 → 日本,us_ord_cap,T1,1,1,0,0.6094,0.7698,-0.0363,0.0159,-0.511,0.2926,False,False
外部需求 → 日本,us_ord_cap,T1,1,1,3,0.2091,0.1835,0.0754,0.0715,1.2561,1.3302,False,False
外部需求 → 日本,us_ord_cap,T1,1,1,6,0.9924,0.4624,-0.0006,0.036,-0.0095,0.7348,False,False
外部需求 → 日本,us_ord_cap,T1,1,3,0,0.675,0.5732,0.0477,-0.0391,0.4193,-0.5633,False,False
外部需求 → 日本,us_ord_cap,T1,1,3,3,0.8475,0.0967,0.0196,0.1056,0.1924,1.6608,False,False
外部需求 → 日本,us_ord_cap,T1,1,3,6,0.4554,0.9588,-0.0719,0.0035,-0.7464,0.0517,False,False
外部需求 → 日本,us_ord_cap,T1,1,6,0,0.6939,0.9996,0.0621,0.0,0.3936,0.0005,False,False
外部需求 → 日本,us_ord_cap,T1,1,6,3,0.7415,0.0809,-0.0382,0.1233,-0.3299,1.7455,False,False
外部需求 → 日本,us_ord_cap,T1,1,6,6,0.9867,0.2727,-0.0017,0.0596,-0.0167,1.0969,False,False
外部需求 → 日本,us_ord_cap,T1,3,1,0,0.8222,0.2376,0.0176,-0.0662,0.2247,-1.181,False,False
外部需求 → 日本,us_ord_cap,T1,3,1,3,0.6988,0.0527,0.0264,0.0893,0.3869,1.9377,False,False
外部需求 → 日本,us_ord_cap,T1,3,1,6,0.2909,0.7182,-0.0523,0.0188,-1.0562,0.3609,False,False
外部需求 → 日本,us_ord_cap,T1,3,3,0,0.1266,0.2416,0.2483,-0.0849,1.5277,-1.1709,False,False
外部需求 → 日本,us_ord_cap,T1,3,3,3,0.4557,0.1098,-0.1329,0.1309,-0.7459,1.5993,False,False
外部需求 → 日本,us_ord_cap,T1,3,3,6,0.6245,0.733,-0.0531,0.0398,-0.4895,0.3411,False,False
外部需求 → 日本,us_ord_cap,T1,3,6,0,0.6764,0.9348,0.1129,-0.0078,0.4174,-0.0818,False,False
外部需求 → 日本,us_ord_cap,T1,3,6,3,0.2941,0.0853,-0.1979,0.1891,-1.0492,1.7206,False,False
外部需求 → 日本,us_ord_cap,T1,3,6,6,0.6789,0.2655,-0.0818,0.1329,-0.414,1.1135,False,False
外部需求 → 日本,us_ord_cap,T1,6,1,0,0.6493,0.6808,0.0265,0.0153,0.4548,0.4113,False,False
外部需求 → 日本,us_ord_cap,T1,6,1,3,0.8295,0.068,-0.0094,0.076,-0.2153,1.8253,False,False
外部需求 → 日本,us_ord_cap,T1,6,1,6,0.8898,0.1478,-0.0048,0.059,-0.1385,1.4474,False,False
外部需求 → 日本,us_ord_cap,T1,6,3,0,0.7597,0.4682,0.046,0.0496,0.3058,0.7255,False,False
外部需求 → 日本,us_ord_cap,T1,6,3,3,0.439,0.2057,-0.0957,0.1293,-0.7739,1.2655,False,False
外部需求 → 日本,us_ord_cap,T1,6,3,6,0.7769,0.076,-0.0311,0.1276,-0.2833,1.7742,False,False
外部需求 → 日本,us_ord_cap,T1,6,6,0,0.8011,0.1575,-0.0573,0.1477,-0.2519,1.4137,False,False
外部需求 → 日本,us_ord_cap,T1,6,6,3,0.5045,0.0974,-0.1297,0.2317,-0.6674,1.6576,False,False
外部需求 → 日本,us_ord_cap,T1,6,6,6,0.4173,0.0039,-0.1362,0.298,-0.8111,2.8859,False,False
外部需求 → 日本,us_ord_cap,T10,1,1,0,0.4886,0.1787,0.0332,0.0646,0.6926,1.3448,False,False
外部需求 → 日本,us_ord_cap,T10,1,1,3,0.1351,0.1122,-0.053,0.0825,-1.4944,1.5883,False,False
外部需求 → 日本,us_ord_cap,T10,1,1,6,0.1435,0.7676,-0.0671,0.0176,-1.4628,0.2956,False,False
外部需求 → 日本,us_ord_cap,T10,1,3,0,0.6549,0.5304,0.033,-0.052,0.4469,-0.6274,False,False
外部需求 → 日本,us_ord_cap,T10,1,3,3,0.4442,0.7322,-0.0458,0.0263,-0.7652,0.3422,False,False
外部需求 → 日本,us_ord_cap,T10,1,3,6,0.8549,0.6575,-0.0103,-0.0371,-0.1828,-0.4433,False,False
外部需求 → 日本,us_ord_cap,T10,1,6,0,0.8756,0.7151,-0.0178,0.0379,-0.1566,0.365,False,False
外部需求 → 日本,us_ord_cap,T10,1,6,3,0.5055,0.5301,-0.0608,-0.0664,-0.6659,-0.6279,False,False
外部需求 → 日本,us_ord_cap,T10,1,6,6,0.2384,0.5609,-0.0865,0.0524,-1.179,0.5816,False,False
外部需求 → 日本,us_ord_cap,T10,3,1,0,0.775,0.8385,0.014,-0.0119,0.2858,-0.2038,False,False
外部需求 → 日本,us_ord_cap,T10,3,1,3,0.3869,0.66,-0.0355,0.0294,-0.8653,0.4399,False,False
外部需求 → 日本,us_ord_cap,T10,3,1,6,0.9144,0.5822,-0.0038,-0.0354,-0.1075,-0.5502,False,False
外部需求 → 日本,us_ord_cap,T10,3,3,0,0.5458,0.6078,-0.062,0.0391,-0.604,0.5131,False,False
外部需求 → 日本,us_ord_cap,T10,3,3,3,0.0946,0.9734,-0.1436,-0.0036,-1.6716,-0.0333,False,False
外部需求 → 日本,us_ord_cap,T10,3,3,6,0.3161,0.9084,-0.081,0.0129,-1.0026,0.1151,False,False
外部需求 → 日本,us_ord_cap,T10,3,6,0,0.2049,0.4281,-0.2134,0.0913,-1.2676,0.7924,False,False
外部需求 → 日本,us_ord_cap,T10,3,6,3,0.0968,0.8971,-0.2287,-0.0212,-1.6604,-0.1293,False,False
外部需求 → 日本,us_ord_cap,T10,3,6,6,0.3259,0.3862,-0.1182,0.187,-0.9824,0.8666,False,False
外部需求 → 日本,us_ord_cap,T10,6,1,0,0.9537,0.6929,-0.0023,0.0168,-0.058,0.395,False,False
外部需求 → 日本,us_ord_cap,T10,6,1,3,0.4622,0.9693,-0.0209,0.0018,-0.7353,0.0385,False,False
外部需求 → 日本,us_ord_cap,T10,6,1,6,0.2029,0.5661,-0.0336,0.0283,-1.2733,0.5738,False,False
外部需求 → 日本,us_ord_cap,T10,6,3,0,0.2322,0.7548,-0.0957,0.0264,-1.1948,0.3123,False,False
外部需求 → 日本,us_ord_cap,T10,6,3,3,0.0746,0.9646,-0.1192,0.0051,-1.7829,0.0444,False,False
外部需求 → 日本,us_ord_cap,T10,6,3,6,0.2321,0.4922,-0.0641,0.0961,-1.1951,0.6868,False,False
外部需求 → 日本,us_ord_cap,T10,6,6,0,0.0718,0.7661,-0.221,0.0535,-1.8005,0.2975,False,False
外部需求 → 日本,us_ord_cap,T10,6,6,3,0.1074,0.5246,-0.1858,0.1495,-1.6098,0.6362,False,False
外部需求 → 日本,us_ord_cap,T10,6,6,6,0.1406,0.739,-0.1205,0.0724,-1.4734,0.3331,False,False
外部需求 → 日本,us_ord_cap,T11,1,1,0,0.6801,0.6836,0.0205,-0.0173,0.4123,-0.4075,False,False
外部需求 → 日本,us_ord_cap,T11,1,1,3,0.9648,0.0523,-0.0019,0.104,-0.0442,1.941,False,False
外部需求 → 日本,us_ord_cap,T11,1,1,6,0.9047,0.5373,0.0056,-0.0334,0.1197,-0.6169,False,False
外部需求 → 日本,us_ord_cap,T11,1,3,0,0.6773,0.112,0.0292,-0.1237,0.4161,-1.5895,False,False
外部需求 → 日本,us_ord_cap,T11,1,3,3,0.4068,0.2545,-0.0491,0.0847,-0.8296,1.1394,False,False
外部需求 → 日本,us_ord_cap,T11,1,3,6,0.5378,0.199,0.0388,-0.136,0.6162,-1.2843,False,False
外部需求 → 日本,us_ord_cap,T11,1,6,0,0.7348,0.6683,-0.0288,0.0331,-0.3387,0.4285,False,False
外部需求 → 日本,us_ord_cap,T11,1,6,3,0.9115,0.1889,-0.0079,-0.1153,-0.1112,-1.3138,False,False
外部需求 → 日本,us_ord_cap,T11,1,6,6,0.5446,0.6129,-0.051,-0.0517,-0.6059,-0.5059,False,False
外部需求 → 日本,us_ord_cap,T11,3,1,0,0.8798,0.1336,0.0069,-0.0856,0.1512,-1.5,False,False
外部需求 → 日本,us_ord_cap,T11,3,1,3,0.2698,0.144,-0.0398,0.0873,-1.1036,1.461,False,False
外部需求 → 日本,us_ord_cap,T11,3,1,6,0.3743,0.0746,0.0284,-0.1388,0.8885,-1.783,False,False
外部需求 → 日本,us_ord_cap,T11,3,3,0,0.8901,0.9319,0.0133,-0.0083,0.1382,-0.0854,False,False
外部需求 → 日本,us_ord_cap,T11,3,3,3,0.2697,0.7248,-0.0767,0.0366,-1.1037,0.352,False,False
外部需求 → 日本,us_ord_cap,T11,3,3,6,0.6686,0.1453,-0.0374,-0.2165,-0.428,-1.4562,False,False
外部需求 → 日本,us_ord_cap,T11,3,6,0,0.5435,0.3362,-0.075,0.1295,-0.6075,0.9616,False,False
外部需求 → 日本,us_ord_cap,T11,3,6,3,0.3428,0.1693,-0.116,-0.2543,-0.9487,-1.3745,False,False
外部需求 → 日本,us_ord_cap,T11,3,6,6,0.1811,0.2635,-0.178,0.1666,-1.3374,1.1183,False,False
外部需求 → 日本,us_ord_cap,T11,6,1,0,0.5766,0.9757,-0.0166,-0.0011,-0.5583,-0.0305,False,False
外部需求 → 日本,us_ord_cap,T11,6,1,3,0.8461,0.3345,-0.0046,-0.055,-0.1941,-0.9651,False,False
外部需求 → 日本,us_ord_cap,T11,6,1,6,0.5684,0.7865,-0.0154,0.009,-0.5704,0.2709,False,False
外部需求 → 日本,us_ord_cap,T11,6,3,0,0.599,0.9847,-0.0316,-0.0016,-0.5258,-0.0191,False,False
外部需求 → 日本,us_ord_cap,T11,6,3,3,0.4004,0.1997,-0.0558,-0.1638,-0.8409,-1.2824,False,False
外部需求 → 日本,us_ord_cap,T11,6,3,6,0.0972,0.58,-0.0939,0.0393,-1.6584,0.5534,False,False
外部需求 → 日本,us_ord_cap,T11,6,6,0,0.3799,0.2876,-0.0946,-0.1388,-0.878,-1.0633,False,False
外部需求 → 日本,us_ord_cap,T11,6,6,3,0.2168,0.7376,-0.1519,-0.0419,-1.2352,-0.335,False,False
外部需求 → 日本,us_ord_cap,T11,6,6,6,0.1296,0.3378,-0.1679,0.2019,-1.5157,0.9586,False,False
外部需求 → 日本,us_ord_cap,T13,1,1,0,0.7923,0.8944,0.0129,-0.0091,0.2633,-0.1328,False,False
外部需求 → 日本,us_ord_cap,T13,1,1,3,0.7153,0.6482,-0.0158,0.0229,-0.3647,0.4562,False,False
外部需求 → 日本,us_ord_cap,T13,1,1,6,0.9854,0.4709,-0.0008,-0.0476,-0.0183,-0.7211,False,False
外部需求 → 日本,us_ord_cap,T13,1,3,0,0.812,0.5893,0.0157,0.0445,0.2379,0.5398,False,False
外部需求 → 日本,us_ord_cap,T13,1,3,3,0.2955,0.7842,0.0627,-0.0225,1.0461,-0.2739,False,False
外部需求 → 日本,us_ord_cap,T13,1,3,6,0.435,0.9089,0.0522,0.0115,0.7806,0.1144,False,False
外部需求 → 日本,us_ord_cap,T13,1,6,0,0.4297,0.7652,0.066,0.036,0.7896,0.2986,False,False
外部需求 → 日本,us_ord_cap,T13,1,6,3,0.189,0.9983,0.1004,0.0002,1.3136,0.0021,False,False
外部需求 → 日本,us_ord_cap,T13,1,6,6,0.8393,0.3648,-0.015,0.1177,-0.2028,0.9063,False,False
外部需求 → 日本,us_ord_cap,T13,3,1,0,0.9914,0.3064,-0.0004,0.0616,-0.0107,1.0229,False,False
外部需求 → 日本,us_ord_cap,T13,3,1,3,0.322,0.8031,0.0381,-0.0187,0.9903,-0.2493,False,False
外部需求 → 日本,us_ord_cap,T13,3,1,6,0.1951,0.7604,0.0443,-0.0227,1.2956,-0.305,False,False
外部需求 → 日本,us_ord_cap,T13,3,3,0,0.7464,0.0363,-0.031,0.2368,-0.3234,2.0931,False,False
外部需求 → 日本,us_ord_cap,T13,3,3,3,0.0887,0.0423,0.1386,-0.194,1.7022,-2.0307,False,False
外部需求 → 日本,us_ord_cap,T13,3,3,6,0.2818,0.1209,0.0948,0.2538,1.0762,1.5512,False,False
外部需求 → 日本,us_ord_cap,T13,3,6,0,0.5475,0.8825,0.087,0.0267,0.6016,0.1478,False,False
外部需求 → 日本,us_ord_cap,T13,3,6,3,0.0963,0.5864,0.2212,0.101,1.6628,0.5441,False,False
外部需求 → 日本,us_ord_cap,T13,3,6,6,0.9817,0.2955,0.0025,0.213,0.023,1.0461,False,False
外部需求 → 日本,us_ord_cap,T13,6,1,0,0.5861,0.5069,0.0196,0.0487,0.5446,0.6636,False,False
外部需求 → 日本,us_ord_cap,T13,6,1,3,0.1492,0.7585,0.0446,-0.0148,1.4423,-0.3075,False,False
外部需求 → 日本,us_ord_cap,T13,6,1,6,0.9831,0.5331,0.0004,0.0462,0.0211,0.6233,False,False
外部需求 → 日本,us_ord_cap,T13,6,3,0,0.6073,0.5667,0.0388,0.0698,0.5139,0.5729,False,False
外部需求 → 日本,us_ord_cap,T13,6,3,3,0.1285,0.5918,0.1244,0.0734,1.5201,0.5362,False,False
外部需求 → 日本,us_ord_cap,T13,6,3,6,0.9066,0.236,-0.0059,0.1865,-0.1173,1.185,False,False
外部需求 → 日本,us_ord_cap,T13,6,6,0,0.3007,0.3863,0.1508,0.1603,1.0349,0.8663,False,False
外部需求 → 日本,us_ord_cap,T13,6,6,3,0.3847,0.3775,0.1113,0.2449,0.8692,0.8824,False,False
外部需求 → 日本,us_ord_cap,T13,6,6,6,0.9252,0.3374,0.0081,0.2247,0.0938,0.9592,False,False
外部需求 → 日本,us_ord_cap,T2,1,1,0,0.8465,0.7463,-0.0085,0.0147,-0.1936,0.3235,False,False
外部需求 → 日本,us_ord_cap,T2,1,1,3,0.0975,0.7249,0.0725,0.0134,1.6571,0.3519,False,False
外部需求 → 日本,us_ord_cap,T2,1,1,6,0.0274,0.9651,0.0869,-0.0018,2.2063,-0.0437,False,False
外部需求 → 日本,us_ord_cap,T2,1,3,0,0.9747,0.836,-0.0028,-0.0149,-0.0318,-0.207,False,False
外部需求 → 日本,us_ord_cap,T2,1,3,3,0.4694,0.288,0.0575,-0.0519,0.7235,-1.0626,False,False
外部需求 → 日本,us_ord_cap,T2,1,3,6,0.8797,0.4894,0.0112,0.0468,0.1513,0.6913,False,False
外部需求 → 日本,us_ord_cap,T2,1,6,0,0.6224,0.1971,0.0695,-0.0898,0.4925,-1.2897,False,False
外部需求 → 日本,us_ord_cap,T2,1,6,3,0.3774,0.8874,0.0843,0.01,0.8827,0.1415,False,False
外部需求 → 日本,us_ord_cap,T2,1,6,6,0.4587,0.7094,0.0614,0.0257,0.741,0.3727,False,False
外部需求 → 日本,us_ord_cap,T2,3,1,0,0.9227,0.5851,0.0057,-0.0244,0.097,-0.5459,False,False
外部需求 → 日本,us_ord_cap,T2,3,1,3,0.3533,0.3369,0.0473,-0.0358,0.9282,-0.9603,False,False
外部需求 → 日本,us_ord_cap,T2,3,1,6,0.8068,0.3189,0.0114,0.0458,0.2446,0.9967,False,False
外部需求 → 日本,us_ord_cap,T2,3,3,0,0.2453,0.2788,0.1833,-0.0832,1.1619,-1.083,False,False
外部需求 → 日本,us_ord_cap,T2,3,3,3,0.406,0.0914,0.098,-0.1296,0.8309,-1.6881,False,False
外部需求 → 日本,us_ord_cap,T2,3,3,6,0.8229,0.4627,-0.0248,0.084,-0.2239,0.7345,False,False
外部需求 → 日本,us_ord_cap,T2,3,6,0,0.1826,0.017,0.2997,-0.2528,1.3328,-2.3858,False,False
外部需求 → 日本,us_ord_cap,T2,3,6,3,0.5636,0.8934,0.0835,-0.0178,0.5774,-0.134,False,False
外部需求 → 日本,us_ord_cap,T2,3,6,6,0.6093,0.6532,0.0742,-0.0618,0.5111,-0.4493,False,False
外部需求 → 日本,us_ord_cap,T2,6,1,0,0.5891,0.0779,0.0292,-0.0492,0.5402,-1.7632,False,False
外部需求 → 日本,us_ord_cap,T2,6,1,3,0.4221,0.6903,0.0316,0.0143,0.8027,0.3985,False,False
外部需求 → 日本,us_ord_cap,T2,6,1,6,0.587,0.5658,0.0199,0.0217,0.5432,0.5743,False,False
外部需求 → 日本,us_ord_cap,T2,6,3,0,0.1796,0.0181,0.1495,-0.1708,1.3419,-2.3637,False,False
外部需求 → 日本,us_ord_cap,T2,6,3,3,0.6891,0.7391,0.0369,-0.0303,0.4001,-0.3331,False,False
外部需求 → 日本,us_ord_cap,T2,6,3,6,0.6594,0.8601,0.0342,0.019,0.4408,0.1762,False,False
外部需求 → 日本,us_ord_cap,T2,6,6,0,0.1375,0.1211,0.2017,-0.2122,1.4851,-1.55,False,False
外部需求 → 日本,us_ord_cap,T2,6,6,3,0.5135,0.7627,0.0834,-0.0445,0.6534,-0.3019,False,False
外部需求 → 日本,us_ord_cap,T2,6,6,6,0.5219,0.9488,0.0552,-0.007,0.6405,-0.0643,False,False
外部需求 → 日本,us_ord_cap,T3,1,1,0,0.581,0.2367,0.0214,0.0803,0.552,1.1832,False,False
外部需求 → 日本,us_ord_cap,T3,1,1,3,0.1623,0.0688,-0.0549,0.113,-1.3973,1.8197,False,False
外部需求 → 日本,us_ord_cap,T3,1,1,6,0.2845,0.1193,-0.0387,-0.1046,-1.0702,-1.5578,False,False
外部需求 → 日本,us_ord_cap,T3,1,3,0,0.6287,0.9164,-0.0265,0.0117,-0.4835,0.105,False,False
外部需求 → 日本,us_ord_cap,T3,1,3,3,0.4583,0.6818,-0.0451,0.0311,-0.7416,0.41,False,False
外部需求 → 日本,us_ord_cap,T3,1,3,6,0.1472,0.3992,0.0728,-0.0907,1.4494,-0.843,False,False
外部需求 → 日本,us_ord_cap,T3,1,6,0,0.3286,0.4424,-0.0693,0.09,-0.9769,0.7681,False,False
外部需求 → 日本,us_ord_cap,T3,1,6,3,0.6614,0.2232,0.0255,-0.1397,0.438,-1.2181,False,False
外部需求 → 日本,us_ord_cap,T3,1,6,6,0.5888,0.5161,-0.0296,0.0836,-0.5406,0.6493,False,False
外部需求 → 日本,us_ord_cap,T3,3,1,0,0.5538,0.6786,-0.0211,0.039,-0.592,0.4144,False,False
外部需求 → 日本,us_ord_cap,T3,3,1,3,0.4202,0.6553,-0.0332,0.0264,-0.8061,0.4463,False,False
外部需求 → 日本,us_ord_cap,T3,3,1,6,0.122,0.2439,0.054,-0.0908,1.5464,-1.1654,False,False
外部需求 → 日本,us_ord_cap,T3,3,3,0,0.0568,0.0785,-0.1572,0.2319,-1.9052,1.7594,False,False
外部需求 → 日本,us_ord_cap,T3,3,3,3,0.588,0.0225,-0.0447,-0.2967,-0.5417,-2.2812,False,False
外部需求 → 日本,us_ord_cap,T3,3,3,6,0.301,0.2218,0.0619,0.1752,1.0342,1.2218,False,False
外部需求 → 日本,us_ord_cap,T3,3,6,0,0.0294,0.8472,-0.1951,-0.0365,-2.1777,-0.1927,False,False
外部需求 → 日本,us_ord_cap,T3,3,6,3,0.8279,0.5112,0.0171,-0.1265,0.2174,-0.6569,False,False
外部需求 → 日本,us_ord_cap,T3,3,6,6,0.089,0.0749,-0.1351,0.4535,-1.7006,1.7808,False,False
外部需求 → 日本,us_ord_cap,T3,6,1,0,0.3616,0.2538,-0.0288,0.0795,-0.9123,1.1412,False,False
外部需求 → 日本,us_ord_cap,T3,6,1,3,0.6579,0.6263,0.0125,-0.0371,0.4428,-0.487,False,False
外部需求 → 日本,us_ord_cap,T3,6,1,6,0.3434,0.5062,-0.017,0.048,-0.9474,0.6647,False,False
外部需求 → 日本,us_ord_cap,T3,6,3,0,0.0516,0.8726,-0.1141,-0.0213,-1.9462,-0.1604,False,False
外部需求 → 日本,us_ord_cap,T3,6,3,3,0.7539,0.6744,0.0153,-0.059,0.3135,-0.4201,False,False
外部需求 → 日本,us_ord_cap,T3,6,3,6,0.081,0.1022,-0.08,0.2937,-1.745,1.6342,False,False
外部需求 → 日本,us_ord_cap,T3,6,6,0,0.1527,0.7873,-0.0953,-0.0635,-1.4299,-0.2698,False,False
外部需求 → 日本,us_ord_cap,T3,6,6,3,0.3025,0.3442,-0.0621,0.2834,-1.0312,0.9459,False,False
外部需求 → 日本,us_ord_cap,T3,6,6,6,0.0011,0.1907,-0.1638,0.3515,-3.2543,1.3085,True,False
外部需求 → 日本,us_ord_cap,T4,1,1,0,0.3721,0.9965,0.0321,0.0001,0.8925,0.0044,False,False
外部需求 → 日本,us_ord_cap,T4,1,1,3,0.9311,0.0579,-0.003,0.0657,-0.0864,1.8962,False,False
外部需求 → 日本,us_ord_cap,T4,1,1,6,0.3861,0.1067,-0.033,-0.0531,-0.8668,-1.6132,False,False
外部需求 → 日本,us_ord_cap,T4,1,3,0,0.7972,0.4165,0.0123,-0.0394,0.2569,-0.8125,False,False
外部需求 → 日本,us_ord_cap,T4,1,3,3,0.2561,0.0865,0.055,0.0727,1.1357,1.7142,False,False
外部需求 → 日本,us_ord_cap,T4,1,3,6,0.694,0.0737,0.021,-0.091,0.3935,-1.7886,False,False
外部需求 → 日本,us_ord_cap,T4,1,6,0,0.2316,0.1843,0.0684,0.0634,1.1963,1.3275,False,False
外部需求 → 日本,us_ord_cap,T4,1,6,3,0.2341,0.4434,0.0703,-0.0399,1.1898,-0.7665,False,False
外部需求 → 日本,us_ord_cap,T4,1,6,6,0.6086,0.6311,-0.0326,-0.0211,-0.5121,-0.4801,False,False
外部需求 → 日本,us_ord_cap,T4,3,1,0,0.8011,0.6342,0.0085,-0.0196,0.2519,-0.4758,False,False
外部需求 → 日本,us_ord_cap,T4,3,1,3,0.1758,0.0696,0.0414,0.0631,1.3539,1.8143,False,False
外部需求 → 日本,us_ord_cap,T4,3,1,6,0.7032,0.0177,0.0117,-0.0825,0.381,-2.3722,False,False
外部需求 → 日本,us_ord_cap,T4,3,3,0,0.7538,0.4151,0.0239,0.0467,0.3136,0.815,False,False
外部需求 → 日本,us_ord_cap,T4,3,3,3,0.3312,0.5467,0.0688,0.036,0.9717,0.6027,False,False
外部需求 → 日本,us_ord_cap,T4,3,3,6,0.8313,0.7848,-0.0135,-0.0163,-0.213,-0.2731,False,False
外部需求 → 日本,us_ord_cap,T4,3,6,0,0.3987,0.1433,0.0958,0.1131,0.844,1.4636,False,False
外部需求 → 日本,us_ord_cap,T4,3,6,3,0.5949,0.8478,0.0544,0.0138,0.5317,0.1919,False,False
外部需求 → 日本,us_ord_cap,T4,3,6,6,0.2811,0.3602,-0.12,0.0766,-1.0779,0.915,False,False
外部需求 → 日本,us_ord_cap,T4,6,1,0,0.3142,0.1385,0.0292,0.0441,1.0065,1.4814,False,False
外部需求 → 日本,us_ord_cap,T4,6,1,3,0.2494,0.7777,0.0273,-0.0092,1.1519,-0.2824,False,False
外部需求 → 日本,us_ord_cap,T4,6,1,6,0.6059,0.5607,-0.0098,-0.0163,-0.516,-0.5817,False,False
外部需求 → 日本,us_ord_cap,T4,6,3,0,0.4884,0.12,0.0464,0.08,0.6928,1.5548,False,False
外部需求 → 日本,us_ord_cap,T4,6,3,3,0.6278,0.7403,0.0282,0.0204,0.4848,0.3315,False,False
外部需求 → 日本,us_ord_cap,T4,6,3,6,0.2403,0.698,-0.0635,0.0233,-1.1743,0.388,False,False
外部需求 → 日本,us_ord_cap,T4,6,6,0,0.4602,0.1228,0.0758,0.1219,0.7385,1.5431,False,False
外部需求 → 日本,us_ord_cap,T4,6,6,3,0.6965,0.4637,-0.0374,0.074,-0.39,0.7328,False,False
外部需求 → 日本,us_ord_cap,T4,6,6,6,0.0848,0.9527,-0.1493,0.006,-1.7236,0.0593,False,False
外部需求 → 日本,us_ord_cap,T5,1,1,0,0.514,0.5582,-0.0212,0.0261,-0.6526,0.5856,False,False
外部需求 → 日本,us_ord_cap,T5,1,1,3,0.6903,0.0367,-0.0135,0.0793,-0.3984,2.0895,False,False
外部需求 → 日本,us_ord_cap,T5,1,1,6,0.4563,0.9584,0.0232,0.0018,0.745,0.0521,False,False
外部需求 → 日本,us_ord_cap,T5,1,3,0,0.447,0.2352,-0.0318,-0.065,-0.7605,-1.1872,False,False
外部需求 → 日本,us_ord_cap,T5,1,3,3,0.7369,0.4966,0.0166,0.0424,0.3359,0.6799,False,False
外部需求 → 日本,us_ord_cap,T5,1,3,6,0.5603,0.658,0.0238,0.0218,0.5824,0.4427,False,False
外部需求 → 日本,us_ord_cap,T5,1,6,0,0.9542,0.9273,-0.0038,-0.0047,-0.0574,-0.0912,False,False
外部需求 → 日本,us_ord_cap,T5,1,6,3,0.3747,0.454,0.0506,0.0333,0.8876,0.7487,False,False
外部需求 → 日本,us_ord_cap,T5,1,6,6,0.9239,0.0934,-0.0047,0.0987,-0.0955,1.6778,False,False
外部需求 → 日本,us_ord_cap,T5,3,1,0,0.4057,0.3589,-0.0244,-0.0392,-0.8316,-0.9175,False,False
外部需求 → 日本,us_ord_cap,T5,3,1,3,0.5393,0.3406,0.0203,0.0399,0.6139,0.953,False,False
外部需求 → 日本,us_ord_cap,T5,3,1,6,0.4753,0.907,0.0185,-0.0039,0.7139,-0.1168,False,False
外部需求 → 日本,us_ord_cap,T5,3,3,0,0.8463,0.5431,0.0116,-0.0432,0.1939,-0.6081,False,False
外部需求 → 日本,us_ord_cap,T5,3,3,3,0.437,0.9268,0.0479,-0.0058,0.7773,-0.0919,False,False
外部需求 → 日本,us_ord_cap,T5,3,3,6,0.9888,0.8445,0.0006,-0.0167,0.0141,-0.1962,False,False
外部需求 → 日本,us_ord_cap,T5,3,6,0,0.5896,0.7057,0.0579,-0.0289,0.5394,-0.3776,False,False
外部需求 → 日本,us_ord_cap,T5,3,6,3,0.6179,0.7191,0.0482,-0.0241,0.4989,-0.3597,False,False
外部需求 → 日本,us_ord_cap,T5,3,6,6,0.9824,0.4115,0.0014,0.0794,0.0221,0.8212,False,False
外部需求 → 日本,us_ord_cap,T5,6,1,0,0.7901,0.972,-0.0067,0.0014,-0.2662,0.0351,False,False
外部需求 → 日本,us_ord_cap,T5,6,1,3,0.1677,0.2636,0.0268,0.0385,1.3798,1.1178,False,False
外部需求 → 日本,us_ord_cap,T5,6,1,6,0.9772,0.1653,0.0006,0.0471,0.0285,1.3875,False,False
外部需求 → 日本,us_ord_cap,T5,6,3,0,0.6186,0.5153,0.0271,-0.0401,0.4978,-0.6506,False,False
外部需求 → 日本,us_ord_cap,T5,6,3,3,0.5516,0.7405,0.0286,-0.022,0.5954,-0.3311,False,False
外部需求 → 日本,us_ord_cap,T5,6,3,6,0.8502,0.3503,-0.0058,0.0683,-0.1888,0.934,False,False
外部需求 → 日本,us_ord_cap,T5,6,6,0,0.5694,0.55,0.0548,-0.0466,0.5689,-0.5978,False,False
外部需求 → 日本,us_ord_cap,T5,6,6,3,0.7764,0.4692,0.0216,0.074,0.284,0.7237,False,False
外部需求 → 日本,us_ord_cap,T5,6,6,6,0.7784,0.939,0.0156,-0.0083,0.2814,-0.0766,False,False
外部需求 → 日本,us_ord_cap,T6,1,1,0,0.4147,0.3322,-0.0347,0.03,-0.8156,0.9697,False,False
外部需求 → 日本,us_ord_cap,T6,1,1,3,0.6117,0.0405,0.0197,0.0668,0.5077,2.0491,False,False
外部需求 → 日本,us_ord_cap,T6,1,1,6,0.1683,0.8747,-0.0546,0.0055,-1.3777,0.1578,False,False
外部需求 → 日本,us_ord_cap,T6,1,3,0,0.3953,0.2566,-0.0553,-0.0523,-0.8501,-1.1345,False,False
外部需求 → 日本,us_ord_cap,T6,1,3,3,0.13,0.3648,0.1041,0.0381,1.514,0.9063,False,False
外部需求 → 日本,us_ord_cap,T6,1,3,6,0.4922,0.8495,-0.0418,0.0075,-0.6869,0.1898,False,False
外部需求 → 日本,us_ord_cap,T6,1,6,0,0.6254,0.8785,0.0509,0.0076,0.4882,0.1528,False,False
外部需求 → 日本,us_ord_cap,T6,1,6,3,0.4832,0.3357,0.0629,0.0397,0.7011,0.9627,False,False
外部需求 → 日本,us_ord_cap,T6,1,6,6,0.4015,0.3088,0.0683,0.0587,0.839,1.0176,False,False
外部需求 → 日本,us_ord_cap,T6,3,1,0,0.4005,0.387,-0.0422,-0.0271,-0.8407,-0.8651,False,False
外部需求 → 日本,us_ord_cap,T6,3,1,3,0.0616,0.0823,0.0775,0.0485,1.8693,1.7372,False,False
外部需求 → 日本,us_ord_cap,T6,3,1,6,0.3342,0.9753,-0.0306,-0.001,-0.9657,-0.031,False,False
外部需求 → 日本,us_ord_cap,T6,3,3,0,0.9806,0.8828,0.003,-0.0091,0.0244,-0.1474,False,False
外部需求 → 日本,us_ord_cap,T6,3,3,3,0.523,0.8926,0.0621,0.0079,0.6387,0.1351,False,False
外部需求 → 日本,us_ord_cap,T6,3,3,6,0.4346,0.2094,0.0554,0.0512,0.7813,1.2551,False,False
外部需求 → 日本,us_ord_cap,T6,3,6,0,0.7112,0.9855,0.0704,-0.0017,0.3702,-0.0182,False,False
外部需求 → 日本,us_ord_cap,T6,3,6,3,0.4207,0.1857,0.1254,0.0837,0.8052,1.3235,False,False
外部需求 → 日本,us_ord_cap,T6,3,6,6,0.0828,0.6679,0.2416,0.0331,1.7345,0.4291,False,False
外部需求 → 日本,us_ord_cap,T6,6,1,0,0.6572,0.2838,0.0171,0.027,0.4437,1.0717,False,False
外部需求 → 日本,us_ord_cap,T6,6,1,3,0.4578,0.2495,0.0237,0.0349,0.7424,1.1515,False,False
外部需求 → 日本,us_ord_cap,T6,6,1,6,0.3514,0.3617,0.0241,0.0353,0.9319,0.9122,False,False
外部需求 → 日本,us_ord_cap,T6,6,3,0,0.8231,0.7471,0.0229,0.0207,0.2236,0.3225,False,False
外部需求 → 日本,us_ord_cap,T6,6,3,3,0.4098,0.4703,0.0622,0.0416,0.8242,0.7221,False,False
外部需求 → 日本,us_ord_cap,T6,6,3,6,0.0247,0.5051,0.1265,0.0386,2.2455,0.6665,False,False
外部需求 → 日本,us_ord_cap,T6,6,6,0,0.5587,0.4482,0.0922,0.0828,0.5848,0.7584,False,False
外部需求 → 日本,us_ord_cap,T6,6,6,3,0.1299,0.3709,0.1946,0.0985,1.5146,0.8947,False,False
外部需求 → 日本,us_ord_cap,T6,6,6,6,0.1412,0.5111,0.1934,-0.0633,1.4713,-0.6571,False,False
外部需求 → 日本,us_ord_cap,T7,1,1,0,0.3509,0.4573,-0.1008,-0.0522,-0.9329,-0.7433,False,False
外部需求 → 日本,us_ord_cap,T7,1,1,3,0.0535,0.3176,-0.1797,0.0736,-1.9306,0.9994,False,False
外部需求 → 日本,us_ord_cap,T7,1,1,6,0.2008,0.2,-0.1077,0.0957,-1.2794,1.2817,False,False
外部需求 → 日本,us_ord_cap,T7,1,3,0,0.6614,0.4876,-0.0587,-0.0716,-0.438,-0.6942,False,False
外部需求 → 日本,us_ord_cap,T7,1,3,3,0.2524,0.5559,-0.1433,-0.079,-1.1444,-0.5889,False,False
外部需求 → 日本,us_ord_cap,T7,1,3,6,0.683,0.7448,0.0526,0.0391,0.4084,0.3255,False,False
外部需求 → 日本,us_ord_cap,T7,1,6,0,0.1841,0.1995,-0.2084,-0.1563,-1.3282,-1.2829,False,False
外部需求 → 日本,us_ord_cap,T7,1,6,3,0.4478,0.3275,-0.1061,-0.089,-0.7591,-0.9791,False,False
外部需求 → 日本,us_ord_cap,T7,1,6,6,0.4134,0.6228,-0.1129,0.0558,-0.818,0.4919,False,False
外部需求 → 日本,us_ord_cap,T7,3,1,0,0.6405,0.3138,-0.0382,-0.0773,-0.467,-1.0072,False,False
外部需求 → 日本,us_ord_cap,T7,3,1,3,0.1022,0.2146,-0.0985,-0.1038,-1.6345,-1.2411,False,False
外部需求 → 日本,us_ord_cap,T7,3,1,6,0.7931,0.5384,0.0201,0.0524,0.2623,0.6153,False,False
外部需求 → 日本,us_ord_cap,T7,3,3,0,0.1395,0.5933,-0.2301,-0.0801,-1.4776,-0.5341,False,False
外部需求 → 日本,us_ord_cap,T7,3,3,3,0.2496,0.4068,-0.1772,-0.1023,-1.1513,-0.8296,False,False
外部需求 → 日本,us_ord_cap,T7,3,3,6,0.8666,0.9813,0.0259,-0.0037,0.168,-0.0234,False,False
外部需求 → 日本,us_ord_cap,T7,3,6,0,0.0339,0.3956,-0.3937,-0.149,-2.1209,-0.8494,False,False
外部需求 → 日本,us_ord_cap,T7,3,6,3,0.5541,0.4598,-0.1476,-0.1408,-0.5917,-0.7391,False,False
外部需求 → 日本,us_ord_cap,T7,3,6,6,0.0766,0.6337,-0.3769,0.0774,-1.7705,0.4766,False,False
外部需求 → 日本,us_ord_cap,T7,6,1,0,0.1593,0.1094,-0.0735,-0.1344,-1.4074,-1.6007,False,False
外部需求 → 日本,us_ord_cap,T7,6,1,3,0.2996,0.4737,-0.0437,-0.0447,-1.0372,-0.7165,False,False
外部需求 → 日本,us_ord_cap,T7,6,1,6,0.5861,0.1707,-0.0286,0.0869,-0.5445,1.3701,False,False
外部需求 → 日本,us_ord_cap,T7,6,3,0,0.0693,0.1963,-0.2028,-0.1628,-1.8162,-1.2922,False,False
外部需求 → 日本,us_ord_cap,T7,6,3,3,0.5658,0.5126,-0.067,-0.0821,-0.5743,-0.6547,False,False
外部需求 → 日本,us_ord_cap,T7,6,3,6,0.1073,0.6626,-0.1676,0.0495,-1.6104,0.4364,False,False
外部需求 → 日本,us_ord_cap,T7,6,6,0,0.1337,0.1545,-0.2603,-0.2462,-1.4996,-1.4238,False,False
外部需求 → 日本,us_ord_cap,T7,6,6,3,0.0437,0.9187,-0.2437,-0.0179,-2.0171,-0.1021,False,False
外部需求 → 日本,us_ord_cap,T7,6,6,6,0.0104,0.8637,-0.6957,0.0306,-2.5619,0.1716,False,False
外部需求 → 日本,us_ord_cap,T8,1,1,0,0.0604,0.5417,0.0586,-0.0294,1.8779,-0.6102,False,False
外部需求 → 日本,us_ord_cap,T8,1,1,3,0.2715,0.461,-0.0312,0.028,-1.0996,0.7371,False,False
外部需求 → 日本,us_ord_cap,T8,1,1,6,0.0606,0.5767,0.0561,0.0363,1.8763,0.5583,False,False
外部需求 → 日本,us_ord_cap,T8,1,3,0,0.2524,0.323,0.0474,-0.0588,1.1446,-0.9884,False,False
外部需求 → 日本,us_ord_cap,T8,1,3,3,0.109,0.9596,-0.0563,0.0047,-1.6026,0.0507,False,False
外部需求 → 日本,us_ord_cap,T8,1,3,6,0.234,0.7375,0.0415,-0.0226,1.1902,-0.3352,False,False
外部需求 → 日本,us_ord_cap,T8,1,6,0,0.7562,0.4767,-0.0145,-0.0699,-0.3105,-0.7117,False,False
外部需求 → 日本,us_ord_cap,T8,1,6,3,0.7385,0.8984,-0.016,0.0125,-0.3338,0.1277,False,False
外部需求 → 日本,us_ord_cap,T8,1,6,6,0.2322,0.1097,0.0676,-0.1491,1.1946,-1.5996,False,False
外部需求 → 日本,us_ord_cap,T8,3,1,0,0.1651,0.0354,0.0302,-0.0778,1.3881,-2.1043,False,False
外部需求 → 日本,us_ord_cap,T8,3,1,3,0.0533,0.8749,-0.0401,-0.0107,-1.9321,-0.1575,False,False
外部需求 → 日本,us_ord_cap,T8,3,1,6,0.2742,0.9572,0.0259,0.0026,1.0934,0.0536,False,False
外部需求 → 日本,us_ord_cap,T8,3,3,0,0.5913,0.1134,-0.0289,-0.1056,-0.5369,-1.5832,False,False
外部需求 → 日本,us_ord_cap,T8,3,3,3,0.6979,0.9085,0.0197,-0.0136,0.3881,-0.1149,False,False
外部需求 → 日本,us_ord_cap,T8,3,3,6,0.918,0.4749,-0.0054,-0.0912,-0.1029,-0.7145,False,False
外部需求 → 日本,us_ord_cap,T8,3,6,0,0.8752,0.2764,-0.012,-0.1396,-0.157,-1.0885,False,False
外部需求 → 日本,us_ord_cap,T8,3,6,3,0.904,0.4813,0.0094,-0.108,0.1206,-0.7041,False,False
外部需求 → 日本,us_ord_cap,T8,3,6,6,0.6143,0.1087,-0.0352,-0.3307,-0.5039,-1.6042,False,False
外部需求 → 日本,us_ord_cap,T8,6,1,0,0.7765,0.1676,-0.0047,-0.0636,-0.2839,-1.38,False,False
外部需求 → 日本,us_ord_cap,T8,6,1,3,0.5726,0.6079,-0.0076,-0.0199,-0.5642,-0.513,False,False
外部需求 → 日本,us_ord_cap,T8,6,1,6,0.388,0.0647,0.02,-0.1178,0.8632,-1.8474,False,False
外部需求 → 日本,us_ord_cap,T8,6,3,0,0.9859,0.3058,0.0007,-0.097,0.0176,-1.024,False,False
外部需求 → 日本,us_ord_cap,T8,6,3,3,0.9164,0.2475,0.0045,-0.1174,0.105,-1.1565,False,False
外部需求 → 日本,us_ord_cap,T8,6,3,6,0.5116,0.121,-0.0254,-0.2247,-0.6564,-1.5505,False,False
外部需求 → 日本,us_ord_cap,T8,6,6,0,0.9881,0.1302,0.0011,-0.2356,0.0149,-1.5132,False,False
外部需求 → 日本,us_ord_cap,T8,6,6,3,0.7297,0.1372,-0.024,-0.3664,-0.3455,-1.4863,False,False
外部需求 → 日本,us_ord_cap,T8,6,6,6,0.5119,0.1527,-0.0373,-0.2898,-0.6559,-1.43,False,False
外部需求 → 日本,us_ord_cap,T9,1,1,0,0.9753,0.2536,-0.0019,0.1086,-0.031,1.1417,False,False
外部需求 → 日本,us_ord_cap,T9,1,1,3,0.1422,0.0742,-0.0966,0.1847,-1.4675,1.7852,False,False
外部需求 → 日本,us_ord_cap,T9,1,1,6,0.534,0.8955,0.0394,0.0127,0.6219,0.1313,False,False
外部需求 → 日本,us_ord_cap,T9,1,3,0,0.9608,0.5438,0.0054,-0.068,0.0491,-0.6071,False,False
外部需求 → 日本,us_ord_cap,T9,1,3,3,0.1673,0.3319,-0.1771,0.1087,-1.3809,0.9703,False,False
外部需求 → 日本,us_ord_cap,T9,1,3,6,0.7597,0.9059,-0.0321,-0.0122,-0.3058,-0.1183,False,False
外部需求 → 日本,us_ord_cap,T9,1,6,0,0.3624,0.5497,-0.1667,0.0965,-0.9107,0.5982,False,False
外部需求 → 日本,us_ord_cap,T9,1,6,3,0.1826,0.8408,-0.2041,0.0273,-1.3327,0.2009,False,False
外部需求 → 日本,us_ord_cap,T9,1,6,6,0.1362,0.6386,-0.1951,0.0609,-1.4901,0.4697,False,False
外部需求 → 日本,us_ord_cap,T9,3,1,0,0.961,0.8809,0.0032,-0.0124,0.0489,-0.1499,False,False
外部需求 → 日本,us_ord_cap,T9,3,1,3,0.038,0.3029,-0.1251,0.1157,-2.0751,1.0302,False,False
外部需求 → 日本,us_ord_cap,T9,3,1,6,0.5817,0.4444,-0.0311,-0.0765,-0.551,-0.7648,False,False
外部需求 → 日本,us_ord_cap,T9,3,3,0,0.3569,0.4857,-0.1816,0.0922,-0.9213,0.6972,False,False
外部需求 → 日本,us_ord_cap,T9,3,3,3,0.2696,0.7272,-0.1808,0.06,-1.1039,0.3488,False,False
外部需求 → 日本,us_ord_cap,T9,3,3,6,0.1881,0.7749,-0.1837,0.0427,-1.3161,0.286,False,False
外部需求 → 日本,us_ord_cap,T9,3,6,0,0.2606,0.213,-0.36,0.245,-1.1249,1.2454,False,False
外部需求 → 日本,us_ord_cap,T9,3,6,3,0.1362,0.8637,-0.3681,0.0438,-1.4902,0.1717,False,False
外部需求 → 日本,us_ord_cap,T9,3,6,6,0.0137,0.6019,-0.4966,0.1219,-2.4649,0.5216,False,False
外部需求 → 日本,us_ord_cap,T9,6,1,0,0.2868,0.2482,-0.0604,0.0836,-1.0651,1.1547,False,False
外部需求 → 日本,us_ord_cap,T9,6,1,3,0.125,0.6886,-0.0741,0.0331,-1.5343,0.4008,False,False
外部需求 → 日本,us_ord_cap,T9,6,1,6,0.0518,0.8461,-0.0764,0.0151,-1.9451,0.194,False,False
外部需求 → 日本,us_ord_cap,T9,6,3,0,0.2387,0.3906,-0.1795,0.1048,-1.1782,0.8586,False,False
外部需求 → 日本,us_ord_cap,T9,6,3,3,0.1357,0.6774,-0.1861,0.0761,-1.492,0.416,False,False
外部需求 → 日本,us_ord_cap,T9,6,3,6,0.0042,0.9469,-0.267,0.0093,-2.8648,0.0666,False,False
外部需求 → 日本,us_ord_cap,T9,6,6,0,0.1192,0.5104,-0.3662,0.2086,-1.5582,0.6582,False,False
外部需求 → 日本,us_ord_cap,T9,6,6,3,0.0134,0.6686,-0.4593,0.1434,-2.4723,0.428,False,False
外部需求 → 日本,us_ord_cap,T9,6,6,6,0.001,0.3796,-0.4292,-0.1877,-3.2773,-0.8787,True,False
外部需求 → 日本,us_ord_cap,その他製品,1,1,0,0.8045,0.6475,0.0042,-0.0065,0.2475,-0.4572,False,False
外部需求 → 日本,us_ord_cap,その他製品,1,1,3,0.5206,0.02,-0.0127,-0.0316,-0.6424,-2.3271,False,False
外部需求 → 日本,us_ord_cap,その他製品,1,1,6,0.5604,0.7761,0.011,-0.0044,0.5822,-0.2844,False,False
外部需求 → 日本,us_ord_cap,その他製品,1,3,0,0.9244,0.421,0.0026,0.0189,0.0949,0.8046,False,False
外部需求 → 日本,us_ord_cap,その他製品,1,3,3,0.4309,0.6451,0.0185,-0.0096,0.7876,-0.4606,False,False
外部需求 → 日本,us_ord_cap,その他製品,1,3,6,0.9462,0.8907,-0.0017,-0.0022,-0.0675,-0.1374,False,False
外部需求 → 日本,us_ord_cap,その他製品,1,6,0,0.4763,0.8592,0.0204,0.0045,0.7122,0.1773,False,False
外部需求 → 日本,us_ord_cap,その他製品,1,6,3,0.6424,0.7658,0.014,-0.0085,0.4643,-0.2979,False,False
外部需求 → 日本,us_ord_cap,その他製品,1,6,6,0.852,0.8841,-0.0054,-0.0041,-0.1866,-0.1457,False,False
外部需求 → 日本,us_ord_cap,その他製品,3,1,0,0.9139,0.4892,0.0016,0.0113,0.1081,0.6917,False,False
外部需求 → 日本,us_ord_cap,その他製品,3,1,3,0.2704,0.3763,0.0153,-0.0151,1.1021,-0.8847,False,False
外部需求 → 日本,us_ord_cap,その他製品,3,1,6,0.7672,0.8257,-0.0043,0.0035,-0.296,0.2202,False,False
外部需求 → 日本,us_ord_cap,その他製品,3,3,0,0.6877,0.9657,0.0162,0.0014,0.402,0.043,False,False
外部需求 → 日本,us_ord_cap,その他製品,3,3,3,0.0943,0.7635,0.0576,0.0104,1.673,0.3009,False,False
外部需求 → 日本,us_ord_cap,その他製品,3,3,6,0.419,0.5478,-0.0275,0.0173,-0.8082,0.601,False,False
外部需求 → 日本,us_ord_cap,その他製品,3,6,0,0.0994,0.8075,0.0767,0.0138,1.6479,0.2437,False,False
外部需求 → 日本,us_ord_cap,その他製品,3,6,3,0.5591,0.7347,0.0305,0.0187,0.5842,0.3389,False,False
外部需求 → 日本,us_ord_cap,その他製品,3,6,6,0.9687,0.2162,0.0016,0.0575,0.0393,1.2368,False,False
外部需求 → 日本,us_ord_cap,その他製品,6,1,0,0.2525,0.8576,0.0095,-0.0026,1.1443,-0.1794,False,False
外部需求 → 日本,us_ord_cap,その他製品,6,1,3,0.5707,0.5119,0.006,-0.0123,0.5671,-0.6558,False,False
外部需求 → 日本,us_ord_cap,その他製品,6,1,6,0.7878,0.9368,-0.0028,0.0012,-0.2692,0.0793,False,False
外部需求 → 日本,us_ord_cap,その他製品,6,3,0,0.0444,0.7756,0.0423,0.0123,2.0106,0.2851,False,False
外部需求 → 日本,us_ord_cap,その他製品,6,3,3,0.6283,0.7134,0.0134,0.0149,0.4842,0.3673,False,False
外部需求 → 日本,us_ord_cap,その他製品,6,3,6,0.9714,0.2942,-0.0008,0.0311,-0.0358,1.0489,False,False
外部需求 → 日本,us_ord_cap,その他製品,6,6,0,0.2295,0.7918,0.0574,0.0212,1.2016,0.264,False,False
外部需求 → 日本,us_ord_cap,その他製品,6,6,3,0.7522,0.472,0.014,0.0449,0.3157,0.7192,False,False
外部需求 → 日本,us_ord_cap,その他製品,6,6,6,0.8726,0.2213,0.0067,0.0652,0.1604,1.2231,False,False
外部需求 → 日本,us_ord_cap,その他金融業,1,1,0,0.339,0.018,-0.047,-0.0401,-0.9562,-2.3653,False,False
外部需求 → 日本,us_ord_cap,その他金融業,1,1,3,0.3956,0.2235,-0.0435,-0.0205,-0.8495,-1.2173,False,False
外部需求 → 日本,us_ord_cap,その他金融業,1,1,6,0.3159,0.8453,-0.057,0.0042,-1.003,0.1951,False,False
外部需求 → 日本,us_ord_cap,その他金融業,1,3,0,0.6912,0.3014,-0.0322,0.0261,-0.3972,1.0335,False,False
外部需求 → 日本,us_ord_cap,その他金融業,1,3,3,0.7155,0.3298,0.03,-0.0227,0.3645,-0.9745,False,False
外部需求 → 日本,us_ord_cap,その他金融業,1,3,6,0.6666,0.4273,-0.0284,-0.0165,-0.4308,-0.7939,False,False
外部需求 → 日本,us_ord_cap,その他金融業,1,6,0,0.7201,0.9608,-0.0298,-0.0015,-0.3583,-0.0492,False,False
外部需求 → 日本,us_ord_cap,その他金融業,1,6,3,0.9113,0.2778,-0.0085,-0.0329,-0.1115,-1.0852,False,False
外部需求 → 日本,us_ord_cap,その他金融業,1,6,6,0.6599,0.9534,-0.0328,0.0015,-0.44,0.0585,False,False
外部需求 → 日本,us_ord_cap,その他金融業,3,1,0,0.4469,0.2501,-0.045,0.0255,-0.7605,1.1501,False,False
外部需求 → 日本,us_ord_cap,その他金融業,3,1,3,0.7138,0.3734,0.0196,-0.0215,0.3667,-0.8901,False,False
外部需求 → 日本,us_ord_cap,その他金融業,3,1,6,0.5388,0.4511,-0.0288,-0.0158,-0.6146,-0.7536,False,False
外部需求 → 日本,us_ord_cap,その他金融業,3,3,0,0.3948,0.0127,-0.0933,0.07,-0.851,2.4927,False,False
外部需求 → 日本,us_ord_cap,その他金融業,3,3,3,0.5108,0.4687,0.0612,-0.026,0.6576,-0.7246,False,False
外部需求 → 日本,us_ord_cap,その他金融業,3,3,6,0.8286,0.7006,-0.0218,-0.0123,-0.2166,-0.3846,False,False
外部需求 → 日本,us_ord_cap,その他金融業,3,6,0,0.5745,0.4199,-0.0648,0.0388,-0.5614,0.8066,False,False
外部需求 → 日本,us_ord_cap,その他金融業,3,6,3,0.8413,0.5103,0.0258,-0.0342,0.2003,-0.6584,False,False
外部需求 → 日本,us_ord_cap,その他金融業,3,6,6,0.7026,0.3324,-0.0494,-0.0475,-0.3818,-0.9693,False,False
外部需求 → 日本,us_ord_cap,その他金融業,6,1,0,0.6658,0.9383,-0.0184,-0.0013,-0.432,-0.0774,False,False
外部需求 → 日本,us_ord_cap,その他金融業,6,1,3,0.8942,0.1533,-0.004,-0.0314,-0.133,-1.428,False,False
外部需求 → 日本,us_ord_cap,その他金融業,6,1,6,0.7132,0.6827,-0.0125,-0.0067,-0.3676,-0.4088,False,False
外部需求 → 日本,us_ord_cap,その他金融業,6,3,0,0.7615,0.219,-0.0217,0.0428,-0.3035,1.2291,False,False
外部需求 → 日本,us_ord_cap,その他金融業,6,3,3,0.6043,0.3598,0.0281,-0.0369,0.5182,-0.9158,False,False
外部需求 → 日本,us_ord_cap,その他金融業,6,3,6,0.7947,0.2974,-0.0176,-0.0361,-0.2602,-1.042,False,False
外部需求 → 日本,us_ord_cap,その他金融業,6,6,0,0.8353,0.9575,-0.0183,0.0034,-0.208,0.0533,False,False
外部需求 → 日本,us_ord_cap,その他金融業,6,6,3,0.9811,0.1829,0.0022,-0.0804,0.0237,-1.3319,False,False
外部需求 → 日本,us_ord_cap,その他金融業,6,6,6,0.539,0.2744,0.076,-0.0527,0.6143,-1.0929,False,False
外部需求 → 日本,us_ord_cap,ガラス・土石製品,1,1,0,0.7329,0.1972,-0.0094,0.0367,-0.3413,1.2897,False,False
外部需求 → 日本,us_ord_cap,ガラス・土石製品,1,1,3,0.3412,0.4149,-0.0262,0.0197,-0.9517,0.8153,False,False
外部需求 → 日本,us_ord_cap,ガラス・土石製品,1,1,6,0.2338,0.3829,-0.0295,0.0262,-1.1907,0.8726,False,False
外部需求 → 日本,us_ord_cap,ガラス・土石製品,1,3,0,0.8955,0.7019,-0.0057,-0.0122,-0.1313,-0.3828,False,False
外部需求 → 日本,us_ord_cap,ガラス・土石製品,1,3,3,0.8084,0.9275,0.0091,-0.0033,0.2425,-0.091,False,False
外部需求 → 日本,us_ord_cap,ガラス・土石製品,1,3,6,0.274,0.7162,0.0361,0.0129,1.0938,0.3635,False,False
外部需求 → 日本,us_ord_cap,ガラス・土石製品,1,6,0,0.96,0.6913,0.0024,0.0169,0.0501,0.3971,False,False
外部需求 → 日本,us_ord_cap,ガラス・土石製品,1,6,3,0.3097,0.8425,0.0466,-0.0094,1.0159,-0.1987,False,False
外部需求 → 日本,us_ord_cap,ガラス・土石製品,1,6,6,0.718,0.201,0.0151,0.0522,0.3611,1.2787,False,False
外部需求 → 日本,us_ord_cap,ガラス・土石製品,3,1,0,0.7653,0.951,-0.0076,-0.0017,-0.2985,-0.0615,False,False
外部需求 → 日本,us_ord_cap,ガラス・土石製品,3,1,3,0.7415,0.7313,0.0064,0.0107,0.3298,0.3434,False,False
外部需求 → 日本,us_ord_cap,ガラス・土石製品,3,1,6,0.1,0.9053,0.0294,-0.0043,1.6446,-0.119,False,False
外部需求 → 日本,us_ord_cap,ガラス・土石製品,3,3,0,0.5387,0.6256,-0.0342,0.0182,-0.6148,0.4879,False,False
外部需求 → 日本,us_ord_cap,ガラス・土石製品,3,3,3,0.9842,0.4217,0.001,0.0248,0.0199,0.8036,False,False
外部需求 → 日本,us_ord_cap,ガラス・土石製品,3,3,6,0.0809,0.4081,0.0725,0.048,1.7454,0.8272,False,False
外部需求 → 日本,us_ord_cap,ガラス・土石製品,3,6,0,0.6089,0.0971,-0.037,0.066,-0.5116,1.6589,False,False
外部需求 → 日本,us_ord_cap,ガラス・土石製品,3,6,3,0.2833,0.3286,0.0703,0.0624,1.0729,0.977,False,False
外部需求 → 日本,us_ord_cap,ガラス・土石製品,3,6,6,0.959,0.1033,-0.0036,0.1323,-0.0514,1.6292,False,False
外部需求 → 日本,us_ord_cap,ガラス・土石製品,6,1,0,0.8959,0.7848,-0.0022,0.006,-0.1308,0.273,False,False
外部需求 → 日本,us_ord_cap,ガラス・土石製品,6,1,3,0.2757,0.6995,0.0178,0.0083,1.0901,0.386,False,False
外部需求 → 日本,us_ord_cap,ガラス・土石製品,6,1,6,0.6688,0.2189,0.0059,0.0322,0.4278,1.2294,False,False
外部需求 → 日本,us_ord_cap,ガラス・土石製品,6,3,0,0.4945,0.2061,-0.0249,0.0381,-0.6831,1.2645,False,False
外部需求 → 日本,us_ord_cap,ガラス・土石製品,6,3,3,0.3394,0.1309,0.0363,0.0602,0.9553,1.5105,False,False
外部需求 → 日本,us_ord_cap,ガラス・土石製品,6,3,6,0.9552,0.1405,-0.0022,0.0725,-0.0561,1.4738,False,False
外部需求 → 日本,us_ord_cap,ガラス・土石製品,6,6,0,0.8859,0.0535,0.0091,0.1092,0.1435,1.9307,False,False
外部需求 → 日本,us_ord_cap,ガラス・土石製品,6,6,3,0.6144,0.044,0.0317,0.1615,0.5039,2.0139,False,False
外部需求 → 日本,us_ord_cap,ガラス・土石製品,6,6,6,0.3111,0.1521,-0.0626,0.0975,-1.013,1.4321,False,False
外部需求 → 日本,us_ord_cap,ゴム製品,1,1,0,0.6235,0.1975,0.0224,-0.0474,0.4909,-1.2888,False,False
外部需求 → 日本,us_ord_cap,ゴム製品,1,1,3,0.6111,0.9202,-0.0239,-0.0034,-0.5086,-0.1002,False,False
外部需求 → 日本,us_ord_cap,ゴム製品,1,1,6,0.0127,0.716,-0.1123,0.0142,-2.4928,0.3638,False,False
外部需求 → 日本,us_ord_cap,ゴム製品,1,3,0,0.5509,0.5091,0.0399,-0.0232,0.5964,-0.6602,False,False
外部需求 → 日本,us_ord_cap,ゴム製品,1,3,3,0.0741,0.1779,0.1109,0.0537,1.7862,1.3473,False,False
外部需求 → 日本,us_ord_cap,ゴム製品,1,3,6,0.7584,0.7029,0.0217,0.0188,0.3076,0.3814,False,False
外部需求 → 日本,us_ord_cap,ゴム製品,1,6,0,0.0252,0.6069,0.1501,0.0272,2.2384,0.5145,False,False
外部需求 → 日本,us_ord_cap,ゴム製品,1,6,3,0.0583,0.1797,0.1308,0.0762,1.8936,1.3418,False,False
外部需求 → 日本,us_ord_cap,ゴム製品,1,6,6,0.846,0.5416,0.017,-0.0239,0.1942,-0.6103,False,False
外部需求 → 日本,us_ord_cap,ゴム製品,3,1,0,0.4579,0.4884,0.0293,-0.0203,0.7423,-0.6928,False,False
外部需求 → 日本,us_ord_cap,ゴム製品,3,1,3,0.0118,0.0446,0.0749,0.0682,2.5178,2.0083,False,False
外部需求 → 日本,us_ord_cap,ゴム製品,3,1,6,0.7186,0.6957,0.016,0.0141,0.3603,0.3912,False,False
外部需求 → 日本,us_ord_cap,ゴム製品,3,3,0,0.2327,0.6342,0.0749,0.0306,1.1934,0.4758,False,False
外部需求 → 日本,us_ord_cap,ゴム製品,3,3,3,0.061,0.0,0.0992,0.2335,1.8737,4.2718,False,False
外部需求 → 日本,us_ord_cap,ゴム製品,3,3,6,0.4623,0.1981,0.0706,-0.0822,0.7351,-1.2871,False,False
外部需求 → 日本,us_ord_cap,ゴム製品,3,6,0,0.016,0.0004,0.1817,0.2612,2.4086,3.5646,False,False
外部需求 → 日本,us_ord_cap,ゴム製品,3,6,3,0.1851,0.0697,0.1774,0.1499,1.3252,1.8137,False,False
外部需求 → 日本,us_ord_cap,ゴム製品,3,6,6,0.0522,0.0431,0.1672,-0.1661,1.9417,-2.0229,False,False
外部需求 → 日本,us_ord_cap,ゴム製品,6,1,0,0.009,0.1948,0.0537,0.0434,2.6124,1.2964,False,False
外部需求 → 日本,us_ord_cap,ゴム製品,6,1,3,0.0158,0.0917,0.0586,0.0632,2.4139,1.6863,False,False
外部需求 → 日本,us_ord_cap,ゴム製品,6,1,6,0.8897,0.4538,0.0039,-0.0225,0.1387,-0.7492,False,False
外部需求 → 日本,us_ord_cap,ゴム製品,6,3,0,0.0085,0.0,0.1009,0.2263,2.631,4.3369,False,False
外部需求 → 日本,us_ord_cap,ゴム製品,6,3,3,0.1307,0.0118,0.0947,0.124,1.5115,2.5195,False,False
外部需求 → 日本,us_ord_cap,ゴム製品,6,3,6,0.0313,0.0108,0.0832,-0.1485,2.1527,-2.5502,False,False
外部需求 → 日本,us_ord_cap,ゴム製品,6,6,0,0.0054,0.0,0.2036,0.3491,2.781,5.4118,False,False
外部需求 → 日本,us_ord_cap,ゴム製品,6,6,3,0.0359,0.88,0.1817,-0.0126,2.0986,-0.1509,False,False
外部需求 → 日本,us_ord_cap,ゴム製品,6,6,6,0.0119,0.1278,0.1392,-0.15,2.5159,-1.5229,False,False
外部需求 → 日本,us_ord_cap,サービス業,1,1,0,0.7433,0.2234,0.0072,-0.0348,0.3275,-1.2175,False,False
外部需求 → 日本,us_ord_cap,サービス業,1,1,3,0.8217,0.0279,0.0051,-0.0568,0.2254,-2.1991,False,False
外部需求 → 日本,us_ord_cap,サービス業,1,1,6,0.4138,0.4677,0.0238,-0.0237,0.8173,-0.7263,False,False
外部需求 → 日本,us_ord_cap,サービス業,1,3,0,0.2385,0.2769,0.0484,0.0425,1.1788,1.0872,False,False
外部需求 → 日本,us_ord_cap,サービス業,1,3,3,0.7304,0.5102,-0.0115,-0.0255,-0.3447,-0.6585,False,False
外部需求 → 日本,us_ord_cap,サービス業,1,3,6,0.4658,0.4771,-0.0246,0.0258,-0.7293,0.711,False,False
外部需求 → 日本,us_ord_cap,サービス業,1,6,0,0.4201,0.9455,0.0395,-0.0029,0.8063,-0.0684,False,False
外部需求 → 日本,us_ord_cap,サービス業,1,6,3,0.424,0.9751,-0.0346,0.0015,-0.7996,0.0312,False,False
外部需求 → 日本,us_ord_cap,サービス業,1,6,6,0.9771,0.5186,0.0011,-0.0264,0.0287,-0.6456,False,False
外部需求 → 日本,us_ord_cap,サービス業,3,1,0,0.0763,0.2802,0.0394,0.0301,1.7726,1.0799,False,False
外部需求 → 日本,us_ord_cap,サービス業,3,1,3,0.8556,0.2474,-0.0036,-0.035,-0.182,-1.1568,False,False
外部需求 → 日本,us_ord_cap,サービス業,3,1,6,0.3586,0.2169,-0.0209,0.0316,-0.9181,1.2349,False,False
外部需求 → 日本,us_ord_cap,サービス業,3,3,0,0.0581,0.9133,0.0978,-0.0047,1.8948,-0.1089,False,False
外部需求 → 日本,us_ord_cap,サービス業,3,3,3,0.9985,0.8632,-0.0001,-0.0098,-0.0019,-0.1723,False,False
外部需求 → 日本,us_ord_cap,サービス業,3,3,6,0.5425,0.9229,-0.0295,-0.0052,-0.609,-0.0968,False,False
外部需求 → 日本,us_ord_cap,サービス業,3,6,0,0.1841,0.7362,0.0969,-0.0206,1.3283,-0.3369,False,False
外部需求 → 日本,us_ord_cap,サービス業,3,6,3,0.6445,0.7068,-0.0289,-0.0248,-0.4614,-0.3761,False,False
外部需求 → 日本,us_ord_cap,サービス業,3,6,6,0.6676,0.5567,0.0282,-0.0532,0.4294,-0.5878,False,False
外部需求 → 日本,us_ord_cap,サービス業,6,1,0,0.3626,0.8902,0.0162,-0.0027,0.9104,-0.1381,False,False
外部需求 → 日本,us_ord_cap,サービス業,6,1,3,0.3883,0.6758,-0.0135,-0.0119,-0.8627,-0.4183,False,False
外部需求 → 日本,us_ord_cap,サービス業,6,1,6,0.7996,0.4499,0.0036,-0.0241,0.2539,-0.7555,False,False
外部需求 → 日本,us_ord_cap,サービス業,6,3,0,0.1706,0.767,0.0521,-0.0139,1.3703,-0.2963,False,False
外部需求 → 日本,us_ord_cap,サービス業,6,3,3,0.6737,0.5571,-0.015,-0.0308,-0.4211,-0.5871,False,False
外部需求 → 日本,us_ord_cap,サービス業,6,3,6,0.4447,0.5333,0.0223,-0.0412,0.7643,-0.623,False,False
外部需求 → 日本,us_ord_cap,サービス業,6,6,0,0.5198,0.4354,0.0378,-0.0583,0.6437,-0.78,False,False
外部需求 → 日本,us_ord_cap,サービス業,6,6,3,0.8969,0.4373,0.0065,-0.0829,0.1296,-0.7767,False,False
外部需求 → 日本,us_ord_cap,サービス業,6,6,6,0.5406,0.225,0.0279,-0.0876,0.6119,-1.2133,False,False
外部需求 → 日本,us_ord_cap,パルプ・紙,1,1,0,0.6,0.4751,-0.026,-0.0325,-0.5244,-0.7142,False,False
外部需求 → 日本,us_ord_cap,パルプ・紙,1,1,3,0.2902,0.7403,0.0619,-0.0131,1.0576,-0.3314,False,False
外部需求 → 日本,us_ord_cap,パルプ・紙,1,1,6,0.2812,0.6653,-0.064,0.0165,-1.0776,0.4326,False,False
外部需求 → 日本,us_ord_cap,パルプ・紙,1,3,0,0.4548,0.3307,-0.0535,0.0494,-0.7475,0.9726,False,False
外部需求 → 日本,us_ord_cap,パルプ・紙,1,3,3,0.3869,0.2604,0.0714,-0.0533,0.8653,-1.1255,False,False
外部需求 → 日本,us_ord_cap,パルプ・紙,1,3,6,0.4907,0.6524,-0.0393,0.0241,-0.6892,0.4505,False,False
外部需求 → 日本,us_ord_cap,パルプ・紙,1,6,0,0.9274,0.7101,0.0108,-0.0254,0.0912,-0.3717,False,False
外部需求 → 日本,us_ord_cap,パルプ・紙,1,6,3,0.7617,0.6127,0.0291,-0.0212,0.3032,-0.5063,False,False
外部需求 → 日本,us_ord_cap,パルプ・紙,1,6,6,0.2564,0.8798,0.0873,-0.0075,1.1349,-0.1512,False,False
外部需求 → 日本,us_ord_cap,パルプ・紙,3,1,0,0.5398,0.4017,-0.035,0.0331,-0.6131,0.8386,False,False
外部需求 → 日本,us_ord_cap,パルプ・紙,3,1,3,0.2343,0.1622,0.0565,-0.0522,1.1892,-1.3976,False,False
外部需求 → 日本,us_ord_cap,パルプ・紙,3,1,6,0.64,0.4552,-0.0224,0.034,-0.4677,0.7468,False,False
外部需求 → 日本,us_ord_cap,パルプ・紙,3,3,0,0.6713,0.1685,0.0567,0.1134,0.4244,1.377,False,False
外部需求 → 日本,us_ord_cap,パルプ・紙,3,3,3,0.8882,0.0596,-0.0155,-0.099,-0.1405,-1.8835,False,False
外部需求 → 日本,us_ord_cap,パルプ・紙,3,3,6,0.2543,0.4945,0.0914,0.0595,1.1399,0.6831,False,False
外部需求 → 日本,us_ord_cap,パルプ・紙,3,6,0,0.8812,0.8369,0.0291,0.0208,0.1495,0.2059,False,False
外部需求 → 日本,us_ord_cap,パルプ・紙,3,6,3,0.6429,0.4624,0.0658,-0.046,0.4636,-0.735,False,False
外部需求 → 日本,us_ord_cap,パルプ・紙,3,6,6,0.0433,0.6646,0.2325,-0.0276,2.0207,-0.4335,False,False
外部需求 → 日本,us_ord_cap,パルプ・紙,6,1,0,0.7656,0.7477,0.0127,-0.0131,0.2982,-0.3216,False,False
外部需求 → 日本,us_ord_cap,パルプ・紙,6,1,3,0.552,0.6177,0.0194,-0.0148,0.5948,-0.4991,False,False
外部需求 → 日本,us_ord_cap,パルプ・紙,6,1,6,0.2698,0.8117,0.0362,-0.0076,1.1036,-0.2383,False,False
外部需求 → 日本,us_ord_cap,パルプ・紙,6,3,0,0.7948,0.8439,0.0257,0.0151,0.2601,0.1969,False,False
外部需求 → 日本,us_ord_cap,パルプ・紙,6,3,3,0.5878,0.6224,0.0417,-0.0254,0.5421,-0.4925,False,False
外部需求 → 日本,us_ord_cap,パルプ・紙,6,3,6,0.0494,0.876,0.1185,-0.0084,1.965,-0.156,False,False
外部需求 → 日本,us_ord_cap,パルプ・紙,6,6,0,0.6876,0.853,0.0556,-0.0126,0.4021,-0.1853,False,False
外部需求 → 日本,us_ord_cap,パルプ・紙,6,6,3,0.1961,0.3561,0.1533,-0.0604,1.2928,-0.9229,False,False
外部需求 → 日本,us_ord_cap,パルプ・紙,6,6,6,0.1981,0.7099,0.107,0.0244,1.2871,0.372,False,False
外部需求 → 日本,us_ord_cap,不動産業,1,1,0,0.7594,0.0727,0.0168,-0.0528,0.3062,-1.7949,False,False
外部需求 → 日本,us_ord_cap,不動産業,1,1,3,0.6278,0.1136,-0.0199,-0.0404,-0.4848,-1.5822,False,False
外部需求 → 日本,us_ord_cap,不動産業,1,1,6,0.4704,0.0342,-0.0384,-0.0467,-0.7219,-2.1181,False,False
外部需求 → 日本,us_ord_cap,不動産業,1,3,0,0.8476,0.6627,0.0143,0.0155,0.1921,0.4361,False,False
外部需求 → 日本,us_ord_cap,不動産業,1,3,3,0.7319,0.1739,-0.0269,-0.0348,-0.3426,-1.3599,False,False
外部需求 → 日本,us_ord_cap,不動産業,1,3,6,0.4766,0.1094,-0.0466,0.0379,-0.7118,1.6008,False,False
外部需求 → 日本,us_ord_cap,不動産業,1,6,0,0.9401,0.3446,0.0077,-0.0306,0.0751,-0.9451,False,False
外部需求 → 日本,us_ord_cap,不動産業,1,6,3,0.4497,0.7467,-0.0565,0.01,-0.7559,0.323,False,False
外部需求 → 日本,us_ord_cap,不動産業,1,6,6,0.9716,0.2347,-0.0023,0.0414,-0.0356,1.1883,False,False
外部需求 → 日本,us_ord_cap,不動産業,3,1,0,0.7367,0.3773,0.0195,0.0268,0.3362,0.883,False,False
外部需求 → 日本,us_ord_cap,不動産業,3,1,3,0.8199,0.3815,-0.0103,-0.0235,-0.2276,-0.8752,False,False
外部需求 → 日本,us_ord_cap,不動産業,3,1,6,0.2748,0.0593,-0.0389,0.0376,-1.0921,1.8858,False,False
外部需求 → 日本,us_ord_cap,不動産業,3,3,0,0.8493,0.3791,-0.0202,0.0399,-0.1901,0.8795,False,False
外部需求 → 日本,us_ord_cap,不動産業,3,3,3,0.544,0.1778,-0.0551,-0.0492,-0.6068,-1.3476,False,False
外部需求 → 日本,us_ord_cap,不動産業,3,3,6,0.93,0.0406,-0.0069,0.0977,-0.0878,2.0473,False,False
外部需求 → 日本,us_ord_cap,不動産業,3,6,0,0.6119,0.5641,-0.0692,-0.0326,-0.5074,-0.5768,False,False
外部需求 → 日本,us_ord_cap,不動産業,3,6,3,0.5887,0.1998,-0.0685,0.065,-0.5407,1.282,False,False
外部需求 → 日本,us_ord_cap,不動産業,3,6,6,0.9945,0.6516,0.0009,0.0304,0.0069,0.4515,False,False
外部需求 → 日本,us_ord_cap,不動産業,6,1,0,0.9153,0.9801,0.0042,0.0006,0.1064,0.0249,False,False
外部需求 → 日本,us_ord_cap,不動産業,6,1,3,0.3297,0.5551,-0.0246,0.0121,-0.9747,0.5901,False,False
外部需求 → 日本,us_ord_cap,不動産業,6,1,6,0.9926,0.2436,-0.0003,0.0196,-0.0093,1.166,False,False
外部需求 → 日本,us_ord_cap,不動産業,6,3,0,0.4985,0.9034,-0.0449,0.0053,-0.6769,0.1213,False,False
外部需求 → 日本,us_ord_cap,不動産業,6,3,3,0.6975,0.3586,-0.0245,0.0351,-0.3887,0.9181,False,False
外部需求 → 日本,us_ord_cap,不動産業,6,3,6,0.9594,0.2601,0.0033,0.0565,0.051,1.126,False,False
外部需求 → 日本,us_ord_cap,不動産業,6,6,0,0.457,0.5812,-0.0697,0.0331,-0.7438,0.5517,False,False
外部需求 → 日本,us_ord_cap,不動産業,6,6,3,0.828,0.2937,-0.0227,0.0691,-0.2173,1.0501,False,False
外部需求 → 日本,us_ord_cap,不動産業,6,6,6,0.9038,0.852,0.0169,0.0136,0.1209,0.1866,False,False
外部需求 → 日本,us_ord_cap,保険業,1,1,0,0.8134,0.3041,0.0097,-0.0312,0.236,-1.0276,False,False
外部需求 → 日本,us_ord_cap,保険業,1,1,3,0.2963,0.0435,-0.0443,-0.0655,-1.0444,-2.0192,False,False
外部需求 → 日本,us_ord_cap,保険業,1,1,6,0.6737,0.0537,-0.0195,-0.0673,-0.421,-1.9293,False,False
外部需求 → 日本,us_ord_cap,保険業,1,3,0,0.9327,0.753,0.0041,0.0145,0.0844,0.3147,False,False
外部需求 → 日本,us_ord_cap,保険業,1,3,3,0.5972,0.7174,0.0306,-0.0155,0.5284,-0.362,False,False
外部需求 → 日本,us_ord_cap,保険業,1,3,6,0.5034,0.337,0.0393,-0.041,0.6692,-0.96,False,False
外部需求 → 日本,us_ord_cap,保険業,1,6,0,0.6039,0.9374,0.0415,-0.0033,0.5188,-0.0786,False,False
外部需求 → 日本,us_ord_cap,保険業,1,6,3,0.4183,0.3607,0.0732,-0.0336,0.8093,-0.914,False,False
外部需求 → 日本,us_ord_cap,保険業,1,6,6,0.1474,0.8441,0.1112,0.0075,1.4489,0.1966,False,False
外部需求 → 日本,us_ord_cap,保険業,3,1,0,0.897,0.6596,-0.004,0.016,-0.1295,0.4404,False,False
外部需求 → 日本,us_ord_cap,保険業,3,1,3,0.5341,0.9023,0.0255,-0.004,0.6217,-0.1227,False,False
外部需求 → 日本,us_ord_cap,保険業,3,1,6,0.4061,0.3734,0.0289,-0.0324,0.8307,-0.8901,False,False
外部需求 → 日本,us_ord_cap,保険業,3,3,0,0.6498,0.4105,-0.0362,-0.0458,-0.454,-0.823,False,False
外部需求 → 日本,us_ord_cap,保険業,3,3,3,0.1592,0.4585,0.1076,-0.0443,1.4078,-0.7413,False,False
外部需求 → 日本,us_ord_cap,保険業,3,3,6,0.2607,0.7648,0.067,0.0179,1.1248,0.2991,False,False
外部需求 → 日本,us_ord_cap,保険業,3,6,0,0.5721,0.0379,0.0854,-0.1063,0.5649,-2.0756,False,False
外部需求 → 日本,us_ord_cap,保険業,3,6,3,0.144,0.7719,0.1824,-0.0135,1.4611,-0.2898,False,False
外部需求 → 日本,us_ord_cap,保険業,3,6,6,0.2767,0.382,0.1166,0.0636,1.0876,0.8742,False,False
外部需求 → 日本,us_ord_cap,保険業,6,1,0,0.6773,0.9873,0.0125,0.0004,0.4162,0.0159,False,False
外部需求 → 日本,us_ord_cap,保険業,6,1,3,0.3794,0.4891,0.0255,-0.0198,0.879,-0.6918,False,False
外部需求 → 日本,us_ord_cap,保険業,6,1,6,0.0245,0.8301,0.0458,0.0053,2.2496,0.2146,False,False
外部需求 → 日本,us_ord_cap,保険業,6,3,0,0.6278,0.0956,0.0354,-0.0792,0.4848,-1.6667,False,False
外部需求 → 日本,us_ord_cap,保険業,6,3,3,0.1206,0.9702,0.0868,-0.0013,1.5521,-0.0374,False,False
外部需求 → 日本,us_ord_cap,保険業,6,3,6,0.1521,0.1258,0.0638,0.0721,1.4322,1.531,False,False
外部需求 → 日本,us_ord_cap,保険業,6,6,0,0.2941,0.1246,0.1337,-0.0832,1.0491,-1.5357,False,False
外部需求 → 日本,us_ord_cap,保険業,6,6,3,0.1055,0.2826,0.156,0.0601,1.6189,1.0745,False,False
外部需求 → 日本,us_ord_cap,保険業,6,6,6,0.0627,0.0386,0.1558,0.1144,1.8612,2.069,False,False
外部需求 → 日本,us_ord_cap,化学,1,1,0,0.2693,0.0637,-0.014,0.0236,-1.1046,1.8541,False,False
外部需求 → 日本,us_ord_cap,化学,1,1,3,0.9954,0.1447,0.0001,0.0165,0.0058,1.4584,False,False
外部需求 → 日本,us_ord_cap,化学,1,1,6,0.2688,0.4453,-0.0165,-0.0127,-1.1057,-0.7634,False,False
外部需求 → 日本,us_ord_cap,化学,1,3,0,0.5379,0.4672,-0.0129,-0.0127,-0.616,-0.7271,False,False
外部需求 → 日本,us_ord_cap,化学,1,3,3,0.9607,0.9231,-0.001,0.0016,-0.0493,0.0965,False,False
外部需求 → 日本,us_ord_cap,化学,1,3,6,0.1938,0.9168,-0.0258,-0.0018,-1.2995,-0.1045,False,False
外部需求 → 日本,us_ord_cap,化学,1,6,0,0.5603,0.7372,-0.0167,0.0051,-0.5824,0.3356,False,False
外部需求 → 日本,us_ord_cap,化学,1,6,3,0.2623,0.6843,-0.0298,-0.0086,-1.1209,-0.4066,False,False
外部需求 → 日本,us_ord_cap,化学,1,6,6,0.068,0.8208,-0.0411,-0.0039,-1.8251,-0.2265,False,False
外部需求 → 日本,us_ord_cap,化学,3,1,0,0.4329,0.5139,-0.0086,-0.0084,-0.7843,-0.6528,False,False
外部需求 → 日本,us_ord_cap,化学,3,1,3,0.9223,0.6299,-0.0012,0.0071,-0.0976,0.4819,False,False
外部需求 → 日本,us_ord_cap,化学,3,1,6,0.1671,0.6068,-0.0176,-0.0071,-1.3814,-0.5146,False,False
外部需求 → 日本,us_ord_cap,化学,3,3,0,0.7939,0.4748,-0.006,-0.0158,-0.2612,-0.7147,False,False
外部需求 → 日本,us_ord_cap,化学,3,3,3,0.4588,0.0313,-0.0215,-0.0388,-0.7408,-2.1539,False,False
外部需求 → 日本,us_ord_cap,化学,3,3,6,0.0819,0.4189,-0.0384,0.0248,-1.7398,0.8084,False,False
外部需求 → 日本,us_ord_cap,化学,3,6,0,0.5305,0.0942,-0.0281,-0.0356,-0.6272,-1.6736,False,False
外部需求 → 日本,us_ord_cap,化学,3,6,3,0.1433,0.4392,-0.0614,-0.0262,-1.4635,-0.7736,False,False
外部需求 → 日本,us_ord_cap,化学,3,6,6,0.018,0.3058,-0.0761,0.0438,-2.3654,1.0242,False,False
外部需求 → 日本,us_ord_cap,化学,6,1,0,0.63,0.9134,-0.0041,-0.0012,-0.4817,-0.1088,False,False
外部需求 → 日本,us_ord_cap,化学,6,1,3,0.2771,0.9583,-0.0097,0.0005,-1.087,0.0523,False,False
外部需求 → 日本,us_ord_cap,化学,6,1,6,0.0622,0.7535,-0.0153,0.0037,-1.865,0.3141,False,False
外部需求 → 日本,us_ord_cap,化学,6,3,0,0.709,0.0004,-0.009,-0.0478,-0.3733,-3.5419,False,False
外部需求 → 日本,us_ord_cap,化学,6,3,3,0.1001,0.4565,-0.0305,-0.0149,-1.6444,-0.7446,False,False
外部需求 → 日本,us_ord_cap,化学,6,3,6,0.0025,0.532,-0.0431,0.0157,-3.0258,0.6249,True,False
外部需求 → 日本,us_ord_cap,化学,6,6,0,0.3211,0.0073,-0.0406,-0.0573,-0.9922,-2.6826,False,False
外部需求 → 日本,us_ord_cap,化学,6,6,3,0.0044,0.757,-0.0748,0.0116,-2.8505,0.3094,False,False
外部需求 → 日本,us_ord_cap,化学,6,6,6,0.0264,0.5807,-0.0641,0.028,-2.2209,0.5524,False,False
外部需求 → 日本,us_ord_cap,医薬品,1,1,0,0.4228,0.6992,0.0319,0.0115,0.8016,0.3864,False,False
外部需求 → 日本,us_ord_cap,医薬品,1,1,3,0.9138,0.096,-0.004,-0.0515,-0.1083,-1.6647,False,False
外部需求 → 日本,us_ord_cap,医薬品,1,1,6,0.0606,0.1342,0.0717,0.0488,1.8763,1.4978,False,False
外部需求 → 日本,us_ord_cap,医薬品,1,3,0,0.8368,0.4546,-0.0126,0.0237,-0.206,0.7478,False,False
外部需求 → 日本,us_ord_cap,医薬品,1,3,3,0.2501,0.0465,-0.0568,-0.0951,-1.1502,-1.991,False,False
外部需求 → 日本,us_ord_cap,医薬品,1,3,6,0.8768,0.4452,0.0076,0.0318,0.155,0.7634,False,False
外部需求 → 日本,us_ord_cap,医薬品,1,6,0,0.282,0.0971,-0.0749,-0.0805,-1.0759,-1.659,False,False
外部需求 → 日本,us_ord_cap,医薬品,1,6,3,0.3397,0.1845,-0.0541,-0.0568,-0.9547,-1.3271,False,False
外部需求 → 日本,us_ord_cap,医薬品,1,6,6,0.2101,0.2407,0.0735,0.062,1.2534,1.1733,False,False
外部需求 → 日本,us_ord_cap,医薬品,3,1,0,0.8048,0.3895,-0.0098,0.0233,-0.2471,0.8605,False,False
外部需求 → 日本,us_ord_cap,医薬品,3,1,3,0.1254,0.0133,-0.0461,-0.0827,-1.5324,-2.4755,False,False
外部需求 → 日本,us_ord_cap,医薬品,3,1,6,0.8322,0.4839,0.0063,0.0246,0.2119,0.7,False,False
外部需求 → 日本,us_ord_cap,医薬品,3,3,0,0.5353,0.7683,-0.0542,-0.0148,-0.62,-0.2945,False,False
外部需求 → 日本,us_ord_cap,医薬品,3,3,3,0.7979,0.0517,-0.018,-0.1117,-0.256,-1.9459,False,False
外部需求 → 日本,us_ord_cap,医薬品,3,3,6,0.9469,0.3223,0.0037,0.0628,0.0666,0.9897,False,False
外部需求 → 日本,us_ord_cap,医薬品,3,6,0,0.4571,0.0597,-0.0718,-0.159,-0.7436,-1.8828,False,False
外部需求 → 日本,us_ord_cap,医薬品,3,6,3,0.8639,0.8916,-0.0129,-0.012,-0.1715,-0.1363,False,False
外部需求 → 日本,us_ord_cap,医薬品,3,6,6,0.2792,0.4492,0.0918,-0.0559,1.0822,-0.7567,False,False
外部需求 → 日本,us_ord_cap,医薬品,6,1,0,0.3347,0.0553,-0.0315,-0.0484,-0.9648,-1.9161,False,False
外部需求 → 日本,us_ord_cap,医薬品,6,1,3,0.2478,0.0353,-0.0228,-0.0579,-1.1558,-2.1046,False,False
外部需求 → 日本,us_ord_cap,医薬品,6,1,6,0.1434,0.2914,0.0339,0.0323,1.4632,1.0551,False,False
外部需求 → 日本,us_ord_cap,医薬品,6,3,0,0.526,0.0725,-0.0371,-0.0948,-0.6341,-1.7962,False,False
外部需求 → 日本,us_ord_cap,医薬品,6,3,3,0.7728,0.4451,-0.0124,-0.047,-0.2887,-0.7636,False,False
外部需求 → 日本,us_ord_cap,医薬品,6,3,6,0.2187,0.9595,0.049,-0.0028,1.2299,-0.0508,False,False
外部需求 → 日本,us_ord_cap,医薬品,6,6,0,0.4769,0.1208,-0.0485,-0.1393,-0.7114,-1.5515,False,False
外部需求 → 日本,us_ord_cap,医薬品,6,6,3,0.5584,0.4755,0.0378,-0.0684,0.5852,-0.7136,False,False
外部需求 → 日本,us_ord_cap,医薬品,6,6,6,0.094,0.7909,0.107,-0.0269,1.6749,-0.2652,False,False
外部需求 → 日本,us_ord_cap,卸売業,1,1,0,0.7952,0.2204,0.0043,0.0144,0.2596,1.2255,False,False
外部需求 → 日本,us_ord_cap,卸売業,1,1,3,0.0076,0.4461,0.0341,-0.0081,2.6681,-0.7619,False,False
外部需求 → 日本,us_ord_cap,卸売業,1,1,6,0.1616,0.1414,0.0239,0.0176,1.3997,1.4707,False,False
外部需求 → 日本,us_ord_cap,卸売業,1,3,0,0.8702,0.1575,0.0043,0.0182,0.1634,1.4135,False,False
外部需求 → 日本,us_ord_cap,卸売業,1,3,3,0.7305,0.5849,-0.0076,-0.0056,-0.3445,-0.5462,False,False
外部需求 → 日本,us_ord_cap,卸売業,1,3,6,0.6273,0.2507,0.0112,0.0182,0.4855,1.1486,False,False
外部需求 → 日本,us_ord_cap,卸売業,1,6,0,0.8839,0.9908,-0.0044,-0.0002,-0.1461,-0.0115,False,False
外部需求 → 日本,us_ord_cap,卸売業,1,6,3,0.8975,0.1771,0.0034,0.0176,0.1289,1.3498,False,False
外部需求 → 日本,us_ord_cap,卸売業,1,6,6,0.256,0.3889,0.0308,0.0147,1.1359,0.8615,False,False
外部需求 → 日本,us_ord_cap,卸売業,3,1,0,0.8543,0.2708,0.0034,0.0133,0.1837,1.1013,False,False
外部需求 → 日本,us_ord_cap,卸売業,3,1,3,0.6459,0.2771,-0.007,-0.0132,-0.4594,-1.0869,False,False
外部需求 → 日本,us_ord_cap,卸売業,3,1,6,0.5492,0.0923,0.0091,0.0218,0.5989,1.6834,False,False
外部需求 → 日本,us_ord_cap,卸売業,3,3,0,0.2051,0.5559,0.0407,-0.0113,1.2672,-0.5889,False,False
外部需求 → 日本,us_ord_cap,卸売業,3,3,3,0.6551,0.5008,-0.0142,0.0149,-0.4467,0.6733,False,False
外部需求 → 日本,us_ord_cap,卸売業,3,3,6,0.3827,0.1107,0.0223,0.0361,0.8729,1.5952,False,False
外部需求 → 日本,us_ord_cap,卸売業,3,6,0,0.623,0.6776,0.0236,-0.0096,0.4916,-0.4157,False,False
外部需求 → 日本,us_ord_cap,卸売業,3,6,3,0.8564,0.0121,0.0062,0.0632,0.181,2.5098,False,False
外部需求 → 日本,us_ord_cap,卸売業,3,6,6,0.0289,0.8915,0.0827,0.0041,2.1844,0.1364,False,False
外部需求 → 日本,us_ord_cap,卸売業,6,1,0,0.8835,0.8737,-0.0018,-0.0018,-0.1466,-0.159,False,False
外部需求 → 日本,us_ord_cap,卸売業,6,1,3,0.9525,0.4285,0.0005,0.0064,0.0596,0.7917,False,False
外部需求 → 日本,us_ord_cap,卸売業,6,1,6,0.2608,0.2788,0.0114,0.0105,1.1245,1.0831,False,False
外部需求 → 日本,us_ord_cap,卸売業,6,3,0,0.6387,0.8663,0.0127,-0.0022,0.4695,-0.1683,False,False
外部需求 → 日本,us_ord_cap,卸売業,6,3,3,0.8295,0.0189,0.0039,0.0427,0.2153,2.3468,False,False
外部需求 → 日本,us_ord_cap,卸売業,6,3,6,0.0262,0.4442,0.0449,0.0137,2.223,0.7651,False,False
外部需求 → 日本,us_ord_cap,卸売業,6,6,0,0.7135,0.0895,0.014,0.0401,0.3672,1.6982,False,False
外部需求 → 日本,us_ord_cap,卸売業,6,6,3,0.0333,0.1282,0.0481,0.0477,2.1281,1.5213,False,False
外部需求 → 日本,us_ord_cap,卸売業,6,6,6,0.052,0.6249,0.0663,0.0173,1.9433,0.4889,False,False
外部需求 → 日本,us_ord_cap,小売業,1,1,0,0.619,0.8582,-0.0148,0.0038,-0.4973,0.1787,False,False
外部需求 → 日本,us_ord_cap,小売業,1,1,3,0.3458,0.3648,0.0255,-0.019,0.9428,-0.9062,False,False
外部需求 → 日本,us_ord_cap,小売業,1,1,6,0.1874,0.3955,0.036,0.0214,1.3183,0.8496,False,False
外部需求 → 日本,us_ord_cap,小売業,1,3,0,0.5045,0.97,-0.0298,0.0011,-0.6675,0.0376,False,False
外部需求 → 日本,us_ord_cap,小売業,1,3,3,0.4618,0.656,-0.0288,-0.012,-0.736,-0.4455,False,False
外部需求 → 日本,us_ord_cap,小売業,1,3,6,0.9593,0.9289,0.002,0.0027,0.0511,0.0892,False,False
外部需求 → 日本,us_ord_cap,小売業,1,6,0,0.307,0.4428,-0.0558,-0.0286,-1.0216,-0.7676,False,False
外部需求 → 日本,us_ord_cap,小売業,1,6,3,0.611,0.8872,-0.0237,0.0047,-0.5087,0.1419,False,False
外部需求 → 日本,us_ord_cap,小売業,1,6,6,0.7804,0.497,0.0144,-0.0187,0.2788,-0.6792,False,False
外部需求 → 日本,us_ord_cap,小売業,3,1,0,0.6233,0.7198,-0.014,-0.0099,-0.4912,-0.3587,False,False
外部需求 → 日本,us_ord_cap,小売業,3,1,3,0.3305,0.6027,-0.0225,-0.0113,-0.9731,-0.5205,False,False
外部需求 → 日本,us_ord_cap,小売業,3,1,6,0.9766,0.7026,0.0008,0.0089,0.0294,0.3819,False,False
外部需求 → 日本,us_ord_cap,小売業,3,3,0,0.9774,0.1523,0.0019,-0.0501,0.0284,-1.4314,False,False
外部需求 → 日本,us_ord_cap,小売業,3,3,3,0.2205,0.8783,-0.0635,0.0067,-1.2252,0.1531,False,False
外部需求 → 日本,us_ord_cap,小売業,3,3,6,0.8216,0.2013,-0.0118,-0.0445,-0.2255,-1.2778,False,False
外部需求 → 日本,us_ord_cap,小売業,3,6,0,0.4972,0.1615,-0.057,-0.0596,-0.6789,-1.4001,False,False
外部需求 → 日本,us_ord_cap,小売業,3,6,3,0.2546,0.468,-0.0737,-0.0355,-1.1392,-0.7257,False,False
外部需求 → 日本,us_ord_cap,小売業,3,6,6,0.8977,0.0106,0.0079,-0.1309,0.1286,-2.555,False,False
外部需求 → 日本,us_ord_cap,小売業,6,1,0,0.4073,0.3641,-0.0201,-0.0178,-0.8287,-0.9075,False,False
外部需求 → 日本,us_ord_cap,小売業,6,1,3,0.5286,0.8676,-0.0113,-0.0035,-0.6302,-0.1667,False,False
外部需求 → 日本,us_ord_cap,小売業,6,1,6,0.876,0.5244,0.0025,-0.0121,0.156,-0.6365,False,False
外部需求 → 日本,us_ord_cap,小売業,6,3,0,0.5427,0.1536,-0.0297,-0.0371,-0.6087,-1.427,False,False
外部需求 → 日本,us_ord_cap,小売業,6,3,3,0.3039,0.3497,-0.0378,-0.0321,-1.0281,-0.9353,False,False
外部需求 → 日本,us_ord_cap,小売業,6,3,6,0.8092,0.0219,0.0078,-0.0847,0.2414,-2.2923,False,False
外部需求 → 日本,us_ord_cap,小売業,6,6,0,0.283,0.0797,-0.0642,-0.081,-1.0736,-1.7522,False,False
外部需求 → 日本,us_ord_cap,小売業,6,6,3,0.5537,0.0395,-0.0284,-0.1302,-0.5922,-2.0595,False,False
外部需求 → 日本,us_ord_cap,小売業,6,6,6,0.5486,0.0567,0.0188,-0.1084,0.5998,-1.9059,False,False
外部需求 → 日本,us_ord_cap,建設業,1,1,0,0.4962,0.8948,-0.0236,0.0028,-0.6805,0.1323,False,False
外部需求 → 日本,us_ord_cap,建設業,1,1,3,0.1821,0.8518,0.0397,0.0043,1.3343,0.1868,False,False
外部需求 → 日本,us_ord_cap,建設業,1,1,6,0.1111,0.3705,-0.0415,-0.0222,-1.5931,-0.8956,False,False
外部需求 → 日本,us_ord_cap,建設業,1,3,0,0.0463,0.2963,-0.0851,-0.0288,-1.9923,-1.0443,False,False
外部需求 → 日本,us_ord_cap,建設業,1,3,3,0.0926,0.7615,0.0854,0.0086,1.682,0.3035,False,False
外部需求 → 日本,us_ord_cap,建設業,1,3,6,0.8849,0.636,0.007,0.0123,0.1448,0.4732,False,False
外部需求 → 日本,us_ord_cap,建設業,1,6,0,0.8228,0.7582,0.0127,-0.0105,0.2239,-0.3078,False,False
外部需求 → 日本,us_ord_cap,建設業,1,6,3,0.1402,0.3386,0.0916,0.0267,1.4752,0.957,False,False
外部需求 → 日本,us_ord_cap,建設業,1,6,6,0.5173,0.4326,0.0463,0.0399,0.6475,0.7848,False,False
外部需求 → 日本,us_ord_cap,建設業,3,1,0,0.0228,0.5206,-0.0604,-0.0115,-2.2769,-0.6424,False,False
外部需求 → 日本,us_ord_cap,建設業,3,1,3,0.0394,0.2258,0.0601,0.0257,2.0595,1.2111,False,False
外部需求 → 日本,us_ord_cap,建設業,3,1,6,0.8739,0.9426,0.0046,0.0016,0.1587,0.072,False,False
外部需求 → 日本,us_ord_cap,建設業,3,3,0,0.2412,0.5016,-0.0729,-0.0267,-1.1719,-0.672,False,False
外部需求 → 日本,us_ord_cap,建設業,3,3,3,0.2469,0.5578,0.0803,0.0247,1.1578,0.5861,False,False
外部需求 → 日本,us_ord_cap,建設業,3,3,6,0.1088,0.6621,0.1081,0.0191,1.6036,0.437,False,False
外部需求 → 日本,us_ord_cap,建設業,3,6,0,0.8918,0.8457,0.0135,-0.0117,0.136,-0.1946,False,False
外部需求 → 日本,us_ord_cap,建設業,3,6,3,0.1352,0.2071,0.1839,0.0708,1.4939,1.2616,False,False
外部需求 → 日本,us_ord_cap,建設業,3,6,6,0.0787,0.6475,0.1744,-0.0202,1.7583,-0.4572,False,False
外部需求 → 日本,us_ord_cap,建設業,6,1,0,0.9557,0.3225,-0.0009,0.0159,-0.0555,0.9892,False,False
外部需求 → 日本,us_ord_cap,建設業,6,1,3,0.0334,0.1334,0.0353,0.0263,2.1278,1.5009,False,False
外部需求 → 日本,us_ord_cap,建設業,6,1,6,0.432,0.5363,0.0171,0.0178,0.7858,0.6185,False,False
外部需求 → 日本,us_ord_cap,建設業,6,3,0,0.9568,0.7748,-0.003,0.0103,-0.0542,0.2861,False,False
外部需求 → 日本,us_ord_cap,建設業,6,3,3,0.1114,0.3729,0.0962,0.0359,1.5919,0.8911,False,False
外部需求 → 日本,us_ord_cap,建設業,6,3,6,0.0187,0.678,0.0964,0.0142,2.3516,0.4152,False,False
外部需求 → 日本,us_ord_cap,建設業,6,6,0,0.3465,0.3115,0.0941,0.0607,0.9414,1.0121,False,False
外部需求 → 日本,us_ord_cap,建設業,6,6,3,0.0252,0.4941,0.1893,0.0436,2.2376,0.6838,False,False
外部需求 → 日本,us_ord_cap,建設業,6,6,6,0.0389,0.5716,0.1463,-0.0317,2.0652,-0.5657,False,False
外部需求 → 日本,us_ord_cap,情報・通信業,1,1,0,0.7755,0.4126,0.0056,-0.0264,0.2852,-0.8193,False,False
外部需求 → 日本,us_ord_cap,情報・通信業,1,1,3,0.7267,0.4286,-0.0089,-0.0194,-0.3495,-0.7916,False,False
外部需求 → 日本,us_ord_cap,情報・通信業,1,1,6,0.187,0.7157,0.0272,0.0144,1.3195,0.3642,False,False
外部需求 → 日本,us_ord_cap,情報・通信業,1,3,0,0.3765,0.8338,0.031,0.01,0.8843,0.2099,False,False
外部需求 → 日本,us_ord_cap,情報・通信業,1,3,3,0.2391,0.5743,-0.0386,-0.0312,-1.1773,-0.5617,False,False
外部需求 → 日本,us_ord_cap,情報・通信業,1,3,6,0.8831,0.4103,0.0048,-0.0376,0.147,-0.8235,False,False
外部需求 → 日本,us_ord_cap,情報・通信業,1,6,0,0.9197,0.5074,-0.0046,-0.0403,-0.1008,-0.6629,False,False
外部需求 → 日本,us_ord_cap,情報・通信業,1,6,3,0.6222,0.4647,-0.0227,-0.0503,-0.4927,-0.7312,False,False
外部需求 → 日本,us_ord_cap,情報・通信業,1,6,6,0.2384,0.1332,0.0441,-0.0895,1.1789,-1.5014,False,False
外部需求 → 日本,us_ord_cap,情報・通信業,3,1,0,0.1969,0.7487,0.0259,-0.0099,1.2904,-0.3203,False,False
外部需求 → 日本,us_ord_cap,情報・通信業,3,1,3,0.2295,0.2067,-0.0248,-0.0496,-1.2017,-1.2627,False,False
外部需求 → 日本,us_ord_cap,情報・通信業,3,1,6,0.9413,0.642,0.0015,-0.0143,0.0737,-0.4649,False,False
外部需求 → 日本,us_ord_cap,情報・通信業,3,3,0,0.4031,0.3482,0.0364,-0.0501,0.836,-0.9381,False,False
外部需求 → 日本,us_ord_cap,情報・通信業,3,3,3,0.9524,0.6636,-0.0027,-0.0315,-0.0597,-0.4349,False,False
外部需求 → 日本,us_ord_cap,情報・通信業,3,3,6,0.7033,0.1087,0.0157,-0.1297,0.3808,-1.6039,False,False
外部需求 → 日本,us_ord_cap,情報・通信業,3,6,0,0.6325,0.2442,0.0332,-0.1014,0.4782,-1.1647,False,False
外部需求 → 日本,us_ord_cap,情報・通信業,3,6,3,0.8165,0.1415,0.0159,-0.1633,0.232,-1.4702,False,False
外部需求 → 日本,us_ord_cap,情報・通信業,3,6,6,0.2316,0.0235,0.0656,-0.2917,1.1963,-2.2645,False,False
外部需求 → 日本,us_ord_cap,情報・通信業,6,1,0,0.9618,0.1263,0.0007,-0.0442,0.0479,-1.529,False,False
外部需求 → 日本,us_ord_cap,情報・通信業,6,1,3,0.4067,0.0056,-0.0134,-0.061,-0.8297,-2.7693,False,False
外部需求 → 日本,us_ord_cap,情報・通信業,6,1,6,0.2263,0.0778,0.0158,-0.0663,1.2099,-1.7633,False,False
外部需求 → 日本,us_ord_cap,情報・通信業,6,3,0,0.4661,0.2257,0.0237,-0.0752,0.7289,-1.2115,False,False
外部需求 → 日本,us_ord_cap,情報・通信業,6,3,3,0.8114,0.0192,0.0084,-0.1505,0.2386,-2.3426,False,False
外部需求 → 日本,us_ord_cap,情報・通信業,6,3,6,0.2305,0.0291,0.0328,-0.1945,1.1992,-2.1822,False,False
外部需求 → 日本,us_ord_cap,情報・通信業,6,6,0,0.5917,0.0029,0.0316,-0.2453,0.5364,-2.9833,False,False
外部需求 → 日本,us_ord_cap,情報・通信業,6,6,3,0.4489,0.0131,0.0418,-0.3718,0.7572,-2.4802,False,False
外部需求 → 日本,us_ord_cap,情報・通信業,6,6,6,0.6202,0.0298,0.0247,-0.3012,0.4956,-2.1729,False,False
外部需求 → 日本,us_ord_cap,機械,1,1,0,0.2082,0.9462,0.034,0.0015,1.2585,0.0675,False,False
外部需求 → 日本,us_ord_cap,機械,1,1,3,0.3115,0.3092,-0.0229,0.0203,-1.0121,1.017,False,False
外部需求 → 日本,us_ord_cap,機械,1,1,6,0.3908,0.6641,-0.024,-0.0115,-0.8582,-0.4343,False,False
外部需求 → 日本,us_ord_cap,機械,1,3,0,0.2225,0.8212,0.0496,-0.0068,1.22,-0.226,False,False
外部需求 → 日本,us_ord_cap,機械,1,3,3,0.6816,0.7204,-0.0123,0.01,-0.4103,0.3579,False,False
外部需求 → 日本,us_ord_cap,機械,1,3,6,0.6564,0.6154,0.0192,-0.0162,0.4449,-0.5024,False,False
外部需求 → 日本,us_ord_cap,機械,1,6,0,0.4715,0.6118,0.0351,0.0187,0.72,0.5075,False,False
外部需求 → 日本,us_ord_cap,機械,1,6,3,0.9995,0.4588,0.0,-0.0257,0.0006,-0.7407,False,False
外部需求 → 日本,us_ord_cap,機械,1,6,6,0.6695,0.752,-0.0235,0.0116,-0.4269,0.3161,False,False
外部需求 → 日本,us_ord_cap,機械,3,1,0,0.249,0.7135,0.0337,0.0086,1.1528,0.3671,False,False
外部需求 → 日本,us_ord_cap,機械,3,1,3,0.6108,0.6856,-0.0102,0.0104,-0.5089,0.4049,False,False
外部需求 → 日本,us_ord_cap,機械,3,1,6,0.6361,0.2773,0.0123,-0.0274,0.4732,-1.0864,False,False
外部需求 → 日本,us_ord_cap,機械,3,3,0,0.9197,0.1929,0.0063,0.0465,0.1008,1.302,False,False
外部需求 → 日本,us_ord_cap,機械,3,3,3,0.6288,0.4993,-0.0232,-0.0273,-0.4834,-0.6756,False,False
外部需求 → 日本,us_ord_cap,機械,3,3,6,0.6638,0.6977,0.0255,0.0164,0.4347,0.3884,False,False
外部需求 → 日本,us_ord_cap,機械,3,6,0,0.8486,0.3985,-0.0164,0.0364,-0.1909,0.8443,False,False
外部需求 → 日本,us_ord_cap,機械,3,6,3,0.988,0.845,-0.0013,-0.0113,-0.0151,-0.1956,False,False
外部需求 → 日本,us_ord_cap,機械,3,6,6,0.4039,0.4485,-0.0752,0.0494,-0.8348,0.758,False,False
外部需求 → 日本,us_ord_cap,機械,6,1,0,0.5683,0.4717,0.013,0.0145,0.5706,0.7198,False,False
外部需求 → 日本,us_ord_cap,機械,6,1,3,0.9672,0.5791,0.0007,-0.0107,0.0412,-0.5547,False,False
外部需求 → 日本,us_ord_cap,機械,6,1,6,0.5377,0.8108,-0.0094,0.0058,-0.6164,0.2394,False,False
外部需求 → 日本,us_ord_cap,機械,6,3,0,0.8111,0.7806,-0.01,0.0094,-0.239,0.2785,False,False
外部需求 → 日本,us_ord_cap,機械,6,3,3,0.9859,0.973,-0.0009,-0.0014,-0.0177,-0.0339,False,False
外部需求 → 日本,us_ord_cap,機械,6,3,6,0.2208,0.5562,-0.0465,0.0249,-1.2244,0.5885,False,False
外部需求 → 日本,us_ord_cap,機械,6,6,0,0.8662,0.7278,-0.0126,0.0217,-0.1685,0.3481,False,False
外部需求 → 日本,us_ord_cap,機械,6,6,3,0.5295,0.5992,-0.0497,0.0408,-0.6287,0.5255,False,False
外部需求 → 日本,us_ord_cap,機械,6,6,6,0.0743,0.89,-0.111,-0.0087,-1.7845,-0.1383,False,False
外部需求 → 日本,us_ord_cap,水産・農林業,1,1,0,0.1477,0.1868,-0.0634,0.0371,-1.4478,1.3201,False,False
外部需求 → 日本,us_ord_cap,水産・農林業,1,1,3,0.0072,0.9383,0.0928,0.0022,2.6892,0.0773,False,False
外部需求 → 日本,us_ord_cap,水産・農林業,1,1,6,0.5578,0.7012,0.0233,0.0133,0.5861,0.3838,False,False
外部需求 → 日本,us_ord_cap,水産・農林業,1,3,0,0.4887,0.9395,-0.0409,0.003,-0.6924,0.0759,False,False
外部需求 → 日本,us_ord_cap,水産・農林業,1,3,3,0.1301,0.4688,0.106,0.0261,1.5138,0.7244,False,False
外部需求 → 日本,us_ord_cap,水産・農林業,1,3,6,0.1061,0.8223,-0.0909,0.0115,-1.6161,0.2245,False,False
外部需求 → 日本,us_ord_cap,水産・農林業,1,6,0,0.3683,0.6703,0.081,0.0191,0.8997,0.4258,False,False
外部需求 → 日本,us_ord_cap,水産・農林業,1,6,3,0.7789,0.2267,0.02,0.0521,0.2808,1.2089,False,False
外部需求 → 日本,us_ord_cap,水産・農林業,1,6,6,0.4638,0.3234,-0.0482,0.033,-0.7327,0.9875,False,False
外部需求 → 日本,us_ord_cap,水産・農林業,3,1,0,0.517,0.9471,-0.0228,0.0022,-0.6479,0.0664,False,False
外部需求 → 日本,us_ord_cap,水産・農林業,3,1,3,0.0288,0.1515,0.0794,0.0368,2.1867,1.4343,False,False
外部需求 → 日本,us_ord_cap,水産・農林業,3,1,6,0.0605,0.7977,-0.0663,0.0086,-1.8772,0.2564,False,False
外部需求 → 日本,us_ord_cap,水産・農林業,3,3,0,0.1122,0.6722,0.132,-0.0208,1.5883,-0.4232,False,False
外部需求 → 日本,us_ord_cap,水産・農林業,3,3,3,0.481,0.2872,0.0606,0.0709,0.7046,1.0644,False,False
外部需求 → 日本,us_ord_cap,水産・農林業,3,3,6,0.0486,0.743,-0.1355,0.0256,-1.9717,0.3279,False,False
外部需求 → 日本,us_ord_cap,水産・農林業,3,6,0,0.1053,0.73,0.2123,0.0297,1.6196,0.3452,False,False
外部需求 → 日本,us_ord_cap,水産・農林業,3,6,3,0.5755,0.061,-0.0663,0.1153,-0.5599,1.8738,False,False
外部需求 → 日本,us_ord_cap,水産・農林業,3,6,6,0.511,0.5493,-0.0785,0.0343,-0.6573,0.5989,False,False
外部需求 → 日本,us_ord_cap,水産・農林業,6,1,0,0.297,0.1015,0.0311,0.0358,1.0428,1.6378,False,False
外部需求 → 日本,us_ord_cap,水産・農林業,6,1,3,0.8126,0.0927,0.0071,0.0382,0.2371,1.6812,False,False
外部需求 → 日本,us_ord_cap,水産・農林業,6,1,6,0.3494,0.3197,-0.0217,0.0192,-0.9358,0.9952,False,False
外部需求 → 日本,us_ord_cap,水産・農林業,6,3,0,0.0851,0.4368,0.1081,0.0465,1.722,0.7777,False,False
外部需求 → 日本,us_ord_cap,水産・農林業,6,3,3,0.5153,0.0802,-0.0466,0.0928,-0.6506,1.7494,False,False
外部需求 → 日本,us_ord_cap,水産・農林業,6,3,6,0.4737,0.2821,-0.0434,0.0455,-0.7165,1.0756,False,False
外部需求 → 日本,us_ord_cap,水産・農林業,6,6,0,0.4795,0.0366,0.0764,0.1389,0.7071,2.09,False,False
外部需求 → 日本,us_ord_cap,水産・農林業,6,6,3,0.4867,0.0411,-0.0832,0.1181,-0.6956,2.0425,False,False
外部需求 → 日本,us_ord_cap,水産・農林業,6,6,6,0.5922,0.0819,-0.0734,0.1295,-0.5357,1.7396,False,False
外部需求 → 日本,us_ord_cap,海運業,1,1,0,0.1929,0.4334,0.0778,0.05,1.302,0.7834,False,False
外部需求 → 日本,us_ord_cap,海運業,1,1,3,0.41,0.7948,0.0476,-0.0137,0.8239,-0.2601,False,False
外部需求 → 日本,us_ord_cap,海運業,1,1,6,0.6901,0.3373,-0.0253,-0.0553,-0.3987,-0.9595,False,False
外部需求 → 日本,us_ord_cap,海運業,1,3,0,0.2059,0.0593,0.114,0.148,1.2649,1.8861,False,False
外部需求 → 日本,us_ord_cap,海運業,1,3,3,0.1395,0.3731,0.1304,0.0751,1.4778,0.8907,False,False
外部需求 → 日本,us_ord_cap,海運業,1,3,6,0.8874,0.7337,-0.0152,0.0256,-0.1416,0.3402,False,False
外部需求 → 日本,us_ord_cap,海運業,1,6,0,0.0433,0.073,0.2402,0.1863,2.0204,1.793,False,False
外部需求 → 日本,us_ord_cap,海運業,1,6,3,0.4629,0.1658,0.1096,0.1428,0.734,1.3858,False,False
外部需求 → 日本,us_ord_cap,海運業,1,6,6,0.7754,0.9178,0.0343,0.0132,0.2853,0.1032,False,False
外部需求 → 日本,us_ord_cap,海運業,3,1,0,0.1018,0.0278,0.0721,0.1181,1.6363,2.1995,False,False
外部需求 → 日本,us_ord_cap,海運業,3,1,3,0.0822,0.5666,0.0849,0.0397,1.7381,0.5731,False,False
外部需求 → 日本,us_ord_cap,海運業,3,1,6,0.8391,0.1825,-0.0128,0.0805,-0.2031,1.3331,False,False
外部需求 → 日本,us_ord_cap,海運業,3,3,0,0.0221,0.0614,0.2306,0.2315,2.2891,1.8703,False,False
外部需求 → 日本,us_ord_cap,海運業,3,3,3,0.2476,0.4605,0.1635,0.1265,1.1562,0.738,False,False
外部需求 → 日本,us_ord_cap,海運業,3,3,6,0.7719,0.05,-0.0401,0.291,-0.2899,1.9603,False,False
外部需求 → 日本,us_ord_cap,海運業,3,6,0,0.0264,0.197,0.3946,0.3193,2.2208,1.2902,False,False
外部需求 → 日本,us_ord_cap,海運業,3,6,3,0.6348,0.0838,0.1229,0.4333,0.475,1.7292,False,False
外部需求 → 日本,us_ord_cap,海運業,3,6,6,0.9259,0.1345,-0.0144,0.3695,-0.0929,1.4964,False,False
外部需求 → 日本,us_ord_cap,海運業,6,1,0,0.0252,0.0338,0.0798,0.1378,2.2385,2.1221,False,False
外部需求 → 日本,us_ord_cap,海運業,6,1,3,0.4845,0.0439,0.0311,0.1065,0.6991,2.0154,False,False
外部需求 → 日本,us_ord_cap,海運業,6,1,6,0.8504,0.8011,0.0067,0.0196,0.1886,0.2519,False,False
外部需求 → 日本,us_ord_cap,海運業,6,3,0,0.0105,0.0868,0.2113,0.2885,2.5584,1.7127,False,False
外部需求 → 日本,us_ord_cap,海運業,6,3,3,0.79,0.0086,0.0344,0.3882,0.2663,2.6264,False,False
外部需求 → 日本,us_ord_cap,海運業,6,3,6,0.8253,0.0657,-0.0184,0.2687,-0.2208,1.8405,False,False
外部需求 → 日本,us_ord_cap,海運業,6,6,0,0.1823,0.0297,0.2486,0.6572,1.3337,2.1737,False,False
外部需求 → 日本,us_ord_cap,海運業,6,6,3,0.9188,0.0225,0.0163,0.6261,0.1019,2.2812,False,False
外部需求 → 日本,us_ord_cap,海運業,6,6,6,0.5329,0.3519,-0.0903,0.2654,-0.6236,0.9309,False,False
外部需求 → 日本,us_ord_cap,石油・石炭製品,1,1,0,0.9506,0.552,-0.0033,-0.0328,-0.062,-0.5947,False,False
外部需求 → 日本,us_ord_cap,石油・石炭製品,1,1,3,0.0356,0.8878,0.1018,0.0084,2.1017,0.141,False,False
外部需求 → 日本,us_ord_cap,石油・石炭製品,1,1,6,0.3741,0.9166,0.0516,0.0051,0.8888,0.1047,False,False
外部需求 → 日本,us_ord_cap,石油・石炭製品,1,3,0,0.0771,0.7149,-0.1499,0.027,-1.7678,0.3653,False,False
外部需求 → 日本,us_ord_cap,石油・石炭製品,1,3,3,0.2382,0.481,0.111,0.0618,1.1794,0.7046,False,False
外部需求 → 日本,us_ord_cap,石油・石炭製品,1,3,6,0.0788,0.4647,0.1507,0.0648,1.7579,0.7311,False,False
外部需求 → 日本,us_ord_cap,石油・石炭製品,1,6,0,0.5834,0.4023,-0.0562,0.0719,-0.5485,0.8375,False,False
外部需求 → 日本,us_ord_cap,石油・石炭製品,1,6,3,0.04,0.0293,0.2406,0.1672,2.054,2.1795,False,False
外部需求 → 日本,us_ord_cap,石油・石炭製品,1,6,6,0.4026,0.4021,0.09,0.0709,0.837,0.8378,False,False
外部需求 → 日本,us_ord_cap,石油・石炭製品,3,1,0,0.0543,0.7528,-0.0925,0.017,-1.9248,0.315,False,False
外部需求 → 日本,us_ord_cap,石油・石炭製品,3,1,3,0.029,0.4243,0.0945,0.0451,2.1835,0.799,False,False
外部需求 → 日本,us_ord_cap,石油・石炭製品,3,1,6,0.0057,0.2271,0.1205,0.0768,2.764,1.2079,False,False
外部需求 → 日本,us_ord_cap,石油・石炭製品,3,3,0,0.0732,0.0997,-0.1891,0.1892,-1.7913,1.6461,False,False
外部需求 → 日本,us_ord_cap,石油・石炭製品,3,3,3,0.0402,0.6967,0.222,0.0434,2.052,0.3897,False,False
外部需求 → 日本,us_ord_cap,石油・石炭製品,3,3,6,0.0026,0.253,0.2844,0.1972,3.0146,1.1432,True,False
外部需求 → 日本,us_ord_cap,石油・石炭製品,3,6,0,0.9582,0.2358,0.0083,0.1918,0.0524,1.1855,False,False
外部需求 → 日本,us_ord_cap,石油・石炭製品,3,6,3,0.0028,0.0938,0.4723,0.2804,2.9924,1.6757,True,True
外部需求 → 日本,us_ord_cap,石油・石炭製品,3,6,6,0.003,0.1272,0.3174,0.2346,2.9646,1.5253,True,False
外部需求 → 日本,us_ord_cap,石油・石炭製品,6,1,0,0.8522,0.3318,0.0065,0.0476,0.1864,0.9705,False,False
外部需求 → 日本,us_ord_cap,石油・石炭製品,6,1,3,0.0,0.0112,0.1067,0.1179,4.1607,2.5359,True,True
外部需求 → 日本,us_ord_cap,石油・石炭製品,6,1,6,0.1625,0.2706,0.0461,0.0473,1.3967,1.1018,False,False
外部需求 → 日本,us_ord_cap,石油・石炭製品,6,3,0,0.9021,0.0688,0.0114,0.1874,0.123,1.8195,False,False
外部需求 → 日本,us_ord_cap,石油・石炭製品,6,3,3,0.0011,0.0907,0.2468,0.2481,3.2552,1.6918,True,True
外部需求 → 日本,us_ord_cap,石油・石炭製品,6,3,6,0.0054,0.0615,0.1814,0.1847,2.7802,1.8702,False,False
外部需求 → 日本,us_ord_cap,石油・石炭製品,6,6,0,0.1143,0.0039,0.227,0.4336,1.5792,2.8893,False,False
外部需求 → 日本,us_ord_cap,石油・石炭製品,6,6,3,0.0,0.0497,0.4062,0.4004,4.613,1.9629,True,True
外部需求 → 日本,us_ord_cap,石油・石炭製品,6,6,6,0.2993,0.0072,0.104,0.4056,1.038,2.6862,False,False
外部需求 → 日本,us_ord_cap,精密機器,1,1,0,0.4758,0.9604,-0.017,0.0009,-0.7131,0.0496,False,False
外部需求 → 日本,us_ord_cap,精密機器,1,1,3,0.5813,0.055,-0.0122,0.0373,-0.5515,1.9187,False,False
外部需求 → 日本,us_ord_cap,精密機器,1,1,6,0.0456,0.1944,0.0445,-0.0289,1.9988,-1.2977,False,False
外部需求 → 日本,us_ord_cap,精密機器,1,3,0,0.4845,0.1266,-0.0287,-0.0439,-0.6992,-1.5276,False,False
外部需求 → 日本,us_ord_cap,精密機器,1,3,3,0.3724,0.0733,-0.0286,0.0451,-0.8919,1.7906,False,False
外部需求 → 日本,us_ord_cap,精密機器,1,3,6,0.4638,0.2426,0.0271,-0.0345,0.7326,-1.1684,False,False
外部需求 → 日本,us_ord_cap,精密機器,1,6,0,0.2804,0.9126,-0.0542,0.0031,-1.0794,0.1097,False,False
外部需求 → 日本,us_ord_cap,精密機器,1,6,3,0.9614,0.9315,0.0019,-0.0027,0.0484,-0.086,False,False
外部需求 → 日本,us_ord_cap,精密機器,1,6,6,0.6835,0.9632,0.0153,-0.0017,0.4077,-0.0461,False,False
外部需求 → 日本,us_ord_cap,精密機器,3,1,0,0.3561,0.1364,-0.0217,-0.034,-0.9229,-1.4895,False,False
外部需求 → 日本,us_ord_cap,精密機器,3,1,3,0.3616,0.0462,-0.0211,0.0446,-0.9124,1.9939,False,False
外部需求 → 日本,us_ord_cap,精密機器,3,1,6,0.3203,0.1218,0.0189,-0.0316,0.9938,-1.5475,False,False
外部需求 → 日本,us_ord_cap,精密機器,3,3,0,0.6873,0.2514,-0.0241,-0.0475,-0.4025,-1.1471,False,False
外部需求 → 日本,us_ord_cap,精密機器,3,3,3,0.7506,0.5259,0.0162,0.0269,0.3179,0.6343,False,False
外部需求 → 日本,us_ord_cap,精密機器,3,3,6,0.1791,0.5909,-0.0699,0.0224,-1.3435,0.5376,False,False
外部需求 → 日本,us_ord_cap,精密機器,3,6,0,0.9634,0.7755,-0.004,-0.012,-0.0459,-0.2852,False,False
外部需求 → 日本,us_ord_cap,精密機器,3,6,3,0.2985,0.3801,-0.0523,0.0491,-1.0398,0.8777,False,False
外部需求 → 日本,us_ord_cap,精密機器,3,6,6,0.1763,0.1355,-0.0806,0.1104,-1.3523,1.4927,False,False
外部需求 → 日本,us_ord_cap,精密機器,6,1,0,0.221,0.5275,-0.021,0.0109,-1.2239,0.6318,False,False
外部需求 → 日本,us_ord_cap,精密機器,6,1,3,0.991,0.6512,-0.0002,0.0096,-0.0113,0.452,False,False
外部需求 → 日本,us_ord_cap,精密機器,6,1,6,0.7214,0.4314,0.0046,0.015,0.3566,0.7867,False,False
外部需求 → 日本,us_ord_cap,精密機器,6,3,0,0.9732,0.5457,0.0018,-0.0158,0.0336,-0.6042,False,False
外部需求 → 日本,us_ord_cap,精密機器,6,3,3,0.2686,0.2187,-0.0346,0.0422,-1.1063,1.2301,False,False
外部需求 → 日本,us_ord_cap,精密機器,6,3,6,0.1029,0.1475,-0.0489,0.0712,-1.6309,1.4485,False,False
外部需求 → 日本,us_ord_cap,精密機器,6,6,0,0.5423,0.4035,-0.03,0.0353,-0.6093,0.8354,False,False
外部需求 → 日本,us_ord_cap,精密機器,6,6,3,0.0563,0.0578,-0.0832,0.1249,-1.9083,1.8974,False,False
外部需求 → 日本,us_ord_cap,精密機器,6,6,6,0.3163,0.149,-0.0388,0.1469,-1.0021,1.443,False,False
外部需求 → 日本,us_ord_cap,繊維製品,1,1,0,0.2848,0.4795,0.0267,-0.0161,1.0697,-0.707,False,False
外部需求 → 日本,us_ord_cap,繊維製品,1,1,3,0.8047,0.535,-0.0063,-0.0131,-0.2472,-0.6203,False,False
外部需求 → 日本,us_ord_cap,繊維製品,1,1,6,0.2582,0.2231,-0.027,0.0323,-1.1306,1.2182,False,False
外部需求 → 日本,us_ord_cap,繊維製品,1,3,0,0.5474,0.7811,0.0176,-0.0117,0.6017,-0.2779,False,False
外部需求 → 日本,us_ord_cap,繊維製品,1,3,3,0.7292,0.6808,0.0114,-0.0119,0.3462,-0.4114,False,False
外部需求 → 日本,us_ord_cap,繊維製品,1,3,6,0.2463,0.8161,0.0423,-0.0092,1.1595,-0.2326,False,False
外部需求 → 日本,us_ord_cap,繊維製品,1,6,0,0.4835,0.4624,0.0256,-0.0268,0.7006,-0.7348,False,False
外部需求 → 日本,us_ord_cap,繊維製品,1,6,3,0.2063,0.632,0.0566,-0.0201,1.2637,-0.4789,False,False
外部需求 → 日本,us_ord_cap,繊維製品,1,6,6,0.7443,0.7711,-0.0137,0.0081,-0.3262,0.2909,False,False
外部需求 → 日本,us_ord_cap,繊維製品,3,1,0,0.6508,0.6897,0.0077,-0.0132,0.4526,-0.3993,False,False
外部需求 → 日本,us_ord_cap,繊維製品,3,1,3,0.5914,0.6609,0.0106,-0.011,0.5367,-0.4386,False,False
外部需求 → 日本,us_ord_cap,繊維製品,3,1,6,0.0772,0.5771,0.0342,-0.0108,1.7672,-0.5576,False,False
外部需求 → 日本,us_ord_cap,繊維製品,3,3,0,0.9023,0.8494,-0.0053,0.0079,-0.1227,0.1898,False,False
外部需求 → 日本,us_ord_cap,繊維製品,3,3,3,0.8341,0.5537,-0.0088,0.0346,-0.2094,0.5922,False,False
外部需求 → 日本,us_ord_cap,繊維製品,3,3,6,0.0371,0.3998,0.0984,-0.0462,2.0846,-0.842,False,False
外部需求 → 日本,us_ord_cap,繊維製品,3,6,0,0.7916,0.6525,-0.0162,0.0355,-0.2643,0.4504,False,False
外部需求 → 日本,us_ord_cap,繊維製品,3,6,3,0.1534,0.9207,0.089,-0.0073,1.4277,-0.0995,False,False
外部需求 → 日本,us_ord_cap,繊維製品,3,6,6,0.2568,0.8695,0.0643,0.0162,1.1341,0.1643,False,False
外部需求 → 日本,us_ord_cap,繊維製品,6,1,0,0.3851,0.1426,0.0118,-0.0256,0.8686,-1.4663,False,False
外部需求 → 日本,us_ord_cap,繊維製品,6,1,3,0.1053,0.5201,0.0242,-0.0137,1.6197,-0.6432,False,False
外部需求 → 日本,us_ord_cap,繊維製品,6,1,6,0.7366,0.9321,-0.0055,0.0015,-0.3363,0.0852,False,False
外部需求 → 日本,us_ord_cap,繊維製品,6,3,0,0.9016,0.5368,-0.0038,0.0335,-0.1236,0.6177,False,False
外部需求 → 日本,us_ord_cap,繊維製品,6,3,3,0.1455,0.9203,0.0453,0.0049,1.4558,0.1,False,False
外部需求 → 日本,us_ord_cap,繊維製品,6,3,6,0.0844,0.9186,0.0434,0.0058,1.7255,0.1022,False,False
外部需求 → 日本,us_ord_cap,繊維製品,6,6,0,0.437,0.7132,0.0401,0.0366,0.7772,0.3676,False,False
外部需求 → 日本,us_ord_cap,繊維製品,6,6,3,0.0215,0.9683,0.0886,0.004,2.2997,0.0397,False,False
外部需求 → 日本,us_ord_cap,繊維製品,6,6,6,0.2968,0.4896,0.0483,0.0848,1.0433,0.6909,False,False
外部需求 → 日本,us_ord_cap,証券、商品先物取引業,1,1,0,0.9522,0.6124,-0.004,-0.0156,-0.0599,-0.5067,False,False
外部需求 → 日本,us_ord_cap,証券、商品先物取引業,1,1,3,0.3199,0.1017,-0.0674,-0.0371,-0.9946,-1.6369,False,False
外部需求 → 日本,us_ord_cap,証券、商品先物取引業,1,1,6,0.0844,0.6613,-0.1138,0.0144,-1.7258,0.4381,False,False
外部需求 → 日本,us_ord_cap,証券、商品先物取引業,1,3,0,0.7567,0.2002,0.0298,0.0579,0.3099,1.281,False,False
外部需求 → 日本,us_ord_cap,証券、商品先物取引業,1,3,3,0.8449,0.7806,-0.0188,0.0125,-0.1956,0.2786,False,False
外部需求 → 日本,us_ord_cap,証券、商品先物取引業,1,3,6,0.3255,0.8712,-0.0818,0.0072,-0.9833,0.1621,False,False
外部需求 → 日本,us_ord_cap,証券、商品先物取引業,1,6,0,0.9082,0.3771,-0.0142,0.0517,-0.1153,0.8832,False,False
外部需求 → 日本,us_ord_cap,証券、商品先物取引業,1,6,3,0.3001,0.5034,-0.0965,0.0325,-1.0362,0.6691,False,False
外部需求 → 日本,us_ord_cap,証券、商品先物取引業,1,6,6,0.4186,0.7478,-0.0847,-0.0194,-0.8089,-0.3215,False,False
外部需求 → 日本,us_ord_cap,証券、商品先物取引業,3,1,0,0.8568,0.0667,0.0114,0.0482,0.1805,1.8338,False,False
外部需求 → 日本,us_ord_cap,証券、商品先物取引業,3,1,3,0.7302,0.9884,-0.0193,0.0005,-0.3449,0.0145,False,False
外部需求 → 日本,us_ord_cap,証券、商品先物取引業,3,1,6,0.264,0.6561,-0.0666,0.0145,-1.117,0.4453,False,False
外部需求 → 日本,us_ord_cap,証券、商品先物取引業,3,3,0,0.4423,0.1451,-0.0936,0.1004,-0.7683,1.4569,False,False
外部需求 → 日本,us_ord_cap,証券、商品先物取引業,3,3,3,0.5731,0.12,-0.0635,0.1015,-0.5636,1.5547,False,False
外部需求 → 日本,us_ord_cap,証券、商品先物取引業,3,3,6,0.4852,0.4674,-0.0652,-0.0708,-0.6979,-0.7268,False,False
外部需求 → 日本,us_ord_cap,証券、商品先物取引業,3,6,0,0.3122,0.0256,-0.1617,0.1969,-1.0106,2.2321,False,False
外部需求 → 日本,us_ord_cap,証券、商品先物取引業,3,6,3,0.3505,0.8004,-0.1266,0.0229,-0.9337,0.2529,False,False
外部需求 → 日本,us_ord_cap,証券、商品先物取引業,3,6,6,0.6129,0.9546,-0.0797,-0.0074,-0.5059,-0.0569,False,False
外部需求 → 日本,us_ord_cap,証券、商品先物取引業,6,1,0,0.8337,0.3205,-0.0101,0.0292,-0.2099,0.9934,False,False
外部需求 → 日本,us_ord_cap,証券、商品先物取引業,6,1,3,0.2048,0.4266,-0.0477,0.025,-1.2679,0.7951,False,False
外部需求 → 日本,us_ord_cap,証券、商品先物取引業,6,1,6,0.3695,0.4826,-0.0356,-0.0241,-0.8975,-0.7021,False,False
外部需求 → 日本,us_ord_cap,証券、商品先物取引業,6,3,0,0.2903,0.0091,-0.0881,0.1658,-1.0575,2.6093,False,False
外部需求 → 日本,us_ord_cap,証券、商品先物取引業,6,3,3,0.3848,0.5978,-0.0666,0.0402,-0.8691,0.5276,False,False
外部需求 → 日本,us_ord_cap,証券、商品先物取引業,6,3,6,0.55,0.7568,-0.0422,-0.0272,-0.5977,-0.3097,False,False
外部需求 → 日本,us_ord_cap,証券、商品先物取引業,6,6,0,0.1725,0.0388,-0.1561,0.1964,-1.3641,2.0658,False,False
外部需求 → 日本,us_ord_cap,証券、商品先物取引業,6,6,3,0.3387,0.9884,-0.101,0.0023,-0.9568,0.0145,False,False
外部需求 → 日本,us_ord_cap,証券、商品先物取引業,6,6,6,0.9605,0.9559,0.0084,-0.0055,0.0495,-0.0553,False,False
外部需求 → 日本,us_ord_cap,輸送用機器,1,1,0,0.7461,0.0761,0.0132,-0.0559,0.3238,-1.7737,False,False
外部需求 → 日本,us_ord_cap,輸送用機器,1,1,3,0.2655,0.6122,-0.0378,-0.0121,-1.1135,-0.5069,False,False
外部需求 → 日本,us_ord_cap,輸送用機器,1,1,6,0.2788,0.546,-0.0378,-0.0155,-1.083,-0.6038,False,False
外部需求 → 日本,us_ord_cap,輸送用機器,1,3,0,0.5329,0.9828,0.0419,-0.0006,0.6236,-0.0216,False,False
外部需求 → 日本,us_ord_cap,輸送用機器,1,3,3,0.9471,0.7553,0.0032,0.0094,0.0664,0.3117,False,False
外部需求 → 日本,us_ord_cap,輸送用機器,1,3,6,0.3974,0.2317,-0.0414,0.0418,-0.8463,1.196,False,False
外部需求 → 日本,us_ord_cap,輸送用機器,1,6,0,0.7209,0.7199,0.0349,0.0138,0.3572,0.3586,False,False
外部需求 → 日本,us_ord_cap,輸送用機器,1,6,3,0.5766,0.0891,-0.0387,0.0691,-0.5583,1.7,False,False
外部需求 → 日本,us_ord_cap,輸送用機器,1,6,6,0.1313,0.8885,-0.1152,-0.0059,-1.5092,-0.1402,False,False
外部需求 → 日本,us_ord_cap,輸送用機器,3,1,0,0.5806,0.9756,0.0308,0.0007,0.5525,0.0306,False,False
外部需求 → 日本,us_ord_cap,輸送用機器,3,1,3,0.8536,0.8051,0.0067,0.0066,0.1845,0.2468,False,False
外部需求 → 日本,us_ord_cap,輸送用機器,3,1,6,0.4581,0.1309,-0.025,0.0404,-0.742,1.5105,False,False
外部需求 → 日本,us_ord_cap,輸送用機器,3,3,0,0.9164,0.0877,0.0123,0.0641,0.105,1.7074,False,False
外部需求 → 日本,us_ord_cap,輸送用機器,3,3,3,0.9415,0.5892,0.0059,0.0252,0.0734,0.5401,False,False
外部需求 → 日本,us_ord_cap,輸送用機器,3,3,6,0.1351,0.2763,-0.1097,0.0615,-1.4942,1.0886,False,False
外部需求 → 日本,us_ord_cap,輸送用機器,3,6,0,0.965,0.1237,-0.0079,0.0887,-0.0438,1.5395,False,False
外部需求 → 日本,us_ord_cap,輸送用機器,3,6,3,0.3205,0.1894,-0.1173,0.095,-0.9934,1.3123,False,False
外部需求 → 日本,us_ord_cap,輸送用機器,3,6,6,0.1389,0.8963,-0.1905,0.0121,-1.4801,0.1304,False,False
外部需求 → 日本,us_ord_cap,輸送用機器,6,1,0,0.6166,0.8088,0.021,0.0072,0.5007,0.242,False,False
外部需求 → 日本,us_ord_cap,輸送用機器,6,1,3,0.8375,0.1225,-0.0048,0.0362,-0.2051,1.5444,False,False
外部需求 → 日本,us_ord_cap,輸送用機器,6,1,6,0.038,0.4495,-0.0452,-0.0189,-2.075,-0.7562,False,False
外部需求 → 日本,us_ord_cap,輸送用機器,6,3,0,0.9337,0.0131,0.0075,0.0829,0.0831,2.4804,False,False
外部需求 → 日本,us_ord_cap,輸送用機器,6,3,3,0.3432,0.0819,-0.0543,0.0797,-0.9479,1.7396,False,False
外部需求 → 日本,us_ord_cap,輸送用機器,6,3,6,0.0459,0.9363,-0.1007,-0.0049,-1.9962,-0.0799,False,False
外部需求 → 日本,us_ord_cap,輸送用機器,6,6,0,0.6131,0.0019,-0.0676,0.169,-0.5056,3.1093,False,False
外部需求 → 日本,us_ord_cap,輸送用機器,6,6,3,0.1141,0.4463,-0.1693,0.0713,-1.5801,0.7617,False,False
外部需求 → 日本,us_ord_cap,輸送用機器,6,6,6,0.3482,0.9919,-0.0865,0.001,-0.938,0.0101,False,False
外部需求 → 日本,us_ord_cap,金属製品,1,1,0,0.803,0.553,0.0059,0.0088,0.2494,0.5933,False,False
外部需求 → 日本,us_ord_cap,金属製品,1,1,3,0.8358,0.2981,0.0052,0.0224,0.2073,1.0404,False,False
外部需求 → 日本,us_ord_cap,金属製品,1,1,6,0.0343,0.1462,-0.0558,-0.0354,-2.1165,-1.4532,False,False
外部需求 → 日本,us_ord_cap,金属製品,1,3,0,0.2143,0.8075,-0.0439,-0.0061,-1.2417,-0.2437,False,False
外部需求 → 日本,us_ord_cap,金属製品,1,3,3,0.0972,0.1835,0.0573,0.0319,1.6586,1.33,False,False
外部需求 → 日本,us_ord_cap,金属製品,1,3,6,0.6602,0.9045,-0.0138,-0.0042,-0.4397,-0.12,False,False
外部需求 → 日本,us_ord_cap,金属製品,1,6,0,0.7638,0.1233,0.0116,0.0478,0.3005,1.5411,False,False
外部需求 → 日本,us_ord_cap,金属製品,1,6,3,0.256,0.4536,0.0415,0.0211,1.1358,0.7494,False,False
外部需求 → 日本,us_ord_cap,金属製品,1,6,6,0.3782,0.307,-0.0295,-0.0313,-0.8813,-1.0215,False,False
外部需求 → 日本,us_ord_cap,金属製品,3,1,0,0.0556,0.8359,-0.0357,0.005,-1.9144,0.2071,False,False
外部需求 → 日本,us_ord_cap,金属製品,3,1,3,0.0495,0.0367,0.0442,0.0366,1.9641,2.0894,False,False
外部需求 → 日本,us_ord_cap,金属製品,3,1,6,0.5489,0.6168,-0.0123,-0.0118,-0.5994,-0.5004,False,False
外部需求 → 日本,us_ord_cap,金属製品,3,3,0,0.0359,0.7232,-0.0785,0.0136,-2.0979,0.3542,False,False
外部需求 → 日本,us_ord_cap,金属製品,3,3,3,0.792,0.9713,0.0092,-0.0019,0.2637,-0.036,False,False
外部需求 → 日本,us_ord_cap,金属製品,3,3,6,0.885,0.6173,0.0053,0.0254,0.1447,0.4996,False,False
外部需求 → 日本,us_ord_cap,金属製品,3,6,0,0.1519,0.5678,-0.0691,0.0302,-1.4328,0.5714,False,False
外部需求 → 日本,us_ord_cap,金属製品,3,6,3,0.6964,0.754,0.019,0.0195,0.3901,0.3133,False,False
外部需求 → 日本,us_ord_cap,金属製品,3,6,6,0.6595,0.2699,-0.0218,0.0393,-0.4405,1.1033,False,False
外部需求 → 日本,us_ord_cap,金属製品,6,1,0,0.6097,0.0256,0.0073,0.033,0.5105,2.233,False,False
外部需求 → 日本,us_ord_cap,金属製品,6,1,3,0.2625,0.2895,0.0194,0.0169,1.1206,1.0592,False,False
外部需求 → 日本,us_ord_cap,金属製品,6,1,6,0.2649,0.2458,-0.0149,-0.0213,-1.115,-1.1607,False,False
外部需求 → 日本,us_ord_cap,金属製品,6,3,0,0.1201,0.7495,-0.0378,0.0078,-1.5542,0.3193,False,False
外部需求 → 日本,us_ord_cap,金属製品,6,3,3,0.6676,0.8971,0.0119,0.0054,0.4294,0.1293,False,False
外部需求 → 日本,us_ord_cap,金属製品,6,3,6,0.5826,0.6695,-0.0161,0.0108,-0.5495,0.4268,False,False
外部需求 → 日本,us_ord_cap,金属製品,6,6,0,0.5702,0.5862,-0.0234,0.0259,-0.5677,0.5444,False,False
外部需求 → 日本,us_ord_cap,金属製品,6,6,3,0.9398,0.4265,-0.003,0.0443,-0.0756,0.7951,False,False
外部需求 → 日本,us_ord_cap,金属製品,6,6,6,0.4064,0.8276,-0.0266,0.0075,-0.8302,0.2178,False,False
外部需求 → 日本,us_ord_cap,鉄鋼,1,1,0,0.8083,0.9602,0.0102,-0.0014,0.2426,-0.0499,False,False
外部需求 → 日本,us_ord_cap,鉄鋼,1,1,3,0.7183,0.2761,-0.0158,-0.0324,-0.3607,-1.0892,False,False
外部需求 → 日本,us_ord_cap,鉄鋼,1,1,6,0.0337,0.5332,-0.0812,-0.0156,-2.124,-0.6231,False,False
外部需求 → 日本,us_ord_cap,鉄鋼,1,3,0,0.7956,0.1809,0.0187,0.046,0.2591,1.338,False,False
外部需求 → 日本,us_ord_cap,鉄鋼,1,3,3,0.3654,0.9023,0.0575,0.0048,0.9051,0.1227,False,False
外部需求 → 日本,us_ord_cap,鉄鋼,1,3,6,0.5727,0.1142,0.0291,0.0512,0.5641,1.5794,False,False
外部需求 → 日本,us_ord_cap,鉄鋼,1,6,0,0.2945,0.3427,0.078,0.0406,1.0483,0.9489,False,False
外部需求 → 日本,us_ord_cap,鉄鋼,1,6,3,0.222,0.0299,0.0861,0.0711,1.2211,2.1711,False,False
外部需求 → 日本,us_ord_cap,鉄鋼,1,6,6,0.6578,0.7474,-0.0242,-0.013,-0.4429,-0.3221,False,False
外部需求 → 日本,us_ord_cap,鉄鋼,3,1,0,0.8747,0.0484,0.0065,0.0508,0.1577,1.9738,False,False
外部需求 → 日本,us_ord_cap,鉄鋼,3,1,3,0.2892,0.9718,0.0419,-0.0011,1.06,-0.0353,False,False
外部需求 → 日本,us_ord_cap,鉄鋼,3,1,6,0.567,0.0456,0.0215,0.0547,0.5725,1.9989,False,False
外部需求 → 日本,us_ord_cap,鉄鋼,3,3,0,0.5494,0.1165,-0.0611,0.064,-0.5987,1.5695,False,False
外部需求 → 日本,us_ord_cap,鉄鋼,3,3,3,0.575,0.7141,0.0439,0.0216,0.5607,0.3664,False,False
外部需求 → 日本,us_ord_cap,鉄鋼,3,3,6,0.4872,0.2231,0.0459,0.0663,0.6948,1.2183,False,False
外部需求 → 日本,us_ord_cap,鉄鋼,3,6,0,0.8947,0.2728,-0.0154,0.0718,-0.1324,1.0967,False,False
外部需求 → 日本,us_ord_cap,鉄鋼,3,6,3,0.3887,0.1067,0.0918,0.097,0.862,1.6133,False,False
外部需求 → 日本,us_ord_cap,鉄鋼,3,6,6,0.9295,0.9135,-0.0066,0.0096,-0.0885,0.1086,False,False
外部需求 → 日本,us_ord_cap,鉄鋼,6,1,0,0.4641,0.1048,0.0281,0.0377,0.7322,1.6219,False,False
外部需求 → 日本,us_ord_cap,鉄鋼,6,1,3,0.2813,0.0326,0.0279,0.0562,1.0774,2.137,False,False
外部需求 → 日本,us_ord_cap,鉄鋼,6,1,6,0.7004,0.3394,-0.0089,-0.0293,-0.3848,-0.9553,False,False
外部需求 → 日本,us_ord_cap,鉄鋼,6,3,0,0.8063,0.1065,-0.0169,0.0688,-0.2453,1.6139,False,False
外部需求 → 日本,us_ord_cap,鉄鋼,6,3,3,0.4842,0.0291,0.0426,0.0922,0.6995,2.1816,False,False
外部需求 → 日本,us_ord_cap,鉄鋼,6,3,6,0.8737,0.8996,-0.0067,0.0076,-0.1589,0.1262,False,False
外部需求 → 日本,us_ord_cap,鉄鋼,6,6,0,0.7826,0.0091,0.0275,0.1573,0.276,2.6098,False,False
外部需求 → 日本,us_ord_cap,鉄鋼,6,6,3,0.6053,0.321,0.0374,0.0821,0.5167,0.9924,False,False
外部需求 → 日本,us_ord_cap,鉄鋼,6,6,6,0.3139,0.8695,-0.0474,-0.0165,-1.0071,-0.1642,False,False
外部需求 → 日本,us_ord_cap,鉱業,1,1,0,0.1914,0.4375,0.0585,-0.0395,1.3064,-0.7764,False,False
外部需求 → 日本,us_ord_cap,鉱業,1,1,3,0.7698,0.2327,0.0148,-0.0566,0.2927,-1.1935,False,False
外部需求 → 日本,us_ord_cap,鉱業,1,1,6,0.5566,0.3062,0.0295,-0.0613,0.5879,-1.0232,False,False
外部需求 → 日本,us_ord_cap,鉱業,1,3,0,0.7002,0.2916,-0.0267,0.0806,-0.3851,1.0546,False,False
外部需求 → 日本,us_ord_cap,鉱業,1,3,3,0.852,0.911,0.0133,-0.0111,0.1866,-0.1118,False,False
外部需求 → 日本,us_ord_cap,鉱業,1,3,6,0.9808,0.6952,0.0016,0.035,0.024,0.3918,False,False
外部需求 → 日本,us_ord_cap,鉱業,1,6,0,0.8545,0.9492,-0.0165,0.0066,-0.1833,0.0637,False,False
外部需求 → 日本,us_ord_cap,鉱業,1,6,3,0.8693,0.5986,0.0136,0.0445,0.1645,0.5264,False,False
外部需求 → 日本,us_ord_cap,鉱業,1,6,6,0.3479,0.1834,0.0733,0.1113,0.9386,1.3304,False,False
外部需求 → 日本,us_ord_cap,鉱業,3,1,0,0.5812,0.0957,-0.0258,0.0789,-0.5517,1.6659,False,False
外部需求 → 日本,us_ord_cap,鉱業,3,1,3,0.9897,0.9379,0.0006,-0.005,0.0129,-0.078,False,False
外部需求 → 日本,us_ord_cap,鉱業,3,1,6,0.8186,0.5141,0.0102,0.0395,0.2293,0.6525,False,False
外部需求 → 日本,us_ord_cap,鉱業,3,3,0,0.0831,0.0657,-0.1414,0.1405,-1.7332,1.8403,False,False
外部需求 → 日本,us_ord_cap,鉱業,3,3,3,0.3228,0.8378,0.0653,-0.0253,0.9888,-0.2047,False,False
外部需求 → 日本,us_ord_cap,鉱業,3,3,6,0.6721,0.1303,0.0329,0.2346,0.4233,1.513,False,False
外部需求 → 日本,us_ord_cap,鉱業,3,6,0,0.4349,0.7861,-0.0859,0.042,-0.7809,0.2714,False,False
外部需求 → 日本,us_ord_cap,鉱業,3,6,3,0.436,0.1124,0.0933,0.2758,0.7789,1.5875,False,False
外部需求 → 日本,us_ord_cap,鉱業,3,6,6,0.1621,0.0154,0.1626,0.2892,1.3981,2.4239,False,False
外部需求 → 日本,us_ord_cap,鉱業,6,1,0,0.819,0.2189,-0.0076,0.0528,-0.2288,1.2295,False,False
外部需求 → 日本,us_ord_cap,鉱業,6,1,3,0.9587,0.3289,0.0016,0.0414,0.0518,0.9763,False,False
外部需求 → 日本,us_ord_cap,鉱業,6,1,6,0.294,0.2526,0.0321,0.0599,1.0494,1.144,False,False
外部需求 → 日本,us_ord_cap,鉱業,6,3,0,0.3679,0.2307,-0.05,0.1017,-0.9004,1.1987,False,False
外部需求 → 日本,us_ord_cap,鉱業,6,3,3,0.5329,0.0809,0.0407,0.2191,0.6236,1.7455,False,False
外部需求 → 日本,us_ord_cap,鉱業,6,3,6,0.1576,0.0188,0.093,0.2832,1.4131,2.3493,False,False
外部需求 → 日本,us_ord_cap,鉱業,6,6,0,0.8646,0.0055,-0.0171,0.3163,-0.1705,2.778,False,False
外部需求 → 日本,us_ord_cap,鉱業,6,6,3,0.2789,0.0171,0.1251,0.4522,1.0828,2.3854,False,False
外部需求 → 日本,us_ord_cap,鉱業,6,6,6,0.0131,0.0168,0.1945,0.3994,2.4798,2.39,False,False
外部需求 → 日本,us_ord_cap,銀行業,1,1,0,0.0906,0.2492,-0.0617,0.04,-1.6925,1.1523,False,False
外部需求 → 日本,us_ord_cap,銀行業,1,1,3,0.2419,0.7108,-0.0384,-0.0122,-1.1702,-0.3708,False,False
外部需求 → 日本,us_ord_cap,銀行業,1,1,6,0.1823,0.0425,-0.0587,0.0712,-1.3338,2.0285,False,False
外部需求 → 日本,us_ord_cap,銀行業,1,3,0,0.8015,0.3994,-0.0127,0.0473,-0.2514,0.8427,False,False
外部需求 → 日本,us_ord_cap,銀行業,1,3,3,0.3423,0.5515,0.0438,-0.0365,0.9497,-0.5956,False,False
外部需求 → 日本,us_ord_cap,銀行業,1,3,6,0.9242,0.6366,0.0047,0.0293,0.0952,0.4724,False,False
外部需求 → 日本,us_ord_cap,銀行業,1,6,0,0.6873,0.9087,0.0324,-0.0068,0.4025,-0.1146,False,False
外部需求 → 日本,us_ord_cap,銀行業,1,6,3,0.5239,0.9428,0.0472,-0.0052,0.6374,-0.0718,False,False
外部需求 → 日本,us_ord_cap,銀行業,1,6,6,0.4781,0.3162,0.0479,0.0668,0.7093,1.0023,False,False
外部需求 → 日本,us_ord_cap,銀行業,3,1,0,0.7415,0.316,-0.0108,0.0413,-0.3299,1.0028,False,False
外部需求 → 日本,us_ord_cap,銀行業,3,1,3,0.3395,0.4837,0.0282,-0.0292,0.9552,-0.7004,False,False
外部需求 → 日本,us_ord_cap,銀行業,3,1,6,0.6916,0.3031,0.0124,0.0449,0.3967,1.0298,False,False
外部需求 → 日本,us_ord_cap,銀行業,3,3,0,0.6288,0.4872,0.0387,0.0578,0.4834,0.6948,False,False
外部需求 → 日本,us_ord_cap,銀行業,3,3,3,0.4129,0.4327,0.0623,0.0666,0.8188,0.7845,False,False
外部需求 → 日本,us_ord_cap,銀行業,3,3,6,0.2023,0.8279,0.0666,-0.02,1.275,-0.2174,False,False
外部需求 → 日本,us_ord_cap,銀行業,3,6,0,0.4528,0.18,0.1021,0.1291,0.7508,1.3408,False,False
外部需求 → 日本,us_ord_cap,銀行業,3,6,3,0.2632,0.8011,0.1296,0.0258,1.1189,0.252,False,False
外部需求 → 日本,us_ord_cap,銀行業,3,6,6,0.0073,0.1272,0.2268,0.22,2.6816,1.5253,False,False
外部需求 → 日本,us_ord_cap,銀行業,6,1,0,0.5913,0.9754,0.0145,-0.0011,0.5369,-0.0309,False,False
外部需求 → 日本,us_ord_cap,銀行業,6,1,3,0.463,0.3986,0.018,0.0336,0.7339,0.8441,False,False
外部需求 → 日本,us_ord_cap,銀行業,6,1,6,0.3766,0.0631,0.0199,0.0773,0.8841,1.8586,False,False
外部需求 → 日本,us_ord_cap,銀行業,6,3,0,0.406,0.1577,0.0557,0.1048,0.8309,1.4127,False,False
外部需求 → 日本,us_ord_cap,銀行業,6,3,3,0.2522,0.3186,0.0664,0.0739,1.1451,0.9973,False,False
外部需求 → 日本,us_ord_cap,銀行業,6,3,6,0.0024,0.0502,0.1242,0.1682,3.0413,1.9579,True,True
外部需求 → 日本,us_ord_cap,銀行業,6,6,0,0.2605,0.1196,0.123,0.1664,1.1251,1.5567,False,False
外部需求 → 日本,us_ord_cap,銀行業,6,6,3,0.0204,0.0677,0.1891,0.2482,2.3194,1.8272,False,False
外部需求 → 日本,us_ord_cap,銀行業,6,6,6,0.0004,0.012,0.252,0.3347,3.5273,2.5116,True,True
外部需求 → 日本,us_ord_cap,電気・ガス業,1,1,0,0.6001,0.8681,-0.0296,0.0075,-0.5242,0.1661,False,False
外部需求 → 日本,us_ord_cap,電気・ガス業,1,1,3,0.152,0.0562,0.0708,0.076,1.4324,1.9092,False,False
外部需求 → 日本,us_ord_cap,電気・ガス業,1,1,6,0.8173,0.8023,0.0115,0.0098,0.231,0.2504,False,False
外部需求 → 日本,us_ord_cap,電気・ガス業,1,3,0,0.7659,0.4398,0.0289,-0.0472,0.2977,-0.7725,False,False
外部需求 → 日本,us_ord_cap,電気・ガス業,1,3,3,0.763,0.2039,0.0252,0.0602,0.3015,1.2705,False,False
外部需求 → 日本,us_ord_cap,電気・ガス業,1,3,6,0.556,0.9593,-0.0489,-0.0027,-0.5888,-0.051,False,False
外部需求 → 日本,us_ord_cap,電気・ガス業,1,6,0,0.652,0.7274,0.064,-0.0183,0.451,-0.3485,False,False
外部需求 → 日本,us_ord_cap,電気・ガス業,1,6,3,0.8834,0.1827,-0.0141,0.0732,-0.1467,1.3324,False,False
外部需求 → 日本,us_ord_cap,電気・ガス業,1,6,6,0.9391,0.4672,0.0067,0.0317,0.0764,0.727,False,False
外部需求 → 日本,us_ord_cap,電気・ガス業,3,1,0,0.7545,0.1675,0.0218,-0.0568,0.3127,-1.3802,False,False
外部需求 → 日本,us_ord_cap,電気・ガス業,3,1,3,0.6472,0.1027,0.0278,0.0608,0.4577,1.6319,False,False
外部需求 → 日本,us_ord_cap,電気・ガス業,3,1,6,0.3635,0.6766,-0.0401,0.0159,-0.9087,0.4171,False,False
外部需求 → 日本,us_ord_cap,電気・ガス業,3,3,0,0.1474,0.4378,0.2233,-0.0492,1.4486,-0.7759,False,False
外部需求 → 日本,us_ord_cap,電気・ガス業,3,3,3,0.476,0.8275,-0.1039,0.0141,-0.7127,0.2178,False,False
外部需求 → 日本,us_ord_cap,電気・ガス業,3,3,6,0.6501,0.4497,-0.0462,0.0646,-0.4536,0.7559,False,False
外部需求 → 日本,us_ord_cap,電気・ガス業,3,6,0,0.597,0.3226,0.1303,-0.0743,0.5287,-0.9891,False,False
外部需求 → 日本,us_ord_cap,電気・ガス業,3,6,3,0.3382,0.2576,-0.1479,0.1057,-0.9577,1.132,False,False
外部需求 → 日本,us_ord_cap,電気・ガス業,3,6,6,0.7892,0.629,-0.0461,0.0424,-0.2673,0.4832,False,False
外部需求 → 日本,us_ord_cap,電気・ガス業,6,1,0,0.606,0.9229,0.0286,0.0028,0.5157,0.0968,False,False
外部需求 → 日本,us_ord_cap,電気・ガス業,6,1,3,0.952,0.082,-0.0025,0.0542,-0.0602,1.7394,False,False
外部需求 → 日本,us_ord_cap,電気・ガス業,6,1,6,0.9666,0.1624,-0.0013,0.0433,-0.0419,1.3971,False,False
外部需求 → 日本,us_ord_cap,電気・ガス業,6,3,0,0.6992,0.7051,0.0524,-0.0205,0.3864,-0.3785,False,False
外部需求 → 日本,us_ord_cap,電気・ガス業,6,3,3,0.4541,0.4267,-0.0772,0.0585,-0.7486,0.7949,False,False
外部需求 → 日本,us_ord_cap,電気・ガス業,6,3,6,0.8694,0.2672,-0.0151,0.0748,-0.1644,1.1096,False,False
外部需求 → 日本,us_ord_cap,電気・ガス業,6,6,0,0.9247,0.7745,-0.0179,0.028,-0.0946,0.2865,False,False
外部需求 → 日本,us_ord_cap,電気・ガス業,6,6,3,0.5942,0.3221,-0.0868,0.1091,-0.5327,0.9902,False,False
外部需求 → 日本,us_ord_cap,電気・ガス業,6,6,6,0.4934,0.1175,-0.0893,0.1244,-0.6849,1.5655,False,False
外部需求 → 日本,us_ord_cap,電気機器,1,1,0,0.6702,0.8958,0.0112,-0.0032,0.4259,-0.1309,False,False
外部需求 → 日本,us_ord_cap,電気機器,1,1,3,0.2555,0.0316,-0.0268,0.0725,-1.137,2.1498,False,False
外部需求 → 日本,us_ord_cap,電気機器,1,1,6,0.3275,0.5233,0.0248,-0.0193,0.9791,-0.6383,False,False
外部需求 → 日本,us_ord_cap,電気機器,1,3,0,0.8295,0.0959,0.0088,-0.0714,0.2153,-1.6651,False,False
外部需求 → 日本,us_ord_cap,電気機器,1,3,3,0.2119,0.1377,-0.0492,0.0497,-1.2484,1.4843,False,False
外部需求 → 日本,us_ord_cap,電気機器,1,3,6,0.254,0.2414,0.0417,-0.0577,1.1407,-1.1716,False,False
外部需求 → 日本,us_ord_cap,電気機器,1,6,0,0.4471,0.6958,-0.044,0.0154,-0.7603,0.3909,False,False
外部需求 → 日本,us_ord_cap,電気機器,1,6,3,0.8565,0.473,-0.008,-0.03,-0.1808,-0.7176,False,False
外部需求 → 日本,us_ord_cap,電気機器,1,6,6,0.6722,0.5409,-0.0195,-0.0221,-0.4231,-0.6115,False,False
外部需求 → 日本,us_ord_cap,電気機器,3,1,0,0.9648,0.1292,-0.0013,-0.0559,-0.0442,-1.5172,False,False
外部需求 → 日本,us_ord_cap,電気機器,3,1,3,0.0957,0.1629,-0.0364,0.0521,-1.6662,1.3954,False,False
外部需求 → 日本,us_ord_cap,電気機器,3,1,6,0.1701,0.0839,0.0286,-0.0655,1.3718,-1.7283,False,False
外部需求 → 日本,us_ord_cap,電気機器,3,3,0,0.43,0.8102,-0.05,-0.0118,-0.7892,-0.2402,False,False
外部需求 → 日本,us_ord_cap,電気機器,3,3,3,0.8927,0.8691,-0.0068,0.0092,-0.1349,0.1647,False,False
外部需求 → 日本,us_ord_cap,電気機器,3,3,6,0.9806,0.5781,0.0013,-0.0326,0.0243,-0.5562,False,False
外部需求 → 日本,us_ord_cap,電気機器,3,6,0,0.4972,0.5253,-0.0647,0.0394,-0.6789,0.6352,False,False
外部需求 → 日本,us_ord_cap,電気機器,3,6,3,0.8925,0.4708,-0.0104,-0.0499,-0.1351,-0.7212,False,False
外部需求 → 日本,us_ord_cap,電気機器,3,6,6,0.1645,0.4313,-0.1014,0.061,-1.3899,0.7869,False,False
外部需求 → 日本,us_ord_cap,電気機器,6,1,0,0.3232,0.8647,-0.0197,0.0033,-0.988,0.1704,False,False
外部需求 → 日本,us_ord_cap,電気機器,6,1,3,0.9726,0.5947,-0.0007,-0.0166,-0.0344,-0.532,False,False
外部需求 → 日本,us_ord_cap,電気機器,6,1,6,0.7288,0.5556,-0.0052,-0.0117,-0.3467,-0.5893,False,False
外部需求 → 日本,us_ord_cap,電気機器,6,3,0,0.5156,0.9753,-0.0308,-0.0013,-0.6502,-0.0309,False,False
外部需求 → 日本,us_ord_cap,電気機器,6,3,3,0.9502,0.6176,0.0031,-0.0268,0.0625,-0.4992,False,False
外部需求 → 日本,us_ord_cap,電気機器,6,3,6,0.1012,0.9956,-0.0526,0.0002,-1.639,0.0056,False,False
外部需求 → 日本,us_ord_cap,電気機器,6,6,0,0.6682,0.818,-0.0345,-0.0144,-0.4286,-0.2302,False,False
外部需求 → 日本,us_ord_cap,電気機器,6,6,3,0.4437,0.8907,-0.0547,0.0101,-0.766,0.1374,False,False
外部需求 → 日本,us_ord_cap,電気機器,6,6,6,0.0243,0.8836,-0.1028,0.0138,-2.2517,0.1464,False,False
外部需求 → 日本,us_ord_cap,非鉄金属,1,1,0,0.4067,0.7129,-0.0302,-0.019,-0.8297,-0.3679,False,False
外部需求 → 日本,us_ord_cap,非鉄金属,1,1,3,0.7223,0.2705,-0.0135,0.0513,-0.3553,1.102,False,False
外部需求 → 日本,us_ord_cap,非鉄金属,1,1,6,0.4588,0.0636,-0.0276,-0.0954,-0.7409,-1.855,False,False
外部需求 → 日本,us_ord_cap,非鉄金属,1,3,0,0.4185,0.7688,-0.0466,-0.022,-0.809,-0.294,False,False
外部需求 → 日本,us_ord_cap,非鉄金属,1,3,3,0.5629,0.4433,0.0292,0.0556,0.5786,0.7666,False,False
外部需求 → 日本,us_ord_cap,非鉄金属,1,3,6,0.4298,0.5547,0.0394,-0.0393,0.7895,-0.5908,False,False
外部需求 → 日本,us_ord_cap,非鉄金属,1,6,0,0.7714,0.544,-0.023,0.0584,-0.2905,0.6068,False,False
外部需求 → 日本,us_ord_cap,非鉄金属,1,6,3,0.3396,0.9584,0.0606,-0.0048,0.9551,-0.0521,False,False
外部需求 → 日本,us_ord_cap,非鉄金属,1,6,6,0.4734,0.555,-0.0408,0.0494,-0.7169,0.5903,False,False
外部需求 → 日本,us_ord_cap,非鉄金属,3,1,0,0.2389,0.9517,-0.0415,-0.0033,-1.1776,-0.0606,False,False
外部需求 → 日本,us_ord_cap,非鉄金属,3,1,3,0.5521,0.374,0.0207,0.0528,0.5945,0.889,False,False
外部需求 → 日本,us_ord_cap,非鉄金属,3,1,6,0.3934,0.3071,0.0277,-0.048,0.8534,-1.0213,False,False
外部需求 → 日本,us_ord_cap,非鉄金属,3,3,0,0.1763,0.0277,-0.1148,0.1464,-1.3522,2.202,False,False
外部需求 → 日本,us_ord_cap,非鉄金属,3,3,3,0.4802,0.4827,0.0542,-0.0751,0.706,-0.702,False,False
外部需求 → 日本,us_ord_cap,非鉄金属,3,3,6,0.5239,0.0684,0.0391,0.1544,0.6374,1.8226,False,False
外部需求 → 日本,us_ord_cap,非鉄金属,3,6,0,0.6168,0.5576,-0.0649,0.0757,-0.5004,0.5864,False,False
外部需求 → 日本,us_ord_cap,非鉄金属,3,6,3,0.3531,0.4562,0.0858,0.1025,0.9287,0.7451,False,False
外部需求 → 日本,us_ord_cap,非鉄金属,3,6,6,0.2341,0.0696,-0.1066,0.2884,-1.1899,1.8142,False,False
外部需求 → 日本,us_ord_cap,非鉄金属,6,1,0,0.7127,0.3115,-0.0118,0.051,-0.3682,1.0121,False,False
外部需求 → 日本,us_ord_cap,非鉄金属,6,1,3,0.4365,0.6288,0.0198,0.0254,0.7781,0.4835,False,False
外部需求 → 日本,us_ord_cap,非鉄金属,6,1,6,0.5234,0.5684,-0.0141,0.0308,-0.6381,0.5704,False,False
外部需求 → 日本,us_ord_cap,非鉄金属,6,3,0,0.5627,0.421,-0.0419,0.0706,-0.5788,0.8047,False,False
外部需求 → 日本,us_ord_cap,非鉄金属,6,3,3,0.393,0.2846,0.0464,0.0999,0.8542,1.07,False,False
外部需求 → 日本,us_ord_cap,非鉄金属,6,3,6,0.335,0.1231,-0.0456,0.1908,-0.9642,1.542,False,False
外部需求 → 日本,us_ord_cap,非鉄金属,6,6,0,0.9864,0.2041,-0.0018,0.1929,-0.0171,1.27,False,False
外部需求 → 日本,us_ord_cap,非鉄金属,6,6,3,0.9456,0.1587,-0.0059,0.319,-0.0682,1.4095,False,False
外部需求 → 日本,us_ord_cap,非鉄金属,6,6,6,0.0275,0.1336,-0.1478,0.2345,-2.2047,1.5001,False,False
外部需求 → 日本,us_ord_cap,食料品,1,1,0,0.8956,0.0387,0.005,0.0505,0.1312,2.0679,False,False
外部需求 → 日本,us_ord_cap,食料品,1,1,3,0.1816,0.8145,0.0505,-0.0054,1.3358,-0.2346,False,False
外部需求 → 日本,us_ord_cap,食料品,1,1,6,0.0288,0.3463,0.0723,0.0245,2.1869,0.9417,False,False
外部需求 → 日本,us_ord_cap,食料品,1,3,0,0.945,0.5943,-0.0043,0.0161,-0.0689,0.5326,False,False
外部需求 → 日本,us_ord_cap,食料品,1,3,3,0.6263,0.9327,0.0261,-0.0029,0.4869,-0.0844,False,False
外部需求 → 日本,us_ord_cap,食料品,1,3,6,0.4368,0.7278,-0.0396,0.0127,-0.7776,0.3481,False,False
外部需求 → 日本,us_ord_cap,食料品,1,6,0,0.7808,0.8971,0.0263,0.0048,0.2783,0.1294,False,False
外部需求 → 日本,us_ord_cap,食料品,1,6,3,0.9058,0.6683,-0.0078,0.0136,-0.1183,0.4285,False,False
外部需求 → 日本,us_ord_cap,食料品,1,6,6,0.8706,0.7892,0.0109,0.0083,0.1629,0.2674,False,False
外部需求 → 日本,us_ord_cap,食料品,3,1,0,0.975,0.8686,-0.0013,0.0044,-0.0313,0.1654,False,False
外部需求 → 日本,us_ord_cap,食料品,3,1,3,0.5492,0.8883,0.0182,0.0037,0.599,0.1404,False,False
外部需求 → 日本,us_ord_cap,食料品,3,1,6,0.3505,0.4868,-0.0289,0.0172,-0.9336,0.6953,False,False
外部需求 → 日本,us_ord_cap,食料品,3,3,0,0.4252,0.0895,0.0849,-0.0766,0.7974,-1.6978,False,False
外部需求 → 日本,us_ord_cap,食料品,3,3,3,0.4671,0.6295,0.051,0.0246,0.7272,0.4825,False,False
外部需求 → 日本,us_ord_cap,食料品,3,3,6,0.3352,0.4625,-0.066,-0.0372,-0.9638,-0.7347,False,False
外部需求 → 日本,us_ord_cap,食料品,3,6,0,0.3091,0.2638,0.1386,-0.0617,1.0172,-1.1176,False,False
外部需求 → 日本,us_ord_cap,食料品,3,6,3,0.8992,0.7498,-0.0136,-0.0139,-0.1267,-0.3189,False,False
外部需求 → 日本,us_ord_cap,食料品,3,6,6,0.8288,0.5735,0.0202,-0.0321,0.2162,-0.563,False,False
外部需求 → 日本,us_ord_cap,食料品,6,1,0,0.8443,0.9506,0.007,0.0015,0.1964,0.062,False,False
外部需求 → 日本,us_ord_cap,食料品,6,1,3,0.782,0.5547,-0.0074,0.0149,-0.2768,0.5907,False,False
外部需求 → 日本,us_ord_cap,食料品,6,1,6,0.9022,0.4419,0.0025,0.0151,0.1228,0.769,False,False
外部需求 → 日本,us_ord_cap,食料品,6,3,0,0.2999,0.1481,0.0748,-0.0492,1.0367,-1.4462,False,False
外部需求 → 日本,us_ord_cap,食料品,6,3,3,0.8849,0.6218,-0.0094,-0.0169,-0.1448,-0.4933,False,False
外部需求 → 日本,us_ord_cap,食料品,6,3,6,0.8411,0.9792,0.0087,-0.0011,0.2005,-0.0261,False,False
外部需求 → 日本,us_ord_cap,食料品,6,6,0,0.5335,0.0835,0.0676,-0.0755,0.6227,-1.7307,False,False
外部需求 → 日本,us_ord_cap,食料品,6,6,3,0.9783,0.6232,0.0026,-0.0313,0.0272,-0.4913,False,False
外部需求 → 日本,us_ord_cap,食料品,6,6,6,0.4822,0.5322,0.0475,0.0319,0.7027,0.6247,False,False
外部需求 → 日本,us_ord_comp,T1,1,1,0,0.8473,0.451,0.0268,-0.2128,0.1926,-0.7538,False,False
外部需求 → 日本,us_ord_comp,T1,1,1,3,0.8671,0.8411,-0.0299,0.0591,-0.1673,0.2005,False,False
外部需求 → 日本,us_ord_comp,T1,1,1,6,0.0494,0.5397,-0.2932,0.1756,-1.9648,0.6133,False,False
外部需求 → 日本,us_ord_comp,T1,1,3,0,0.8344,0.0989,-0.0593,-0.672,-0.2091,-1.6502,False,False
外部需求 → 日本,us_ord_comp,T1,1,3,3,0.5493,0.8217,0.1267,0.0928,0.5988,0.2253,False,False
外部需求 → 日本,us_ord_comp,T1,1,3,6,0.2255,0.7712,-0.2563,0.1473,-1.2119,0.2908,False,False
外部需求 → 日本,us_ord_comp,T1,1,6,0,0.8508,0.3862,0.0591,-0.4656,0.1881,-0.8664,False,False
外部需求 → 日本,us_ord_comp,T1,1,6,3,0.7294,0.5741,-0.0936,0.3088,-0.3459,0.562,False,False
外部需求 → 日本,us_ord_comp,T1,1,6,6,0.1074,0.82,-0.3679,0.1453,-1.61,0.2276,False,False
外部需求 → 日本,us_ord_comp,T1,3,1,0,0.9974,0.4127,0.0006,-0.1393,0.0033,-0.8191,False,False
外部需求 → 日本,us_ord_comp,T1,3,1,3,0.4134,0.4446,0.1231,0.1309,0.8179,0.7644,False,False
外部需求 → 日本,us_ord_comp,T1,3,1,6,0.1248,0.653,-0.2513,0.0769,-1.5348,0.4496,False,False
外部需求 → 日本,us_ord_comp,T1,3,3,0,0.918,0.4927,-0.0457,-0.2945,-0.103,-0.686,False,False
外部需求 → 日本,us_ord_comp,T1,3,3,3,0.5201,0.5952,0.1716,0.2412,0.6432,0.5313,False,False
外部需求 → 日本,us_ord_comp,T1,3,3,6,0.2041,0.5506,-0.4085,-0.2666,-1.2699,-0.5968,False,False
外部需求 → 日本,us_ord_comp,T1,3,6,0,0.843,0.9494,0.1027,-0.0351,0.198,-0.0635,False,False
外部需求 → 日本,us_ord_comp,T1,3,6,3,0.5984,0.9981,-0.2314,-0.0014,-0.5268,-0.0023,False,False
外部需求 → 日本,us_ord_comp,T1,3,6,6,0.2251,0.8361,-0.4306,0.1477,-1.213,0.2069,False,False
外部需求 → 日本,us_ord_comp,T1,6,1,0,0.5686,0.8633,0.0655,-0.0202,0.5702,-0.1722,False,False
外部需求 → 日本,us_ord_comp,T1,6,1,3,0.6246,0.4786,-0.0667,0.1022,-0.4893,0.7086,False,False
外部需求 → 日本,us_ord_comp,T1,6,1,6,0.0609,0.9063,-0.198,0.0162,-1.8739,0.1177,False,False
外部需求 → 日本,us_ord_comp,T1,6,3,0,0.9097,0.9229,0.0375,-0.0327,0.1134,-0.0968,False,False
外部需求 → 日本,us_ord_comp,T1,6,3,3,0.5948,0.9595,-0.1446,-0.0212,-0.5319,-0.0508,False,False
外部需求 → 日本,us_ord_comp,T1,6,3,6,0.2634,0.8447,-0.246,0.067,-1.1185,0.1959,False,False
外部需求 → 日本,us_ord_comp,T1,6,6,0,0.8191,0.9876,-0.1237,-0.0087,-0.2287,-0.0155,False,False
外部需求 → 日本,us_ord_comp,T1,6,6,3,0.3825,0.9172,-0.3808,0.0749,-0.8733,0.104,False,False
外部需求 → 日本,us_ord_comp,T1,6,6,6,0.5237,0.5492,-0.1928,0.4474,-0.6376,0.599,False,False
外部需求 → 日本,us_ord_comp,T10,1,1,0,0.63,0.7265,0.0456,0.1156,0.4817,0.3498,False,False
外部需求 → 日本,us_ord_comp,T10,1,1,3,0.431,0.3809,0.0706,-0.3158,0.7875,-0.8762,False,False
外部需求 → 日本,us_ord_comp,T10,1,1,6,0.7021,0.5853,0.0352,-0.1769,0.3825,-0.5456,False,False
外部需求 → 日本,us_ord_comp,T10,1,3,0,0.4779,0.4158,-0.1066,0.4454,-0.7096,0.8137,False,False
外部需求 → 日本,us_ord_comp,T10,1,3,3,0.8245,0.0146,-0.0286,-1.0833,-0.2217,-2.4418,False,False
外部需求 → 日本,us_ord_comp,T10,1,3,6,0.6759,0.6779,0.0611,-0.1907,0.4181,-0.4153,False,False
外部需求 → 日本,us_ord_comp,T10,1,6,0,0.5889,0.3479,-0.0951,-0.5034,-0.5404,-0.9387,False,False
外部需求 → 日本,us_ord_comp,T10,1,6,3,0.7785,0.0282,0.0504,-1.1675,0.2812,-2.1947,False,False
外部需求 → 日本,us_ord_comp,T10,1,6,6,0.9292,0.7564,0.0139,-0.2,0.0889,-0.3102,False,False
外部需求 → 日本,us_ord_comp,T10,3,1,0,0.2988,0.6472,-0.1025,0.1022,-1.0389,0.4576,False,False
外部需求 → 日本,us_ord_comp,T10,3,1,3,0.8879,0.1134,-0.0119,-0.3593,-0.1409,-1.583,False,False
外部需求 → 日本,us_ord_comp,T10,3,1,6,0.3862,0.3321,0.0801,-0.1741,0.8664,-0.9699,False,False
外部需求 → 日本,us_ord_comp,T10,3,3,0,0.3473,0.5985,-0.1764,0.2249,-0.9399,0.5265,False,False
外部需求 → 日本,us_ord_comp,T10,3,3,3,0.2744,0.1388,-0.2359,-0.7754,-1.0929,-1.4804,False,False
外部需求 → 日本,us_ord_comp,T10,3,3,6,0.1091,0.7486,0.2417,-0.1399,1.6024,-0.3205,False,False
外部需求 → 日本,us_ord_comp,T10,3,6,0,0.2413,0.4309,-0.4185,-0.477,-1.1717,-0.7877,False,False
外部需求 → 日本,us_ord_comp,T10,3,6,3,0.9976,0.1417,0.0011,-0.8023,0.003,-1.4694,False,False
外部需求 → 日本,us_ord_comp,T10,3,6,6,0.6741,0.0988,0.1137,-0.7627,0.4205,-1.6505,False,False
外部需求 → 日本,us_ord_comp,T10,6,1,0,0.3504,0.4257,-0.072,-0.1273,-0.9338,-0.7966,False,False
外部需求 → 日本,us_ord_comp,T10,6,1,3,0.6675,0.0338,0.037,-0.337,0.4296,-2.1227,False,False
外部需求 → 日本,us_ord_comp,T10,6,1,6,0.9761,0.5321,0.0023,-0.0955,0.0299,-0.6248,False,False
外部需求 → 日本,us_ord_comp,T10,6,3,0,0.1817,0.4854,-0.2598,-0.2584,-1.3355,-0.6976,False,False
外部需求 → 日本,us_ord_comp,T10,6,3,3,0.9959,0.0693,0.0011,-0.5978,0.0051,-1.8164,False,False
外部需求 → 日本,us_ord_comp,T10,6,3,6,0.7313,0.1235,0.0536,-0.4776,0.3434,-1.5403,False,False
外部需求 → 日本,us_ord_comp,T10,6,6,0,0.5048,0.1863,-0.266,-0.8058,-0.6669,-1.3217,False,False
外部需求 → 日本,us_ord_comp,T10,6,6,3,0.8722,0.0332,0.0585,-1.0251,0.1608,-2.1299,False,False
外部需求 → 日本,us_ord_comp,T10,6,6,6,0.935,0.3,-0.0203,-0.5754,-0.0816,-1.0365,False,False
外部需求 → 日本,us_ord_comp,T11,1,1,0,0.9593,0.4352,-0.0043,0.3179,-0.051,0.7804,False,False
外部需求 → 日本,us_ord_comp,T11,1,1,3,0.5097,0.5837,-0.0606,-0.2139,-0.6593,-0.548,False,False
外部需求 → 日本,us_ord_comp,T11,1,1,6,0.2954,0.6982,-0.0926,-0.1298,-1.0464,-0.3878,False,False
外部需求 → 日本,us_ord_comp,T11,1,3,0,0.872,0.1739,-0.0215,0.8805,-0.1611,1.3599,False,False
外部需求 → 日本,us_ord_comp,T11,1,3,3,0.9557,0.523,-0.0058,-0.3066,-0.0555,-0.6387,False,False
外部需求 → 日本,us_ord_comp,T11,1,3,6,0.817,0.2609,-0.0345,0.5222,-0.2315,1.1244,False,False
外部需求 → 日本,us_ord_comp,T11,1,6,0,0.7897,0.8624,-0.0339,0.1438,-0.2668,0.1733,False,False
外部需求 → 日本,us_ord_comp,T11,1,6,3,0.8151,0.8785,-0.0374,-0.0793,-0.2338,-0.1529,False,False
外部需求 → 日本,us_ord_comp,T11,1,6,6,0.1791,0.2748,-0.1962,0.9104,-1.3434,1.0921,False,False
外部需求 → 日本,us_ord_comp,T11,3,1,0,0.7488,0.3898,-0.0343,0.2452,-0.3202,0.86,False,False
外部需求 → 日本,us_ord_comp,T11,3,1,3,0.9532,0.4236,0.0047,-0.1807,0.0587,-0.8002,False,False
外部需求 → 日本,us_ord_comp,T11,3,1,6,0.7342,0.5715,-0.0334,0.1119,-0.3396,0.5659,False,False
外部需求 → 日本,us_ord_comp,T11,3,3,0,0.2793,0.4485,-0.1834,0.525,-1.0818,0.758,False,False
外部需求 → 日本,us_ord_comp,T11,3,3,3,0.463,0.7126,-0.1254,-0.1191,-0.734,-0.3684,False,False
外部需求 → 日本,us_ord_comp,T11,3,3,6,0.4205,0.1643,-0.1554,0.7444,-0.8055,1.3906,False,False
外部需求 → 日本,us_ord_comp,T11,3,6,0,0.2158,0.9117,-0.3204,0.0704,-1.2379,0.1108,False,False
外部需求 → 日本,us_ord_comp,T11,3,6,3,0.3094,0.3597,-0.2933,0.5348,-1.0165,0.916,False,False
外部需求 → 日本,us_ord_comp,T11,3,6,6,0.3583,0.7952,-0.2565,0.1293,-0.9187,0.2596,False,False
外部需求 → 日本,us_ord_comp,T11,6,1,0,0.6794,0.8184,-0.0285,0.0489,-0.4133,0.2296,False,False
外部需求 → 日本,us_ord_comp,T11,6,1,3,0.64,0.8474,-0.03,-0.0284,-0.4677,-0.1924,False,False
外部需求 → 日本,us_ord_comp,T11,6,1,6,0.1033,0.4149,-0.109,0.1419,-1.6292,0.8153,False,False
外部需求 → 日本,us_ord_comp,T11,6,3,0,0.1285,0.6009,-0.2065,0.261,-1.5201,0.523,False,False
外部需求 → 日本,us_ord_comp,T11,6,3,3,0.1947,0.3181,-0.1888,0.3995,-1.2969,0.9984,False,False
外部需求 → 日本,us_ord_comp,T11,6,3,6,0.2877,0.711,-0.1513,0.1149,-1.0631,0.3705,False,False
外部需求 → 日本,us_ord_comp,T11,6,6,0,0.0863,0.521,-0.4098,0.3995,-1.7151,0.6418,False,False
外部需求 → 日本,us_ord_comp,T11,6,6,3,0.1838,0.4626,-0.3484,0.4547,-1.3293,0.7346,False,False
外部需求 → 日本,us_ord_comp,T11,6,6,6,0.353,0.5661,-0.2493,-0.3119,-0.9288,-0.5738,False,False
外部需求 → 日本,us_ord_comp,T13,1,1,0,0.9416,0.1608,-0.0082,0.6377,-0.0732,1.4024,False,False
外部需求 → 日本,us_ord_comp,T13,1,1,3,0.8755,0.4265,0.0196,0.3008,0.1567,0.7951,False,False
外部需求 → 日本,us_ord_comp,T13,1,1,6,0.412,0.2118,0.0852,-0.4281,0.8204,-1.2487,False,False
外部需求 → 日本,us_ord_comp,T13,1,3,0,0.4841,0.3326,-0.1283,0.7433,-0.6997,0.9689,False,False
外部需求 → 日本,us_ord_comp,T13,1,3,3,0.7149,0.4802,0.0481,0.5254,0.3652,0.7059,False,False
外部需求 → 日本,us_ord_comp,T13,1,3,6,0.5888,0.9078,0.0817,0.0708,0.5406,0.1159,False,False
外部需求 → 日本,us_ord_comp,T13,1,6,0,0.4409,0.0608,-0.1299,1.7747,-0.7706,1.8752,False,False
外部需求 → 日本,us_ord_comp,T13,1,6,3,0.7366,0.2624,0.0619,1.0164,0.3364,1.1207,False,False
外部需求 → 日本,us_ord_comp,T13,1,6,6,0.7016,0.9476,-0.0546,-0.0557,-0.3831,-0.0657,False,False
外部需求 → 日本,us_ord_comp,T13,3,1,0,0.1323,0.3639,-0.1619,0.2512,-1.505,0.9079,False,False
外部需求 → 日本,us_ord_comp,T13,3,1,3,0.7542,0.4209,0.0265,0.2037,0.3131,0.8049,False,False
外部需求 → 日本,us_ord_comp,T13,3,1,6,0.5303,0.8778,0.0681,-0.0392,0.6276,-0.1537,False,False
外部需求 → 日本,us_ord_comp,T13,3,3,0,0.0485,0.2504,-0.4323,0.8119,-1.9729,1.1494,False,False
外部需求 → 日本,us_ord_comp,T13,3,3,3,0.1624,0.5719,0.2286,0.2919,1.3969,0.5653,False,False
外部需求 → 日本,us_ord_comp,T13,3,3,6,0.8359,0.5557,-0.0409,0.2962,-0.2072,0.5892,False,False
外部需求 → 日本,us_ord_comp,T13,3,6,0,0.3336,0.0218,-0.2437,1.7451,-0.967,2.2937,False,False
外部需求 → 日本,us_ord_comp,T13,3,6,3,0.5639,0.2021,0.1423,0.8817,0.577,1.2756,False,False
外部需求 → 日本,us_ord_comp,T13,3,6,6,0.7212,0.5273,-0.0845,-0.4985,-0.3569,-0.6321,False,False
外部需求 → 日本,us_ord_comp,T13,6,1,0,0.2754,0.3608,-0.0688,0.2497,-1.0908,0.9139,False,False
外部需求 → 日本,us_ord_comp,T13,6,1,3,0.5735,0.5454,0.0509,0.1137,0.5628,0.6046,False,False
外部需求 → 日本,us_ord_comp,T13,6,1,6,0.7537,0.5712,-0.0202,-0.116,-0.3138,-0.5663,False,False
外部需求 → 日本,us_ord_comp,T13,6,3,0,0.3973,0.2667,-0.1064,0.7141,-0.8464,1.1107,False,False
外部需求 → 日本,us_ord_comp,T13,6,3,3,0.5072,0.3483,0.1061,0.3828,0.6633,0.9378,False,False
外部需求 → 日本,us_ord_comp,T13,6,3,6,0.8021,0.4131,-0.0322,-0.3858,-0.2506,-0.8184,False,False
外部需求 → 日本,us_ord_comp,T13,6,6,0,0.8425,0.0096,-0.0422,1.7343,-0.1986,2.5892,False,False
外部需求 → 日本,us_ord_comp,T13,6,6,3,0.8676,0.7887,0.0403,0.2027,0.1667,0.268,False,False
外部需求 → 日本,us_ord_comp,T13,6,6,6,0.4379,0.0082,-0.171,-1.6379,-0.7757,-2.6424,False,False
外部需求 → 日本,us_ord_comp,T2,1,1,0,0.9112,0.5876,0.0134,-0.1754,0.1115,-0.5424,False,False
外部需求 → 日本,us_ord_comp,T2,1,1,3,0.8709,0.2352,-0.0216,0.3456,-0.1625,1.187,False,False
外部需求 → 日本,us_ord_comp,T2,1,1,6,0.8148,0.9746,-0.0258,-0.0106,-0.2343,-0.0318,False,False
外部需求 → 日本,us_ord_comp,T2,1,3,0,0.5334,0.1539,0.1196,-0.579,0.6228,-1.4259,False,False
外部需求 → 日本,us_ord_comp,T2,1,3,3,0.4934,0.8534,0.1172,0.0873,0.6849,0.1847,False,False
外部需求 → 日本,us_ord_comp,T2,1,3,6,0.8653,0.7457,-0.0301,0.1728,-0.1697,0.3244,False,False
外部需求 → 日本,us_ord_comp,T2,1,6,0,0.2573,0.4881,0.282,-0.3839,1.1327,-0.6933,False,False
外部需求 → 日本,us_ord_comp,T2,1,6,3,0.5449,0.5837,0.1335,0.376,0.6054,0.548,False,False
外部需求 → 日本,us_ord_comp,T2,1,6,6,0.8164,0.4759,0.0418,-0.3766,0.2322,-0.7129,False,False
外部需求 → 日本,us_ord_comp,T2,3,1,0,0.1849,0.3117,0.1528,-0.1494,1.3259,-1.0118,False,False
外部需求 → 日本,us_ord_comp,T2,3,1,3,0.4615,0.2968,0.0944,0.1535,0.7363,1.0434,False,False
外部需求 → 日本,us_ord_comp,T2,3,1,6,0.8165,0.2688,-0.0281,0.1896,-0.232,1.1059,False,False
外部需求 → 日本,us_ord_comp,T2,3,3,0,0.1362,0.3703,0.4814,-0.3416,1.4902,-0.8959,False,False
外部需求 → 日本,us_ord_comp,T2,3,3,3,0.2645,0.6493,0.2636,0.2076,1.1159,0.4547,False,False
外部需求 → 日本,us_ord_comp,T2,3,3,6,0.6571,0.6757,0.1125,-0.1601,0.4439,-0.4183,False,False
外部需求 → 日本,us_ord_comp,T2,3,6,0,0.0624,0.954,0.8025,-0.0358,1.8632,-0.0577,False,False
外部需求 → 日本,us_ord_comp,T2,3,6,3,0.2624,0.7988,0.4039,0.1315,1.1207,0.2548,False,False
外部需求 → 日本,us_ord_comp,T2,3,6,6,0.8521,0.5712,0.0441,-0.2882,0.1864,-0.5664,False,False
外部需求 → 日本,us_ord_comp,T2,6,1,0,0.0877,0.9278,0.1573,-0.0094,1.7079,-0.0906,False,False
外部需求 → 日本,us_ord_comp,T2,6,1,3,0.6911,0.1473,0.0489,0.2128,0.3974,1.4492,False,False
外部需求 → 日本,us_ord_comp,T2,6,1,6,0.7955,0.6089,0.0218,-0.0576,0.2592,-0.5116,False,False
外部需求 → 日本,us_ord_comp,T2,6,3,0,0.0293,0.8015,0.4609,-0.0918,2.1795,-0.2514,False,False
外部需求 → 日本,us_ord_comp,T2,6,3,3,0.2984,0.904,0.2374,0.0374,1.0398,0.1206,False,False
外部需求 → 日本,us_ord_comp,T2,6,3,6,0.8532,0.5245,0.0298,-0.178,0.185,-0.6365,False,False
外部需求 → 日本,us_ord_comp,T2,6,6,0,0.0281,0.9215,0.7472,0.061,2.1959,0.0985,False,False
外部需求 → 日本,us_ord_comp,T2,6,6,3,0.3303,0.8258,0.3022,-0.0956,0.9736,-0.2201,False,False
外部需求 → 日本,us_ord_comp,T2,6,6,6,0.7792,0.9345,0.0752,-0.0471,0.2803,-0.0822,False,False
外部需求 → 日本,us_ord_comp,T3,1,1,0,0.9914,0.7317,0.0009,0.1487,0.0108,0.3428,False,False
外部需求 → 日本,us_ord_comp,T3,1,1,3,0.5488,0.892,-0.0572,0.052,-0.5996,0.1358,False,False
外部需求 → 日本,us_ord_comp,T3,1,1,6,0.6794,0.6851,0.0358,-0.1519,0.4133,-0.4056,False,False
外部需求 → 日本,us_ord_comp,T3,1,3,0,0.4598,0.6846,0.0957,0.316,0.7391,0.4062,False,False
外部需求 → 日本,us_ord_comp,T3,1,3,3,0.5273,0.6853,-0.0796,-0.2633,-0.6321,-0.4052,False,False
外部需求 → 日本,us_ord_comp,T3,1,3,6,0.6085,0.6734,0.0705,0.2984,0.5122,0.4214,False,False
外部需求 → 日本,us_ord_comp,T3,1,6,0,0.9882,0.5315,-0.0022,0.4791,-0.0148,0.6257,False,False
外部需求 → 日本,us_ord_comp,T3,1,6,3,0.9681,0.6241,-0.0051,0.4979,-0.04,0.4901,False,False
外部需求 → 日本,us_ord_comp,T3,1,6,6,0.4294,0.6934,-0.0991,0.3034,-0.7903,0.3943,False,False
外部需求 → 日本,us_ord_comp,T3,3,1,0,0.4306,0.3944,0.0701,0.2002,0.7882,0.8517,False,False
外部需求 → 日本,us_ord_comp,T3,3,1,3,0.4083,0.7637,-0.078,0.0531,-0.8269,0.3006,False,False
外部需求 → 日本,us_ord_comp,T3,3,1,6,0.4158,0.4319,0.0693,0.1873,0.8137,0.7859,False,False
外部需求 → 日本,us_ord_comp,T3,3,3,0,0.5473,0.5443,0.1365,0.32,0.6018,0.6063,False,False
外部需求 → 日本,us_ord_comp,T3,3,3,3,0.3583,0.9912,-0.1359,0.0058,-0.9186,0.0111,False,False
外部需求 → 日本,us_ord_comp,T3,3,3,6,0.857,0.2259,0.0305,0.5943,0.1802,1.2109,False,False
外部需求 → 日本,us_ord_comp,T3,3,6,0,0.998,0.2788,0.0006,0.7129,0.0026,1.083,False,False
外部需求 → 日本,us_ord_comp,T3,3,6,3,0.6636,0.2721,-0.1003,0.9354,-0.435,1.0982,False,False
外部需求 → 日本,us_ord_comp,T3,3,6,6,0.6053,0.5383,-0.0935,0.3742,-0.5168,0.6154,False,False
外部需求 → 日本,us_ord_comp,T3,6,1,0,0.9825,0.2401,-0.0017,0.16,-0.0219,1.1748,False,False
外部需求 → 日本,us_ord_comp,T3,6,1,3,0.8977,0.4909,-0.009,0.117,-0.1285,0.6889,False,False
外部需求 → 日本,us_ord_comp,T3,6,1,6,0.2733,0.421,-0.0696,0.1184,-1.0955,0.8047,False,False
外部需求 → 日本,us_ord_comp,T3,6,3,0,0.9786,0.5551,-0.0043,0.2496,-0.0268,0.5902,False,False
外部需求 → 日本,us_ord_comp,T3,6,3,3,0.5983,0.3941,-0.0764,0.3798,-0.5268,0.8522,False,False
外部需求 → 日本,us_ord_comp,T3,6,3,6,0.577,0.4924,-0.0698,0.2544,-0.5578,0.6864,False,False
外部需求 → 日本,us_ord_comp,T3,6,6,0,0.734,0.2032,-0.0777,1.08,-0.3398,1.2726,False,False
外部需求 → 日本,us_ord_comp,T3,6,6,3,0.5273,0.2534,-0.1401,0.8536,-0.6321,1.1422,False,False
外部需求 → 日本,us_ord_comp,T3,6,6,6,0.2042,0.8685,-0.207,-0.1111,-1.2696,-0.1656,False,False
外部需求 → 日本,us_ord_comp,T4,1,1,0,0.9318,0.5238,0.0069,0.132,0.0856,0.6375,False,False
外部需求 → 日本,us_ord_comp,T4,1,1,3,0.7367,0.8794,-0.0295,0.0273,-0.3363,0.1518,False,False
外部需求 → 日本,us_ord_comp,T4,1,1,6,0.4519,0.5859,0.0556,-0.1032,0.7522,-0.5447,False,False
外部需求 → 日本,us_ord_comp,T4,1,3,0,0.8888,0.5624,-0.0193,0.1772,-0.1398,0.5793,False,False
外部需求 → 日本,us_ord_comp,T4,1,3,3,0.8003,0.6655,-0.0292,0.1383,-0.2529,0.4323,False,False
外部需求 → 日本,us_ord_comp,T4,1,3,6,0.4935,0.508,0.0874,-0.1815,0.6848,-0.6619,False,False
外部需求 → 日本,us_ord_comp,T4,1,6,0,0.7168,0.4429,-0.0453,0.3269,-0.3627,0.7674,False,False
外部需求 → 日本,us_ord_comp,T4,1,6,3,0.6529,0.965,0.0552,0.0197,0.4498,0.0439,False,False
外部需求 → 日本,us_ord_comp,T4,1,6,6,0.7158,0.7149,-0.0446,-0.1437,-0.3641,-0.3653,False,False
外部需求 → 日本,us_ord_comp,T4,3,1,0,0.8086,0.9383,-0.025,-0.0089,-0.2423,-0.0774,False,False
外部需求 → 日本,us_ord_comp,T4,3,1,3,0.6918,0.8888,-0.0266,0.0171,-0.3964,0.1398,False,False
外部需求 → 日本,us_ord_comp,T4,3,1,6,0.3015,0.4389,0.0874,-0.0838,1.0333,-0.774,False,False
外部需求 → 日本,us_ord_comp,T4,3,3,0,0.6562,0.7011,-0.0844,0.0921,-0.4451,0.3839,False,False
外部需求 → 日本,us_ord_comp,T4,3,3,3,0.744,0.8192,0.0482,0.0608,0.3265,0.2286,False,False
外部需求 → 日本,us_ord_comp,T4,3,3,6,0.8526,0.8163,-0.0296,0.0606,-0.1859,0.2323,False,False
外部需求 → 日本,us_ord_comp,T4,3,6,0,0.8694,0.5778,-0.0338,0.1934,-0.1644,0.5566,False,False
外部需求 → 日本,us_ord_comp,T4,3,6,3,0.9242,0.6402,0.0151,0.1896,0.0951,0.4674,False,False
外部需求 → 日本,us_ord_comp,T4,3,6,6,0.164,0.3072,-0.2966,-0.3268,-1.3918,-1.0211,False,False
外部需求 → 日本,us_ord_comp,T4,6,1,0,0.5244,0.9082,-0.0329,0.0092,-0.6365,0.1153,False,False
外部需求 → 日本,us_ord_comp,T4,6,1,3,0.5278,0.7456,0.0372,-0.0308,0.6313,-0.3244,False,False
外部需求 → 日本,us_ord_comp,T4,6,1,6,0.7577,0.5299,-0.0192,-0.0589,-0.3085,-0.6282,False,False
外部需求 → 日本,us_ord_comp,T4,6,3,0,0.8187,0.5754,-0.0264,0.1111,-0.2292,0.5601,False,False
外部需求 → 日本,us_ord_comp,T4,6,3,3,0.9391,0.7762,0.0083,0.0679,0.0764,0.2842,False,False
外部需求 → 日本,us_ord_comp,T4,6,3,6,0.1877,0.2686,-0.1702,-0.2187,-1.3174,-1.1063,False,False
外部需求 → 日本,us_ord_comp,T4,6,6,0,0.9156,0.5562,-0.0187,0.2544,-0.106,0.5886,False,False
外部需求 → 日本,us_ord_comp,T4,6,6,3,0.3501,0.7649,-0.1671,-0.1054,-0.9343,-0.299,False,False
外部需求 → 日本,us_ord_comp,T4,6,6,6,0.0011,0.0583,-0.4982,-0.634,-3.2698,-1.8938,True,True
外部需求 → 日本,us_ord_comp,T5,1,1,0,0.8078,0.7597,0.0171,-0.0589,0.2432,-0.3059,False,False
外部需求 → 日本,us_ord_comp,T5,1,1,3,0.8998,0.8685,-0.0088,0.0394,-0.1259,0.1656,False,False
外部需求 → 日本,us_ord_comp,T5,1,1,6,0.595,0.6192,0.0299,-0.1107,0.5316,-0.497,False,False
外部需求 → 日本,us_ord_comp,T5,1,3,0,0.9345,0.4448,-0.0085,-0.2259,-0.0822,-0.764,False,False
外部需求 → 日本,us_ord_comp,T5,1,3,3,0.6675,0.3669,0.0403,-0.2856,0.4296,-0.9024,False,False
外部需求 → 日本,us_ord_comp,T5,1,3,6,0.0631,0.6513,0.1703,0.1632,1.8587,0.452,False,False
外部需求 → 日本,us_ord_comp,T5,1,6,0,0.81,0.2822,0.0234,-0.4238,0.2405,-1.0754,False,False
外部需求 → 日本,us_ord_comp,T5,1,6,3,0.0438,0.9714,0.2047,0.0127,2.0163,0.0358,False,False
外部需求 → 日本,us_ord_comp,T5,1,6,6,0.2799,0.1068,0.1085,0.6255,1.0806,1.6126,False,False
外部需求 → 日本,us_ord_comp,T5,3,1,0,0.7639,0.6617,-0.0199,-0.0498,-0.3004,-0.4375,False,False
外部需求 → 日本,us_ord_comp,T5,3,1,3,0.5404,0.2754,0.0402,-0.1437,0.6122,-1.0907,False,False
外部需求 → 日本,us_ord_comp,T5,3,1,6,0.0304,0.4429,0.137,0.1249,2.1651,0.7674,False,False
外部需求 → 日本,us_ord_comp,T5,3,3,0,0.708,0.2673,0.0538,-0.2707,0.3745,-1.1094,False,False
外部需求 → 日本,us_ord_comp,T5,3,3,3,0.0571,0.0621,0.2183,-0.3847,1.9025,-1.8655,False,False
外部需求 → 日本,us_ord_comp,T5,3,3,6,0.2261,0.009,0.1299,0.6002,1.2104,2.6118,False,False
外部需求 → 日本,us_ord_comp,T5,3,6,0,0.1801,0.0617,0.2644,-0.5924,1.3404,-1.8685,False,False
外部需求 → 日本,us_ord_comp,T5,3,6,3,0.0303,0.2851,0.3638,0.3249,2.1667,1.0689,False,False
外部需求 → 日本,us_ord_comp,T5,3,6,6,0.1785,0.053,0.2282,0.7399,1.3454,1.9346,False,False
外部需求 → 日本,us_ord_comp,T5,6,1,0,0.791,0.2475,0.0128,-0.1,0.2651,-1.1564,False,False
外部需求 → 日本,us_ord_comp,T5,6,1,3,0.0396,0.9705,0.1158,-0.0041,2.0579,-0.037,False,False
外部需求 → 日本,us_ord_comp,T5,6,1,6,0.2954,0.076,0.0488,0.1759,1.0463,1.7742,False,False
外部需求 → 日本,us_ord_comp,T5,6,3,0,0.066,0.0222,0.1664,-0.3805,1.8381,-2.2863,False,False
外部需求 → 日本,us_ord_comp,T5,6,3,3,0.0225,0.5952,0.217,0.1194,2.2822,0.5313,False,False
外部需求 → 日本,us_ord_comp,T5,6,3,6,0.2911,0.0338,0.0981,0.508,1.0557,2.1229,False,False
外部需求 → 日本,us_ord_comp,T5,6,6,0,0.0073,0.4915,0.3881,-0.2063,2.6812,-0.6879,False,False
外部需求 → 日本,us_ord_comp,T5,6,6,3,0.0509,0.0415,0.3452,0.7233,1.952,2.0387,False,False
外部需求 → 日本,us_ord_comp,T5,6,6,6,0.4135,0.2119,0.0814,0.5877,0.8177,1.2484,False,False
外部需求 → 日本,us_ord_comp,T6,1,1,0,0.6903,0.2828,0.0341,-0.2514,0.3984,-1.074,False,False
外部需求 → 日本,us_ord_comp,T6,1,1,3,0.7651,0.5627,-0.0312,0.1217,-0.2988,0.5789,False,False
外部需求 → 日本,us_ord_comp,T6,1,1,6,0.0227,0.4632,-0.1734,-0.1445,-2.2791,-0.7336,False,False
外部需求 → 日本,us_ord_comp,T6,1,3,0,0.3749,0.0992,0.1384,-0.4958,0.8873,-1.6488,False,False
外部需求 → 日本,us_ord_comp,T6,1,3,3,0.6825,0.9732,0.0552,0.0111,0.4091,0.0336,False,False
外部需求 → 日本,us_ord_comp,T6,1,3,6,0.5621,0.7102,0.0772,-0.1106,0.5797,-0.3716,False,False
外部需求 → 日本,us_ord_comp,T6,1,6,0,0.2308,0.2037,0.215,-0.4103,1.1982,-1.2711,False,False
外部需求 → 日本,us_ord_comp,T6,1,6,3,0.3899,0.7608,0.1632,0.0871,0.8598,0.3044,False,False
外部需求 → 日本,us_ord_comp,T6,1,6,6,0.3588,0.0797,0.1104,-0.6356,0.9177,-1.7525,False,False
外部需求 → 日本,us_ord_comp,T6,3,1,0,0.3719,0.0814,0.1002,-0.2047,0.8929,-1.7428,False,False
外部需求 → 日本,us_ord_comp,T6,3,1,3,0.5386,0.7545,0.0542,-0.0377,0.6149,-0.3127,False,False
外部需求 → 日本,us_ord_comp,T6,3,1,6,0.3934,0.9333,0.0776,-0.0118,0.8535,-0.0837,False,False
外部需求 → 日本,us_ord_comp,T6,3,3,0,0.4974,0.3306,0.1748,-0.2709,0.6786,-0.973,False,False
外部需求 → 日本,us_ord_comp,T6,3,3,3,0.4493,0.4766,0.151,-0.1896,0.7565,-0.7118,False,False
外部需求 → 日本,us_ord_comp,T6,3,3,6,0.0683,0.752,0.3012,-0.1072,1.8233,-0.316,False,False
外部需求 → 日本,us_ord_comp,T6,3,6,0,0.3306,0.4586,0.3377,-0.2589,0.973,-0.7412,False,False
外部需求 → 日本,us_ord_comp,T6,3,6,3,0.1968,0.6931,0.474,-0.1441,1.2906,-0.3946,False,False
外部需求 → 日本,us_ord_comp,T6,3,6,6,0.1549,0.6031,0.412,-0.2197,1.4224,-0.52,False,False
外部需求 → 日本,us_ord_comp,T6,6,1,0,0.2221,0.1535,0.0962,-0.1263,1.221,-1.4273,False,False
外部需求 → 日本,us_ord_comp,T6,6,1,3,0.3078,0.7668,0.0895,-0.0339,1.0199,-0.2966,False,False
外部需求 → 日本,us_ord_comp,T6,6,1,6,0.3305,0.1749,0.0599,-0.138,0.9731,-1.3567,False,False
外部需求 → 日本,us_ord_comp,T6,6,3,0,0.3142,0.2838,0.1877,-0.245,1.0064,-1.0718,False,False
外部需求 → 日本,us_ord_comp,T6,6,3,3,0.1597,0.4234,0.2677,-0.2068,1.4061,-0.8006,False,False
外部需求 → 日本,us_ord_comp,T6,6,3,6,0.1022,0.6288,0.2364,-0.119,1.6343,-0.4835,False,False
外部需求 → 日本,us_ord_comp,T6,6,6,0,0.1587,0.4243,0.4743,-0.2616,1.4096,-0.7989,False,False
外部需求 → 日本,us_ord_comp,T6,6,6,3,0.0889,0.556,0.5277,-0.2329,1.7012,-0.5888,False,False
外部需求 → 日本,us_ord_comp,T6,6,6,6,0.2699,0.9754,0.3318,-0.0136,1.1034,-0.0308,False,False
外部需求 → 日本,us_ord_comp,T7,1,1,0,0.788,0.1146,0.0595,-0.7138,0.2689,-1.5779,False,False
外部需求 → 日本,us_ord_comp,T7,1,1,3,0.3412,0.2058,0.2503,-0.4958,0.9518,-1.2651,False,False
外部需求 → 日本,us_ord_comp,T7,1,1,6,0.9511,0.5997,0.0168,-0.2444,0.0613,-0.5248,False,False
外部需求 → 日本,us_ord_comp,T7,1,3,0,0.1616,0.5292,-0.4293,0.4221,-1.3998,0.6292,False,False
外部需求 → 日本,us_ord_comp,T7,1,3,3,0.8274,0.0955,0.0672,-1.0342,0.218,-1.667,False,False
外部需求 → 日本,us_ord_comp,T7,1,3,6,0.7888,0.515,-0.109,-0.365,-0.2678,-0.6511,False,False
外部需求 → 日本,us_ord_comp,T7,1,6,0,0.2755,0.4716,-0.3347,-0.6618,-1.0904,-0.72,False,False
外部需求 → 日本,us_ord_comp,T7,1,6,3,0.9817,0.0572,0.0091,-1.4916,0.0229,-1.9015,False,False
外部需求 → 日本,us_ord_comp,T7,1,6,6,0.7396,0.6996,-0.0998,-0.4204,-0.3324,-0.3858,False,False
外部需求 → 日本,us_ord_comp,T7,3,1,0,0.0489,0.5135,-0.3787,0.1782,-1.9694,0.6533,False,False
外部需求 → 日本,us_ord_comp,T7,3,1,3,0.6121,0.1082,0.1035,-0.3519,0.5071,-1.6064,False,False
外部需求 → 日本,us_ord_comp,T7,3,1,6,0.7588,0.608,-0.0657,-0.1266,-0.307,-0.513,False,False
外部需求 → 日本,us_ord_comp,T7,3,3,0,0.0982,0.4905,-0.5514,0.3972,-1.6539,0.6896,False,False
外部需求 → 日本,us_ord_comp,T7,3,3,3,0.6841,0.2291,-0.1447,-0.5276,-0.4069,-1.2027,False,False
外部需求 → 日本,us_ord_comp,T7,3,3,6,0.6364,0.3008,-0.1955,-0.5624,-0.4728,-1.0346,False,False
外部需求 → 日本,us_ord_comp,T7,3,6,0,0.1328,0.7648,-0.7208,-0.236,-1.5033,-0.2992,False,False
外部需求 → 日本,us_ord_comp,T7,3,6,3,0.4837,0.083,-0.3408,-1.1794,-0.7004,-1.7334,False,False
外部需求 → 日本,us_ord_comp,T7,3,6,6,0.1836,0.5009,-0.7939,-0.7428,-1.3297,-0.673,False,False
外部需求 → 日本,us_ord_comp,T7,6,1,0,0.2662,0.5858,-0.1345,-0.1024,-1.112,-0.545,False,False
外部需求 → 日本,us_ord_comp,T7,6,1,3,0.9644,0.1245,0.0075,-0.2916,0.0446,-1.5361,False,False
外部需求 → 日本,us_ord_comp,T7,6,1,6,0.7824,0.9802,-0.0362,-0.0055,-0.2762,-0.0248,False,False
外部需求 → 日本,us_ord_comp,T7,6,3,0,0.0785,0.8435,-0.3979,-0.0867,-1.7597,-0.1974,False,False
外部需求 → 日本,us_ord_comp,T7,6,3,3,0.5347,0.0729,-0.1848,-0.7015,-0.6209,-1.7934,False,False
外部需求 → 日本,us_ord_comp,T7,6,3,6,0.153,0.5143,-0.4612,-0.4586,-1.429,-0.6522,False,False
外部需求 → 日本,us_ord_comp,T7,6,6,0,0.0981,0.1553,-0.5973,-0.9466,-1.6544,-1.4211,False,False
外部需求 → 日本,us_ord_comp,T7,6,6,3,0.0554,0.1936,-0.6852,-1.219,-1.9159,-1.3001,False,False
外部需求 → 日本,us_ord_comp,T7,6,6,6,0.036,0.6389,-1.5735,-0.5956,-2.097,-0.4692,False,False
外部需求 → 日本,us_ord_comp,T8,1,1,0,0.0532,0.2772,-0.1376,-0.2909,-1.933,-1.0866,False,False
外部需求 → 日本,us_ord_comp,T8,1,1,3,0.0173,0.7767,-0.1772,0.0638,-2.3794,0.2836,False,False
外部需求 → 日本,us_ord_comp,T8,1,1,6,0.5752,0.1755,-0.0335,-0.3612,-0.5604,-1.3549,False,False
外部需求 → 日本,us_ord_comp,T8,1,3,0,0.8155,0.2234,0.0207,-0.5268,0.2333,-1.2175,False,False
外部需求 → 日本,us_ord_comp,T8,1,3,3,0.2379,0.3073,-0.09,-0.4561,-1.1804,-1.0208,False,False
外部需求 → 日本,us_ord_comp,T8,1,3,6,0.8438,0.8076,-0.0167,-0.1081,-0.197,-0.2435,False,False
外部需求 → 日本,us_ord_comp,T8,1,6,0,0.485,0.0597,-0.0724,-1.0751,-0.6983,-1.8833,False,False
外部需求 → 日本,us_ord_comp,T8,1,6,3,0.2363,0.2676,-0.1144,-0.6842,-1.1843,-1.1087,False,False
外部需求 → 日本,us_ord_comp,T8,1,6,6,0.7625,0.6965,0.0269,0.2226,0.3022,0.39,False,False
外部需求 → 日本,us_ord_comp,T8,3,1,0,0.8534,0.2235,0.0112,-0.1789,0.1848,-1.2173,False,False
外部需求 → 日本,us_ord_comp,T8,3,1,3,0.2392,0.3148,-0.082,-0.1565,-1.1769,-1.0053,False,False
外部需求 → 日本,us_ord_comp,T8,3,1,6,0.6924,0.6566,-0.0265,-0.0746,-0.3956,-0.4446,False,False
外部需求 → 日本,us_ord_comp,T8,3,3,0,0.7493,0.1489,-0.0437,-0.4041,-0.3196,-1.4433,False,False
外部需求 → 日本,us_ord_comp,T8,3,3,3,0.4805,0.0251,-0.0725,-0.9516,-0.7055,-2.2395,False,False
外部需求 → 日本,us_ord_comp,T8,3,3,6,0.7341,0.2979,-0.0363,0.369,-0.3397,1.0409,False,False
外部需求 → 日本,us_ord_comp,T8,3,6,0,0.5843,0.0088,-0.1084,-1.4762,-0.547,-2.6191,False,False
外部需求 → 日本,us_ord_comp,T8,3,6,3,0.4423,0.1891,-0.1239,-0.7156,-0.7683,-1.3131,False,False
外部需求 → 日本,us_ord_comp,T8,3,6,6,0.6334,0.1699,-0.0656,0.6292,-0.4769,1.3726,False,False
外部需求 → 日本,us_ord_comp,T8,6,1,0,0.3946,0.1251,-0.0454,-0.1817,-0.8512,-1.5336,False,False
外部需求 → 日本,us_ord_comp,T8,6,1,3,0.2137,0.3016,-0.0608,-0.1536,-1.2436,-1.0331,False,False
外部需求 → 日本,us_ord_comp,T8,6,1,6,0.8228,0.5183,0.0098,0.0868,0.224,0.6459,False,False
外部需求 → 日本,us_ord_comp,T8,6,3,0,0.5403,0.0187,-0.0665,-0.7946,-0.6123,-2.3507,False,False
外部需求 → 日本,us_ord_comp,T8,6,3,3,0.4958,0.1821,-0.0624,-0.4115,-0.6811,-1.3343,False,False
外部需求 → 日本,us_ord_comp,T8,6,3,6,0.6665,0.1691,-0.0373,0.4124,-0.4309,1.3751,False,False
外部需求 → 日本,us_ord_comp,T8,6,6,0,0.4838,0.0168,-0.1333,-1.4517,-0.7002,-2.3906,False,False
外部需求 → 日本,us_ord_comp,T8,6,6,3,0.4708,0.9222,-0.1122,-0.0477,-0.7211,-0.0977,False,False
外部需求 → 日本,us_ord_comp,T8,6,6,6,0.9408,0.1886,-0.0091,0.6559,-0.0743,1.3146,False,False
外部需求 → 日本,us_ord_comp,T9,1,1,0,0.2384,0.0301,0.159,-0.9659,1.1791,-2.1688,False,False
外部需求 → 日本,us_ord_comp,T9,1,1,3,0.3475,0.3353,-0.135,-0.4926,-0.9394,-0.9634,False,False
外部需求 → 日本,us_ord_comp,T9,1,1,6,0.6498,0.7263,0.0738,-0.1908,0.454,-0.35,False,False
外部需求 → 日本,us_ord_comp,T9,1,3,0,0.8042,0.8298,-0.0656,0.1226,-0.2479,0.215,False,False
外部需求 → 日本,us_ord_comp,T9,1,3,3,0.7197,0.1358,-0.0775,-0.9727,-0.3588,-1.4917,False,False
外部需求 → 日本,us_ord_comp,T9,1,3,6,0.6461,0.3312,-0.1,-0.6661,-0.4592,-0.9717,False,False
外部需求 → 日本,us_ord_comp,T9,1,6,0,0.8016,0.4123,-0.0781,-0.7882,-0.2513,-0.8199,False,False
外部需求 → 日本,us_ord_comp,T9,1,6,3,0.5037,0.0963,-0.1868,-1.6361,-0.6687,-1.6628,False,False
外部需求 → 日本,us_ord_comp,T9,1,6,6,0.2763,0.5585,-0.2214,-0.6635,-1.0888,-0.5851,False,False
外部需求 → 日本,us_ord_comp,T9,3,1,0,0.9762,0.9214,-0.0055,0.027,-0.0299,0.0987,False,False
外部需求 → 日本,us_ord_comp,T9,3,1,3,0.81,0.298,-0.0368,-0.3228,-0.2404,-1.0408,False,False
外部需求 → 日本,us_ord_comp,T9,3,1,6,0.5183,0.1589,-0.0812,-0.4115,-0.646,-1.4088,False,False
外部需求 → 日本,us_ord_comp,T9,3,3,0,0.3389,0.3054,-0.409,0.5475,-0.9564,1.0249,False,False
外部需求 → 日本,us_ord_comp,T9,3,3,3,0.9004,0.3232,0.0563,-0.6356,0.1252,-0.988,False,False
外部需求 → 日本,us_ord_comp,T9,3,3,6,0.0008,0.1561,-0.7858,-0.8779,-3.3533,-1.4185,True,False
外部需求 → 日本,us_ord_comp,T9,3,6,0,0.6531,0.9512,-0.3216,-0.0626,-0.4495,-0.0612,False,False
外部需求 → 日本,us_ord_comp,T9,3,6,3,0.2275,0.0401,-0.7412,-1.5204,-1.2068,-2.0528,False,False
外部需求 → 日本,us_ord_comp,T9,3,6,6,0.0941,0.1662,-0.6044,-1.4959,-1.6742,-1.3847,False,False
外部需求 → 日本,us_ord_comp,T9,6,1,0,0.8088,0.4158,-0.0333,-0.167,-0.242,-0.8137,False,False
外部需求 → 日本,us_ord_comp,T9,6,1,3,0.6127,0.055,-0.0663,-0.4514,-0.5063,-1.9187,False,False
外部需求 → 日本,us_ord_comp,T9,6,1,6,0.1546,0.3538,-0.1166,-0.195,-1.4236,-0.9273,False,False
外部需求 → 日本,us_ord_comp,T9,6,3,0,0.5741,0.9777,-0.2348,-0.0144,-0.562,-0.0279,False,False
外部需求 → 日本,us_ord_comp,T9,6,3,3,0.1672,0.0264,-0.4432,-0.9834,-1.3812,-2.2202,False,False
外部需求 → 日本,us_ord_comp,T9,6,3,6,0.0466,0.1288,-0.3572,-0.9723,-1.9901,-1.519,False,False
外部需求 → 日本,us_ord_comp,T9,6,6,0,0.3507,0.2337,-0.6662,-1.0318,-0.9333,-1.191,False,False
外部需求 → 日本,us_ord_comp,T9,6,6,3,0.0804,0.0172,-0.8206,-1.9736,-1.7484,-2.3832,False,False
外部需求 → 日本,us_ord_comp,T9,6,6,6,0.1749,0.3964,-0.4361,-1.2051,-1.3567,-0.8481,False,False
外部需求 → 日本,us_ord_comp,その他製品,1,1,0,0.7801,0.93,-0.0122,0.0082,-0.2792,0.0878,False,False
外部需求 → 日本,us_ord_comp,その他製品,1,1,3,0.4863,0.1247,-0.0349,0.1398,-0.6961,1.5353,False,False
外部需求 → 日本,us_ord_comp,その他製品,1,1,6,0.631,0.3091,-0.022,0.1009,-0.4803,1.0171,False,False
外部需求 → 日本,us_ord_comp,その他製品,1,3,0,0.0602,0.3537,0.1109,-0.1574,1.8795,-0.9275,False,False
外部需求 → 日本,us_ord_comp,その他製品,1,3,3,0.7371,0.1345,-0.0227,0.2445,-0.3357,1.4964,False,False
外部需求 → 日本,us_ord_comp,その他製品,1,3,6,0.9804,0.409,-0.0014,0.1358,-0.0245,0.8256,False,False
外部需求 → 日本,us_ord_comp,その他製品,1,6,0,0.1667,0.9053,0.1013,-0.0269,1.383,-0.119,False,False
外部需求 → 日本,us_ord_comp,その他製品,1,6,3,0.6853,0.189,-0.031,0.3016,-0.4053,1.3135,False,False
外部需求 → 日本,us_ord_comp,その他製品,1,6,6,0.917,0.0691,0.0053,0.3898,0.1042,1.818,False,False
外部需求 → 日本,us_ord_comp,その他製品,3,1,0,0.0078,0.271,0.0949,-0.0739,2.6602,-1.1008,False,False
外部需求 → 日本,us_ord_comp,その他製品,3,1,3,0.8114,0.2933,-0.011,0.0754,-0.2387,1.0509,False,False
外部需求 → 日本,us_ord_comp,その他製品,3,1,6,0.7376,0.238,-0.0128,0.0679,-0.335,1.1801,False,False
外部需求 → 日本,us_ord_comp,その他製品,3,3,0,0.0,0.9393,0.2841,-0.0118,4.7531,-0.0762,True,False
外部需求 → 日本,us_ord_comp,その他製品,3,3,3,0.4848,0.4877,-0.05,0.1128,-0.6986,0.6939,False,False
外部需求 → 日本,us_ord_comp,その他製品,3,3,6,0.6863,0.4361,-0.038,0.1161,-0.4039,0.7787,False,False
外部需求 → 日本,us_ord_comp,その他製品,3,6,0,0.0376,0.9936,0.2382,-0.0018,2.0791,-0.008,False,False
外部需求 → 日本,us_ord_comp,その他製品,3,6,3,0.438,0.4613,-0.089,0.1728,-0.7756,0.7367,False,False
外部需求 → 日本,us_ord_comp,その他製品,3,6,6,0.7329,0.0237,-0.0288,0.4651,-0.3413,2.2621,False,False
外部需求 → 日本,us_ord_comp,その他製品,6,1,0,0.0816,0.9382,0.051,-0.0045,1.7413,-0.0775,False,False
外部需求 → 日本,us_ord_comp,その他製品,6,1,3,0.7344,0.0423,-0.0116,0.0856,-0.3393,2.031,False,False
外部需求 → 日本,us_ord_comp,その他製品,6,1,6,0.8695,0.0068,-0.0045,0.1076,-0.1642,2.7085,False,False
外部需求 → 日本,us_ord_comp,その他製品,6,3,0,0.0014,0.7686,0.1462,0.0378,3.1956,0.2942,True,False
外部需求 → 日本,us_ord_comp,その他製品,6,3,3,0.4233,0.2764,-0.0581,0.1343,-0.8006,1.0885,False,False
外部需求 → 日本,us_ord_comp,その他製品,6,3,6,0.739,0.0049,-0.017,0.3098,-0.3332,2.8119,False,False
外部需求 → 日本,us_ord_comp,その他製品,6,6,0,0.4071,0.6175,0.0903,0.0829,0.8291,0.4994,False,False
外部需求 → 日本,us_ord_comp,その他製品,6,6,3,0.4806,0.0569,-0.0781,0.4141,-0.7053,1.9043,False,False
外部需求 → 日本,us_ord_comp,その他製品,6,6,6,0.8913,0.0222,-0.0084,0.3489,-0.1366,2.2875,False,False
外部需求 → 日本,us_ord_comp,その他金融業,1,1,0,0.3951,0.9766,-0.118,0.0042,-0.8504,0.0293,False,False
外部需求 → 日本,us_ord_comp,その他金融業,1,1,3,0.6469,0.5757,-0.0736,0.0807,-0.4581,0.5597,False,False
外部需求 → 日本,us_ord_comp,その他金融業,1,1,6,0.6148,0.6484,0.0763,-0.0632,0.5032,-0.456,False,False
外部需求 → 日本,us_ord_comp,その他金融業,1,3,0,0.6363,0.5318,-0.1097,-0.1006,-0.4729,-0.6252,False,False
外部需求 → 日本,us_ord_comp,その他金融業,1,3,3,0.922,0.062,0.0207,0.3047,0.0979,1.8666,False,False
外部需求 → 日本,us_ord_comp,その他金融業,1,3,6,0.061,0.6952,-0.3616,-0.0689,-1.8734,-0.3919,False,False
外部需求 → 日本,us_ord_comp,その他金融業,1,6,0,0.4291,0.3177,-0.2004,0.2309,-0.7908,0.9991,False,False
外部需求 → 日本,us_ord_comp,その他金融業,1,6,3,0.0863,0.2937,-0.3808,0.25,-1.7155,1.05,False,False
外部需求 → 日本,us_ord_comp,その他金融業,1,6,6,0.1854,0.2851,-0.177,0.2272,-1.3243,1.069,False,False
外部需求 → 日本,us_ord_comp,その他金融業,3,1,0,0.2997,0.3413,-0.1439,-0.0694,-1.0371,-0.9517,False,False
外部需求 → 日本,us_ord_comp,その他金融業,3,1,3,0.8467,0.1877,-0.0263,0.0881,-0.1933,1.3174,False,False
外部需求 → 日本,us_ord_comp,その他金融業,3,1,6,0.0077,0.5961,-0.3334,-0.0396,-2.6646,-0.5301,False,False
外部需求 → 日本,us_ord_comp,その他金融業,3,3,0,0.5061,0.9571,-0.1954,-0.0088,-0.665,-0.0538,False,False
外部需求 → 日本,us_ord_comp,その他金融業,3,3,3,0.923,0.4258,0.0233,0.1227,0.0967,0.7964,False,False
外部需求 → 日本,us_ord_comp,その他金融業,3,3,6,0.0129,0.8295,-0.4197,-0.0243,-2.487,-0.2154,False,False
外部需求 → 日本,us_ord_comp,その他金融業,3,6,0,0.5187,0.5863,-0.246,0.1308,-0.6453,0.5442,False,False
外部需求 → 日本,us_ord_comp,その他金融業,3,6,3,0.1109,0.6272,-0.4212,0.1,-1.5942,0.4857,False,False
外部需求 → 日本,us_ord_comp,その他金融業,3,6,6,0.0994,0.0049,-0.321,0.3598,-1.6479,2.8118,False,False
外部需求 → 日本,us_ord_comp,その他金融業,6,1,0,0.2592,0.8911,-0.0995,0.0064,-1.1282,0.1369,False,False
外部需求 → 日本,us_ord_comp,その他金融業,6,1,3,0.0413,0.4161,-0.2133,0.045,-2.0405,0.8132,False,False
外部需求 → 日本,us_ord_comp,その他金融業,6,1,6,0.2123,0.3798,-0.1104,0.05,-1.2473,0.8783,False,False
外部需求 → 日本,us_ord_comp,その他金融業,6,3,0,0.6188,0.6104,-0.1041,0.0634,-0.4976,0.5095,False,False
外部需求 → 日本,us_ord_comp,その他金融業,6,3,3,0.1977,0.6306,-0.2275,0.055,-1.2881,0.4809,False,False
外部需求 → 日本,us_ord_comp,その他金融業,6,3,6,0.1322,0.0105,-0.1991,0.2446,-1.5056,2.5575,False,False
外部需求 → 日本,us_ord_comp,その他金融業,6,6,0,0.2099,0.4702,-0.3871,0.1405,-1.2538,0.7221,False,False
外部需求 → 日本,us_ord_comp,その他金融業,6,6,3,0.0236,0.0587,-0.4518,0.2989,-2.2634,1.8904,False,False
外部需求 → 日本,us_ord_comp,その他金融業,6,6,6,0.647,0.0917,-0.093,0.3153,-0.458,1.6864,False,False
外部需求 → 日本,us_ord_comp,ガラス・土石製品,1,1,0,0.85,0.5304,-0.0108,0.115,-0.1891,0.6274,False,False
外部需求 → 日本,us_ord_comp,ガラス・土石製品,1,1,3,0.448,0.7475,0.0476,-0.0612,0.7588,-0.322,False,False
外部需求 → 日本,us_ord_comp,ガラス・土石製品,1,1,6,0.8428,0.4408,-0.014,0.1513,-0.1983,0.7708,False,False
外部需求 → 日本,us_ord_comp,ガラス・土石製品,1,3,0,0.4259,0.6275,-0.0659,-0.098,-0.7963,-0.4853,False,False
外部需求 → 日本,us_ord_comp,ガラス・土石製品,1,3,3,0.925,0.3506,-0.008,-0.2413,-0.0941,-0.9335,False,False
外部需求 → 日本,us_ord_comp,ガラス・土石製品,1,3,6,0.0304,0.3139,0.2105,0.2905,2.1651,1.007,False,False
外部需求 → 日本,us_ord_comp,ガラス・土石製品,1,6,0,0.3734,0.1667,-0.0795,-0.3487,-0.8901,-1.3829,False,False
外部需求 → 日本,us_ord_comp,ガラス・土石製品,1,6,3,0.0307,0.7551,0.1926,0.0884,2.1614,0.3119,False,False
外部需求 → 日本,us_ord_comp,ガラス・土石製品,1,6,6,0.2557,0.6329,0.0926,0.148,1.1367,0.4777,False,False
外部需求 → 日本,us_ord_comp,ガラス・土石製品,3,1,0,0.2855,0.8548,-0.0598,-0.0217,-1.068,-0.183,False,False
外部需求 → 日本,us_ord_comp,ガラス・土石製品,3,1,3,0.9854,0.4409,0.0009,-0.0881,0.0183,-0.7706,False,False
外部需求 → 日本,us_ord_comp,ガラス・土石製品,3,1,6,0.0008,0.6673,0.1714,0.0548,3.3543,0.4298,True,False
外部需求 → 日本,us_ord_comp,ガラス・土石製品,3,3,0,0.2785,0.3399,-0.1264,-0.1909,-1.0837,-0.9543,False,False
外部需求 → 日本,us_ord_comp,ガラス・土石製品,3,3,3,0.4615,0.4883,-0.0926,-0.1238,-0.7364,-0.6931,False,False
外部需求 → 日本,us_ord_comp,ガラス・土石製品,3,3,6,0.0026,0.7825,0.3132,0.0748,3.0108,0.2761,True,False
外部需求 → 日本,us_ord_comp,ガラス・土石製品,3,6,0,0.1261,0.292,-0.2203,-0.3308,-1.5297,-1.0537,False,False
外部需求 → 日本,us_ord_comp,ガラス・土石製品,3,6,3,0.2502,0.9559,0.2107,0.0152,1.1499,0.0553,False,False
外部需求 → 日本,us_ord_comp,ガラス・土石製品,3,6,6,0.2691,0.5311,0.148,-0.1405,1.1052,-0.6264,False,False
外部需求 → 日本,us_ord_comp,ガラス・土石製品,6,1,0,0.4013,0.5602,-0.0337,-0.0524,-0.8392,-0.5826,False,False
外部需求 → 日本,us_ord_comp,ガラス・土石製品,6,1,3,0.0302,0.8764,0.1037,-0.0115,2.1672,-0.1555,False,False
外部需求 → 日本,us_ord_comp,ガラス・土石製品,6,1,6,0.181,0.9133,0.0487,-0.0095,1.3375,-0.1089,False,False
外部需求 → 日本,us_ord_comp,ガラス・土石製品,6,3,0,0.0727,0.3945,-0.1424,-0.1729,-1.7948,-0.8514,False,False
外部需求 → 日本,us_ord_comp,ガラス・土石製品,6,3,3,0.2002,0.8887,0.1305,-0.0245,1.2811,-0.14,False,False
外部需求 → 日本,us_ord_comp,ガラス・土石製品,6,3,6,0.3579,0.5909,0.0837,-0.0888,0.9194,-0.5375,False,False
外部需求 → 日本,us_ord_comp,ガラス・土石製品,6,6,0,0.9098,0.464,-0.0165,-0.1885,-0.1133,-0.7323,False,False
外部需求 → 日本,us_ord_comp,ガラス・土石製品,6,6,3,0.1952,0.7238,0.2053,-0.0821,1.2953,-0.3534,False,False
外部需求 → 日本,us_ord_comp,ガラス・土石製品,6,6,6,0.6449,0.626,-0.0685,-0.1292,-0.4609,-0.4873,False,False
外部需求 → 日本,us_ord_comp,ゴム製品,1,1,0,0.7722,0.0803,-0.0338,0.387,-0.2895,1.7489,False,False
外部需求 → 日本,us_ord_comp,ゴム製品,1,1,3,0.5834,0.9693,0.0598,-0.01,0.5485,-0.0385,False,False
外部需求 → 日本,us_ord_comp,ゴム製品,1,1,6,0.8646,0.6272,-0.0223,-0.1112,-0.1706,-0.4857,False,False
外部需求 → 日本,us_ord_comp,ゴム製品,1,3,0,0.7548,0.253,-0.0502,0.4017,-0.3123,1.1432,False,False
外部需求 → 日本,us_ord_comp,ゴム製品,1,3,3,0.5724,0.1784,0.0859,0.5103,0.5645,1.3457,False,False
外部需求 → 日本,us_ord_comp,ゴム製品,1,3,6,0.4404,0.1572,0.1201,-0.4232,0.7716,-1.4144,False,False
外部需求 → 日本,us_ord_comp,ゴム製品,1,6,0,0.7799,0.0974,0.0424,0.8261,0.2795,1.6578,False,False
外部需求 → 日本,us_ord_comp,ゴム製品,1,6,3,0.278,0.8496,0.2161,-0.0931,1.0848,-0.1896,False,False
外部需求 → 日本,us_ord_comp,ゴム製品,1,6,6,0.2094,0.3821,0.1703,-0.3297,1.2552,-0.874,False,False
外部需求 → 日本,us_ord_comp,ゴム製品,3,1,0,0.6515,0.5723,-0.0449,0.0837,-0.4517,0.5647,False,False
外部需求 → 日本,us_ord_comp,ゴム製品,3,1,3,0.4422,0.1474,0.0781,0.2023,0.7686,1.4489,False,False
外部需求 → 日本,us_ord_comp,ゴム製品,3,1,6,0.3702,0.3628,0.1022,-0.1325,0.8961,-0.9101,False,False
外部需求 → 日本,us_ord_comp,ゴム製品,3,3,0,0.8585,0.909,0.0319,0.0419,0.1783,0.1143,False,False
外部需求 → 日本,us_ord_comp,ゴム製品,3,3,3,0.8945,0.2279,0.0254,0.4632,0.1326,1.2059,False,False
外部需求 → 日本,us_ord_comp,ゴム製品,3,3,6,0.0107,0.1065,0.3844,-0.4063,2.5524,-1.6142,False,False
外部需求 → 日本,us_ord_comp,ゴム製品,3,6,0,0.7947,0.5296,0.0671,0.3681,0.2602,0.6286,False,False
外部需求 → 日本,us_ord_comp,ゴム製品,3,6,3,0.1618,0.9489,0.396,-0.0349,1.399,-0.0641,False,False
外部需求 → 日本,us_ord_comp,ゴム製品,3,6,6,0.0087,0.9629,0.5081,0.0182,2.6247,0.0465,False,False
外部需求 → 日本,us_ord_comp,ゴム製品,6,1,0,0.866,0.0732,0.012,0.1565,0.1687,1.7916,False,False
外部需求 → 日本,us_ord_comp,ゴム製品,6,1,3,0.2325,0.5611,0.1135,0.0702,1.1938,0.5813,False,False
外部需求 → 日本,us_ord_comp,ゴム製品,6,1,6,0.3285,0.39,0.0673,-0.0776,0.9772,-0.8596,False,False
外部需求 → 日本,us_ord_comp,ゴム製品,6,3,0,0.817,0.3556,0.0326,0.259,0.2314,0.9237,False,False
外部需求 → 日本,us_ord_comp,ゴム製品,6,3,3,0.0878,0.7995,0.2513,0.0836,1.7071,0.254,False,False
外部需求 → 日本,us_ord_comp,ゴム製品,6,3,6,0.0035,0.9804,0.3032,0.0057,2.9235,0.0246,True,False
外部需求 → 日本,us_ord_comp,ゴム製品,6,6,0,0.249,0.6959,0.2814,0.2416,1.1528,0.3908,False,False
外部需求 → 日本,us_ord_comp,ゴム製品,6,6,3,0.004,0.9265,0.5442,0.0417,2.8755,0.0922,False,False
外部需求 → 日本,us_ord_comp,ゴム製品,6,6,6,0.0126,0.9549,0.353,0.0233,2.4949,0.0566,False,False
外部需求 → 日本,us_ord_comp,サービス業,1,1,0,0.8177,0.1321,0.0146,-0.2659,0.2305,-1.5057,False,False
外部需求 → 日本,us_ord_comp,サービス業,1,1,3,0.7541,0.3387,-0.0192,-0.1625,-0.3133,-0.9567,False,False
外部需求 → 日本,us_ord_comp,サービス業,1,1,6,0.5625,0.6385,-0.0334,0.0859,-0.5791,0.4698,False,False
外部需求 → 日本,us_ord_comp,サービス業,1,3,0,0.3034,0.3498,0.11,0.2587,1.0291,0.935,False,False
外部需求 → 日本,us_ord_comp,サービス業,1,3,3,0.7287,0.6156,-0.0299,-0.1309,-0.3468,-0.5021,False,False
外部需求 → 日本,us_ord_comp,サービス業,1,3,6,0.3117,0.6343,-0.0935,0.1324,-1.0116,0.4757,False,False
外部需求 → 日本,us_ord_comp,サービス業,1,6,0,0.3453,0.7892,0.0788,0.1013,0.9437,0.2674,False,False
外部需求 → 日本,us_ord_comp,サービス業,1,6,3,0.2382,0.7776,-0.1298,-0.1025,-1.1796,-0.2825,False,False
外部需求 → 日本,us_ord_comp,サービス業,1,6,6,0.4777,0.4407,-0.0686,0.2891,-0.71,0.7709,False,False
外部需求 → 日本,us_ord_comp,サービス業,3,1,0,0.0373,0.235,0.1145,0.1111,2.0828,1.1877,False,False
外部需求 → 日本,us_ord_comp,サービス業,3,1,3,0.6152,0.6867,-0.0269,-0.0439,-0.5027,-0.4033,False,False
外部需求 → 日本,us_ord_comp,サービス業,3,1,6,0.1414,0.6596,-0.0813,0.0453,-1.4706,0.4404,False,False
外部需求 → 日本,us_ord_comp,サービス業,3,3,0,0.0377,0.1852,0.2361,0.3102,2.078,1.3249,False,False
外部需求 → 日本,us_ord_comp,サービス業,3,3,3,0.4751,0.893,-0.0878,-0.0331,-0.7142,-0.1346,False,False
外部需求 → 日本,us_ord_comp,サービス業,3,3,6,0.2099,0.588,-0.1311,0.1213,-1.2537,0.5417,False,False
外部需求 → 日本,us_ord_comp,サービス業,3,6,0,0.2134,0.589,0.1494,0.2264,1.2444,0.5404,False,False
外部需求 → 日本,us_ord_comp,サービス業,3,6,3,0.2041,0.9365,-0.2226,-0.0273,-1.27,-0.0797,False,False
外部需求 → 日本,us_ord_comp,サービス業,3,6,6,0.5455,0.7321,-0.1065,0.1311,-0.6045,0.3423,False,False
外部需求 → 日本,us_ord_comp,サービス業,6,1,0,0.1561,0.6231,0.0541,0.0387,1.4183,0.4915,False,False
外部需求 → 日本,us_ord_comp,サービス業,6,1,3,0.2074,0.8452,-0.0646,-0.0189,-1.2606,-0.1952,False,False
外部需求 → 日本,us_ord_comp,サービス業,6,1,6,0.4415,0.2341,-0.0332,0.1033,-0.7697,1.19,False,False
外部需求 → 日本,us_ord_comp,サービス業,6,3,0,0.2453,0.4944,0.0953,0.1603,1.1618,0.6833,False,False
外部需求 → 日本,us_ord_comp,サービス業,6,3,3,0.2483,0.8293,-0.1331,0.0447,-1.1544,0.2156,False,False
外部需求 → 日本,us_ord_comp,サービス業,6,3,6,0.5644,0.71,-0.061,0.084,-0.5764,0.3718,False,False
外部需求 → 日本,us_ord_comp,サービス業,6,6,0,0.7958,0.7827,-0.0386,0.1118,-0.2587,0.2758,False,False
外部需求 → 日本,us_ord_comp,サービス業,6,6,3,0.3205,0.8487,-0.1983,0.0672,-0.9935,0.1908,False,False
外部需求 → 日本,us_ord_comp,サービス業,6,6,6,0.7313,0.587,-0.0532,-0.234,-0.3434,-0.5432,False,False
外部需求 → 日本,us_ord_comp,パルプ・紙,1,1,0,0.7534,0.001,-0.0391,0.8283,-0.3142,3.2891,False,False
外部需求 → 日本,us_ord_comp,パルプ・紙,1,1,3,0.0646,0.3606,-0.2385,0.2241,-1.848,0.9142,False,False
外部需求 → 日本,us_ord_comp,パルプ・紙,1,1,6,0.3211,0.6963,-0.1021,0.091,-0.9922,0.3903,False,False
外部需求 → 日本,us_ord_comp,パルプ・紙,1,3,0,0.4643,0.1846,0.1005,0.4683,0.7317,1.3266,False,False
外部需求 → 日本,us_ord_comp,パルプ・紙,1,3,3,0.7732,0.5192,0.0407,0.1951,0.2882,0.6445,False,False
外部需求 → 日本,us_ord_comp,パルプ・紙,1,3,6,0.9451,0.3915,0.0116,-0.3094,0.0688,-0.8569,False,False
外部需求 → 日本,us_ord_comp,パルプ・紙,1,6,0,0.2918,0.0727,0.1675,0.7629,1.0542,1.7947,False,False
外部需求 → 日本,us_ord_comp,パルプ・紙,1,6,3,0.6669,0.607,0.0775,-0.1912,0.4304,-0.5143,False,False
外部需求 → 日本,us_ord_comp,パルプ・紙,1,6,6,0.409,0.7625,0.1162,0.1397,0.8256,0.3022,False,False
外部需求 → 日本,us_ord_comp,パルプ・紙,3,1,0,0.2933,0.1587,0.1039,0.1934,1.0508,1.4094,False,False
外部需求 → 日本,us_ord_comp,パルプ・紙,3,1,3,0.8101,0.5483,0.0283,0.0699,0.2403,0.6002,False,False
外部需求 → 日本,us_ord_comp,パルプ・紙,3,1,6,0.9948,0.3785,-0.0009,-0.1269,-0.0065,-0.8806,False,False
外部需求 → 日本,us_ord_comp,パルプ・紙,3,3,0,0.7475,0.8473,-0.0814,0.0608,-0.3219,0.1925,False,False
外部需求 → 日本,us_ord_comp,パルプ・紙,3,3,3,0.2065,0.901,0.3134,-0.0302,1.2631,-0.1244,False,False
外部需求 → 日本,us_ord_comp,パルプ・紙,3,3,6,0.2521,0.5507,0.2272,-0.1999,1.1452,-0.5967,False,False
外部需求 → 日本,us_ord_comp,パルプ・紙,3,6,0,0.5276,0.8906,0.1995,0.0613,0.6317,0.1375,False,False
外部需求 → 日本,us_ord_comp,パルプ・紙,3,6,3,0.1587,0.3431,0.5225,-0.3236,1.4095,-0.9482,False,False
外部需求 → 日本,us_ord_comp,パルプ・紙,3,6,6,0.1259,0.9387,0.3333,0.0313,1.5305,0.077,False,False
外部需求 → 日本,us_ord_comp,パルプ・紙,6,1,0,0.2445,0.1129,0.09,0.1542,1.1637,1.5851,False,False
外部需求 → 日本,us_ord_comp,パルプ・紙,6,1,3,0.8284,0.8804,0.02,-0.0156,0.2167,-0.1505,False,False
外部需求 → 日本,us_ord_comp,パルプ・紙,6,1,6,0.5001,0.9301,0.0566,0.0113,0.6743,0.0877,False,False
外部需求 → 日本,us_ord_comp,パルプ・紙,6,3,0,0.4473,0.9654,0.151,0.0106,0.7599,0.0434,False,False
外部需求 → 日本,us_ord_comp,パルプ・紙,6,3,3,0.1112,0.6064,0.3339,-0.1283,1.5926,-0.5153,False,False
外部需求 → 日本,us_ord_comp,パルプ・紙,6,3,6,0.1164,0.839,0.1873,0.0529,1.5699,0.2031,False,False
外部需求 → 日本,us_ord_comp,パルプ・紙,6,6,0,0.1532,0.6851,0.4544,-0.1573,1.4282,-0.4055,False,False
外部需求 → 日本,us_ord_comp,パルプ・紙,6,6,3,0.0293,0.7036,0.5265,-0.1663,2.1797,-0.3805,False,False
外部需求 → 日本,us_ord_comp,パルプ・紙,6,6,6,0.4835,0.1195,0.1334,0.4077,0.7007,1.5569,False,False
外部需求 → 日本,us_ord_comp,不動産業,1,1,0,0.0666,0.426,-0.1889,0.1534,-1.8345,0.796,False,False
外部需求 → 日本,us_ord_comp,不動産業,1,1,3,0.9808,0.7232,-0.0029,0.065,-0.024,0.3542,False,False
外部需求 → 日本,us_ord_comp,不動産業,1,1,6,0.7391,0.4043,-0.0322,-0.1269,-0.3331,-0.834,False,False
外部需求 → 日本,us_ord_comp,不動産業,1,3,0,0.2199,0.4378,-0.2473,0.2296,-1.2269,0.776,False,False
外部需求 → 日本,us_ord_comp,不動産業,1,3,3,0.6716,0.0975,-0.0815,0.3858,-0.4239,1.657,False,False
外部需求 → 日本,us_ord_comp,不動産業,1,3,6,0.1518,0.3726,-0.239,0.2065,-1.4333,0.8915,False,False
外部需求 → 日本,us_ord_comp,不動産業,1,6,0,0.0893,0.0206,-0.3327,0.7985,-1.6992,2.3145,False,False
外部需求 → 日本,us_ord_comp,不動産業,1,6,3,0.1282,0.019,-0.339,0.7069,-1.5213,2.3446,False,False
外部需求 → 日本,us_ord_comp,不動産業,1,6,6,0.471,0.6475,-0.1058,-0.1428,-0.7209,-0.4572,False,False
外部需求 → 日本,us_ord_comp,不動産業,3,1,0,0.1545,0.5757,-0.1898,0.0625,-1.4237,0.5596,False,False
外部需求 → 日本,us_ord_comp,不動産業,3,1,3,0.4385,0.2712,-0.0846,0.1105,-0.7747,1.1003,False,False
外部需求 → 日本,us_ord_comp,不動産業,3,1,6,0.0681,0.6195,-0.2054,0.05,-1.8246,0.4966,False,False
外部需求 → 日本,us_ord_comp,不動産業,3,3,0,0.3521,0.5446,-0.2845,0.1785,-0.9306,0.6059,False,False
外部需求 → 日本,us_ord_comp,不動産業,3,3,3,0.1232,0.1255,-0.384,0.3514,-1.5414,1.5321,False,False
外部需求 → 日本,us_ord_comp,不動産業,3,3,6,0.5414,0.828,-0.1256,-0.04,-0.6106,-0.2172,False,False
外部需求 → 日本,us_ord_comp,不動産業,3,6,0,0.094,0.0863,-0.642,0.6965,-1.6746,1.7154,False,False
外部需求 → 日本,us_ord_comp,不動産業,3,6,3,0.1115,0.1202,-0.5445,0.3669,-1.5916,1.5538,False,False
外部需求 → 日本,us_ord_comp,不動産業,3,6,6,0.9089,0.4622,-0.0297,-0.2282,-0.1145,-0.7352,False,False
外部需求 → 日本,us_ord_comp,不動産業,6,1,0,0.0401,0.3652,-0.1666,0.0979,-2.053,0.9056,False,False
外部需求 → 日本,us_ord_comp,不動産業,6,1,3,0.084,0.1681,-0.1766,0.1069,-1.7278,1.3783,False,False
外部需求 → 日本,us_ord_comp,不動産業,6,1,6,0.4449,0.7121,-0.0581,-0.0265,-0.7639,-0.369,False,False
外部需求 → 日本,us_ord_comp,不動産業,6,3,0,0.0231,0.2335,-0.3904,0.3216,-2.2724,1.1915,False,False
外部需求 → 日本,us_ord_comp,不動産業,6,3,3,0.1651,0.248,-0.2992,0.1763,-1.388,1.1553,False,False
外部需求 → 日本,us_ord_comp,不動産業,6,3,6,0.9535,0.4927,0.0085,-0.1376,0.0583,-0.686,False,False
外部需求 → 日本,us_ord_comp,不動産業,6,6,0,0.0386,0.0226,-0.6944,0.6711,-2.0687,2.2802,False,False
外部需求 → 日本,us_ord_comp,不動産業,6,6,3,0.3051,0.7913,-0.3347,0.0723,-1.0256,0.2646,False,False
外部需求 → 日本,us_ord_comp,不動産業,6,6,6,0.9744,0.2076,-0.0071,-0.3649,-0.0321,-1.2602,False,False
外部需求 → 日本,us_ord_comp,保険業,1,1,0,0.5284,0.6074,-0.0729,0.1305,-0.6305,0.5138,False,False
外部需求 → 日本,us_ord_comp,保険業,1,1,3,0.2432,0.7948,0.1274,0.0772,1.167,0.26,False,False
外部需求 → 日本,us_ord_comp,保険業,1,1,6,0.0211,0.021,0.2029,-0.5432,2.307,-2.3083,False,False
外部需求 → 日本,us_ord_comp,保険業,1,3,0,0.0216,0.7306,-0.2407,0.0993,-2.2971,0.3443,False,False
外部需求 → 日本,us_ord_comp,保険業,1,3,3,0.4473,0.0299,0.0879,0.6727,0.7599,2.1712,False,False
外部需求 → 日本,us_ord_comp,保険業,1,3,6,0.4979,0.5123,-0.081,-0.2416,-0.6777,-0.6552,False,False
外部需求 → 日本,us_ord_comp,保険業,1,6,0,0.2214,0.0708,-0.141,0.7168,-1.2228,1.8066,False,False
外部需求 → 日本,us_ord_comp,保険業,1,6,3,0.9254,0.3154,0.0146,0.4024,0.0937,1.0041,False,False
外部需求 → 日本,us_ord_comp,保険業,1,6,6,0.7242,0.6392,0.0532,-0.1843,0.3528,-0.4688,False,False
外部需求 → 日本,us_ord_comp,保険業,3,1,0,0.003,0.9567,-0.2156,-0.0067,-2.9696,-0.0543,True,False
外部需求 → 日本,us_ord_comp,保険業,3,1,3,0.3543,0.169,0.0967,0.1867,0.9263,1.3754,False,False
外部需求 → 日本,us_ord_comp,保険業,3,1,6,0.3877,0.2734,-0.072,-0.1472,-0.8637,-1.0952,False,False
外部需求 → 日本,us_ord_comp,保険業,3,3,0,0.3176,0.7137,-0.1968,0.084,-0.9993,0.3668,False,False
外部需求 → 日本,us_ord_comp,保険業,3,3,3,0.0427,0.6356,0.3375,0.1035,2.0266,0.4739,False,False
外部需求 → 日本,us_ord_comp,保険業,3,3,6,0.6287,0.501,-0.0841,0.1541,-0.4835,0.6729,False,False
外部需求 → 日本,us_ord_comp,保険業,3,6,0,0.6015,0.4659,0.1631,0.2258,0.5222,0.7292,False,False
外部需求 → 日本,us_ord_comp,保険業,3,6,3,0.3457,0.5323,0.2746,0.236,0.9429,0.6246,False,False
外部需求 → 日本,us_ord_comp,保険業,3,6,6,0.6874,0.2684,0.0976,0.3257,0.4023,1.1069,False,False
外部需求 → 日本,us_ord_comp,保険業,6,1,0,0.3009,0.2611,-0.0814,0.1066,-1.0345,1.1239,False,False
外部需求 → 日本,us_ord_comp,保険業,6,1,3,0.978,0.3439,-0.0023,0.0755,-0.0275,0.9464,False,False
外部需求 → 日本,us_ord_comp,保険業,6,1,6,0.8498,0.3999,0.0118,-0.0704,0.1894,-0.8419,False,False
外部需求 → 日本,us_ord_comp,保険業,6,3,0,0.6505,0.4238,0.0723,0.1238,0.453,0.7998,False,False
外部需求 → 日本,us_ord_comp,保険業,6,3,3,0.3531,0.4188,0.139,0.1775,0.9285,0.8085,False,False
外部需求 → 日本,us_ord_comp,保険業,6,3,6,0.6412,0.2281,0.0633,0.2194,0.466,1.2054,False,False
外部需求 → 日本,us_ord_comp,保険業,6,6,0,0.4463,0.3499,0.2375,0.3326,0.7615,0.9349,False,False
外部需求 → 日本,us_ord_comp,保険業,6,6,3,0.3931,0.2126,0.2147,0.3772,0.854,1.2464,False,False
外部需求 → 日本,us_ord_comp,保険業,6,6,6,0.2119,0.7436,0.2611,-0.1193,1.2485,-0.3271,False,False
外部需求 → 日本,us_ord_comp,化学,1,1,0,0.2179,0.1343,0.0342,0.1358,1.2322,1.4972,False,False
外部需求 → 日本,us_ord_comp,化学,1,1,3,0.955,0.2491,-0.0015,-0.1021,-0.0564,-1.1527,False,False
外部需求 → 日本,us_ord_comp,化学,1,1,6,0.8409,0.5937,-0.0057,0.0457,-0.2007,0.5336,False,False
外部需求 → 日本,us_ord_comp,化学,1,3,0,0.4366,0.9982,0.0292,0.0002,0.778,0.0022,False,False
外部需求 → 日本,us_ord_comp,化学,1,3,3,0.9534,0.0572,-0.0026,-0.2155,-0.0584,-1.9017,False,False
外部需求 → 日本,us_ord_comp,化学,1,3,6,0.1897,0.4686,0.0506,0.1006,1.3113,0.7248,False,False
外部需求 → 日本,us_ord_comp,化学,1,6,0,0.6238,0.05,0.0241,-0.2807,0.4905,-1.96,False,False
外部需求 → 日本,us_ord_comp,化学,1,6,3,0.4438,0.2321,0.0456,-0.1657,0.7659,-1.195,False,False
外部需求 → 日本,us_ord_comp,化学,1,6,6,0.9666,0.5654,0.0016,0.1007,0.0418,0.5748,False,False
外部需求 → 日本,us_ord_comp,化学,3,1,0,0.3518,0.5891,0.0241,-0.0271,0.9311,-0.5401,False,False
外部需求 → 日本,us_ord_comp,化学,3,1,3,0.8867,0.0329,-0.0043,-0.1001,-0.1425,-2.1337,False,False
外部需求 → 日本,us_ord_comp,化学,3,1,6,0.1082,0.6509,0.0443,0.0267,1.6065,0.4526,False,False
外部需求 → 日本,us_ord_comp,化学,3,3,0,0.6014,0.0907,0.025,-0.188,0.5224,-1.6915,False,False
外部需求 → 日本,us_ord_comp,化学,3,3,3,0.9945,0.1733,0.0005,-0.1351,0.0068,-1.3616,False,False
外部需求 → 日本,us_ord_comp,化学,3,3,6,0.4077,0.4666,0.0355,0.1024,0.828,0.728,False,False
外部需求 → 日本,us_ord_comp,化学,3,6,0,0.822,0.0273,0.024,-0.369,0.2249,-2.207,False,False
外部需求 → 日本,us_ord_comp,化学,3,6,3,0.7419,0.8215,0.0348,-0.0369,0.3294,-0.2257,False,False
外部需求 → 日本,us_ord_comp,化学,3,6,6,0.8569,0.8425,-0.0115,0.0242,-0.1803,0.1987,False,False
外部需求 → 日本,us_ord_comp,化学,6,1,0,0.5568,0.0836,0.0122,-0.0675,0.5876,-1.7299,False,False
外部需求 → 日本,us_ord_comp,化学,6,1,3,0.44,0.1944,0.0211,-0.0465,0.7721,-1.2977,False,False
外部需求 → 日本,us_ord_comp,化学,6,1,6,0.8799,0.9324,0.003,0.0039,0.1511,0.0848,False,False
外部需求 → 日本,us_ord_comp,化学,6,3,0,0.8055,0.0836,0.0144,-0.1977,0.2463,-1.7303,False,False
外部需求 → 日本,us_ord_comp,化学,6,3,3,0.8129,0.8612,0.016,-0.0182,0.2367,-0.1749,False,False
外部需求 → 日本,us_ord_comp,化学,6,3,6,0.7993,0.8987,-0.0099,0.0108,-0.2543,0.1273,False,False
外部需求 → 日本,us_ord_comp,化学,6,6,0,0.8171,0.1069,0.0289,-0.266,0.2312,-1.6124,False,False
外部需求 → 日本,us_ord_comp,化学,6,6,3,0.9579,0.9727,0.005,-0.0057,0.0528,-0.0342,False,False
外部需求 → 日本,us_ord_comp,化学,6,6,6,0.8289,0.8954,-0.0162,0.017,-0.2161,0.1315,False,False
外部需求 → 日本,us_ord_comp,医薬品,1,1,0,0.9849,0.6016,-0.0015,-0.0868,-0.0189,-0.5221,False,False
外部需求 → 日本,us_ord_comp,医薬品,1,1,3,0.7844,0.9252,0.0226,-0.0204,0.2736,-0.0939,False,False
外部需求 → 日本,us_ord_comp,医薬品,1,1,6,0.4015,0.9397,-0.0674,0.0181,-0.839,0.0756,False,False
外部需求 → 日本,us_ord_comp,医薬品,1,3,0,0.5438,0.3544,0.0732,-0.3248,0.6071,-0.9261,False,False
外部需求 → 日本,us_ord_comp,医薬品,1,3,3,0.7043,0.5078,-0.0382,-0.2462,-0.3795,-0.6622,False,False
外部需求 → 日本,us_ord_comp,医薬品,1,3,6,0.9613,0.498,-0.0056,0.2165,-0.0485,0.6776,False,False
外部需求 → 日本,us_ord_comp,医薬品,1,6,0,0.7358,0.5275,0.043,-0.3535,0.3374,-0.6319,False,False
外部需求 → 日本,us_ord_comp,医薬品,1,6,3,0.6822,0.6722,-0.0414,0.1983,-0.4094,0.4231,False,False
外部需求 → 日本,us_ord_comp,医薬品,1,6,6,0.6498,0.2289,0.0589,0.5454,0.454,1.2031,False,False
外部需求 → 日本,us_ord_comp,医薬品,3,1,0,0.3686,0.444,0.0801,-0.0978,0.8992,-0.7654,False,False
外部需求 → 日本,us_ord_comp,医薬品,3,1,3,0.6828,0.524,-0.0267,-0.0882,-0.4086,-0.6372,False,False
外部需求 → 日本,us_ord_comp,医薬品,3,1,6,0.8325,0.3361,-0.0156,0.1268,-0.2115,0.962,False,False
外部需求 → 日本,us_ord_comp,医薬品,3,3,0,0.3182,0.2442,0.1777,-0.3727,0.9981,-1.1646,False,False
外部需求 → 日本,us_ord_comp,医薬品,3,3,3,0.59,0.4778,-0.0751,-0.1974,-0.5388,-0.7099,False,False
外部需求 → 日本,us_ord_comp,医薬品,3,3,6,0.6908,0.0231,0.0592,0.4184,0.3977,2.2719,False,False
外部需求 → 日本,us_ord_comp,医薬品,3,6,0,0.5219,0.4467,0.1066,-0.3879,0.6405,-0.7609,False,False
外部需求 → 日本,us_ord_comp,医薬品,3,6,3,0.9812,0.2455,-0.0046,0.337,-0.0235,1.1614,False,False
外部需求 → 日本,us_ord_comp,医薬品,3,6,6,0.4738,0.1229,0.1499,0.6371,0.7162,1.5427,False,False
外部需求 → 日本,us_ord_comp,医薬品,6,1,0,0.5915,0.2291,0.0288,-0.1125,0.5367,-1.2027,False,False
外部需求 → 日本,us_ord_comp,医薬品,6,1,3,0.646,0.9541,-0.0232,0.0066,-0.4593,0.0575,False,False
外部需求 → 日本,us_ord_comp,医薬品,6,1,6,0.5496,0.0316,0.0368,0.1722,0.5984,2.149,False,False
外部需求 → 日本,us_ord_comp,医薬品,6,3,0,0.4909,0.2341,0.0755,-0.3482,0.6889,-1.1899,False,False
外部需求 → 日本,us_ord_comp,医薬品,6,3,3,0.909,0.5016,-0.0133,0.1375,-0.1143,0.6719,False,False
外部需求 → 日本,us_ord_comp,医薬品,6,3,6,0.4,0.076,0.1008,0.4179,0.8417,1.7745,False,False
外部需求 → 日本,us_ord_comp,医薬品,6,6,0,0.6943,0.886,0.0721,-0.0622,0.393,-0.1434,False,False
外部需求 → 日本,us_ord_comp,医薬品,6,6,3,0.6289,0.0195,0.0946,0.6435,0.4832,2.336,False,False
外部需求 → 日本,us_ord_comp,医薬品,6,6,6,0.2615,0.1688,0.2046,0.6941,1.1229,1.3761,False,False
外部需求 → 日本,us_ord_comp,卸売業,1,1,0,0.3508,0.4987,0.0377,-0.0461,0.9331,-0.6765,False,False
外部需求 → 日本,us_ord_comp,卸売業,1,1,3,0.5973,0.4735,0.0216,-0.0566,0.5284,-0.7167,False,False
外部需求 → 日本,us_ord_comp,卸売業,1,1,6,0.2587,0.3617,0.038,0.0725,1.1294,0.912,False,False
外部需求 → 日本,us_ord_comp,卸売業,1,3,0,0.247,0.2455,0.0785,-0.0966,1.1577,-1.1613,False,False
外部需求 → 日本,us_ord_comp,卸売業,1,3,3,0.6434,0.313,-0.0288,-0.0994,-0.463,-1.009,False,False
外部需求 → 日本,us_ord_comp,卸売業,1,3,6,0.0651,0.6251,0.1053,0.0616,1.8443,0.4886,False,False
外部需求 → 日本,us_ord_comp,卸売業,1,6,0,0.601,0.1874,0.0346,-0.189,0.523,-1.3182,False,False
外部需求 → 日本,us_ord_comp,卸売業,1,6,3,0.266,0.8957,0.0694,-0.0206,1.1124,-0.1311,False,False
外部需求 → 日本,us_ord_comp,卸売業,1,6,6,0.0895,0.5512,0.1077,0.0878,1.6979,0.596,False,False
外部需求 → 日本,us_ord_comp,卸売業,3,1,0,0.1266,0.432,0.0579,-0.0346,1.5276,-0.7858,False,False
外部需求 → 日本,us_ord_comp,卸売業,3,1,3,0.4027,0.3634,-0.0317,-0.041,-0.8368,-0.9088,False,False
外部需求 → 日本,us_ord_comp,卸売業,3,1,6,0.0205,0.3121,0.0923,0.0513,2.3168,1.0107,False,False
外部需求 → 日本,us_ord_comp,卸売業,3,3,0,0.1846,0.0466,0.1073,-0.1498,1.3268,-1.9903,False,False
外部需求 → 日本,us_ord_comp,卸売業,3,3,3,0.6578,0.9927,-0.0282,-0.0008,-0.443,-0.0091,False,False
外部需求 → 日本,us_ord_comp,卸売業,3,3,6,0.01,0.8477,0.1855,-0.0201,2.575,-0.192,False,False
外部需求 → 日本,us_ord_comp,卸売業,3,6,0,0.4578,0.2394,0.0713,-0.167,0.7425,-1.1766,False,False
外部需求 → 日本,us_ord_comp,卸売業,3,6,3,0.1659,0.8816,0.1492,-0.0246,1.3854,-0.1489,False,False
外部需求 → 日本,us_ord_comp,卸売業,3,6,6,0.0146,0.5502,0.2301,0.0987,2.4411,0.5974,False,False
外部需求 → 日本,us_ord_comp,卸売業,6,1,0,0.5475,0.175,0.0159,-0.0413,0.6015,-1.3562,False,False
外部需求 → 日本,us_ord_comp,卸売業,6,1,3,0.198,0.9206,0.0345,0.004,1.2872,0.0996,False,False
外部需求 → 日本,us_ord_comp,卸売業,6,1,6,0.053,0.6427,0.0619,0.02,1.9348,0.464,False,False
外部需求 → 日本,us_ord_comp,卸売業,6,3,0,0.4441,0.1666,0.0497,-0.0987,0.7652,-1.3834,False,False
外部需求 → 日本,us_ord_comp,卸売業,6,3,3,0.1172,0.9269,0.0996,-0.0091,1.5668,-0.0917,False,False
外部需求 → 日本,us_ord_comp,卸売業,6,3,6,0.0146,0.5727,0.1373,0.0593,2.4413,0.5641,False,False
外部需求 → 日本,us_ord_comp,卸売業,6,6,0,0.2461,0.4587,0.1395,-0.1253,1.16,-0.7409,False,False
外部需求 → 日本,us_ord_comp,卸売業,6,6,3,0.0382,0.7862,0.2329,0.0465,2.0722,0.2712,False,False
外部需求 → 日本,us_ord_comp,卸売業,6,6,6,0.0104,0.1849,0.2005,0.2282,2.5628,1.3259,False,False
外部需求 → 日本,us_ord_comp,小売業,1,1,0,0.8639,0.2528,-0.0098,-0.1503,-0.1714,-1.1436,False,False
外部需求 → 日本,us_ord_comp,小売業,1,1,3,0.7216,0.8223,-0.0208,0.0303,-0.3564,0.2246,False,False
外部需求 → 日本,us_ord_comp,小売業,1,1,6,0.4484,0.8235,0.0436,-0.0318,0.7581,-0.223,False,False
外部需求 → 日本,us_ord_comp,小売業,1,3,0,0.8863,0.3562,0.0135,-0.1662,0.143,-0.9227,False,False
外部需求 → 日本,us_ord_comp,小売業,1,3,3,0.9446,0.5141,0.0061,0.1331,0.0695,0.6525,False,False
外部需求 → 日本,us_ord_comp,小売業,1,3,6,0.263,0.2863,-0.0995,-0.2202,-1.1194,-1.0663,False,False
外部需求 → 日本,us_ord_comp,小売業,1,6,0,0.8505,0.6993,0.0164,-0.079,0.1885,-0.3863,False,False
外部需求 → 日本,us_ord_comp,小売業,1,6,3,0.4219,0.7048,-0.0893,-0.1082,-0.8031,-0.3788,False,False
外部需求 → 日本,us_ord_comp,小売業,1,6,6,0.7717,0.2823,0.0256,-0.2387,0.2901,-1.0752,False,False
外部需求 → 日本,us_ord_comp,小売業,3,1,0,0.5803,0.5702,0.0365,-0.0422,0.5529,-0.5677,False,False
外部需求 → 日本,us_ord_comp,小売業,3,1,3,0.8923,0.4777,0.0071,0.0578,0.1353,0.7101,False,False
外部需求 → 日本,us_ord_comp,小売業,3,1,6,0.0629,0.4596,-0.0993,-0.0712,-1.8597,-0.7395,False,False
外部需求 → 日本,us_ord_comp,小売業,3,3,0,0.6957,0.8141,0.0539,-0.0289,0.3912,-0.2352,False,False
外部需求 → 日本,us_ord_comp,小売業,3,3,3,0.7728,0.6805,0.0388,0.0714,0.2887,0.4118,False,False
外部需求 → 日本,us_ord_comp,小売業,3,3,6,0.7018,0.19,-0.0359,-0.2761,-0.3828,-1.3105,False,False
外部需求 → 日本,us_ord_comp,小売業,3,6,0,0.5419,0.9572,0.0962,0.0115,0.6099,0.0537,False,False
外部需求 → 日本,us_ord_comp,小売業,3,6,3,0.9977,0.4237,0.0005,-0.2296,0.0029,-0.8,False,False
外部需求 → 日本,us_ord_comp,小売業,3,6,6,0.8898,0.5812,0.0174,-0.0816,0.1385,-0.5516,False,False
外部需求 → 日本,us_ord_comp,小売業,6,1,0,0.5654,0.8504,0.0238,0.0084,0.5748,0.1886,False,False
外部需求 → 日本,us_ord_comp,小売業,6,1,3,0.2698,0.965,-0.0516,-0.0032,-1.1035,-0.0438,False,False
外部需求 → 日本,us_ord_comp,小売業,6,1,6,0.8033,0.3365,0.0105,-0.0574,0.2491,-0.9611,False,False
外部需求 → 日本,us_ord_comp,小売業,6,3,0,0.4745,0.8831,0.0701,0.0193,0.7151,0.147,False,False
外部需求 → 日本,us_ord_comp,小売業,6,3,3,0.8964,0.4868,0.0134,-0.1269,0.1302,-0.6954,False,False
外部需求 → 日本,us_ord_comp,小売業,6,3,6,0.9049,0.4904,0.0103,-0.0644,0.1194,-0.6897,False,False
外部需求 → 日本,us_ord_comp,小売業,6,6,0,0.6124,0.6341,0.0842,-0.1353,0.5066,-0.476,False,False
外部需求 → 日本,us_ord_comp,小売業,6,6,3,0.8573,0.3284,0.0252,-0.2051,0.1798,-0.9773,False,False
外部需求 → 日本,us_ord_comp,小売業,6,6,6,0.3216,0.5627,0.1551,0.1201,0.9912,0.5788,False,False
外部需求 → 日本,us_ord_comp,建設業,1,1,0,0.5638,0.8753,0.0338,-0.027,0.5772,-0.1569,False,False
外部需求 → 日本,us_ord_comp,建設業,1,1,3,0.7195,0.4562,0.0353,0.1221,0.3592,0.7451,False,False
外部需求 → 日本,us_ord_comp,建設業,1,1,6,0.5277,0.4406,-0.0439,-0.1199,-0.6315,-0.7711,False,False
外部需求 → 日本,us_ord_comp,建設業,1,3,0,0.7031,0.0401,0.0459,-0.5173,0.3811,-2.0525,False,False
外部需求 → 日本,us_ord_comp,建設業,1,3,3,0.8112,0.917,0.0289,0.0277,0.2388,0.1043,False,False
外部需求 → 日本,us_ord_comp,建設業,1,3,6,0.772,0.9057,0.0271,-0.02,0.2898,-0.1184,False,False
外部需求 → 日本,us_ord_comp,建設業,1,6,0,0.3895,0.3492,0.0872,-0.282,0.8604,-0.9361,False,False
外部需求 → 日本,us_ord_comp,建設業,1,6,3,0.6569,0.2879,0.0633,0.2233,0.4442,1.0626,False,False
外部需求 → 日本,us_ord_comp,建設業,1,6,6,0.3405,0.1843,0.1073,-0.3723,0.9531,-1.3278,False,False
外部需求 → 日本,us_ord_comp,建設業,3,1,0,0.7883,0.0272,-0.0191,-0.2051,-0.2685,-2.2086,False,False
外部需求 → 日本,us_ord_comp,建設業,3,1,3,0.4879,0.9044,0.046,-0.0131,0.6936,-0.1201,False,False
外部需求 → 日本,us_ord_comp,建設業,3,1,6,0.7586,0.7838,0.0221,-0.0221,0.3073,-0.2744,False,False
外部需求 → 日本,us_ord_comp,建設業,3,3,0,0.3569,0.1013,0.1339,-0.4445,0.9213,-1.6387,False,False
外部需求 → 日本,us_ord_comp,建設業,3,3,3,0.4465,0.6304,0.1368,-0.1013,0.7613,-0.4812,False,False
外部需求 → 日本,us_ord_comp,建設業,3,3,6,0.1969,0.6328,0.1805,-0.0909,1.2905,-0.4778,False,False
外部需求 → 日本,us_ord_comp,建設業,3,6,0,0.1316,0.3188,0.2824,-0.2776,1.5078,-0.9968,False,False
外部需求 → 日本,us_ord_comp,建設業,3,6,3,0.2327,0.8744,0.3248,-0.0344,1.1935,-0.1581,False,False
外部需求 → 日本,us_ord_comp,建設業,3,6,6,0.2406,0.6717,0.2462,-0.1271,1.1735,-0.4238,False,False
外部需求 → 日本,us_ord_comp,建設業,6,1,0,0.5308,0.1938,0.0277,-0.1168,0.6269,-1.2994,False,False
外部需求 → 日本,us_ord_comp,建設業,6,1,3,0.4507,0.8686,0.045,-0.0157,0.7543,-0.1654,False,False
外部需求 → 日本,us_ord_comp,建設業,6,1,6,0.4412,0.1363,0.0425,-0.1041,0.7701,-1.4896,False,False
外部需求 → 日本,us_ord_comp,建設業,6,3,0,0.0773,0.1619,0.1803,-0.3146,1.7663,-1.3987,False,False
外部需求 → 日本,us_ord_comp,建設業,6,3,3,0.1706,0.4869,0.1923,-0.134,1.3702,-0.6952,False,False
外部需求 → 日本,us_ord_comp,建設業,6,3,6,0.2281,0.5782,0.15,-0.098,1.2054,-0.5561,False,False
外部需求 → 日本,us_ord_comp,建設業,6,6,0,0.0331,0.3977,0.3851,-0.2101,2.1313,-0.8458,False,False
外部需求 → 日本,us_ord_comp,建設業,6,6,3,0.139,0.7157,0.3336,-0.1064,1.4794,-0.3643,False,False
外部需求 → 日本,us_ord_comp,建設業,6,6,6,0.402,0.5208,0.1734,0.1763,0.8381,0.6421,False,False
外部需求 → 日本,us_ord_comp,情報・通信業,1,1,0,0.7721,0.1518,-0.0158,-0.3317,-0.2896,-1.4331,False,False
外部需求 → 日本,us_ord_comp,情報・通信業,1,1,3,0.2865,0.1302,-0.0494,-0.3091,-1.0658,-1.5132,False,False
外部需求 → 日本,us_ord_comp,情報・通信業,1,1,6,0.9167,0.9416,-0.0049,0.0143,-0.1046,0.0733,False,False
外部需求 → 日本,us_ord_comp,情報・通信業,1,3,0,0.5831,0.4576,0.0432,-0.2211,0.5489,-0.7428,False,False
外部需求 → 日本,us_ord_comp,情報・通信業,1,3,3,0.9775,0.0515,0.002,-0.635,0.0282,-1.9475,False,False
外部需求 → 日本,us_ord_comp,情報・通信業,1,3,6,0.6825,0.8624,-0.0328,0.0615,-0.4091,0.1733,False,False
外部需求 → 日本,us_ord_comp,情報・通信業,1,6,0,0.709,0.0394,0.034,-0.8289,0.3732,-2.0604,False,False
外部需求 → 日本,us_ord_comp,情報・通信業,1,6,3,0.6691,0.2711,-0.0374,-0.6284,-0.4274,-1.1005,False,False
外部需求 → 日本,us_ord_comp,情報・通信業,1,6,6,0.8084,0.7021,-0.0169,0.2008,-0.2425,0.3825,False,False
外部需求 → 日本,us_ord_comp,情報・通信業,3,1,0,0.3262,0.8622,0.0501,-0.0183,0.9817,-0.1735,False,False
外部需求 → 日本,us_ord_comp,情報・通信業,3,1,3,0.9232,0.0931,-0.0039,-0.2075,-0.0964,-1.6794,False,False
外部需求 → 日本,us_ord_comp,情報・通信業,3,1,6,0.4687,0.8154,-0.0287,0.0324,-0.7246,0.2334,False,False
外部需求 → 日本,us_ord_comp,情報・通信業,3,3,0,0.4747,0.316,0.0793,-0.187,0.7149,-1.0027,False,False
外部需求 → 日本,us_ord_comp,情報・通信業,3,3,3,0.6629,0.0847,0.0407,-0.4899,0.4359,-1.7238,False,False
外部需求 → 日本,us_ord_comp,情報・通信業,3,3,6,0.5243,0.4146,-0.0556,0.2411,-0.6367,0.8158,False,False
外部需求 → 日本,us_ord_comp,情報・通信業,3,6,0,0.4008,0.0839,0.1191,-0.7148,0.8402,-1.7285,False,False
外部需求 → 日本,us_ord_comp,情報・通信業,3,6,3,0.9391,0.5155,-0.0121,-0.3499,-0.0764,-0.6504,False,False
外部需求 → 日本,us_ord_comp,情報・通信業,3,6,6,0.7066,0.4315,-0.0461,0.3181,-0.3765,0.7866,False,False
外部需求 → 日本,us_ord_comp,情報・通信業,6,1,0,0.3122,0.1561,0.0327,-0.1239,1.0107,-1.4182,False,False
外部需求 → 日本,us_ord_comp,情報・通信業,6,1,3,0.5444,0.2953,-0.0227,-0.1268,-0.6061,-1.0467,False,False
外部需求 → 日本,us_ord_comp,情報・通信業,6,1,6,0.9702,0.3442,-0.0011,0.1174,-0.0374,0.9458,False,False
外部需求 → 日本,us_ord_comp,情報・通信業,6,3,0,0.2832,0.0761,0.0778,-0.4056,1.0732,-1.7739,False,False
外部需求 → 日本,us_ord_comp,情報・通信業,6,3,3,0.9265,0.57,-0.0087,-0.1815,-0.0923,-0.568,False,False
外部需求 → 日本,us_ord_comp,情報・通信業,6,3,6,0.6263,0.4145,-0.0309,0.2065,-0.487,0.816,False,False
外部需求 → 日本,us_ord_comp,情報・通信業,6,6,0,0.6408,0.2065,0.0691,-0.7198,0.4666,-1.2634,False,False
外部需求 → 日本,us_ord_comp,情報・通信業,6,6,3,0.7922,0.9835,-0.0376,-0.0112,-0.2634,-0.0207,False,False
外部需求 → 日本,us_ord_comp,情報・通信業,6,6,6,0.4906,0.5666,-0.0683,0.2038,-0.6893,0.573,False,False
外部需求 → 日本,us_ord_comp,機械,1,1,0,0.3416,0.6011,0.0606,0.0763,0.951,0.5228,False,False
外部需求 → 日本,us_ord_comp,機械,1,1,3,0.6577,0.7272,0.0306,-0.0534,0.4432,-0.3489,False,False
外部需求 → 日本,us_ord_comp,機械,1,1,6,0.5007,0.4264,0.0425,-0.1231,0.6733,-0.7953,False,False
外部需求 → 日本,us_ord_comp,機械,1,3,0,0.7924,0.1995,-0.0257,0.2649,-0.2632,1.2829,False,False
外部需求 → 日本,us_ord_comp,機械,1,3,3,0.7624,0.5366,-0.0222,-0.1292,-0.3023,-0.6179,False,False
外部需求 → 日本,us_ord_comp,機械,1,3,6,0.3938,0.8298,0.0796,-0.048,0.8527,-0.2149,False,False
外部需求 → 日本,us_ord_comp,機械,1,6,0,0.6604,0.4904,-0.0434,0.1732,-0.4394,0.6897,False,False
外部需求 → 日本,us_ord_comp,機械,1,6,3,0.5816,0.7101,0.0542,-0.1123,0.551,-0.3717,False,False
外部需求 → 日本,us_ord_comp,機械,1,6,6,0.6246,0.9086,-0.0365,-0.0289,-0.4893,-0.1148,False,False
外部需求 → 日本,us_ord_comp,機械,3,1,0,0.5934,0.4996,-0.0376,0.0556,-0.5339,0.6751,False,False
外部需求 → 日本,us_ord_comp,機械,3,1,3,0.7558,0.4129,-0.0161,-0.0762,-0.3109,-0.8188,False,False
外部需求 → 日本,us_ord_comp,機械,3,1,6,0.2136,0.7318,0.078,-0.0306,1.2439,-0.3428,False,False
外部需求 → 日本,us_ord_comp,機械,3,3,0,0.1419,0.2026,-0.1975,0.2272,-1.4688,1.2743,False,False
外部需求 → 日本,us_ord_comp,機械,3,3,3,0.8193,0.5152,-0.0255,-0.1326,-0.2285,-0.6507,False,False
外部需求 → 日本,us_ord_comp,機械,3,3,6,0.8975,0.6464,0.0147,0.0829,0.1288,0.4587,False,False
外部需求 → 日本,us_ord_comp,機械,3,6,0,0.184,0.4929,-0.2283,0.1618,-1.3284,0.6858,False,False
外部需求 → 日本,us_ord_comp,機械,3,6,3,0.9588,0.9933,-0.0101,0.0023,-0.0516,0.0084,False,False
外部需求 → 日本,us_ord_comp,機械,3,6,6,0.2721,0.4528,-0.1697,-0.1605,-1.0982,-0.7507,False,False
外部需求 → 日本,us_ord_comp,機械,6,1,0,0.4244,0.9254,-0.0321,-0.006,-0.7987,-0.0936,False,False
外部需求 → 日本,us_ord_comp,機械,6,1,3,0.5023,0.5502,0.0327,-0.0477,0.6708,-0.5975,False,False
外部需求 → 日本,us_ord_comp,機械,6,1,6,0.6489,0.8083,-0.018,-0.014,-0.4554,-0.2427,False,False
外部需求 → 日本,us_ord_comp,機械,6,3,0,0.1151,0.6057,-0.1405,0.0749,-1.5757,0.5162,False,False
外部需求 → 日本,us_ord_comp,機械,6,3,3,0.9118,0.905,-0.0125,-0.0213,-0.1108,-0.1193,False,False
外部需求 → 日本,us_ord_comp,機械,6,3,6,0.2333,0.4338,-0.1016,-0.1044,-1.1919,-0.7827,False,False
外部需求 → 日本,us_ord_comp,機械,6,6,0,0.3661,0.6341,-0.1562,0.1237,-0.9039,0.476,False,False
外部需求 → 日本,us_ord_comp,機械,6,6,3,0.5397,0.6787,-0.115,-0.0896,-0.6132,-0.4143,False,False
外部需求 → 日本,us_ord_comp,機械,6,6,6,0.0351,0.1884,-0.278,-0.4074,-2.1072,-1.3154,False,False
外部需求 → 日本,us_ord_comp,水産・農林業,1,1,0,0.9877,0.6241,0.0013,0.0929,0.0154,0.4901,False,False
外部需求 → 日本,us_ord_comp,水産・農林業,1,1,3,0.2167,0.1815,0.1194,0.3033,1.2354,1.336,False,False
外部需求 → 日本,us_ord_comp,水産・農林業,1,1,6,0.5406,0.0197,-0.0548,0.4523,-0.6119,2.3314,False,False
外部需求 → 日本,us_ord_comp,水産・農林業,1,3,0,0.7837,0.9343,-0.0344,0.0251,-0.2745,0.0824,False,False
外部需求 → 日本,us_ord_comp,水産・農林業,1,3,3,0.0574,0.8937,0.2448,-0.0407,1.9003,-0.1336,False,False
外部需求 → 日本,us_ord_comp,水産・農林業,1,3,6,0.517,0.2615,0.1031,0.374,0.648,1.1229,False,False
外部需求 → 日本,us_ord_comp,水産・農林業,1,6,0,0.267,0.884,0.18,-0.0515,1.11,-0.1459,False,False
外部需求 → 日本,us_ord_comp,水産・農林業,1,6,3,0.0717,0.3201,0.3206,0.3188,1.8012,0.9942,False,False
外部需求 → 日本,us_ord_comp,水産・農林業,1,6,6,0.7243,0.232,0.0474,0.4354,0.3527,1.1951,False,False
外部需求 → 日本,us_ord_comp,水産・農林業,3,1,0,0.744,0.7939,-0.0274,0.0298,-0.3266,0.2612,False,False
外部需求 → 日本,us_ord_comp,水産・農林業,3,1,3,0.0348,0.7636,0.1887,-0.0348,2.1105,-0.3008,False,False
外部需求 → 日本,us_ord_comp,水産・農林業,3,1,6,0.6327,0.1774,0.0409,0.15,0.478,1.3487,False,False
外部需求 → 日本,us_ord_comp,水産・農林業,3,3,0,0.4433,0.9182,0.1598,0.0311,0.7666,0.1027,False,False
外部需求 → 日本,us_ord_comp,水産・農林業,3,3,3,0.0343,0.8524,0.3535,0.0418,2.1164,0.1861,False,False
外部需求 → 日本,us_ord_comp,水産・農林業,3,3,6,0.2359,0.9529,0.2331,-0.0144,1.1852,-0.0591,False,False
外部需求 → 日本,us_ord_comp,水産・農林業,3,6,0,0.0815,0.4713,0.5377,0.2034,1.7422,0.7204,False,False
外部需求 → 日本,us_ord_comp,水産・農林業,3,6,3,0.0123,0.7504,0.6043,0.0707,2.5032,0.3181,False,False
外部需求 → 日本,us_ord_comp,水産・農林業,3,6,6,0.7643,0.9241,0.0699,-0.0377,0.2999,-0.0953,False,False
外部需求 → 日本,us_ord_comp,水産・農林業,6,1,0,0.1338,0.9505,0.0969,-0.0057,1.4991,-0.0621,False,False
外部需求 → 日本,us_ord_comp,水産・農林業,6,1,3,0.0607,0.4233,0.1408,0.0722,1.8755,0.8007,False,False
外部需求 → 日本,us_ord_comp,水産・農林業,6,1,6,0.8489,0.218,0.011,0.0924,0.1905,1.2319,False,False
外部需求 → 日本,us_ord_comp,水産・農林業,6,3,0,0.0238,0.8416,0.3159,0.0437,2.2609,0.1999,False,False
外部需求 → 日本,us_ord_comp,水産・農林業,6,3,3,0.0121,0.8985,0.3491,0.0265,2.5097,0.1276,False,False
外部需求 → 日本,us_ord_comp,水産・農林業,6,3,6,0.7265,0.9042,0.042,-0.0269,0.3497,-0.1204,False,False
外部需求 → 日本,us_ord_comp,水産・農林業,6,6,0,0.0002,0.3609,0.6902,0.186,3.7182,0.9137,True,False
外部需求 → 日本,us_ord_comp,水産・農林業,6,6,3,0.0218,0.9595,0.4118,0.0172,2.293,0.0508,False,False
外部需求 → 日本,us_ord_comp,水産・農林業,6,6,6,0.5139,0.9145,-0.1448,0.0539,-0.6528,0.1073,False,False
外部需求 → 日本,us_ord_comp,海運業,1,1,0,0.2663,0.6921,0.1903,0.1682,1.1117,0.396,False,False
外部需求 → 日本,us_ord_comp,海運業,1,1,3,0.3581,0.2096,0.1571,-0.6688,0.919,-1.2545,False,False
外部需求 → 日本,us_ord_comp,海運業,1,1,6,0.2956,0.6046,0.1717,0.2559,1.0458,0.5177,False,False
外部需求 → 日本,us_ord_comp,海運業,1,3,0,0.5357,0.2434,0.1478,0.7347,0.6194,1.1666,False,False
外部需求 → 日本,us_ord_comp,海運業,1,3,3,0.8654,0.7159,-0.042,-0.2858,-0.1694,-0.3639,False,False
外部需求 → 日本,us_ord_comp,海運業,1,3,6,0.5553,0.5584,0.1328,0.5042,0.5899,0.5853,False,False
外部需求 → 日本,us_ord_comp,海運業,1,6,0,0.714,0.3521,0.0925,0.8188,0.3664,0.9306,False,False
外部需求 → 日本,us_ord_comp,海運業,1,6,3,0.821,0.933,0.0683,0.1096,0.2263,0.0841,False,False
外部需求 → 日本,us_ord_comp,海運業,1,6,6,0.5751,0.9625,0.1098,-0.0476,0.5605,-0.047,False,False
外部需求 → 日本,us_ord_comp,海運業,3,1,0,0.6595,0.3773,0.0639,0.249,0.4406,0.8828,False,False
外部需求 → 日本,us_ord_comp,海運業,3,1,3,0.8286,0.5844,-0.033,-0.2188,-0.2165,-0.547,False,False
外部需求 → 日本,us_ord_comp,海運業,3,1,6,0.2027,0.2321,0.1474,0.4106,1.274,1.195,False,False
外部需求 → 日本,us_ord_comp,海運業,3,3,0,0.686,0.5183,0.1073,0.3359,0.4043,0.6459,False,False
外部需求 → 日本,us_ord_comp,海運業,3,3,3,0.7612,0.6922,-0.1135,-0.3654,-0.304,-0.3958,False,False
外部需求 → 日本,us_ord_comp,海運業,3,3,6,0.4365,0.6578,0.2194,0.3159,0.7782,0.4429,False,False
外部需求 → 日本,us_ord_comp,海運業,3,6,0,0.9773,0.8289,-0.0148,0.2407,-0.0285,0.2162,False,False
外部需求 → 日本,us_ord_comp,海運業,3,6,3,0.8518,0.8467,0.091,-0.2096,0.1868,-0.1933,False,False
外部需求 → 日本,us_ord_comp,海運業,3,6,6,0.5892,0.8561,-0.1792,-0.1551,-0.5399,-0.1814,False,False
外部需求 → 日本,us_ord_comp,海運業,6,1,0,0.957,0.9635,0.0048,0.011,0.0539,0.0458,False,False
外部需求 → 日本,us_ord_comp,海運業,6,1,3,0.6773,0.835,0.0547,0.0547,0.4161,0.2083,False,False
外部需求 → 日本,us_ord_comp,海運業,6,1,6,0.5753,0.8538,0.0627,-0.0572,0.5603,-0.1843,False,False
外部需求 → 日本,us_ord_comp,海運業,6,3,0,0.8805,0.9337,-0.0436,-0.0515,-0.1504,-0.0832,False,False
外部需求 → 日本,us_ord_comp,海運業,6,3,3,0.9438,0.9435,0.0217,-0.0381,0.0705,-0.0708,False,False
外部需求 → 日本,us_ord_comp,海運業,6,3,6,0.6921,0.775,-0.0975,-0.1948,-0.396,-0.2859,False,False
外部需求 → 日本,us_ord_comp,海運業,6,6,0,0.9563,0.9674,-0.0295,-0.0415,-0.0549,-0.0408,False,False
外部需求 → 日本,us_ord_comp,海運業,6,6,3,0.8464,0.7395,-0.0843,-0.3001,-0.1937,-0.3325,False,False
外部需求 → 日本,us_ord_comp,海運業,6,6,6,0.0993,0.2424,-0.5311,-0.8321,-1.6485,-1.1689,False,False
外部需求 → 日本,us_ord_comp,石油・石炭製品,1,1,0,0.7227,0.0384,0.0403,0.7139,0.3549,2.0705,False,False
外部需求 → 日本,us_ord_comp,石油・石炭製品,1,1,3,0.5876,0.5643,-0.0654,0.2078,-0.5423,0.5765,False,False
外部需求 → 日本,us_ord_comp,石油・石炭製品,1,1,6,0.7803,0.9878,0.0275,0.0062,0.2789,0.0152,False,False
外部需求 → 日本,us_ord_comp,石油・石炭製品,1,3,0,0.5545,0.1946,0.1116,0.9432,0.5911,1.297,False,False
外部需求 → 日本,us_ord_comp,石油・石炭製品,1,3,3,0.7414,0.9937,0.0629,-0.0054,0.3299,-0.0078,False,False
外部需求 → 日本,us_ord_comp,石油・石炭製品,1,3,6,0.4421,0.4313,0.1575,-0.4903,0.7686,-0.787,False,False
外部需求 → 日本,us_ord_comp,石油・石炭製品,1,6,0,0.8512,0.155,0.0393,1.2373,0.1876,1.4222,False,False
外部需求 → 日本,us_ord_comp,石油・石炭製品,1,6,3,0.6016,0.695,0.1266,-0.3528,0.5221,-0.392,False,False
外部需求 → 日本,us_ord_comp,石油・石炭製品,1,6,6,0.1401,0.8731,0.3422,0.1675,1.4755,0.1597,False,False
外部需求 → 日本,us_ord_comp,石油・石炭製品,3,1,0,0.4229,0.1783,0.0917,0.3524,0.8014,1.346,False,False
外部需求 → 日本,us_ord_comp,石油・石炭製品,3,1,3,0.7623,0.5426,0.0377,0.1383,0.3024,0.609,False,False
外部需求 → 日本,us_ord_comp,石油・石炭製品,3,1,6,0.2816,0.25,0.1436,-0.2696,1.0767,-1.1502,False,False
外部需求 → 日本,us_ord_comp,石油・石炭製品,3,3,0,0.2276,0.4635,-0.2188,0.4562,-1.2066,0.733,False,False
外部需求 → 日本,us_ord_comp,石油・石炭製品,3,3,3,0.3278,0.9895,0.2526,-0.0085,0.9785,-0.0131,False,False
外部需求 → 日本,us_ord_comp,石油・石炭製品,3,3,6,0.0031,0.9802,0.7684,-0.0167,2.9624,-0.0248,True,False
外部需求 → 日本,us_ord_comp,石油・石炭製品,3,6,0,0.9378,0.3146,-0.0253,0.7951,-0.078,1.0057,False,False
外部需求 → 日本,us_ord_comp,石油・石炭製品,3,6,3,0.0088,0.8918,0.9367,0.1095,2.6201,0.136,False,False
外部需求 → 日本,us_ord_comp,石油・石炭製品,3,6,6,0.0352,0.6364,0.7724,-0.4917,2.1065,-0.4728,False,False
外部需求 → 日本,us_ord_comp,石油・石炭製品,6,1,0,0.4477,0.2146,0.0721,0.2615,0.7592,1.2409,False,False
外部需求 → 日本,us_ord_comp,石油・石炭製品,6,1,3,0.3766,0.6128,0.0883,-0.0783,0.8841,-0.5061,False,False
外部需求 → 日本,us_ord_comp,石油・石炭製品,6,1,6,0.053,0.5893,0.2092,-0.1126,1.9352,-0.5398,False,False
外部需求 → 日本,us_ord_comp,石油・石炭製品,6,3,0,0.9549,0.5534,0.0114,0.314,0.0566,0.5927,False,False
外部需求 → 日本,us_ord_comp,石油・石炭製品,6,3,3,0.0053,0.9544,0.5891,0.0251,2.7852,0.0571,False,False
外部需求 → 日本,us_ord_comp,石油・石炭製品,6,3,6,0.0267,0.5518,0.4927,-0.3738,2.2157,-0.5951,False,False
外部需求 → 日本,us_ord_comp,石油・石炭製品,6,6,0,0.1199,0.3354,0.5138,0.6728,1.5554,0.9633,False,False
外部需求 → 日本,us_ord_comp,石油・石炭製品,6,6,3,0.0002,0.7467,1.0245,-0.2777,3.7334,-0.323,True,False
外部需求 → 日本,us_ord_comp,石油・石炭製品,6,6,6,0.2211,0.0157,0.313,-1.8583,1.2236,-2.4169,False,False
外部需求 → 日本,us_ord_comp,精密機器,1,1,0,0.0915,0.9359,-0.1006,-0.0128,-1.6876,-0.0804,False,False
外部需求 → 日本,us_ord_comp,精密機器,1,1,3,0.9308,0.1665,-0.005,-0.1757,-0.0869,-1.3834,False,False
外部需求 → 日本,us_ord_comp,精密機器,1,1,6,0.9321,0.7552,-0.0042,-0.0453,-0.0853,-0.3118,False,False
外部需求 → 日本,us_ord_comp,精密機器,1,3,0,0.3697,0.0225,-0.0967,0.538,-0.8971,2.282,False,False
外部需求 → 日本,us_ord_comp,精密機器,1,3,3,0.7433,0.0859,0.0299,-0.2844,0.3275,-1.7173,False,False
外部需求 → 日本,us_ord_comp,精密機器,1,3,6,0.8445,0.3253,-0.0143,0.2381,-0.1961,0.9837,False,False
外部需求 → 日本,us_ord_comp,精密機器,1,6,0,0.4665,0.2736,-0.0673,0.2716,-0.7281,1.0948,False,False
外部需求 → 日本,us_ord_comp,精密機器,1,6,3,0.885,0.8293,0.0127,-0.0525,0.1447,-0.2156,False,False
外部需求 → 日本,us_ord_comp,精密機器,1,6,6,0.9031,0.0646,-0.0092,0.5728,-0.1218,1.8481,False,False
外部需求 → 日本,us_ord_comp,精密機器,3,1,0,0.2297,0.06,-0.0819,0.1703,-1.2012,1.8805,False,False
外部需求 → 日本,us_ord_comp,精密機器,3,1,3,0.788,0.0847,0.016,-0.1083,0.2689,-1.724,False,False
外部需求 → 日本,us_ord_comp,精密機器,3,1,6,0.8272,0.5508,-0.0097,0.0647,-0.2183,0.5966,False,False
外部需求 → 日本,us_ord_comp,精密機器,3,3,0,0.3752,0.0529,-0.1245,0.35,-0.8868,1.9359,False,False
外部需求 → 日本,us_ord_comp,精密機器,3,3,3,0.843,0.8415,-0.0233,-0.0301,-0.1981,-0.2,False,False
外部需求 → 日本,us_ord_comp,精密機器,3,3,6,0.1636,0.156,-0.1402,0.3547,-1.393,1.4187,False,False
外部需求 → 日本,us_ord_comp,精密機器,3,6,0,0.3431,0.168,-0.1391,0.3118,-0.9481,1.3786,False,False
外部需求 → 日本,us_ord_comp,精密機器,3,6,3,0.2921,0.1648,-0.1695,0.3165,-1.0536,1.3892,False,False
外部需求 → 日本,us_ord_comp,精密機器,3,6,6,0.4402,0.1986,-0.0832,0.3346,-0.7718,1.2855,False,False
外部需求 → 日本,us_ord_comp,精密機器,6,1,0,0.39,0.4239,-0.0379,0.0408,-0.8596,0.7997,False,False
外部需求 → 日本,us_ord_comp,精密機器,6,1,3,0.8072,0.617,0.011,-0.0344,0.244,-0.5002,False,False
外部需求 → 日本,us_ord_comp,精密機器,6,1,6,0.8395,0.0403,0.0058,0.1575,0.2025,2.0507,False,False
外部需求 → 日本,us_ord_comp,精密機器,6,3,0,0.3639,0.0634,-0.0906,0.2096,-0.908,1.8563,False,False
外部需求 → 日本,us_ord_comp,精密機器,6,3,3,0.336,0.1695,-0.0904,0.1954,-0.9621,1.3737,False,False
外部需求 → 日本,us_ord_comp,精密機器,6,3,6,0.4117,0.2416,-0.0537,0.2212,-0.821,1.1711,False,False
外部需求 → 日本,us_ord_comp,精密機器,6,6,0,0.1863,0.0675,-0.1793,0.4049,-1.3217,1.828,False,False
外部需求 → 日本,us_ord_comp,精密機器,6,6,3,0.1728,0.0881,-0.1538,0.4184,-1.3633,1.7053,False,False
外部需求 → 日本,us_ord_comp,精密機器,6,6,6,0.2319,0.8531,-0.0949,-0.0534,-1.1955,-0.1852,False,False
外部需求 → 日本,us_ord_comp,繊維製品,1,1,0,0.882,0.2605,0.0101,-0.1477,0.1485,-1.1251,False,False
外部需求 → 日本,us_ord_comp,繊維製品,1,1,3,0.3016,0.9734,0.0745,0.0048,1.033,0.0333,False,False
外部需求 → 日本,us_ord_comp,繊維製品,1,1,6,0.1968,0.3086,-0.0723,0.1689,-1.2907,1.0182,False,False
外部需求 → 日本,us_ord_comp,繊維製品,1,3,0,0.8616,0.0651,-0.0156,-0.3982,-0.1744,-1.8445,False,False
外部需求 → 日本,us_ord_comp,繊維製品,1,3,3,0.1356,0.0159,0.1363,0.5261,1.4925,2.4108,False,False
外部需求 → 日本,us_ord_comp,繊維製品,1,3,6,0.4792,0.2722,0.0577,0.2683,0.7076,1.0979,False,False
外部需求 → 日本,us_ord_comp,繊維製品,1,6,0,0.2123,0.5398,0.116,0.1423,1.2472,0.6131,False,False
外部需求 → 日本,us_ord_comp,繊維製品,1,6,3,0.0218,0.022,0.1949,0.8468,2.2936,2.2897,False,False
外部需求 → 日本,us_ord_comp,繊維製品,1,6,6,0.5653,0.4929,0.0337,0.3534,0.575,0.6857,False,False
外部需求 → 日本,us_ord_comp,繊維製品,3,1,0,0.7846,0.0786,-0.0144,-0.1453,-0.2733,-1.7591,False,False
外部需求 → 日本,us_ord_comp,繊維製品,3,1,3,0.0276,0.0263,0.13,0.2059,2.2034,2.2214,False,False
外部需求 → 日本,us_ord_comp,繊維製品,3,1,6,0.2874,0.2909,0.0458,0.1086,1.0639,1.0561,False,False
外部需求 → 日本,us_ord_comp,繊維製品,3,3,0,0.5199,0.1,0.0616,-0.2457,0.6435,-1.6447,False,False
外部需求 → 日本,us_ord_comp,繊維製品,3,3,3,0.3044,0.0,0.1134,0.7794,1.027,4.5907,False,False
外部需求 → 日本,us_ord_comp,繊維製品,3,3,6,0.3108,0.6788,0.1237,0.1129,1.0136,0.4141,False,False
外部需求 → 日本,us_ord_comp,繊維製品,3,6,0,0.2452,0.0464,0.1715,0.5321,1.162,1.9915,False,False
外部需求 → 日本,us_ord_comp,繊維製品,3,6,3,0.0866,0.0067,0.2395,0.9511,1.7135,2.7137,False,False
外部需求 → 日本,us_ord_comp,繊維製品,3,6,6,0.2235,0.4065,0.1599,0.443,1.2172,0.8301,False,False
外部需求 → 日本,us_ord_comp,繊維製品,6,1,0,0.1224,0.6525,0.0652,0.0221,1.5447,0.4503,False,False
外部需求 → 日本,us_ord_comp,繊維製品,6,1,3,0.0069,0.0052,0.1022,0.2005,2.7017,2.7936,False,False
外部需求 → 日本,us_ord_comp,繊維製品,6,1,6,0.4593,0.5043,0.0224,0.0703,0.74,0.6678,False,False
外部需求 → 日本,us_ord_comp,繊維製品,6,3,0,0.272,0.063,0.1014,0.2792,1.0985,1.8595,False,False
外部需求 → 日本,us_ord_comp,繊維製品,6,3,3,0.0582,0.0037,0.1412,0.6054,1.8939,2.9017,False,False
外部需求 → 日本,us_ord_comp,繊維製品,6,3,6,0.2444,0.3476,0.0875,0.2788,1.1642,0.9392,False,False
外部需求 → 日本,us_ord_comp,繊維製品,6,6,0,0.1132,0.0029,0.2419,0.9743,1.5842,2.9734,False,False
外部需求 → 日本,us_ord_comp,繊維製品,6,6,3,0.0653,0.0674,0.2325,0.9085,1.8432,1.8291,False,False
外部需求 → 日本,us_ord_comp,繊維製品,6,6,6,0.0063,0.2935,0.2241,0.53,2.7328,1.0504,False,False
外部需求 → 日本,us_ord_comp,証券、商品先物取引業,1,1,0,0.2082,0.5896,-0.161,0.0939,-1.2585,0.5394,False,False
外部需求 → 日本,us_ord_comp,証券、商品先物取引業,1,1,3,0.2249,0.7352,-0.1775,0.069,-1.2135,0.3382,False,False
外部需求 → 日本,us_ord_comp,証券、商品先物取引業,1,1,6,0.9596,0.0929,-0.0069,-0.3181,-0.0506,-1.6803,False,False
外部需求 → 日本,us_ord_comp,証券、商品先物取引業,1,3,0,0.6231,0.5304,-0.0962,0.1884,-0.4915,0.6274,False,False
外部需求 → 日本,us_ord_comp,証券、商品先物取引業,1,3,3,0.2391,0.0136,-0.2771,0.9573,-1.1772,2.4686,False,False
外部需求 → 日本,us_ord_comp,証券、商品先物取引業,1,3,6,0.1288,0.0137,-0.3108,-0.8497,-1.5189,-2.4638,False,False
外部需求 → 日本,us_ord_comp,証券、商品先物取引業,1,6,0,0.1469,0.013,-0.4055,1.1207,-1.4507,2.4841,False,False
外部需求 → 日本,us_ord_comp,証券、商品先物取引業,1,6,3,0.0594,0.8648,-0.5208,0.0826,-1.8852,0.1703,False,False
外部需求 → 日本,us_ord_comp,証券、商品先物取引業,1,6,6,0.3984,0.0086,-0.1732,-1.4632,-0.8445,-2.6269,False,False
外部需求 → 日本,us_ord_comp,証券、商品先物取引業,3,1,0,0.4592,0.6278,-0.085,0.0522,-0.7402,0.4848,False,False
外部需求 → 日本,us_ord_comp,証券、商品先物取引業,3,1,3,0.0773,0.0004,-0.2648,0.3894,-1.7667,3.5515,False,False
外部需求 → 日本,us_ord_comp,証券、商品先物取引業,3,1,6,0.0967,0.0151,-0.251,-0.326,-1.6609,-2.4307,False,False
外部需求 → 日本,us_ord_comp,証券、商品先物取引業,3,3,0,0.4442,0.06,-0.269,0.4629,-0.7651,1.8808,False,False
外部需求 → 日本,us_ord_comp,証券、商品先物取引業,3,3,3,0.3064,0.0122,-0.3642,0.697,-1.0229,2.505,False,False
外部需求 → 日本,us_ord_comp,証券、商品先物取引業,3,3,6,0.0082,0.0007,-0.5861,-1.1315,-2.6426,-3.3933,False,False
外部需求 → 日本,us_ord_comp,証券、商品先物取引業,3,6,0,0.2742,0.011,-0.6315,1.1232,-1.0935,2.5419,False,False
外部需求 → 日本,us_ord_comp,証券、商品先物取引業,3,6,3,0.0352,0.3091,-0.9151,-0.4909,-2.1057,-1.0171,False,False
外部需求 → 日本,us_ord_comp,証券、商品先物取引業,3,6,6,0.2593,0.0051,-0.2045,-1.3119,-1.128,-2.8019,False,False
外部需求 → 日本,us_ord_comp,証券、商品先物取引業,6,1,0,0.042,0.0033,-0.2031,0.2349,-2.0331,2.9366,False,False
外部需求 → 日本,us_ord_comp,証券、商品先物取引業,6,1,3,0.0129,0.6187,-0.3235,0.0653,-2.487,0.4977,False,False
外部需求 → 日本,us_ord_comp,証券、商品先物取引業,6,1,6,0.3093,0.0004,-0.1022,-0.3693,-1.0167,-3.5475,False,False
外部需求 → 日本,us_ord_comp,証券、商品先物取引業,6,3,0,0.1727,0.0095,-0.395,0.6902,-1.3636,2.594,False,False
外部需求 → 日本,us_ord_comp,証券、商品先物取引業,6,3,3,0.0457,0.4172,-0.5766,-0.245,-1.9984,-0.8112,False,False
外部需求 → 日本,us_ord_comp,証券、商品先物取引業,6,3,6,0.3804,0.0001,-0.1313,-0.8674,-0.8771,-3.9762,False,False
外部需求 → 日本,us_ord_comp,証券、商品先物取引業,6,6,0,0.0589,0.3713,-0.9493,0.4678,-1.8892,0.894,False,False
外部需求 → 日本,us_ord_comp,証券、商品先物取引業,6,6,3,0.0549,0.0083,-0.6821,-1.1683,-1.92,-2.6406,False,False
外部需求 → 日本,us_ord_comp,証券、商品先物取引業,6,6,6,0.9752,0.0014,-0.0063,-1.3229,-0.0311,-3.1948,False,False
外部需求 → 日本,us_ord_comp,輸送用機器,1,1,0,0.5634,0.0445,0.0585,0.3266,0.5777,2.009,False,False
外部需求 → 日本,us_ord_comp,輸送用機器,1,1,3,0.1394,0.4816,0.1395,0.1232,1.4779,0.7038,False,False
外部需求 → 日本,us_ord_comp,輸送用機器,1,1,6,0.7101,0.4791,0.0266,-0.1328,0.3717,-0.7078,False,False
外部需求 → 日本,us_ord_comp,輸送用機器,1,3,0,0.5039,0.8611,-0.098,0.0412,-0.6684,0.1749,False,False
外部需求 → 日本,us_ord_comp,輸送用機器,1,3,3,0.9251,0.1497,0.0102,0.4088,0.0941,1.4407,False,False
外部需求 → 日本,us_ord_comp,輸送用機器,1,3,6,0.4979,0.6102,0.0694,-0.1378,0.6778,-0.5098,False,False
外部需求 → 日本,us_ord_comp,輸送用機器,1,6,0,0.4937,0.2686,-0.1074,0.4921,-0.6844,1.1062,False,False
外部需求 → 日本,us_ord_comp,輸送用機器,1,6,3,0.5655,0.4859,0.0716,0.3298,0.5748,0.6969,False,False
外部需求 → 日本,us_ord_comp,輸送用機器,1,6,6,0.1661,0.0336,-0.1274,-0.5514,-1.3849,-2.1254,False,False
外部需求 → 日本,us_ord_comp,輸送用機器,3,1,0,0.4179,0.8871,-0.1025,-0.0148,-0.81,-0.142,False,False
外部需求 → 日本,us_ord_comp,輸送用機器,3,1,3,0.9114,0.1061,0.0076,0.1678,0.1113,1.6161,False,False
外部需求 → 日本,us_ord_comp,輸送用機器,3,1,6,0.1863,0.5583,0.0793,-0.0679,1.3215,-0.5854,False,False
外部需求 → 日本,us_ord_comp,輸送用機器,3,3,0,0.4208,0.331,-0.1941,-0.2468,-0.805,-0.972,False,False
外部需求 → 日本,us_ord_comp,輸送用機器,3,3,3,0.2108,0.123,-0.2413,0.439,-1.2514,1.5424,False,False
外部需求 → 日本,us_ord_comp,輸送用機器,3,3,6,0.0992,0.363,-0.2056,-0.1722,-1.6487,-0.9096,False,False
外部需求 → 日本,us_ord_comp,輸送用機器,3,6,0,0.0744,0.5725,-0.4813,0.2807,-1.784,0.5643,False,False
外部需求 → 日本,us_ord_comp,輸送用機器,3,6,3,0.1123,0.3367,-0.4428,0.3234,-1.5879,0.9606,False,False
外部需求 → 日本,us_ord_comp,輸送用機器,3,6,6,0.1197,0.1542,-0.2848,-0.2675,-1.5561,-1.4249,False,False
外部需求 → 日本,us_ord_comp,輸送用機器,6,1,0,0.4016,0.3384,-0.0635,0.0791,-0.8387,0.9574,False,False
外部需求 → 日本,us_ord_comp,輸送用機器,6,1,3,0.2797,0.4346,0.0583,0.0729,1.081,0.7813,False,False
外部需求 → 日本,us_ord_comp,輸送用機器,6,1,6,0.1657,0.0354,-0.0549,-0.157,-1.3862,-2.1041,False,False
外部需求 → 日本,us_ord_comp,輸送用機器,6,3,0,0.0614,0.7251,-0.2704,0.093,-1.8708,0.3517,False,False
外部需求 → 日本,us_ord_comp,輸送用機器,6,3,3,0.0565,0.409,-0.2658,0.199,-1.9075,0.8257,False,False
外部需求 → 日本,us_ord_comp,輸送用機器,6,3,6,0.1036,0.217,-0.1581,-0.1932,-1.6276,-1.2345,False,False
外部需求 → 日本,us_ord_comp,輸送用機器,6,6,0,0.0319,0.4158,-0.5614,0.4155,-2.146,0.8137,False,False
外部需求 → 日本,us_ord_comp,輸送用機器,6,6,3,0.0324,0.903,-0.4205,0.0311,-2.1398,0.1218,False,False
外部需求 → 日本,us_ord_comp,輸送用機器,6,6,6,0.0722,0.5421,-0.2725,-0.1427,-1.7978,-0.6096,False,False
外部需求 → 日本,us_ord_comp,金属製品,1,1,0,0.3416,0.8704,-0.0454,0.0244,-0.9511,0.1631,False,False
外部需求 → 日本,us_ord_comp,金属製品,1,1,3,0.2325,0.6133,-0.0753,0.0732,-1.1938,0.5054,False,False
外部需求 → 日本,us_ord_comp,金属製品,1,1,6,0.6057,0.8327,-0.0257,0.034,-0.5163,0.2112,False,False
外部需求 → 日本,us_ord_comp,金属製品,1,3,0,0.5313,0.25,-0.0485,0.2237,-0.626,1.1504,False,False
外部需求 → 日本,us_ord_comp,金属製品,1,3,3,0.6737,0.8008,0.035,0.0452,0.4211,0.2523,False,False
外部需求 → 日本,us_ord_comp,金属製品,1,3,6,0.9655,0.6347,0.0035,-0.0926,0.0432,-0.4752,False,False
外部需求 → 日本,us_ord_comp,金属製品,1,6,0,0.8859,0.4445,-0.0121,0.185,-0.1435,0.7647,False,False
外部需求 → 日本,us_ord_comp,金属製品,1,6,3,0.6422,0.6025,0.0376,-0.1443,0.4647,-0.5209,False,False
外部需求 → 日本,us_ord_comp,金属製品,1,6,6,0.9879,0.1474,0.0011,-0.3707,0.0152,-1.4488,False,False
外部需求 → 日本,us_ord_comp,金属製品,3,1,0,0.3641,0.4267,-0.052,0.0733,-0.9077,0.7949,False,False
外部需求 → 日本,us_ord_comp,金属製品,3,1,3,0.564,0.853,0.0366,-0.0147,0.5769,-0.1853,False,False
外部需求 → 日本,us_ord_comp,金属製品,3,1,6,0.9925,0.4826,-0.0005,-0.0599,-0.0094,-0.7021,False,False
外部需求 → 日本,us_ord_comp,金属製品,3,3,0,0.722,0.2896,-0.0351,0.1779,-0.3558,1.0589,False,False
外部需求 → 日本,us_ord_comp,金属製品,3,3,3,0.3009,0.771,0.1092,0.0471,1.0345,0.2911,False,False
外部需求 → 日本,us_ord_comp,金属製品,3,3,6,0.4513,0.3374,-0.08,-0.1624,-0.7532,-0.9594,False,False
外部需求 → 日本,us_ord_comp,金属製品,3,6,0,0.577,0.3364,0.0799,0.1798,0.5577,0.9613,False,False
外部需求 → 日本,us_ord_comp,金属製品,3,6,3,0.8149,0.4677,0.0274,-0.141,0.2341,-0.7262,False,False
外部需求 → 日本,us_ord_comp,金属製品,3,6,6,0.6711,0.0109,-0.0505,-0.4827,-0.4247,-2.547,False,False
外部需求 → 日本,us_ord_comp,金属製品,6,1,0,0.9148,0.4813,-0.004,0.0373,-0.107,0.7041,False,False
外部需求 → 日本,us_ord_comp,金属製品,6,1,3,0.573,0.4253,0.0224,-0.0386,0.5636,-0.7972,False,False
外部需求 → 日本,us_ord_comp,金属製品,6,1,6,0.8615,0.0632,-0.006,-0.0984,-0.1745,-1.8578,False,False
外部需求 → 日本,us_ord_comp,金属製品,6,3,0,0.6206,0.1355,0.0404,0.143,0.4951,1.4928,False,False
外部需求 → 日本,us_ord_comp,金属製品,6,3,3,0.842,0.5506,0.0137,-0.0757,0.1994,-0.5968,False,False
外部需求 → 日本,us_ord_comp,金属製品,6,3,6,0.6617,0.0106,-0.0299,-0.2878,-0.4376,-2.556,False,False
外部需求 → 日本,us_ord_comp,金属製品,6,6,0,0.6225,0.8638,0.0566,0.0335,0.4922,0.1716,False,False
外部需求 → 日本,us_ord_comp,金属製品,6,6,3,0.8512,0.017,-0.0201,-0.4034,-0.1876,-2.3862,False,False
外部需求 → 日本,us_ord_comp,金属製品,6,6,6,0.9225,0.0355,-0.009,-0.6058,-0.0972,-2.1032,False,False
外部需求 → 日本,us_ord_comp,鉄鋼,1,1,0,0.9067,0.864,-0.0103,-0.0343,-0.1172,-0.1713,False,False
外部需求 → 日本,us_ord_comp,鉄鋼,1,1,3,0.9937,0.8283,-0.0007,-0.0414,-0.0078,-0.2169,False,False
外部需求 → 日本,us_ord_comp,鉄鋼,1,1,6,0.7113,0.3181,-0.0324,0.1997,-0.3701,0.9983,False,False
外部需求 → 日本,us_ord_comp,鉄鋼,1,3,0,0.903,0.2104,0.0191,-0.4155,0.1219,-1.2526,False,False
外部需求 → 日本,us_ord_comp,鉄鋼,1,3,3,0.5866,0.2,-0.0724,0.4028,-0.5438,1.2816,False,False
外部需求 → 日本,us_ord_comp,鉄鋼,1,3,6,0.2952,0.8938,0.1495,0.0426,1.0467,0.1335,False,False
外部需求 → 日本,us_ord_comp,鉄鋼,1,6,0,0.6704,0.9435,-0.0596,-0.0342,-0.4256,-0.0709,False,False
外部需求 → 日本,us_ord_comp,鉄鋼,1,6,3,0.6143,0.3708,0.0757,0.4693,0.5039,0.8951,False,False
外部需求 → 日本,us_ord_comp,鉄鋼,1,6,6,0.7748,0.4602,0.0331,-0.3583,0.2861,-0.7385,False,False
外部需求 → 日本,us_ord_comp,鉄鋼,3,1,0,0.9497,0.1011,-0.006,-0.1705,-0.063,-1.6397,False,False
外部需求 → 日本,us_ord_comp,鉄鋼,3,1,3,0.3747,0.3099,-0.0667,0.1301,-0.8876,1.0154,False,False
外部需求 → 日本,us_ord_comp,鉄鋼,3,1,6,0.1248,0.5806,0.124,0.0864,1.5351,0.5525,False,False
外部需求 → 日本,us_ord_comp,鉄鋼,3,3,0,0.4736,0.1762,-0.1789,-0.3439,-0.7167,-1.3525,False,False
外部需求 → 日本,us_ord_comp,鉄鋼,3,3,3,0.9779,0.1535,0.0051,0.4339,0.0277,1.4272,False,False
外部需求 → 日本,us_ord_comp,鉄鋼,3,3,6,0.3168,0.9106,0.1603,-0.0334,1.001,-0.1123,False,False
外部需求 → 日本,us_ord_comp,鉄鋼,3,6,0,0.4239,0.8434,-0.1775,0.0927,-0.7997,0.1976,False,False
外部需求 → 日本,us_ord_comp,鉄鋼,3,6,3,0.4713,0.322,0.172,0.4367,0.7203,0.9903,False,False
外部需求 → 日本,us_ord_comp,鉄鋼,3,6,6,0.4995,0.7207,-0.0971,-0.177,-0.6753,-0.3576,False,False
外部需求 → 日本,us_ord_comp,鉄鋼,6,1,0,0.3955,0.7607,-0.0477,-0.0221,-0.8497,-0.3045,False,False
外部需求 → 日本,us_ord_comp,鉄鋼,6,1,3,0.697,0.216,0.0249,0.1592,0.3893,1.2373,False,False
外部需求 → 日本,us_ord_comp,鉄鋼,6,1,6,0.8303,0.382,0.0119,-0.0993,0.2143,-0.8743,False,False
外部需求 → 日本,us_ord_comp,鉄鋼,6,3,0,0.4034,0.9118,-0.1184,0.028,-0.8355,0.1107,False,False
外部需求 → 日本,us_ord_comp,鉄鋼,6,3,3,0.4992,0.3179,0.0986,0.2909,0.6757,0.9987,False,False
外部需求 → 日本,us_ord_comp,鉄鋼,6,3,6,0.5301,0.6827,-0.0574,-0.1239,-0.6278,-0.4088,False,False
外部需求 → 日本,us_ord_comp,鉄鋼,6,6,0,0.9224,0.4911,-0.0192,0.3649,-0.0975,0.6886,False,False
外部需求 → 日本,us_ord_comp,鉄鋼,6,6,3,0.7632,0.7078,0.0416,0.1787,0.3013,0.3748,False,False
外部需求 → 日本,us_ord_comp,鉄鋼,6,6,6,0.2426,0.7072,-0.2019,-0.2137,-1.1686,-0.3756,False,False
外部需求 → 日本,us_ord_comp,鉱業,1,1,0,0.4273,0.1456,0.0934,0.5497,0.7939,1.4552,False,False
外部需求 → 日本,us_ord_comp,鉱業,1,1,3,0.8029,0.7958,-0.0302,-0.095,-0.2496,-0.2588,False,False
外部需求 → 日本,us_ord_comp,鉱業,1,1,6,0.7795,0.9244,-0.0309,-0.0305,-0.28,-0.0949,False,False
外部需求 → 日本,us_ord_comp,鉱業,1,3,0,0.431,0.5389,0.1305,0.3424,0.7875,0.6145,False,False
外部需求 → 日本,us_ord_comp,鉱業,1,3,3,0.8337,0.8985,0.0338,0.0643,0.2099,0.1275,False,False
外部需求 → 日本,us_ord_comp,鉱業,1,3,6,0.6042,0.665,0.0835,-0.2108,0.5184,-0.433,False,False
外部需求 → 日本,us_ord_comp,鉱業,1,6,0,0.3304,0.1566,0.1528,0.787,0.9733,1.4166,False,False
外部需求 → 日本,us_ord_comp,鉱業,1,6,3,0.5516,0.7789,0.1152,0.199,0.5954,0.2807,False,False
外部需求 → 日本,us_ord_comp,鉱業,1,6,6,0.3907,0.795,0.1369,-0.173,0.8583,-0.2598,False,False
外部需求 → 日本,us_ord_comp,鉱業,3,1,0,0.4209,0.3948,0.0857,0.2188,0.8049,0.851,False,False
外部需求 → 日本,us_ord_comp,鉱業,3,1,3,0.8559,0.5319,0.0207,0.1304,0.1816,0.6252,False,False
外部需求 → 日本,us_ord_comp,鉱業,3,1,6,0.5635,0.7115,0.0691,-0.0758,0.5777,-0.3699,False,False
外部需求 → 日本,us_ord_comp,鉱業,3,3,0,0.6089,0.7093,-0.0924,0.1714,-0.5116,0.3728,False,False
外部需求 → 日本,us_ord_comp,鉱業,3,3,3,0.7193,0.4249,-0.0572,0.3569,-0.3593,0.798,False,False
外部需求 → 日本,us_ord_comp,鉱業,3,3,6,0.322,0.261,0.1997,-0.5423,0.9903,-1.1241,False,False
外部需求 → 日本,us_ord_comp,鉱業,3,6,0,0.4451,0.105,-0.1637,0.8021,-0.7636,1.6212,False,False
外部需求 → 日本,us_ord_comp,鉱業,3,6,3,0.6077,0.9213,0.1402,-0.0752,0.5134,-0.0988,False,False
外部需求 → 日本,us_ord_comp,鉱業,3,6,6,0.4738,0.8117,0.1339,-0.174,0.7163,-0.2382,False,False
外部需求 → 日本,us_ord_comp,鉱業,6,1,0,0.4316,0.2913,0.059,0.1987,0.7864,1.0554,False,False
外部需求 → 日本,us_ord_comp,鉱業,6,1,3,0.5791,0.9597,0.0439,0.0079,0.5547,0.0505,False,False
外部需求 → 日本,us_ord_comp,鉱業,6,1,6,0.3192,0.5202,0.0788,-0.1101,0.9962,-0.643,False,False
外部需求 → 日本,us_ord_comp,鉱業,6,3,0,0.4556,0.3604,-0.0915,0.3421,-0.746,0.9146,False,False
外部需求 → 日本,us_ord_comp,鉱業,6,3,3,0.6195,0.8248,0.0746,-0.1071,0.4965,-0.2214,False,False
外部需求 → 日本,us_ord_comp,鉱業,6,3,6,0.4515,0.7269,0.1009,-0.1506,0.7528,-0.3493,False,False
外部需求 → 日本,us_ord_comp,鉱業,6,6,0,0.9056,0.4198,-0.0267,0.5142,-0.1185,0.8068,False,False
外部需求 → 日本,us_ord_comp,鉱業,6,6,3,0.3695,0.7934,0.18,-0.2195,0.8973,-0.2619,False,False
外部需求 → 日本,us_ord_comp,鉱業,6,6,6,0.1034,0.8399,0.3023,0.096,1.6286,0.2021,False,False
外部需求 → 日本,us_ord_comp,銀行業,1,1,0,0.6899,0.5666,-0.0336,0.165,-0.399,0.5731,False,False
外部需求 → 日本,us_ord_comp,銀行業,1,1,3,0.4923,0.0166,-0.0512,0.5694,-0.6866,2.3954,False,False
外部需求 → 日本,us_ord_comp,銀行業,1,1,6,0.3645,0.5882,0.082,0.1567,0.9069,0.5414,False,False
外部需求 → 日本,us_ord_comp,銀行業,1,3,0,0.6227,0.9143,0.0585,-0.0451,0.492,-0.1076,False,False
外部需求 → 日本,us_ord_comp,銀行業,1,3,3,0.8503,0.0195,-0.0182,0.8438,-0.1888,2.335,False,False
外部需求 → 日本,us_ord_comp,銀行業,1,3,6,0.8673,0.8304,0.0185,-0.0924,0.167,-0.2142,False,False
外部需求 → 日本,us_ord_comp,銀行業,1,6,0,0.6965,0.2344,0.0503,0.5953,0.3901,1.1892,False,False
外部需求 → 日本,us_ord_comp,銀行業,1,6,3,0.991,0.2055,0.0015,0.6074,0.0113,1.266,False,False
外部需求 → 日本,us_ord_comp,銀行業,1,6,6,0.14,0.9978,0.1876,-0.0019,1.4758,-0.0028,False,False
外部需求 → 日本,us_ord_comp,銀行業,3,1,0,0.6119,0.7981,0.0494,0.0407,0.5074,0.2558,False,False
外部需求 → 日本,us_ord_comp,銀行業,3,1,3,0.8237,0.0097,-0.0158,0.3429,-0.2228,2.5878,False,False
外部需求 → 日本,us_ord_comp,銀行業,3,1,6,0.9623,0.9038,0.004,0.0198,0.0472,0.1209,False,False
外部需求 → 日本,us_ord_comp,銀行業,3,3,0,0.2444,0.2469,0.1942,0.3747,1.1642,1.158,False,False
外部需求 → 日本,us_ord_comp,銀行業,3,3,3,0.2442,0.1728,0.1825,0.4827,1.1645,1.3634,False,False
外部需求 → 日本,us_ord_comp,銀行業,3,3,6,0.5114,0.5049,0.1045,-0.2324,0.6566,-0.6668,False,False
外部需求 → 日本,us_ord_comp,銀行業,3,6,0,0.1597,0.1643,0.3856,0.6485,1.4059,1.3906,False,False
外部需求 → 日本,us_ord_comp,銀行業,3,6,3,0.2946,0.8888,0.2886,0.0754,1.0482,0.1399,False,False
外部需求 → 日本,us_ord_comp,銀行業,3,6,6,0.1325,0.876,0.3243,0.0975,1.5044,0.156,False,False
外部需求 → 日本,us_ord_comp,銀行業,6,1,0,0.7895,0.0568,0.017,0.1999,0.2669,1.9045,False,False
外部需求 → 日本,us_ord_comp,銀行業,6,1,3,0.9925,0.0889,-0.0007,0.2339,-0.0094,1.7011,False,False
外部需求 → 日本,us_ord_comp,銀行業,6,1,6,0.0388,0.7756,0.0997,-0.048,2.0662,-0.2851,False,False
外部需求 → 日本,us_ord_comp,銀行業,6,3,0,0.1436,0.0737,0.2135,0.5005,1.4625,1.7883,False,False
外部需求 → 日本,us_ord_comp,銀行業,6,3,3,0.206,0.6433,0.1872,0.1774,1.2647,0.4632,False,False
外部需求 → 日本,us_ord_comp,銀行業,6,3,6,0.0469,0.9093,0.2097,0.0412,1.987,0.1139,False,False
外部需求 → 日本,us_ord_comp,銀行業,6,6,0,0.1085,0.3677,0.407,0.4962,1.6051,0.9009,False,False
外部需求 → 日本,us_ord_comp,銀行業,6,6,3,0.0777,0.8797,0.3926,0.0998,1.7644,0.1514,False,False
外部需求 → 日本,us_ord_comp,銀行業,6,6,6,0.0017,0.5729,0.4645,0.3165,3.1432,0.5638,True,False
外部需求 → 日本,us_ord_comp,電気・ガス業,1,1,0,0.9105,0.8115,0.0149,-0.0581,0.1125,-0.2385,False,False
外部需求 → 日本,us_ord_comp,電気・ガス業,1,1,3,0.8586,0.3462,-0.0267,0.2381,-0.1781,0.9419,False,False
外部需求 → 日本,us_ord_comp,電気・ガス業,1,1,6,0.124,0.7544,-0.206,0.0758,-1.5381,0.3128,False,False
外部需求 → 日本,us_ord_comp,電気・ガス業,1,3,0,0.8406,0.3284,-0.0486,-0.3633,-0.2011,-0.9773,False,False
外部需求 → 日本,us_ord_comp,電気・ガス業,1,3,3,0.4862,0.6777,0.13,0.1626,0.6963,0.4156,False,False
外部需求 → 日本,us_ord_comp,電気・ガス業,1,3,6,0.2327,0.5947,-0.2194,0.2479,-1.1933,0.5321,False,False
外部需求 → 日本,us_ord_comp,電気・ガス業,1,6,0,0.6707,0.9575,0.1184,-0.0248,0.4252,-0.0533,False,False
外部需求 → 日本,us_ord_comp,電気・ガス業,1,6,3,0.8166,0.3379,-0.0536,0.4685,-0.2319,0.9584,False,False
外部需求 → 日本,us_ord_comp,電気・ガス業,1,6,6,0.1266,0.8694,-0.2762,0.0915,-1.5275,0.1644,False,False
外部需求 → 日本,us_ord_comp,電気・ガス業,3,1,0,0.7973,0.5548,0.0374,-0.0805,0.2568,-0.5905,False,False
外部需求 → 日本,us_ord_comp,電気・ガス業,3,1,3,0.4006,0.288,0.1097,0.1482,0.8406,1.0625,False,False
外部需求 → 日本,us_ord_comp,電気・ガス業,3,1,6,0.1673,0.3153,-0.1978,0.146,-1.3808,1.0043,False,False
外部需求 → 日本,us_ord_comp,電気・ガス業,3,3,0,0.9006,0.5247,0.0507,-0.2157,0.1249,-0.636,False,False
外部需求 → 日本,us_ord_comp,電気・ガス業,3,3,3,0.4239,0.4592,0.1879,0.2734,0.7997,0.7401,False,False
外部需求 → 日本,us_ord_comp,電気・ガス業,3,3,6,0.2623,0.9639,-0.2938,0.0165,-1.1209,0.0453,False,False
外部需求 → 日本,us_ord_comp,電気・ガス業,3,6,0,0.556,0.6723,0.2684,0.1803,0.5888,0.423,False,False
外部需求 → 日本,us_ord_comp,電気・ガス業,3,6,3,0.8131,0.4891,-0.09,0.3244,-0.2364,0.6918,False,False
外部需求 → 日本,us_ord_comp,電気・ガス業,3,6,6,0.2265,0.7692,-0.331,0.1582,-1.2095,0.2934,False,False
外部需求 → 日本,us_ord_comp,電気・ガス業,6,1,0,0.4254,0.8042,0.0834,0.0229,0.7972,0.2479,False,False
外部需求 → 日本,us_ord_comp,電気・ガス業,6,1,3,0.7389,0.1366,-0.043,0.1677,-0.3333,1.4886,False,False
外部需求 → 日本,us_ord_comp,電気・ガス業,6,1,6,0.0975,0.6092,-0.142,0.0535,-1.6571,0.5112,False,False
外部需求 → 日本,us_ord_comp,電気・ガス業,6,3,0,0.6853,0.9083,0.1153,0.0317,0.4052,0.1152,False,False
外部需求 → 日本,us_ord_comp,電気・ガス業,6,3,3,0.7941,0.5613,-0.0602,0.1838,-0.261,0.5809,False,False
外部需求 → 日本,us_ord_comp,電気・ガス業,6,3,6,0.2719,0.7014,-0.1849,0.1014,-1.0987,0.3834,False,False
外部需求 → 日本,us_ord_comp,電気・ガス業,6,6,0,0.8538,0.4542,0.081,0.3307,0.1843,0.7484,False,False
外部需求 → 日本,us_ord_comp,電気・ガス業,6,6,3,0.505,0.5626,-0.2274,0.3045,-0.6666,0.579,False,False
外部需求 → 日本,us_ord_comp,電気・ガス業,6,6,6,0.6214,0.7859,-0.1275,0.1551,-0.4939,0.2717,False,False
外部需求 → 日本,us_ord_comp,電気機器,1,1,0,0.7481,0.8848,-0.0179,-0.0351,-0.3211,-0.1449,False,False
外部需求 → 日本,us_ord_comp,電気機器,1,1,3,0.5997,0.5261,-0.0265,-0.1391,-0.5249,-0.6339,False,False
外部需求 → 日本,us_ord_comp,電気機器,1,1,6,0.7976,0.5614,0.0118,-0.1123,0.2565,-0.5808,False,False
外部需求 → 日本,us_ord_comp,電気機器,1,3,0,0.4342,0.2662,-0.0767,0.2961,-0.782,1.1118,False,False
外部需求 → 日本,us_ord_comp,電気機器,1,3,3,0.9677,0.2487,0.0029,-0.2603,0.0405,-1.1536,False,False
外部需求 → 日本,us_ord_comp,電気機器,1,3,6,0.5064,0.9978,0.0607,0.0007,0.6645,0.0027,False,False
外部需求 → 日本,us_ord_comp,電気機器,1,6,0,0.4707,0.9423,-0.0698,-0.0237,-0.7214,-0.0723,False,False
外部需求 → 日本,us_ord_comp,電気機器,1,6,3,0.5824,0.3,0.0567,-0.3165,0.5498,-1.0364,False,False
外部需求 → 日本,us_ord_comp,電気機器,1,6,6,0.4383,0.7758,-0.0578,0.1098,-0.7751,0.2848,False,False
外部需求 → 日本,us_ord_comp,電気機器,3,1,0,0.3315,0.4978,-0.0707,0.0967,-0.9712,0.678,False,False
外部需求 → 日本,us_ord_comp,電気機器,3,1,3,0.9429,0.4319,0.0036,-0.0941,0.0717,-0.7859,False,False
外部需求 → 日本,us_ord_comp,電気機器,3,1,6,0.3094,0.6087,0.0584,-0.0593,1.0165,-0.5119,False,False
外部需求 → 日本,us_ord_comp,電気機器,3,3,0,0.1524,0.4671,-0.2014,0.1868,-1.431,0.7273,False,False
外部需求 → 日本,us_ord_comp,電気機器,3,3,3,0.6637,0.4955,0.0596,-0.1355,0.4348,-0.6816,False,False
外部需求 → 日本,us_ord_comp,電気機器,3,3,6,0.5473,0.7728,-0.056,0.0749,-0.6018,0.2887,False,False
外部需求 → 日本,us_ord_comp,電気機器,3,6,0,0.4137,0.934,-0.1539,0.0216,-0.8173,0.0828,False,False
外部需求 → 日本,us_ord_comp,電気機器,3,6,3,0.9731,0.8487,0.0064,-0.0524,0.0337,-0.1908,False,False
外部需求 → 日本,us_ord_comp,電気機器,3,6,6,0.4085,0.5749,-0.0968,-0.1655,-0.8265,-0.5608,False,False
外部需求 → 日本,us_ord_comp,電気機器,6,1,0,0.3029,0.9472,-0.0462,0.0069,-1.0302,0.0662,False,False
外部需求 → 日本,us_ord_comp,電気機器,6,1,3,0.4469,0.2814,0.0381,-0.1002,0.7605,-1.0771,False,False
外部需求 → 日本,us_ord_comp,電気機器,6,1,6,0.4118,0.9231,-0.0273,0.0089,-0.8207,0.0965,False,False
外部需求 → 日本,us_ord_comp,電気機器,6,3,0,0.344,0.765,-0.0979,0.0522,-0.9464,0.2989,False,False
外部需求 → 日本,us_ord_comp,電気機器,6,3,3,0.9642,0.8008,-0.005,-0.0501,-0.0448,-0.2523,False,False
外部需求 → 日本,us_ord_comp,電気機器,6,3,6,0.3315,0.5173,-0.0608,-0.1075,-0.9711,-0.6476,False,False
外部需求 → 日本,us_ord_comp,電気機器,6,6,0,0.5845,0.9562,-0.1085,-0.0163,-0.5468,-0.0549,False,False
外部需求 → 日本,us_ord_comp,電気機器,6,6,3,0.6652,0.601,-0.067,-0.1459,-0.4327,-0.523,False,False
外部需求 → 日本,us_ord_comp,電気機器,6,6,6,0.1129,0.5869,-0.1647,-0.1912,-1.5852,-0.5433,False,False
外部需求 → 日本,us_ord_comp,非鉄金属,1,1,0,0.2973,0.1115,0.0906,0.4533,1.0423,1.5913,False,False
外部需求 → 日本,us_ord_comp,非鉄金属,1,1,3,0.4836,0.5078,0.0555,0.2007,0.7005,0.6622,False,False
外部需求 → 日本,us_ord_comp,非鉄金属,1,1,6,0.986,0.3635,0.0014,0.2679,0.0175,0.9088,False,False
外部需求 → 日本,us_ord_comp,非鉄金属,1,3,0,0.9858,0.3308,0.0025,0.5096,0.0178,0.9726,False,False
外部需求 → 日本,us_ord_comp,非鉄金属,1,3,3,0.7734,0.7791,0.0275,0.1281,0.288,0.2805,False,False
外部需求 → 日本,us_ord_comp,非鉄金属,1,3,6,0.3693,0.8364,0.1181,-0.091,0.8977,-0.2064,False,False
外部需求 → 日本,us_ord_comp,非鉄金属,1,6,0,0.9655,0.1837,0.0067,0.7632,0.0433,1.3295,False,False
外部需求 → 日本,us_ord_comp,非鉄金属,1,6,3,0.4363,0.6696,0.1132,0.2601,0.7784,0.4267,False,False
外部需求 → 日本,us_ord_comp,非鉄金属,1,6,6,0.789,0.6125,-0.0295,-0.2532,-0.2676,-0.5065,False,False
外部需求 → 日本,us_ord_comp,非鉄金属,3,1,0,0.7782,0.3735,-0.0272,0.1529,-0.2817,0.8899,False,False
外部需求 → 日本,us_ord_comp,非鉄金属,3,1,3,0.8304,0.5624,0.0167,0.0887,0.2142,0.5793,False,False
外部需求 → 日本,us_ord_comp,非鉄金属,3,1,6,0.1898,0.8969,0.1108,0.0215,1.3112,0.1296,False,False
外部需求 → 日本,us_ord_comp,非鉄金属,3,3,0,0.3987,0.2907,-0.1749,0.3724,-0.844,1.0566,False,False
外部需求 → 日本,us_ord_comp,非鉄金属,3,3,3,0.7763,0.5195,-0.0416,0.234,-0.2841,0.6441,False,False
外部需求 → 日本,us_ord_comp,非鉄金属,3,3,6,0.5611,0.6246,0.0788,-0.1296,0.5812,-0.4894,False,False
外部需求 → 日本,us_ord_comp,非鉄金属,3,6,0,0.3495,0.0801,-0.2377,0.8604,-0.9355,1.7502,False,False
外部需求 → 日本,us_ord_comp,非鉄金属,3,6,3,0.9047,0.5417,0.026,0.3424,0.1197,0.6102,False,False
外部需求 → 日本,us_ord_comp,非鉄金属,3,6,6,0.3903,0.2528,-0.1444,-0.417,-0.8591,-1.1437,False,False
外部需求 → 日本,us_ord_comp,非鉄金属,6,1,0,0.9618,0.2473,-0.0036,0.1429,-0.0479,1.1569,False,False
外部需求 → 日本,us_ord_comp,非鉄金属,6,1,3,0.4033,0.6741,0.0625,0.0523,0.8357,0.4206,False,False
外部需求 → 日本,us_ord_comp,非鉄金属,6,1,6,0.8371,0.5496,-0.0103,-0.067,-0.2056,-0.5984,False,False
外部需求 → 日本,us_ord_comp,非鉄金属,6,3,0,0.3742,0.2233,-0.1301,0.3894,-0.8886,1.2177,False,False
外部需求 → 日本,us_ord_comp,非鉄金属,6,3,3,0.935,0.7739,0.0104,0.0816,0.0815,0.2872,False,False
外部需求 → 日本,us_ord_comp,非鉄金属,6,3,6,0.4583,0.3094,-0.0792,-0.25,-0.7417,-1.0164,False,False
外部需求 → 日本,us_ord_comp,非鉄金属,6,6,0,0.5568,0.1618,-0.1378,0.8049,-0.5876,1.3991,False,False
外部需求 → 日本,us_ord_comp,非鉄金属,6,6,3,0.589,0.8914,-0.09,-0.0632,-0.5403,-0.1365,False,False
外部需求 → 日本,us_ord_comp,非鉄金属,6,6,6,0.0682,0.2068,-0.3317,-0.4196,-1.8235,-1.2624,False,False
外部需求 → 日本,us_ord_comp,食料品,1,1,0,0.6004,0.7618,-0.0403,0.0577,-0.5239,0.3031,False,False
外部需求 → 日本,us_ord_comp,食料品,1,1,3,0.3914,0.1722,0.0646,0.2587,0.857,1.3651,False,False
外部需求 → 日本,us_ord_comp,食料品,1,1,6,0.1569,0.6135,-0.1045,0.0951,-1.4155,0.505,False,False
外部需求 → 日本,us_ord_comp,食料品,1,3,0,0.6541,0.112,0.0573,-0.3417,0.448,-1.5892,False,False
外部需求 → 日本,us_ord_comp,食料品,1,3,3,0.2722,0.9024,0.1091,0.039,1.0981,0.1226,False,False
外部需求 → 日本,us_ord_comp,食料品,1,3,6,0.6825,0.8339,-0.0507,0.0523,-0.409,0.2097,False,False
外部需求 → 日本,us_ord_comp,食料品,1,6,0,0.169,0.204,0.2044,-0.3841,1.3755,-1.2702,False,False
外部需求 → 日本,us_ord_comp,食料品,1,6,3,0.5315,0.8989,0.0863,0.0488,0.6257,0.1271,False,False
外部需求 → 日本,us_ord_comp,食料品,1,6,6,0.9725,0.9826,0.0039,0.0051,0.0344,0.0219,False,False
外部需求 → 日本,us_ord_comp,食料品,3,1,0,0.3669,0.2065,0.0743,-0.1096,0.9022,-1.2632,False,False
外部需求 → 日本,us_ord_comp,食料品,3,1,3,0.1132,0.8658,0.1046,0.0208,1.584,0.169,False,False
外部需求 → 日本,us_ord_comp,食料品,3,1,6,0.4973,0.5889,-0.0502,0.0549,-0.6787,0.5405,False,False
外部需求 → 日本,us_ord_comp,食料品,3,3,0,0.0939,0.115,0.3426,-0.2691,1.6754,-1.5761,False,False
外部需求 → 日本,us_ord_comp,食料品,3,3,3,0.4601,0.4642,0.1082,-0.1921,0.7386,-0.732,False,False
外部需求 → 日本,us_ord_comp,食料品,3,3,6,0.5083,0.8884,0.0976,0.0378,0.6616,0.1403,False,False
外部需求 → 日本,us_ord_comp,食料品,3,6,0,0.0884,0.0683,0.4756,-0.5425,1.7039,-1.8229,False,False
外部需求 → 日本,us_ord_comp,食料品,3,6,3,0.3448,0.3818,0.2059,-0.1915,0.9447,-0.8746,False,False
外部需求 → 日本,us_ord_comp,食料品,3,6,6,0.3652,0.5013,0.1467,0.1416,0.9055,0.6725,False,False
外部需求 → 日本,us_ord_comp,食料品,6,1,0,0.0704,0.319,0.1061,-0.0589,1.8094,-0.9965,False,False
外部需求 → 日本,us_ord_comp,食料品,6,1,3,0.5778,0.645,0.0358,0.0413,0.5566,0.4608,False,False
外部需求 → 日本,us_ord_comp,食料品,6,1,6,0.8888,0.8936,-0.0074,0.0121,-0.1398,0.1337,False,False
外部需求 → 日本,us_ord_comp,食料品,6,3,0,0.0532,0.1005,0.2798,-0.2909,1.9336,-1.6425,False,False
外部需求 → 日本,us_ord_comp,食料品,6,3,3,0.3717,0.4622,0.1219,-0.1094,0.8934,-0.7353,False,False
外部需求 → 日本,us_ord_comp,食料品,6,3,6,0.3594,0.5184,0.0887,0.105,0.9164,0.6459,False,False
外部需求 → 日本,us_ord_comp,食料品,6,6,0,0.0808,0.0675,0.4155,-0.5038,1.7462,-1.8283,False,False
外部需求 → 日本,us_ord_comp,食料品,6,6,3,0.2155,0.8703,0.2217,-0.0276,1.2387,-0.1632,False,False
外部需求 → 日本,us_ord_comp,食料品,6,6,6,0.2174,0.0774,0.1886,0.456,1.2336,1.7659,False,False
外部需求 → 日本,us_power,T1,1,1,0,0.8245,0.1947,-0.076,-0.2402,-0.2218,-1.2967,False,False
外部需求 → 日本,us_power,T1,1,1,3,0.8275,0.4793,-0.0851,0.1132,-0.2179,0.7074,False,False
外部需求 → 日本,us_power,T1,1,1,6,0.4906,0.9487,0.2383,-0.0117,0.6894,-0.0643,False,False
外部需求 → 日本,us_power,T1,1,3,0,0.0925,0.2387,-0.9758,-0.258,-1.6825,-1.1783,False,False
外部需求 → 日本,us_power,T1,1,3,3,0.6009,0.3974,0.2819,0.174,0.523,0.8463,False,False
外部需求 → 日本,us_power,T1,1,3,6,0.7778,0.9178,0.1602,0.0286,0.2822,0.1033,False,False
外部需求 → 日本,us_power,T1,1,6,0,0.3547,0.8262,-0.6479,-0.0538,-0.9256,-0.2196,False,False
外部需求 → 日本,us_power,T1,1,6,3,0.5041,0.4562,0.4458,0.2115,0.668,0.7451,False,False
外部需求 → 日本,us_power,T1,1,6,6,0.6623,0.516,0.2345,0.1699,0.4368,0.6496,False,False
外部需求 → 日本,us_power,T1,3,1,0,0.2004,0.0662,-0.2823,-0.2391,-1.2805,-1.8368,False,False
外部需求 → 日本,us_power,T1,3,1,3,0.3702,0.5175,0.1878,0.0853,0.896,0.6471,False,False
外部需求 → 日本,us_power,T1,3,1,6,0.8081,0.6852,0.056,0.0659,0.2428,0.4054,False,False
外部需求 → 日本,us_power,T1,3,3,0,0.0402,0.682,-0.811,-0.1228,-2.0522,-0.4098,False,False
外部需求 → 日本,us_power,T1,3,3,3,0.1763,0.5617,0.6709,0.1727,1.3523,0.5803,False,False
外部需求 → 日本,us_power,T1,3,3,6,0.5443,0.6188,0.273,0.1445,0.6064,0.4975,False,False
外部需求 → 日本,us_power,T1,3,6,0,0.7907,0.8166,-0.1636,0.0954,-0.2654,0.2319,False,False
外部需求 → 日本,us_power,T1,3,6,3,0.104,0.3169,0.974,0.3576,1.6257,1.0009,False,False
外部需求 → 日本,us_power,T1,3,6,6,0.8324,0.1643,0.1341,0.4597,0.2116,1.3907,False,False
外部需求 → 日本,us_power,T1,6,1,0,0.553,0.3307,-0.0932,-0.1295,-0.5933,-0.9727,False,False
外部需求 → 日本,us_power,T1,6,1,3,0.4134,0.2786,0.1747,0.1413,0.818,1.0835,False,False
外部需求 → 日本,us_power,T1,6,1,6,0.53,0.1718,0.1008,0.1726,0.628,1.3665,False,False
外部需求 → 日本,us_power,T1,6,3,0,0.887,0.9213,-0.062,0.031,-0.1421,0.0989,False,False
外部需求 → 日本,us_power,T1,6,3,3,0.1174,0.3465,0.6947,0.3017,1.5657,0.9415,False,False
外部需求 → 日本,us_power,T1,6,3,6,0.6867,0.1861,0.2079,0.3959,0.4033,1.3223,False,False
外部需求 → 日本,us_power,T1,6,6,0,0.3741,0.4536,0.6378,0.4122,0.8888,0.7495,False,False
外部需求 → 日本,us_power,T1,6,6,3,0.0941,0.1109,0.8671,0.7312,1.6742,1.5941,False,False
外部需求 → 日本,us_power,T1,6,6,6,0.8803,0.1073,-0.1326,0.366,-0.1506,1.6106,False,False
外部需求 → 日本,us_power,T10,1,1,0,0.343,0.8892,0.1972,-0.0282,0.9482,-0.1394,False,False
外部需求 → 日本,us_power,T10,1,1,3,0.1632,0.9747,-0.2904,0.0067,-1.3944,0.0317,False,False
外部需求 → 日本,us_power,T10,1,1,6,0.6803,0.4197,-0.0797,-0.1557,-0.4121,-0.807,False,False
外部需求 → 日本,us_power,T10,1,3,0,0.1397,0.9082,0.5108,-0.0308,1.4768,-0.1153,False,False
外部需求 → 日本,us_power,T10,1,3,3,0.9438,0.9976,-0.0223,0.0007,-0.0706,0.003,False,False
外部需求 → 日本,us_power,T10,1,3,6,0.6341,0.2609,-0.1377,-0.3282,-0.476,-1.1244,False,False
外部需求 → 日本,us_power,T10,1,6,0,0.3351,0.9213,0.4582,-0.0268,0.964,-0.0988,False,False
外部需求 → 日本,us_power,T10,1,6,3,0.5731,0.2613,-0.2332,-0.3108,-0.5635,-1.1233,False,False
外部需求 → 日本,us_power,T10,1,6,6,0.5881,0.3109,-0.231,-0.3001,-0.5415,-1.0133,False,False
外部需求 → 日本,us_power,T10,3,1,0,0.1258,0.8691,0.2174,-0.03,1.5311,-0.1648,False,False
外部需求 → 日本,us_power,T10,3,1,3,0.5638,0.8986,-0.0827,0.0231,-0.5771,0.1274,False,False
外部需求 → 日本,us_power,T10,3,1,6,0.5336,0.1597,-0.0857,-0.2347,-0.6225,-1.4061,False,False
外部需求 → 日本,us_power,T10,3,3,0,0.5969,0.5429,0.1681,0.2269,0.5288,0.6084,False,False
外部需求 → 日本,us_power,T10,3,3,3,0.9713,0.5513,0.0112,-0.1498,0.036,-0.5958,False,False
外部需求 → 日本,us_power,T10,3,3,6,0.8597,0.0858,-0.0533,-0.5581,-0.1768,-1.7179,False,False
外部需求 → 日本,us_power,T10,3,6,0,0.6959,0.8652,0.1832,-0.0539,0.3909,-0.1697,False,False
外部需求 → 日本,us_power,T10,3,6,3,0.8759,0.0269,-0.0752,-0.6665,-0.1561,-2.213,False,False
外部需求 → 日本,us_power,T10,3,6,6,0.7167,0.0247,-0.1701,-0.7617,-0.3628,-2.2456,False,False
外部需求 → 日本,us_power,T10,6,1,0,0.4981,0.9876,0.0927,0.0026,0.6775,0.0156,False,False
外部需求 → 日本,us_power,T10,6,1,3,0.2489,0.2067,-0.1362,-0.1949,-1.153,-1.2626,False,False
外部需求 → 日本,us_power,T10,6,1,6,0.4529,0.0861,-0.1023,-0.2975,-0.7505,-1.7161,False,False
外部需求 → 日本,us_power,T10,6,3,0,0.8286,0.7162,0.0662,0.101,0.2165,0.3636,False,False
外部需求 → 日本,us_power,T10,6,3,3,0.8944,0.0015,-0.0373,-0.6687,-0.1328,-3.1725,False,False
外部需求 → 日本,us_power,T10,6,3,6,0.6602,0.0095,-0.134,-0.7422,-0.4396,-2.5942,False,False
外部需求 → 日本,us_power,T10,6,6,0,0.9898,0.0623,0.0064,-0.6526,0.0128,-1.864,False,False
外部需求 → 日本,us_power,T10,6,6,3,0.6772,0.0,-0.2102,-1.3711,-0.4163,-4.2294,False,False
外部需求 → 日本,us_power,T10,6,6,6,0.7368,0.6655,-0.189,-0.2163,-0.3362,-0.4323,False,False
外部需求 → 日本,us_power,T11,1,1,0,0.7014,0.6247,-0.0964,0.0771,-0.3835,0.4891,False,False
外部需求 → 日本,us_power,T11,1,1,3,0.1102,0.9788,-0.37,0.0055,-1.5972,0.0266,False,False
外部需求 → 日本,us_power,T11,1,1,6,0.1201,0.1648,-0.3861,-0.2701,-1.5542,-1.3891,False,False
外部需求 → 日本,us_power,T11,1,3,0,0.2429,0.8817,0.4263,-0.0383,1.1678,-0.1488,False,False
外部需求 → 日本,us_power,T11,1,3,3,0.9524,0.4477,-0.0214,0.2252,-0.0597,0.7593,False,False
外部需求 → 日本,us_power,T11,1,3,6,0.679,0.4308,-0.1541,-0.2375,-0.4138,-0.7877,False,False
外部需求 → 日本,us_power,T11,1,6,0,0.3863,0.5178,0.4125,0.2205,0.8664,0.6468,False,False
外部需求 → 日本,us_power,T11,1,6,3,0.7351,0.6911,-0.1484,-0.1072,-0.3384,-0.3974,False,False
外部需求 → 日本,us_power,T11,1,6,6,0.5852,0.2869,-0.2481,-0.2268,-0.5458,-1.065,False,False
外部需求 → 日本,us_power,T11,3,1,0,0.2241,0.8413,0.1854,0.0309,1.2157,0.2002,False,False
外部需求 → 日本,us_power,T11,3,1,3,0.8863,0.4383,-0.0208,0.1597,-0.1429,0.7751,False,False
外部需求 → 日本,us_power,T11,3,1,6,0.7272,0.2497,-0.0595,-0.1801,-0.3489,-1.151,False,False
外部需求 → 日本,us_power,T11,3,3,0,0.4225,0.9537,0.2306,-0.0205,0.8021,-0.0581,False,False
外部需求 → 日本,us_power,T11,3,3,3,0.7308,0.3914,-0.11,0.2513,-0.3441,0.8571,False,False
外部需求 → 日本,us_power,T11,3,3,6,0.8541,0.3368,0.0595,-0.2661,0.1839,-0.9605,False,False
外部需求 → 日本,us_power,T11,3,6,0,0.7698,0.6613,0.1322,0.197,0.2927,0.4381,False,False
外部需求 → 日本,us_power,T11,3,6,3,0.8912,0.4946,-0.0675,-0.2148,-0.1368,-0.6831,False,False
外部需求 → 日本,us_power,T11,3,6,6,0.9354,0.173,-0.0349,-0.5791,-0.081,-1.3625,False,False
外部需求 → 日本,us_power,T11,6,1,0,0.3765,0.3485,0.1216,0.1957,0.8844,0.9376,False,False
外部需求 → 日本,us_power,T11,6,1,3,0.5466,0.9466,-0.0841,0.0102,-0.6028,0.067,False,False
外部需求 → 日本,us_power,T11,6,1,6,0.481,0.1644,-0.0943,-0.258,-0.7047,-1.3905,False,False
外部需求 → 日本,us_power,T11,6,3,0,0.82,0.5417,0.0663,0.258,0.2276,0.6103,False,False
外部需求 → 日本,us_power,T11,6,3,3,0.8862,0.9879,-0.0462,-0.0044,-0.1431,-0.0152,False,False
外部需求 → 日本,us_power,T11,6,3,6,0.9291,0.1739,-0.0236,-0.6173,-0.089,-1.3598,False,False
外部需求 → 日本,us_power,T11,6,6,0,0.9765,0.9422,0.0159,0.032,0.0295,0.0726,False,False
外部需求 → 日本,us_power,T11,6,6,3,0.8854,0.1526,-0.072,-0.7555,-0.1441,-1.4304,False,False
外部需求 → 日本,us_power,T11,6,6,6,0.5237,0.8629,-0.3327,0.0448,-0.6377,0.1727,False,False
外部需求 → 日本,us_power,T13,1,1,0,0.1039,0.8935,0.3835,0.0314,1.6263,0.1338,False,False
外部需求 → 日本,us_power,T13,1,1,3,0.5398,0.9831,-0.1463,0.005,-0.6132,0.0212,False,False
外部需求 → 日本,us_power,T13,1,1,6,0.4071,0.139,-0.1995,-0.3425,-0.829,-1.4795,False,False
外部需求 → 日本,us_power,T13,1,3,0,0.2372,0.3091,0.505,0.3465,1.1821,1.0172,False,False
外部需求 → 日本,us_power,T13,1,3,3,0.5044,0.801,-0.2588,0.0838,-0.6676,0.252,False,False
外部需求 → 日本,us_power,T13,1,3,6,0.4312,0.6771,-0.3546,-0.1362,-0.7871,-0.4164,False,False
外部需求 → 日本,us_power,T13,1,6,0,0.5736,0.2685,0.2806,0.4007,0.5627,1.1064,False,False
外部需求 → 日本,us_power,T13,1,6,3,0.1881,0.8945,-0.596,0.0464,-1.3163,0.1327,False,False
外部需求 → 日本,us_power,T13,1,6,6,0.144,0.6615,-0.6163,-0.1641,-1.4612,-0.4378,False,False
外部需求 → 日本,us_power,T13,3,1,0,0.2021,0.2355,0.2204,0.2311,1.2757,1.1864,False,False
外部需求 → 日本,us_power,T13,3,1,3,0.4106,0.8202,-0.1294,0.043,-0.8228,0.2273,False,False
外部需求 → 日本,us_power,T13,3,1,6,0.3233,0.6427,-0.1768,-0.0696,-0.9877,-0.4639,False,False
外部需求 → 日本,us_power,T13,3,3,0,0.8149,0.0437,0.07,0.6398,0.2341,2.0173,False,False
外部需求 → 日本,us_power,T13,3,3,3,0.1834,0.9763,-0.3559,-0.0109,-1.3303,-0.0297,False,False
外部需求 → 日本,us_power,T13,3,3,6,0.4164,0.3689,-0.3338,-0.2877,-0.8127,-0.8985,False,False
外部需求 → 日本,us_power,T13,3,6,0,0.4962,0.157,-0.281,0.6066,-0.6806,1.4153,False,False
外部需求 → 日本,us_power,T13,3,6,3,0.1549,0.8051,-0.6893,-0.098,-1.4226,-0.2467,False,False
外部需求 → 日本,us_power,T13,3,6,6,0.6483,0.5847,-0.2,-0.2875,-0.4561,-0.5465,False,False
外部需求 → 日本,us_power,T13,6,1,0,0.4576,0.1479,0.102,0.2633,0.7429,1.4471,False,False
外部需求 → 日本,us_power,T13,6,1,3,0.1907,0.7885,-0.1964,-0.0561,-1.3085,-0.2683,False,False
外部需求 → 日本,us_power,T13,6,1,6,0.1901,0.4537,-0.1929,-0.1381,-1.3104,-0.7493,False,False
外部需求 → 日本,us_power,T13,6,3,0,0.6621,0.0964,-0.1224,0.5415,-0.437,1.6625,False,False
外部需求 → 日本,us_power,T13,6,3,3,0.163,0.3619,-0.4616,-0.3397,-1.3952,-0.9117,False,False
外部需求 → 日本,us_power,T13,6,3,6,0.7687,0.5967,-0.0769,-0.2719,-0.294,-0.5292,False,False
外部需求 → 日本,us_power,T13,6,6,0,0.0706,0.4748,-0.5881,0.3684,-1.808,0.7147,False,False
外部需求 → 日本,us_power,T13,6,6,3,0.2574,0.4493,-0.552,-0.4886,-1.1326,-0.7565,False,False
外部需求 → 日本,us_power,T13,6,6,6,0.5957,0.9407,0.2442,0.0571,0.5306,0.0744,False,False
外部需求 → 日本,us_power,T2,1,1,0,0.7153,0.4432,-0.0785,-0.1121,-0.3647,-0.7668,False,False
外部需求 → 日本,us_power,T2,1,1,3,0.8772,0.1725,0.037,0.1758,0.1545,1.3643,False,False
外部需求 → 日本,us_power,T2,1,1,6,0.4357,0.9106,-0.1968,0.0193,-0.7794,0.1122,False,False
外部需求 → 日本,us_power,T2,1,3,0,0.6568,0.4545,-0.1905,-0.1632,-0.4443,-0.748,False,False
外部需求 → 日本,us_power,T2,1,3,3,0.2724,0.8209,-0.4217,0.0511,-1.0975,0.2264,False,False
外部需求 → 日本,us_power,T2,1,3,6,0.7399,0.641,0.1405,-0.1339,0.332,-0.4663,False,False
外部需求 → 日本,us_power,T2,1,6,0,0.2095,0.6413,-0.5978,-0.1117,-1.255,-0.4659,False,False
外部需求 → 日本,us_power,T2,1,6,3,0.5635,0.8891,-0.3063,-0.0398,-0.5776,-0.1395,False,False
外部需求 → 日本,us_power,T2,1,6,6,0.2765,0.51,0.4407,0.1986,1.0883,0.6588,False,False
外部需求 → 日本,us_power,T2,3,1,0,0.8596,0.5826,-0.0279,-0.0794,-0.1769,-0.5495,False,False
外部需求 → 日本,us_power,T2,3,1,3,0.2878,0.855,-0.1596,0.0263,-1.063,0.1827,False,False
外部需求 → 日本,us_power,T2,3,1,6,0.626,0.551,0.0802,-0.0997,0.4874,-0.5963,False,False
外部需求 → 日本,us_power,T2,3,3,0,0.7216,0.4934,-0.1238,-0.1686,-0.3563,-0.6848,False,False
外部需求 → 日本,us_power,T2,3,3,3,0.078,0.6217,-0.6998,0.1339,-1.7622,0.4934,False,False
外部需求 → 日本,us_power,T2,3,3,6,0.2527,0.6503,0.3836,-0.1524,1.1437,-0.4534,False,False
外部需求 → 日本,us_power,T2,3,6,0,0.0347,0.8974,-0.809,-0.0343,-2.1115,-0.1289,False,False
外部需求 → 日本,us_power,T2,3,6,3,0.5538,0.8243,-0.3089,0.0798,-0.592,0.222,False,False
外部需求 → 日本,us_power,T2,3,6,6,0.2461,0.3825,0.5923,0.3719,1.1599,0.8733,False,False
外部需求 → 日本,us_power,T2,6,1,0,0.2848,0.5961,-0.1212,-0.0759,-1.0697,-0.53,False,False
外部需求 → 日本,us_power,T2,6,1,3,0.7259,0.4946,-0.0571,-0.0868,-0.3506,-0.6829,False,False
外部需求 → 日本,us_power,T2,6,1,6,0.1408,0.2073,0.1766,0.1882,1.4729,1.2611,False,False
外部需求 → 日本,us_power,T2,6,3,0,0.0317,0.6776,-0.5862,-0.0998,-2.1482,-0.4157,False,False
外部需求 → 日本,us_power,T2,6,3,3,0.4713,0.782,-0.2514,-0.0697,-0.7203,-0.2767,False,False
外部需求 → 日本,us_power,T2,6,3,6,0.2018,0.3265,0.489,0.3385,1.2763,0.9812,False,False
外部需求 → 日本,us_power,T2,6,6,0,0.0831,0.8057,-0.8207,-0.0826,-1.7328,-0.246,False,False
外部需求 → 日本,us_power,T2,6,6,3,0.5277,0.5258,0.2382,0.3182,0.6316,0.6344,False,False
外部需求 → 日本,us_power,T2,6,6,6,0.3371,0.2393,0.6429,0.4462,0.9599,1.1767,False,False
外部需求 → 日本,us_power,T3,1,1,0,0.2475,0.5489,-0.1947,-0.1428,-1.1564,-0.5994,False,False
外部需求 → 日本,us_power,T3,1,1,3,0.8966,0.6514,-0.0231,-0.0855,-0.1299,-0.4519,False,False
外部需求 → 日本,us_power,T3,1,1,6,0.0776,0.6904,-0.3337,-0.0876,-1.7647,-0.3983,False,False
外部需求 → 日本,us_power,T3,1,3,0,0.9049,0.7223,0.0348,0.1224,0.1195,0.3554,False,False
外部需求 → 日本,us_power,T3,1,3,3,0.1211,0.9056,0.4277,0.0403,1.5502,0.1186,False,False
外部需求 → 日本,us_power,T3,1,3,6,0.413,0.8267,-0.2376,-0.0753,-0.8186,-0.219,False,False
外部需求 → 日本,us_power,T3,1,6,0,0.1323,0.5709,0.4832,0.1985,1.505,0.5667,False,False
外部需求 → 日本,us_power,T3,1,6,3,0.5615,0.7778,0.1841,0.1177,0.5806,0.2822,False,False
外部需求 → 日本,us_power,T3,1,6,6,0.3586,0.5466,-0.3107,-0.224,-0.9181,-0.6029,False,False
外部需求 → 日本,us_power,T3,3,1,0,0.8823,0.5991,0.0171,0.1276,0.1481,0.5257,False,False
外部需求 → 日本,us_power,T3,3,1,3,0.1529,0.7303,0.1852,0.0699,1.4293,0.3447,False,False
外部需求 → 日本,us_power,T3,3,1,6,0.3086,0.7424,-0.1223,0.0586,-1.0182,0.3287,False,False
外部需求 → 日本,us_power,T3,3,3,0,0.4972,0.3413,0.1815,0.4212,0.6789,0.9517,False,False
外部需求 → 日本,us_power,T3,3,3,3,0.5018,0.5142,0.2055,0.3066,0.6717,0.6524,False,False
外部需求 → 日本,us_power,T3,3,3,6,0.9366,0.1562,-0.0249,-0.5872,-0.0796,-1.418,False,False
外部需求 → 日本,us_power,T3,3,6,0,0.2826,0.2186,0.383,0.6107,1.0744,1.2303,False,False
外部需求 → 日本,us_power,T3,3,6,3,0.5181,0.7998,0.2107,-0.126,0.6462,-0.2536,False,False
外部需求 → 日本,us_power,T3,3,6,6,0.5353,0.9821,-0.2015,-0.0107,-0.62,-0.0224,False,False
外部需求 → 日本,us_power,T3,6,1,0,0.3031,0.2498,0.1087,0.218,1.0297,1.1508,False,False
外部需求 → 日本,us_power,T3,6,1,3,0.7399,0.4078,0.0312,0.1269,0.332,0.8278,False,False
外部需求 → 日本,us_power,T3,6,1,6,0.1707,0.3946,-0.1377,-0.1543,-1.3701,-0.8513,False,False
外部需求 → 日本,us_power,T3,6,3,0,0.3698,0.0462,0.2166,0.7185,0.8968,1.9935,False,False
外部需求 → 日本,us_power,T3,6,3,3,0.6236,0.4948,0.1146,-0.2695,0.4908,-0.6827,False,False
外部需求 → 日本,us_power,T3,6,3,6,0.5251,0.8763,-0.1665,-0.0636,-0.6356,-0.1557,False,False
外部需求 → 日本,us_power,T3,6,6,0,0.3023,0.4375,0.3514,0.477,1.0316,0.7763,False,False
外部需求 → 日本,us_power,T3,6,6,3,0.8981,0.6903,-0.0354,-0.2339,-0.1281,-0.3984,False,False
外部需求 → 日本,us_power,T3,6,6,6,0.2991,0.0868,-0.3765,1.2582,-1.0384,1.7128,False,False
外部需求 → 日本,us_power,T4,1,1,0,0.9456,0.9308,0.0147,-0.0097,0.0682,-0.0868,False,False
外部需求 → 日本,us_power,T4,1,1,3,0.0122,0.9433,-0.4544,0.0071,-2.5062,0.0711,False,False
外部需求 → 日本,us_power,T4,1,1,6,0.1109,0.0434,-0.3319,-0.2336,-1.5941,-2.0203,False,False
外部需求 → 日本,us_power,T4,1,3,0,0.15,0.8709,0.4836,0.0273,1.4396,0.1626,False,False
外部需求 → 日本,us_power,T4,1,3,3,0.9098,0.3213,-0.0349,0.1689,-0.1133,0.9918,False,False
外部需求 → 日本,us_power,T4,1,3,6,0.9594,0.4313,0.0176,-0.1477,0.0509,-0.787,False,False
外部需求 → 日本,us_power,T4,1,6,0,0.3294,0.2658,0.4259,0.1963,0.9754,1.1128,False,False
外部需求 → 日本,us_power,T4,1,6,3,0.9647,0.8678,0.0143,0.0291,0.0443,0.1665,False,False
外部需求 → 日本,us_power,T4,1,6,6,0.5292,0.4418,-0.2526,-0.1393,-0.6293,-0.7692,False,False
外部需求 → 日本,us_power,T4,3,1,0,0.2237,0.7765,0.1842,0.0303,1.2169,0.2838,False,False
外部需求 → 日本,us_power,T4,3,1,3,0.813,0.22,-0.0293,0.1263,-0.2366,1.2266,False,False
外部需求 → 日本,us_power,T4,3,1,6,0.8076,0.1834,0.0344,-0.1246,0.2436,-1.3302,False,False
外部需求 → 日本,us_power,T4,3,3,0,0.9488,0.2715,-0.019,0.2248,-0.0642,1.0997,False,False
外部需求 → 日本,us_power,T4,3,3,3,0.7415,0.8358,0.0831,0.0394,0.3299,0.2073,False,False
外部需求 → 日本,us_power,T4,3,3,6,0.8057,0.0311,0.0718,-0.3926,0.246,-2.156,False,False
外部需求 → 日本,us_power,T4,3,6,0,0.8744,0.347,0.0479,0.23,0.1581,0.9404,False,False
外部需求 → 日本,us_power,T4,3,6,3,0.6512,0.1095,0.1614,-0.3617,0.4521,-1.6005,False,False
外部需求 → 日本,us_power,T4,3,6,6,0.8051,0.0669,0.0993,-0.3403,0.2467,-1.832,False,False
外部需求 → 日本,us_power,T4,6,1,0,0.3263,0.1484,0.1066,0.1481,0.9815,1.4451,False,False
外部需求 → 日本,us_power,T4,6,1,3,0.8256,0.9472,0.0264,-0.0061,0.2204,-0.0662,False,False
外部需求 → 日本,us_power,T4,6,1,6,0.4282,0.063,-0.1125,-0.1705,-0.7922,-1.8595,False,False
外部需求 → 日本,us_power,T4,6,3,0,0.8996,0.1683,0.0193,0.2622,0.1261,1.3777,False,False
外部需求 → 日本,us_power,T4,6,3,3,0.5735,0.0238,0.1713,-0.3762,0.563,-2.2598,False,False
外部需求 → 日本,us_power,T4,6,3,6,0.8613,0.0352,0.0466,-0.3355,0.1747,-2.1057,False,False
外部需求 → 日本,us_power,T4,6,6,0,0.592,0.6038,0.1828,-0.1551,0.536,-0.519,False,False
外部需求 → 日本,us_power,T4,6,6,3,0.5596,0.0031,0.2294,-0.7018,0.5834,-2.9602,False,False
外部需求 → 日本,us_power,T4,6,6,6,0.6299,0.5511,0.1911,0.181,0.4818,0.596,False,False
外部需求 → 日本,us_power,T5,1,1,0,0.4922,0.2892,-0.1212,-0.1442,-0.6868,-1.0598,False,False
外部需求 → 日本,us_power,T5,1,1,3,0.4175,0.2975,-0.1348,-0.1404,-0.8108,-1.0417,False,False
外部需求 → 日本,us_power,T5,1,1,6,0.085,0.3879,-0.2639,0.123,-1.7225,0.8635,False,False
外部需求 → 日本,us_power,T5,1,3,0,0.4702,0.1673,0.1593,-0.2443,0.7222,-1.381,False,False
外部需求 → 日本,us_power,T5,1,3,3,0.8387,0.2908,-0.0504,0.1969,-0.2036,1.0563,False,False
外部需求 → 日本,us_power,T5,1,3,6,0.8813,0.6995,-0.0475,-0.0868,-0.1493,-0.386,False,False
外部需求 → 日本,us_power,T5,1,6,0,0.835,0.8319,0.0605,-0.0328,0.2083,-0.2123,False,False
外部需求 → 日本,us_power,T5,1,6,3,0.7173,0.6117,-0.1168,0.1355,-0.362,0.5076,False,False
外部需求 → 日本,us_power,T5,1,6,6,0.8691,0.9549,0.0573,-0.0121,0.1647,-0.0565,False,False
外部需求 → 日本,us_power,T5,3,1,0,0.4689,0.1739,0.0735,-0.1556,0.7243,-1.3597,False,False
外部需求 → 日本,us_power,T5,3,1,3,0.6916,0.1637,-0.0403,0.1461,-0.3967,1.3928,False,False
外部需求 → 日本,us_power,T5,3,1,6,0.8888,0.9377,-0.0195,0.0105,-0.1398,0.0782,False,False
外部需求 → 日本,us_power,T5,3,3,0,0.6305,0.182,0.097,-0.2409,0.481,-1.3347,False,False
外部需求 → 日本,us_power,T5,3,3,3,0.3817,0.0729,-0.1696,0.3873,-0.8748,1.7932,False,False
外部需求 → 日本,us_power,T5,3,3,6,0.9167,0.8113,-0.0261,0.0462,-0.1045,0.2388,False,False
外部需求 → 日本,us_power,T5,3,6,0,0.6825,0.6722,-0.1002,0.0937,-0.409,0.4231,False,False
外部需求 → 日本,us_power,T5,3,6,3,0.5129,0.0721,-0.199,0.4796,-0.6543,1.7987,False,False
外部需求 → 日本,us_power,T5,3,6,6,0.4496,0.9641,0.2813,0.0115,0.7561,0.045,False,False
外部需求 → 日本,us_power,T5,6,1,0,0.7552,0.9213,0.0316,-0.0114,0.3118,-0.0988,False,False
外部需求 → 日本,us_power,T5,6,1,3,0.6049,0.2352,-0.0386,0.1529,-0.5174,1.1871,False,False
外部需求 → 日本,us_power,T5,6,1,6,0.8522,0.9375,0.0208,-0.0084,0.1864,-0.0784,False,False
外部需求 → 日本,us_power,T5,6,3,0,0.7376,0.595,-0.0514,0.1221,-0.335,0.5316,False,False
外部需求 → 日本,us_power,T5,6,3,3,0.3726,0.0316,-0.1578,0.4227,-0.8916,2.1489,False,False
外部需求 → 日本,us_power,T5,6,3,6,0.4207,0.9574,0.2065,0.0108,0.8053,0.0535,False,False
外部需求 → 日本,us_power,T5,6,6,0,0.3941,0.1281,-0.2331,0.5272,-0.8522,1.5218,False,False
外部需求 → 日本,us_power,T5,6,6,3,0.8993,0.0938,0.0459,0.4686,0.1265,1.6758,False,False
外部需求 → 日本,us_power,T5,6,6,6,0.2252,0.3012,0.498,0.3263,1.2128,1.0339,False,False
外部需求 → 日本,us_power,T6,1,1,0,0.1212,0.4378,-0.3423,-0.0957,-1.5497,-0.7759,False,False
外部需求 → 日本,us_power,T6,1,1,3,0.9347,0.6831,-0.017,0.0526,-0.082,0.4082,False,False
外部需求 → 日本,us_power,T6,1,1,6,0.8188,0.6904,0.0482,-0.0509,0.2291,-0.3982,False,False
外部需求 → 日本,us_power,T6,1,3,0,0.2591,0.5088,-0.3973,-0.1256,-1.1286,-0.6608,False,False
外部需求 → 日本,us_power,T6,1,3,3,0.8462,0.7588,0.0709,0.0553,0.194,0.307,False,False
外部需求 → 日本,us_power,T6,1,3,6,0.4826,0.6481,0.2564,0.0907,0.7021,0.4564,False,False
外部需求 → 日本,us_power,T6,1,6,0,0.5161,0.4124,-0.3445,-0.1357,-0.6494,-0.8196,False,False
外部需求 → 日本,us_power,T6,1,6,3,0.3642,0.4044,0.3571,0.1834,0.9074,0.8337,False,False
外部需求 → 日本,us_power,T6,1,6,6,0.8138,0.7327,0.1057,0.0673,0.2355,0.3416,False,False
外部需求 → 日本,us_power,T6,3,1,0,0.1934,0.5472,-0.2165,-0.0713,-1.3007,-0.6019,False,False
外部需求 → 日本,us_power,T6,3,1,3,0.7058,0.9559,0.052,0.0065,0.3775,0.0553,False,False
外部需求 → 日本,us_power,T6,3,1,6,0.4515,0.5087,0.1235,0.0699,0.753,0.6609,False,False
外部需求 → 日本,us_power,T6,3,3,0,0.3398,0.4621,-0.2978,0.1265,-0.9545,0.7354,False,False
外部需求 → 日本,us_power,T6,3,3,3,0.1015,0.2717,0.4027,-0.2383,1.6376,-1.0991,False,False
外部需求 → 日本,us_power,T6,3,3,6,0.6293,0.1607,-0.1515,0.2587,-0.4828,1.4027,False,False
外部需求 → 日本,us_power,T6,3,6,0,0.8222,0.4395,0.0992,-0.1834,0.2247,-0.7731,False,False
外部需求 → 日本,us_power,T6,3,6,3,0.5441,0.6427,0.2428,0.1072,0.6067,0.464,False,False
外部需求 → 日本,us_power,T6,3,6,6,0.6487,0.2173,0.1908,0.2781,0.4556,1.2338,False,False
外部需求 → 日本,us_power,T6,6,1,0,0.4783,0.6226,-0.1111,-0.0545,-0.709,-0.4921,False,False
外部需求 → 日本,us_power,T6,6,1,3,0.1203,0.7633,0.1613,0.046,1.5535,0.3011,False,False
外部需求 → 日本,us_power,T6,6,1,6,0.9496,0.6255,0.0096,0.0408,0.0632,0.488,False,False
外部需求 → 日本,us_power,T6,6,3,0,0.6298,0.564,0.1423,-0.1236,0.482,-0.577,False,False
外部需求 → 日本,us_power,T6,6,3,3,0.5406,0.929,0.1683,0.0179,0.6118,0.0891,False,False
外部需求 → 日本,us_power,T6,6,3,6,0.6987,0.071,0.1124,0.3014,0.3871,1.8055,False,False
外部需求 → 日本,us_power,T6,6,6,0,0.4586,0.7952,0.2998,-0.0942,0.7411,-0.2595,False,False
外部需求 → 日本,us_power,T6,6,6,3,0.5144,0.1406,0.2952,0.3831,0.6519,1.4734,False,False
外部需求 → 日本,us_power,T6,6,6,6,0.1829,0.3794,0.7288,0.2695,1.3319,0.879,False,False
外部需求 → 日本,us_power,T7,1,1,0,0.3031,0.593,0.7068,-0.1521,1.0298,-0.5345,False,False
外部需求 → 日本,us_power,T7,1,1,3,0.0552,0.8598,0.8676,0.0496,1.9171,0.1767,False,False
外部需求 → 日本,us_power,T7,1,1,6,0.7085,0.5453,-0.2346,-0.181,-0.3739,-0.6048,False,False
外部需求 → 日本,us_power,T7,1,3,0,0.3027,0.9394,0.9983,0.0318,1.0308,0.0761,False,False
外部需求 → 日本,us_power,T7,1,3,3,0.7816,0.6182,0.218,0.2073,0.2772,0.4984,False,False
外部需求 → 日本,us_power,T7,1,3,6,0.2667,0.7152,-1.0606,-0.1681,-1.1108,-0.3648,False,False
外部需求 → 日本,us_power,T7,1,6,0,0.3666,0.6164,1.3484,0.207,0.9029,0.501,False,False
外部需求 → 日本,us_power,T7,1,6,3,0.3677,0.7798,-0.7778,0.1421,-0.9007,0.2796,False,False
外部需求 → 日本,us_power,T7,1,6,6,0.3939,0.5325,-1.0103,0.2623,-0.8526,0.6243,False,False
外部需求 → 日本,us_power,T7,3,1,0,0.2447,0.9904,0.4771,-0.0032,1.1634,-0.0121,False,False
外部需求 → 日本,us_power,T7,3,1,3,0.8834,0.498,0.0428,0.1707,0.1467,0.6776,False,False
外部需求 → 日本,us_power,T7,3,1,6,0.1742,0.622,-0.4788,-0.1268,-1.3589,-0.4929,False,False
外部需求 → 日本,us_power,T7,3,3,0,0.0393,0.6324,1.7894,0.2243,2.0606,0.4783,False,False
外部需求 → 日本,us_power,T7,3,3,3,0.2212,0.8963,-0.85,-0.0518,-1.2235,-0.1303,False,False
外部需求 → 日本,us_power,T7,3,3,6,0.4268,0.6088,-0.6152,-0.2489,-0.7947,-0.5118,False,False
外部需求 → 日本,us_power,T7,3,6,0,0.4048,0.8759,0.9842,0.096,0.833,0.1561,False,False
外部需求 → 日本,us_power,T7,3,6,3,0.1297,0.5629,-1.4786,-0.3193,-1.5153,-0.5786,False,False
外部需求 → 日本,us_power,T7,3,6,6,0.3938,0.4498,-0.9722,0.4042,-0.8527,0.7557,False,False
外部需求 → 日本,us_power,T7,6,1,0,0.3085,0.7198,0.4249,0.0792,1.0184,0.3587,False,False
外部需求 → 日本,us_power,T7,6,1,3,0.102,0.966,-0.3568,0.0118,-1.6352,0.0427,False,False
外部需求 → 日本,us_power,T7,6,1,6,0.3144,0.8077,-0.3415,0.0653,-1.006,0.2435,False,False
外部需求 → 日本,us_power,T7,6,3,0,0.4005,0.7532,0.664,0.1742,0.8408,0.3144,False,False
外部需求 → 日本,us_power,T7,6,3,3,0.0363,0.3546,-1.1441,-0.4408,-2.0938,-0.9258,False,False
外部需求 → 日本,us_power,T7,6,3,6,0.4195,0.6185,-0.7137,0.259,-0.8073,0.498,False,False
外部需求 → 日本,us_power,T7,6,6,0,0.5814,0.6461,-0.457,-0.3558,-0.5513,-0.4592,False,False
外部需求 → 日本,us_power,T7,6,6,3,0.1269,0.8155,-1.9211,-0.1741,-1.5266,-0.2333,False,False
外部需求 → 日本,us_power,T7,6,6,6,0.6507,0.5949,-0.5981,0.3897,-0.4528,0.5317,False,False
外部需求 → 日本,us_power,T8,1,1,0,0.7134,0.5951,0.0605,-0.0963,0.3672,-0.5315,False,False
外部需求 → 日本,us_power,T8,1,1,3,0.4534,0.0297,0.1293,0.3521,0.7497,2.1746,False,False
外部需求 → 日本,us_power,T8,1,1,6,0.0436,0.9532,-0.3212,0.0085,-2.0179,0.0586,False,False
外部需求 → 日本,us_power,T8,1,3,0,0.4006,0.4623,0.2166,-0.1748,0.8406,-0.7351,False,False
外部需求 → 日本,us_power,T8,1,3,3,0.501,0.9718,0.1657,0.0081,0.6729,0.0354,False,False
外部需求 → 日本,us_power,T8,1,3,6,0.6426,0.2962,-0.113,0.2381,-0.4641,1.0447,False,False
外部需求 → 日本,us_power,T8,1,6,0,0.1528,0.418,0.4064,-0.1895,1.4297,-0.8098,False,False
外部需求 → 日本,us_power,T8,1,6,3,0.7578,0.4743,0.0966,0.1947,0.3084,0.7156,False,False
外部需求 → 日本,us_power,T8,1,6,6,0.9341,0.4686,-0.026,0.2286,-0.0826,0.7248,False,False
外部需求 → 日本,us_power,T8,3,1,0,0.3749,0.3507,0.1036,-0.172,0.8873,-0.9332,False,False
外部需求 → 日本,us_power,T8,3,1,3,0.4925,0.8359,0.069,0.0233,0.6864,0.2071,False,False
外部需求 → 日本,us_power,T8,3,1,6,0.6284,0.2372,-0.05,0.1549,-0.484,1.182,False,False
外部需求 → 日本,us_power,T8,3,3,0,0.0588,0.8565,0.4211,0.0592,1.8898,0.1809,False,False
外部需求 → 日本,us_power,T8,3,3,3,0.216,0.1712,-0.2876,-0.3562,-1.2372,-1.3683,False,False
外部需求 → 日本,us_power,T8,3,3,6,0.9668,0.0697,0.0101,0.4814,0.0416,1.8139,False,False
外部需求 → 日本,us_power,T8,3,6,0,0.6945,0.386,0.12,-0.2558,0.3928,-0.8669,False,False
外部需求 → 日本,us_power,T8,3,6,3,0.4925,0.7916,-0.2467,0.0897,-0.6863,0.2642,False,False
外部需求 → 日本,us_power,T8,3,6,6,0.9396,0.7477,-0.027,0.1378,-0.0757,0.3217,False,False
外部需求 → 日本,us_power,T8,6,1,0,0.109,0.2071,0.1339,-0.1561,1.6026,-1.2617,False,False
外部需求 → 日本,us_power,T8,6,1,3,0.8981,0.2808,0.0128,0.1635,0.1281,1.0784,False,False
外部需求 → 日本,us_power,T8,6,1,6,0.8952,0.1347,-0.0131,0.1742,-0.1318,1.4957,False,False
外部需求 → 日本,us_power,T8,6,3,0,0.7804,0.23,0.0548,-0.2529,0.2787,-1.2004,False,False
外部需求 → 日本,us_power,T8,6,3,3,0.3658,0.7102,-0.2244,0.116,-0.9043,0.3716,False,False
外部需求 → 日本,us_power,T8,6,3,6,0.9926,0.6509,-0.0022,0.1424,-0.0093,0.4526,False,False
外部需求 → 日本,us_power,T8,6,6,0,0.6773,0.6993,-0.1574,-0.1228,-0.4162,-0.3862,False,False
外部需求 → 日本,us_power,T8,6,6,3,0.6335,0.5356,-0.1915,0.2626,-0.4768,0.6194,False,False
外部需求 → 日本,us_power,T8,6,6,6,0.7975,0.8527,-0.1107,-0.1162,-0.2565,-0.1856,False,False
外部需求 → 日本,us_power,T9,1,1,0,0.2335,0.4361,0.4103,0.2487,1.1913,0.7788,False,False
外部需求 → 日本,us_power,T9,1,1,3,0.2646,0.6342,-0.327,-0.1591,-1.1156,-0.4758,False,False
外部需求 → 日本,us_power,T9,1,1,6,0.2199,0.6809,-0.3947,-0.1472,-1.2268,-0.4112,False,False
外部需求 → 日本,us_power,T9,1,3,0,0.2099,0.7303,0.7428,0.1509,1.2539,0.3447,False,False
外部需求 → 日本,us_power,T9,1,3,3,0.3903,0.5575,-0.4688,-0.2303,-0.859,-0.5865,False,False
外部需求 → 日本,us_power,T9,1,3,6,0.3376,0.826,-0.5581,-0.0936,-0.9589,-0.2199,False,False
外部需求 → 日本,us_power,T9,1,6,0,0.6539,0.8857,0.3149,-0.0717,0.4483,-0.1437,False,False
外部需求 → 日本,us_power,T9,1,6,3,0.0743,0.5597,-1.0811,-0.274,-1.7845,-0.5834,False,False
外部需求 → 日本,us_power,T9,1,6,6,0.8547,0.6131,-0.1056,-0.2506,-0.1831,-0.5057,False,False
外部需求 → 日本,us_power,T9,3,1,0,0.1276,0.8346,0.3844,0.0615,1.5235,0.2088,False,False
外部需求 → 日本,us_power,T9,3,1,3,0.1697,0.7259,-0.272,-0.1112,-1.3733,-0.3506,False,False
外部需求 → 日本,us_power,T9,3,1,6,0.2592,0.6373,-0.2706,-0.1319,-1.1284,-0.4715,False,False
外部需求 → 日本,us_power,T9,3,3,0,0.4947,0.9182,0.3056,0.0498,0.6829,0.1027,False,False
外部需求 → 日本,us_power,T9,3,3,3,0.0555,0.5466,-0.8569,-0.2437,-1.9152,-0.6029,False,False
外部需求 → 日本,us_power,T9,3,3,6,0.8824,0.2139,0.0688,-0.5686,0.148,-1.243,False,False
外部需求 → 日本,us_power,T9,3,6,0,0.3579,0.6363,-0.5325,-0.2768,-0.9193,-0.4728,False,False
外部需求 → 日本,us_power,T9,3,6,3,0.2406,0.081,-0.7825,-0.8631,-1.1734,-1.745,False,False
外部需求 → 日本,us_power,T9,3,6,6,0.8834,0.0587,0.093,-1.0252,0.1467,-1.8908,False,False
外部需求 → 日本,us_power,T9,6,1,0,0.6029,0.7203,0.1017,-0.094,0.5203,-0.358,False,False
外部需求 → 日本,us_power,T9,6,1,3,0.0146,0.4358,-0.4581,-0.2277,-2.4428,-0.7793,False,False
外部需求 → 日本,us_power,T9,6,1,6,0.9317,0.2856,-0.0178,-0.3276,-0.0857,-1.0678,False,False
外部需求 → 日本,us_power,T9,6,3,0,0.1354,0.6721,-0.5191,-0.2228,-1.493,-0.4233,False,False
外部需求 → 日本,us_power,T9,6,3,3,0.1615,0.031,-0.6329,-0.8061,-1.4,-2.1572,False,False
外部需求 → 日本,us_power,T9,6,3,6,0.8151,0.0072,0.1017,-1.0538,0.2338,-2.6861,False,False
外部需求 → 日本,us_power,T9,6,6,0,0.0849,0.1204,-1.133,-1.156,-1.7227,-1.5531,False,False
外部需求 → 日本,us_power,T9,6,6,3,0.3917,0.0001,-0.5548,-1.9045,-0.8565,-3.9524,False,False
外部需求 → 日本,us_power,T9,6,6,6,0.7714,0.2582,-0.2746,-0.8998,-0.2905,-1.1307,False,False
外部需求 → 日本,us_power,その他製品,1,1,0,0.7864,0.4028,-0.0243,0.0525,-0.271,0.8367,False,False
外部需求 → 日本,us_power,その他製品,1,1,3,0.4764,0.0841,0.0606,0.0978,0.7121,1.7275,False,False
外部需求 → 日本,us_power,その他製品,1,1,6,0.8378,0.7408,0.0232,0.023,0.2047,0.3307,False,False
外部需求 → 日本,us_power,その他製品,1,3,0,0.3456,0.8831,0.1408,-0.0136,0.9431,-0.147,False,False
外部需求 → 日本,us_power,その他製品,1,3,3,0.5192,0.7219,-0.0965,0.0278,-0.6445,0.356,False,False
外部需求 → 日本,us_power,その他製品,1,3,6,0.8512,0.2584,0.0257,0.1257,0.1875,1.1301,False,False
外部需求 → 日本,us_power,その他製品,1,6,0,0.7923,0.9136,0.0409,0.0101,0.2633,0.1085,False,False
外部需求 → 日本,us_power,その他製品,1,6,3,0.6716,0.1613,-0.067,0.1408,-0.4239,1.4008,False,False
外部需求 → 日本,us_power,その他製品,1,6,6,0.5182,0.3455,0.1206,0.0973,0.6462,0.9433,False,False
外部需求 → 日本,us_power,その他製品,3,1,0,0.2874,0.5319,0.0694,-0.0311,1.0637,-0.6251,False,False
外部需求 → 日本,us_power,その他製品,3,1,3,0.5428,0.6893,-0.0396,0.0206,-0.6086,0.3998,False,False
外部需求 → 日本,us_power,その他製品,3,1,6,0.9856,0.058,0.0012,0.1052,0.018,1.8955,False,False
外部需求 → 日本,us_power,その他製品,3,3,0,0.1106,0.9769,0.2111,0.0027,1.5954,0.0289,False,False
外部需求 → 日本,us_power,その他製品,3,3,3,0.3406,0.5328,-0.1192,-0.0662,-0.953,-0.6238,False,False
外部需求 → 日本,us_power,その他製品,3,3,6,0.4684,0.0348,0.104,0.2074,0.7251,2.1103,False,False
外部需求 → 日本,us_power,その他製品,3,6,0,0.501,0.7327,0.0997,-0.0501,0.6729,-0.3415,False,False
外部需求 → 日本,us_power,その他製品,3,6,3,0.9239,0.3924,-0.0151,0.1064,-0.0955,0.8552,False,False
外部需求 → 日本,us_power,その他製品,3,6,6,0.879,0.0089,0.0272,0.3496,0.1522,2.6162,False,False
外部需求 → 日本,us_power,その他製品,6,1,0,0.7138,0.8183,0.0185,-0.0108,0.3667,-0.2297,False,False
外部需求 → 日本,us_power,その他製品,6,1,3,0.8703,0.1147,-0.0083,0.1012,-0.1633,1.5776,False,False
外部需求 → 日本,us_power,その他製品,6,1,6,0.6954,0.0358,0.0225,0.0899,0.3916,2.0986,False,False
外部需求 → 日本,us_power,その他製品,6,3,0,0.5278,0.617,0.0603,-0.0562,0.6314,-0.5001,False,False
外部需求 → 日本,us_power,その他製品,6,3,3,0.974,0.1872,-0.004,0.1341,-0.0326,1.319,False,False
外部需求 → 日本,us_power,その他製品,6,3,6,0.9509,0.002,0.0078,0.3137,0.0616,3.0937,False,False
外部需求 → 日本,us_power,その他製品,6,6,0,0.6835,0.7468,0.0622,0.0584,0.4078,0.3228,False,False
外部需求 → 日本,us_power,その他製品,6,6,3,0.9966,0.0045,-0.0008,0.4399,-0.0042,2.8392,False,False
外部需求 → 日本,us_power,その他製品,6,6,6,0.737,0.3038,-0.0748,0.1632,-0.3358,1.0282,False,False
外部需求 → 日本,us_power,その他金融業,1,1,0,0.3038,0.2123,0.3063,0.1037,1.0284,1.2473,False,False
外部需求 → 日本,us_power,その他金融業,1,1,3,0.1824,0.6948,0.3894,-0.0313,1.3333,-0.3924,False,False
外部需求 → 日本,us_power,その他金融業,1,1,6,0.2521,0.0374,0.3386,-0.164,1.1452,-2.0814,False,False
外部需求 → 日本,us_power,その他金融業,1,3,0,0.1547,0.1287,-0.5256,0.1482,-1.4232,1.5193,False,False
外部需求 → 日本,us_power,その他金融業,1,3,3,0.2623,0.1733,0.5792,0.1131,1.1209,1.3616,False,False
外部需求 → 日本,us_power,その他金融業,1,3,6,0.3978,0.9608,-0.3408,-0.0054,-0.8455,-0.0491,False,False
外部需求 → 日本,us_power,その他金融業,1,6,0,0.8892,0.0131,0.0814,0.2617,0.1393,2.4817,False,False
外部需求 → 日本,us_power,その他金融業,1,6,3,0.621,0.2995,0.2645,0.1146,0.4944,1.0375,False,False
外部需求 → 日本,us_power,その他金融業,1,6,6,0.6601,0.8088,-0.1935,-0.0265,-0.4398,-0.242,False,False
外部需求 → 日本,us_power,その他金融業,3,1,0,0.1787,0.06,-0.2402,0.1183,-1.3448,1.8807,False,False
外部需求 → 日本,us_power,その他金融業,3,1,3,0.1861,0.2332,0.2496,0.0826,1.3222,1.1921,False,False
外部需求 → 日本,us_power,その他金融業,3,1,6,0.3431,0.7004,-0.1594,-0.0245,-0.9481,-0.3848,False,False
外部需求 → 日本,us_power,その他金融業,3,3,0,0.1917,0.2346,-0.4465,0.1393,-1.3054,1.1887,False,False
外部需求 → 日本,us_power,その他金融業,3,3,3,0.1083,0.7367,0.6101,-0.0423,1.6061,-0.3362,False,False
外部需求 → 日本,us_power,その他金融業,3,3,6,0.5681,0.141,-0.2514,0.1729,-0.5708,1.4721,False,False
外部需求 → 日本,us_power,その他金融業,3,6,0,0.7244,0.437,0.1717,0.1113,0.3526,0.7772,False,False
外部需求 → 日本,us_power,その他金融業,3,6,3,0.5086,0.2537,0.3169,0.1398,0.661,1.1414,False,False
外部需求 → 日本,us_power,その他金融業,3,6,6,0.6196,0.7798,-0.2896,0.0459,-0.4964,0.2796,False,False
外部需求 → 日本,us_power,その他金融業,6,1,0,0.9987,0.0,-0.0003,0.2041,-0.0017,4.176,False,False
外部需求 → 日本,us_power,その他金融業,6,1,3,0.5891,0.597,0.0794,0.0319,0.5402,0.5288,False,False
外部需求 → 日本,us_power,その他金融業,6,1,6,0.6564,0.4254,-0.0722,-0.049,-0.4449,-0.7972,False,False
外部需求 → 日本,us_power,その他金融業,6,3,0,0.683,0.326,0.1413,0.1045,0.4084,0.9823,False,False
外部需求 → 日本,us_power,その他金融業,6,3,3,0.3292,0.4209,0.3159,0.0919,0.9756,0.8049,False,False
外部需求 → 日本,us_power,その他金融業,6,3,6,0.4132,0.843,-0.2848,0.0279,-0.8184,0.1981,False,False
外部需求 → 日本,us_power,その他金融業,6,6,0,0.2989,0.2022,0.4305,0.2173,1.0389,1.2752,False,False
外部需求 → 日本,us_power,その他金融業,6,6,3,0.9832,0.4313,-0.0102,0.127,-0.0211,0.7869,False,False
外部需求 → 日本,us_power,その他金融業,6,6,6,0.5102,0.2012,-0.4474,-0.2114,-0.6586,-1.2783,False,False
外部需求 → 日本,us_power,ガラス・土石製品,1,1,0,0.2413,0.987,0.1475,0.0015,1.1717,0.0163,False,False
外部需求 → 日本,us_power,ガラス・土石製品,1,1,3,0.6907,0.5298,0.0531,-0.0643,0.3978,-0.6284,False,False
外部需求 → 日本,us_power,ガラス・土石製品,1,1,6,0.1095,0.6256,-0.2113,-0.0558,-1.6006,-0.488,False,False
外部需求 → 日本,us_power,ガラス・土石製品,1,3,0,0.1627,0.7142,0.3403,0.0417,1.3962,0.3662,False,False
外部需求 → 日本,us_power,ガラス・土石製品,1,3,3,0.1137,0.825,0.341,0.0264,1.5816,0.2211,False,False
外部需求 → 日本,us_power,ガラス・土石製品,1,3,6,0.1874,0.5231,-0.3022,-0.0962,-1.3182,-0.6386,False,False
外部需求 → 日本,us_power,ガラス・土石製品,1,6,0,0.0127,0.5257,0.6652,0.0807,2.4931,0.6345,False,False
外部需求 → 日本,us_power,ガラス・土石製品,1,6,3,0.9664,0.5171,0.0109,-0.088,0.0421,-0.6478,False,False
外部需求 → 日本,us_power,ガラス・土石製品,1,6,6,0.017,0.6821,-0.5585,-0.0654,-2.3867,-0.4096,False,False
外部需求 → 日本,us_power,ガラス・土石製品,3,1,0,0.0836,0.5398,0.1577,0.0559,1.7302,0.6131,False,False
外部需求 → 日本,us_power,ガラス・土石製品,3,1,3,0.1164,0.7309,0.1431,0.033,1.5701,0.3439,False,False
外部需求 → 日本,us_power,ガラス・土石製品,3,1,6,0.0912,0.3611,-0.1334,-0.0767,-1.6893,-0.9133,False,False
外部需求 → 日本,us_power,ガラス・土石製品,3,3,0,0.0264,0.4044,0.3891,0.0986,2.2207,0.8338,False,False
外部需求 → 日本,us_power,ガラス・土石製品,3,3,3,0.3389,0.9249,0.1858,0.0141,0.9563,0.0942,False,False
外部需求 → 日本,us_power,ガラス・土石製品,3,3,6,0.0086,0.0978,-0.5389,-0.26,-2.6282,-1.6557,False,False
外部需求 → 日本,us_power,ガラス・土石製品,3,6,0,0.0255,0.553,0.5795,0.0783,2.2332,0.5932,False,False
外部需求 → 日本,us_power,ガラス・土石製品,3,6,3,0.1538,0.1105,-0.359,-0.2468,-1.4262,-1.5959,False,False
外部需求 → 日本,us_power,ガラス・土石製品,3,6,6,0.0594,0.6714,-0.4791,-0.0724,-1.8852,-0.4242,False,False
外部需求 → 日本,us_power,ガラス・土石製品,6,1,0,0.0012,0.2415,0.2179,0.1058,3.2318,1.1713,True,False
外部需求 → 日本,us_power,ガラス・土石製品,6,1,3,0.9425,0.5738,0.0055,-0.0355,0.0721,-0.5624,False,False
外部需求 → 日本,us_power,ガラス・土石製品,6,1,6,0.0138,0.2815,-0.1953,-0.0773,-2.4614,-1.077,False,False
外部需求 → 日本,us_power,ガラス・土石製品,6,3,0,0.01,0.1976,0.4287,0.1451,2.5746,1.2885,False,False
外部需求 → 日本,us_power,ガラス・土石製品,6,3,3,0.1411,0.0682,-0.2725,-0.2196,-1.4719,-1.8234,False,False
外部需求 → 日本,us_power,ガラス・土石製品,6,3,6,0.0281,0.7636,-0.3873,-0.0408,-2.1963,-0.3008,False,False
外部需求 → 日本,us_power,ガラス・土石製品,6,6,0,0.5732,0.4154,0.1542,-0.1069,0.5633,-0.8145,False,False
外部需求 → 日本,us_power,ガラス・土石製品,6,6,3,0.005,0.1352,-0.6691,-0.2678,-2.8074,-1.494,False,False
外部需求 → 日本,us_power,ガラス・土石製品,6,6,6,0.7638,0.2817,-0.0766,0.2441,-0.3005,1.0766,False,False
外部需求 → 日本,us_power,ゴム製品,1,1,0,0.7448,0.423,0.0835,0.1124,0.3255,0.8012,False,False
外部需求 → 日本,us_power,ゴム製品,1,1,3,0.9851,0.2162,0.0044,-0.166,0.0187,-1.2367,False,False
外部需求 → 日本,us_power,ゴム製品,1,1,6,0.3288,0.0766,0.2468,-0.2545,0.9765,-1.7705,False,False
外部需求 → 日本,us_power,ゴム製品,1,3,0,0.9575,0.5689,-0.0209,0.1065,-0.0533,0.5696,False,False
外部需求 → 日本,us_power,ゴム製品,1,3,3,0.9567,0.271,0.0213,0.1663,0.0543,1.1008,False,False
外部需求 → 日本,us_power,ゴム製品,1,3,6,0.4511,0.6592,-0.2846,-0.0718,-0.7536,-0.441,False,False
外部需求 → 日本,us_power,ゴム製品,1,6,0,0.9733,0.0881,-0.0161,0.3119,-0.0335,1.7058,False,False
外部需求 → 日本,us_power,ゴム製品,1,6,3,0.5028,0.6614,-0.2915,0.0723,-0.6701,0.438,False,False
外部需求 → 日本,us_power,ゴム製品,1,6,6,0.5294,0.709,0.3176,0.0754,0.6289,0.3732,False,False
外部需求 → 日本,us_power,ゴム製品,3,1,0,0.8671,0.5021,-0.027,0.0809,-0.1674,0.6712,False,False
外部需求 → 日本,us_power,ゴム製品,3,1,3,0.9738,0.2444,0.0053,0.114,0.0329,1.1639,False,False
外部需求 → 日本,us_power,ゴム製品,3,1,6,0.4319,0.3314,-0.1254,-0.0875,-0.786,-0.9713,False,False
外部需求 → 日本,us_power,ゴム製品,3,3,0,0.6864,0.2929,-0.1199,-0.267,-0.4037,-1.0519,False,False
外部需求 → 日本,us_power,ゴム製品,3,3,3,0.7897,0.0256,0.0902,0.4157,0.2667,2.2315,False,False
外部需求 → 日本,us_power,ゴム製品,3,3,6,0.9383,0.8802,-0.0264,-0.0351,-0.0774,-0.1507,False,False
外部需求 → 日本,us_power,ゴム製品,3,6,0,0.9891,0.4131,-0.0071,0.1984,-0.0137,0.8184,False,False
外部需求 → 日本,us_power,ゴム製品,3,6,3,0.9124,0.3486,0.0399,0.2861,0.11,0.9373,False,False
外部需求 → 日本,us_power,ゴム製品,3,6,6,0.1727,0.6603,0.6268,-0.1105,1.3637,-0.4395,False,False
外部需求 → 日本,us_power,ゴム製品,6,1,0,0.9938,0.0893,0.0012,0.188,0.0077,1.6993,False,False
外部需求 → 日本,us_power,ゴム製品,6,1,3,0.3036,0.422,-0.1407,0.0694,-1.0287,0.8029,False,False
外部需求 → 日本,us_power,ゴム製品,6,1,6,0.424,0.7353,0.1193,-0.0348,0.7994,-0.338,False,False
外部需求 → 日本,us_power,ゴム製品,6,3,0,0.9667,0.5832,0.0169,0.1103,0.0417,0.5487,False,False
外部需求 → 日本,us_power,ゴム製品,6,3,3,0.908,0.0971,0.0304,0.4364,0.1156,1.6591,False,False
外部需求 → 日本,us_power,ゴム製品,6,3,6,0.1393,0.2374,0.5109,-0.2108,1.4784,-1.1815,False,False
外部需求 → 日本,us_power,ゴム製品,6,6,0,0.9311,0.1279,0.0462,0.4994,0.0865,1.5225,False,False
外部需求 → 日本,us_power,ゴム製品,6,6,3,0.1328,0.5676,0.5392,0.2035,1.5033,0.5716,False,False
外部需求 → 日本,us_power,ゴム製品,6,6,6,0.5709,0.5047,0.2882,-0.292,0.5667,-0.667,False,False
外部需求 → 日本,us_power,サービス業,1,1,0,0.5959,0.2767,-0.0697,0.1265,-0.5303,1.0878,False,False
外部需求 → 日本,us_power,サービス業,1,1,3,0.6917,0.3883,0.0479,0.0807,0.3965,0.8628,False,False
外部需求 → 日本,us_power,サービス業,1,1,6,0.0932,0.1595,0.2152,0.1309,1.6789,1.4069,False,False
外部需求 → 日本,us_power,サービス業,1,3,0,0.0449,0.5243,-0.3992,0.083,-2.0058,0.6367,False,False
外部需求 → 日本,us_power,サービス業,1,3,3,0.4609,0.2038,-0.1543,-0.1542,-0.7374,-1.2708,False,False
外部需求 → 日本,us_power,サービス業,1,3,6,0.0726,0.4355,0.3615,0.1202,1.7954,0.7798,False,False
外部需求 → 日本,us_power,サービス業,1,6,0,0.018,0.6277,-0.57,-0.0767,-2.3666,-0.485,False,False
外部需求 → 日本,us_power,サービス業,1,6,3,0.4266,0.8356,0.191,-0.0389,0.7949,-0.2075,False,False
外部需求 → 日本,us_power,サービス業,1,6,6,0.1053,0.9969,0.362,0.0007,1.6196,0.0038,False,False
外部需求 → 日本,us_power,サービス業,3,1,0,0.02,0.5106,-0.1807,0.0617,-2.326,0.6579,False,False
外部需求 → 日本,us_power,サービス業,3,1,3,0.3973,0.1501,-0.0707,-0.1038,-0.8465,-1.4391,False,False
外部需求 → 日本,us_power,サービス業,3,1,6,0.0405,0.2404,0.1631,0.1022,2.0487,1.1741,False,False
外部需求 → 日本,us_power,サービス業,3,3,0,0.0733,0.8642,-0.3024,0.0279,-1.7908,0.1711,False,False
外部需求 → 日本,us_power,サービス業,3,3,3,0.8085,0.6274,0.0494,-0.071,0.2423,-0.4855,False,False
外部需求 → 日本,us_power,サービス業,3,3,6,0.365,0.8333,0.189,0.0327,0.9058,0.2105,False,False
外部需求 → 日本,us_power,サービス業,3,6,0,0.3837,0.9435,-0.2587,-0.0148,-0.8711,-0.0709,False,False
外部需求 → 日本,us_power,サービス業,3,6,3,0.3015,0.6545,0.2391,-0.0907,1.0332,-0.4475,False,False
外部需求 → 日本,us_power,サービス業,3,6,6,0.4094,0.8872,0.2206,0.0313,0.825,0.1418,False,False
外部需求 → 日本,us_power,サービス業,6,1,0,0.0276,0.5622,-0.188,-0.0478,-2.203,-0.5795,False,False
外部需求 → 日本,us_power,サービス業,6,1,3,0.3181,0.9416,0.0705,-0.0063,0.9985,-0.0733,False,False
外部需求 → 日本,us_power,サービス業,6,1,6,0.1685,0.6201,0.1122,0.0401,1.3771,0.4957,False,False
外部需求 → 日本,us_power,サービス業,6,3,0,0.3745,0.8701,-0.19,-0.0318,-0.888,-0.1636,False,False
外部需求 → 日本,us_power,サービス業,6,3,3,0.2981,0.9816,0.1396,-0.0042,1.0404,-0.0231,False,False
外部需求 → 日本,us_power,サービス業,6,3,6,0.4301,0.7473,0.1572,0.0483,0.7891,0.3223,False,False
外部需求 → 日本,us_power,サービス業,6,6,0,0.8563,0.8489,-0.0567,-0.0566,-0.1811,-0.1905,False,False
外部需求 → 日本,us_power,サービス業,6,6,3,0.1286,0.9207,0.2989,0.0215,1.5198,0.0995,False,False
外部需求 → 日本,us_power,サービス業,6,6,6,0.4292,0.5094,0.2196,-0.2052,0.7906,-0.6597,False,False
外部需求 → 日本,us_power,パルプ・紙,1,1,0,0.3032,0.276,0.2659,0.1514,1.0297,1.0893,False,False
外部需求 → 日本,us_power,パルプ・紙,1,1,3,0.7748,0.531,-0.0753,0.087,-0.2861,0.6264,False,False
外部需求 → 日本,us_power,パルプ・紙,1,1,6,0.8301,0.615,0.0659,-0.0818,0.2146,-0.5029,False,False
外部需求 → 日本,us_power,パルプ・紙,1,3,0,0.9142,0.9668,-0.0425,-0.0072,-0.1077,-0.0417,False,False
外部需求 → 日本,us_power,パルプ・紙,1,3,3,0.567,0.1366,0.2398,0.2933,0.5724,1.4887,False,False
外部需求 → 日本,us_power,パルプ・紙,1,3,6,0.7151,0.9947,0.1338,0.0014,0.365,0.0066,False,False
外部需求 → 日本,us_power,パルプ・紙,1,6,0,0.6434,0.0157,0.2028,0.358,0.4629,2.4161,False,False
外部需求 → 日本,us_power,パルプ・紙,1,6,3,0.6018,0.2276,0.2575,0.2669,0.5218,1.2066,False,False
外部需求 → 日本,us_power,パルプ・紙,1,6,6,0.5634,0.7648,-0.3243,-0.0562,-0.5778,-0.2992,False,False
外部需求 → 日本,us_power,パルプ・紙,3,1,0,0.7921,0.6952,-0.0491,0.051,-0.2636,0.3919,False,False
外部需求 → 日本,us_power,パルプ・紙,3,1,3,0.5301,0.1089,0.1161,0.2232,0.6279,1.603,False,False
外部需求 → 日本,us_power,パルプ・紙,3,1,6,0.6571,0.8828,0.0807,-0.022,0.4439,-0.1474,False,False
外部需求 → 日本,us_power,パルプ・紙,3,3,0,0.4247,0.5975,-0.3084,-0.1156,-0.7984,-0.528,False,False
外部需求 → 日本,us_power,パルプ・紙,3,3,3,0.2716,0.0971,0.4464,0.3152,1.0994,1.6589,False,False
外部需求 → 日本,us_power,パルプ・紙,3,3,6,0.4702,0.9668,-0.273,0.0107,-0.7222,0.0416,False,False
外部需求 → 日本,us_power,パルプ・紙,3,6,0,0.7526,0.3343,0.1742,0.2555,0.3153,0.9654,False,False
外部需求 → 日本,us_power,パルプ・紙,3,6,3,0.797,0.2738,0.1296,0.3173,0.2572,1.0943,False,False
外部需求 → 日本,us_power,パルプ・紙,3,6,6,0.3426,0.4793,-0.4805,-0.2031,-0.9491,-0.7075,False,False
外部需求 → 日本,us_power,パルプ・紙,6,1,0,0.6858,0.0278,0.0601,0.2544,0.4045,2.2002,False,False
外部需求 → 日本,us_power,パルプ・紙,6,1,3,0.4914,0.135,0.1145,0.1872,0.688,1.4948,False,False
外部需求 → 日本,us_power,パルプ・紙,6,1,6,0.6596,0.7274,-0.0775,-0.0475,-0.4404,-0.3486,False,False
外部需求 → 日本,us_power,パルプ・紙,6,3,0,0.7771,0.4796,0.1109,0.195,0.2831,0.7069,False,False
外部需求 → 日本,us_power,パルプ・紙,6,3,3,0.8077,0.1961,0.0931,0.2984,0.2434,1.2927,False,False
外部需求 → 日本,us_power,パルプ・紙,6,3,6,0.3836,0.5026,-0.2926,-0.1655,-0.8713,-0.6705,False,False
外部需求 → 日本,us_power,パルプ・紙,6,6,0,0.7476,0.1195,0.1982,0.5376,0.3218,1.557,False,False
外部需求 → 日本,us_power,パルプ・紙,6,6,3,0.5876,0.8765,-0.2549,0.058,-0.5423,0.1555,False,False
外部需求 → 日本,us_power,パルプ・紙,6,6,6,0.8005,0.3466,-0.1068,-0.3038,-0.2527,-0.9412,False,False
外部需求 → 日本,us_power,不動産業,1,1,0,0.9554,0.014,-0.0141,0.2643,-0.0559,2.4567,False,False
外部需求 → 日本,us_power,不動産業,1,1,3,0.8536,0.767,0.0501,-0.0297,0.1846,-0.2963,False,False
外部需求 → 日本,us_power,不動産業,1,1,6,0.0827,0.8523,0.4296,-0.0188,1.7351,-0.1861,False,False
外部需求 → 日本,us_power,不動産業,1,3,0,0.0551,0.0435,-0.7488,0.3092,-1.9184,2.0192,False,False
外部需求 → 日本,us_power,不動産業,1,3,3,0.5318,0.4464,0.2905,-0.0874,0.6252,-0.7614,False,False
外部需求 → 日本,us_power,不動産業,1,3,6,0.5824,0.8392,-0.263,0.0236,-0.5499,0.2029,False,False
外部需求 → 日本,us_power,不動産業,1,6,0,0.3221,0.1943,-0.5237,0.199,-0.9902,1.2979,False,False
外部需求 → 日本,us_power,不動産業,1,6,3,0.8942,0.8829,-0.0741,-0.018,-0.133,-0.1473,False,False
外部需求 → 日本,us_power,不動産業,1,6,6,0.4743,0.9003,-0.3746,0.0176,-0.7155,0.1252,False,False
外部需求 → 日本,us_power,不動産業,3,1,0,0.0728,0.0177,-0.3764,0.2408,-1.7941,2.3727,False,False
外部需求 → 日本,us_power,不動産業,3,1,3,0.4674,0.3458,0.1326,-0.0785,0.7266,-0.9427,False,False
外部需求 → 日本,us_power,不動産業,3,1,6,0.3641,0.906,-0.1712,0.0104,-0.9076,0.1181,False,False
外部需求 → 日本,us_power,不動産業,3,3,0,0.0092,0.1614,-0.8372,0.2286,-2.6055,1.4002,False,False
外部需求 → 日本,us_power,不動産業,3,3,3,0.1819,0.4653,0.4194,-0.1127,1.3349,-0.7301,False,False
外部需求 → 日本,us_power,不動産業,3,3,6,0.3707,0.8031,-0.4038,-0.0376,-0.8952,-0.2493,False,False
外部需求 → 日本,us_power,不動産業,3,6,0,0.3127,0.6241,-0.4071,0.0987,-1.0096,0.4901,False,False
外部需求 → 日本,us_power,不動産業,3,6,3,0.9565,0.7295,-0.0267,-0.0504,-0.0545,-0.3458,False,False
外部需求 → 日本,us_power,不動産業,3,6,6,0.1825,0.5201,-0.6582,-0.0972,-1.3331,-0.6431,False,False
外部需求 → 日本,us_power,不動産業,6,1,0,0.2333,0.025,-0.2031,0.1728,-1.1919,2.241,False,False
外部需求 → 日本,us_power,不動産業,6,1,3,0.9836,0.2596,-0.0031,-0.0843,-0.0206,-1.1274,False,False
外部需求 → 日本,us_power,不動産業,6,1,6,0.2721,0.3226,-0.1809,0.0812,-1.0982,0.9891,False,False
外部需求 → 日本,us_power,不動産業,6,3,0,0.3294,0.6157,-0.271,0.0885,-0.9753,0.5019,False,False
外部需求 → 日本,us_power,不動産業,6,3,3,0.8519,0.1791,0.0579,-0.1757,0.1867,-1.3434,False,False
外部需求 → 日本,us_power,不動産業,6,3,6,0.0968,0.8772,-0.5154,-0.024,-1.6605,-0.1545,False,False
外部需求 → 日本,us_power,不動産業,6,6,0,0.5566,0.9596,-0.2393,-0.0109,-0.588,-0.0506,False,False
外部需求 → 日本,us_power,不動産業,6,6,3,0.2696,0.2895,-0.5154,-0.1626,-1.1039,-1.0592,False,False
外部需求 → 日本,us_power,不動産業,6,6,6,0.2513,0.2596,-0.7445,-0.2239,-1.1473,-1.1272,False,False
外部需求 → 日本,us_power,保険業,1,1,0,0.541,0.6341,-0.1328,0.0739,-0.6114,0.4759,False,False
外部需求 → 日本,us_power,保険業,1,1,3,0.3225,0.6125,0.2236,0.0682,0.9894,0.5065,False,False
外部需求 → 日本,us_power,保険業,1,1,6,0.8931,0.0236,0.0334,-0.3104,0.1344,-2.2639,False,False
外部需求 → 日本,us_power,保険業,1,3,0,0.4777,0.6842,0.2119,-0.0706,0.71,-0.4067,False,False
外部需求 → 日本,us_power,保険業,1,3,3,0.2887,0.0038,0.3097,0.4645,1.0609,2.8943,False,False
外部需求 → 日本,us_power,保険業,1,3,6,0.4175,0.3062,-0.2452,-0.197,-0.8108,-1.0233,False,False
外部需求 → 日本,us_power,保険業,1,6,0,0.1091,0.0351,0.537,0.3786,1.6024,2.1075,False,False
外部需求 → 日本,us_power,保険業,1,6,3,0.9369,0.2405,0.0327,0.2244,0.0792,1.1737,False,False
外部需求 → 日本,us_power,保険業,1,6,6,0.6205,0.2077,-0.2275,-0.2532,-0.4951,-1.2599,False,False
外部需求 → 日本,us_power,保険業,3,1,0,0.5611,0.5621,0.0826,-0.0536,0.5813,-0.5797,False,False
外部需求 → 日本,us_power,保険業,3,1,3,0.2264,0.003,0.1547,0.3522,1.2096,2.9649,False,False
外部需求 → 日本,us_power,保険業,3,1,6,0.3414,0.1108,-0.131,-0.1982,-0.9513,-1.5946,False,False
外部需求 → 日本,us_power,保険業,3,3,0,0.2197,0.4791,0.3542,-0.1315,1.2272,-0.7078,False,False
外部需求 → 日本,us_power,保険業,3,3,3,0.8133,0.0432,0.061,0.3946,0.2362,2.0218,False,False
外部需求 → 日本,us_power,保険業,3,3,6,0.6883,0.5412,-0.1099,0.1408,-0.4011,0.611,False,False
外部需求 → 日本,us_power,保険業,3,6,0,0.2827,0.182,0.4129,0.2971,1.0743,1.3348,False,False
外部需求 → 日本,us_power,保険業,3,6,3,0.899,0.0568,-0.0456,0.5324,-0.127,1.9046,False,False
外部需求 → 日本,us_power,保険業,3,6,6,0.5133,0.9869,0.2771,0.0033,0.6538,0.0164,False,False
外部需求 → 日本,us_power,保険業,6,1,0,0.234,0.0188,0.1411,0.3245,1.1902,2.3494,False,False
外部需求 → 日本,us_power,保険業,6,1,3,0.7944,0.1988,0.0286,0.1372,0.2606,1.2849,False,False
外部需求 → 日本,us_power,保険業,6,1,6,0.6296,0.051,-0.0658,-0.2584,-0.4823,-1.9518,False,False
外部需求 → 日本,us_power,保険業,6,3,0,0.2504,0.1986,0.2853,0.255,1.1493,1.2855,False,False
外部需求 → 日本,us_power,保険業,6,3,3,0.9865,0.0539,-0.0038,0.4687,-0.0169,1.9275,False,False
外部需求 → 日本,us_power,保険業,6,3,6,0.3976,0.8582,0.2567,-0.0344,0.8459,-0.1786,False,False
外部需求 → 日本,us_power,保険業,6,6,0,0.4489,0.018,0.2821,0.7496,0.7572,2.3659,False,False
外部需求 → 日本,us_power,保険業,6,6,3,0.5729,0.0395,0.26,0.4105,0.5638,2.0585,False,False
外部需求 → 日本,us_power,保険業,6,6,6,0.5209,0.3323,0.2607,-0.3188,0.6419,-0.9695,False,False
外部需求 → 日本,us_power,化学,1,1,0,0.6017,0.2704,0.0389,-0.0561,0.522,-1.102,False,False
外部需求 → 日本,us_power,化学,1,1,3,0.4478,0.7255,-0.0503,-0.0199,-0.7591,-0.3511,False,False
外部需求 → 日本,us_power,化学,1,1,6,0.8309,0.163,-0.016,0.0767,-0.2135,1.395,False,False
外部需求 → 日本,us_power,化学,1,3,0,0.4636,0.5422,0.084,-0.0381,0.733,-0.6095,False,False
外部需求 → 日本,us_power,化学,1,3,3,0.3942,0.6184,-0.112,-0.0356,-0.8521,-0.4981,False,False
外部需求 → 日本,us_power,化学,1,3,6,0.9076,0.1643,0.0134,-0.0983,0.116,-1.3907,False,False
外部需求 → 日本,us_power,化学,1,6,0,0.8634,0.3391,-0.0287,-0.0743,-0.172,-0.9559,False,False
外部需求 → 日本,us_power,化学,1,6,3,0.5379,0.025,-0.0931,-0.1674,-0.616,-2.2409,False,False
外部需求 → 日本,us_power,化学,1,6,6,0.3857,0.9784,0.1316,0.0019,0.8675,0.0271,False,False
外部需求 → 日本,us_power,化学,3,1,0,0.5794,0.9632,0.0273,-0.0024,0.5543,-0.0461,False,False
外部需求 → 日本,us_power,化学,3,1,3,0.2031,0.4076,-0.0665,-0.0393,-1.2728,-0.8282,False,False
外部需求 → 日本,us_power,化学,3,1,6,0.8083,0.0859,0.0122,-0.0656,0.2426,-1.7175,False,False
外部需求 → 日本,us_power,化学,3,3,0,0.8113,0.6585,-0.0252,-0.0351,-0.2388,-0.4419,False,False
外部需求 → 日本,us_power,化学,3,3,3,0.2953,0.7957,-0.1057,0.0236,-1.0466,0.2589,False,False
外部需求 → 日本,us_power,化学,3,3,6,0.356,0.0023,0.0992,-0.2145,0.923,-3.0515,False,False
外部需求 → 日本,us_power,化学,3,6,0,0.4782,0.8531,-0.1288,-0.0192,-0.7092,-0.1852,False,False
外部需求 → 日本,us_power,化学,3,6,3,0.9485,0.0192,-0.0081,-0.2119,-0.0646,-2.3415,False,False
外部需求 → 日本,us_power,化学,3,6,6,0.2122,0.8677,0.2171,-0.0152,1.2474,-0.1666,False,False
外部需求 → 日本,us_power,化学,6,1,0,0.6673,0.322,-0.023,-0.0422,-0.4298,-0.9904,False,False
外部需求 → 日本,us_power,化学,6,1,3,0.2904,0.0477,-0.0465,-0.0939,-1.0573,-1.9803,False,False
外部需求 → 日本,us_power,化学,6,1,6,0.4109,0.9381,0.0423,-0.0027,0.8222,-0.0777,False,False
外部需求 → 日本,us_power,化学,6,3,0,0.3971,0.8876,-0.1088,0.0104,-0.8467,0.1413,False,False
外部需求 → 日本,us_power,化学,6,3,3,0.8064,0.0311,-0.0206,-0.1623,-0.2451,-2.1559,False,False
外部需求 → 日本,us_power,化学,6,3,6,0.1819,0.9912,0.1565,-0.0009,1.3349,-0.011,False,False
外部需求 → 日本,us_power,化学,6,6,0,0.4543,0.1114,-0.1292,-0.1792,-0.7482,-1.5917,False,False
外部需求 → 日本,us_power,化学,6,6,3,0.3977,0.1004,0.1331,-0.1784,0.8457,-1.643,False,False
外部需求 → 日本,us_power,化学,6,6,6,0.324,0.0304,0.1785,0.2055,0.9863,2.1644,False,False
外部需求 → 日本,us_power,医薬品,1,1,0,0.3454,0.4155,-0.1907,-0.0938,-0.9436,-0.8143,False,False
外部需求 → 日本,us_power,医薬品,1,1,3,0.1988,0.1991,0.2429,0.1692,1.2849,1.284,False,False
外部需求 → 日本,us_power,医薬品,1,1,6,0.5629,0.6696,0.1076,0.052,0.5786,0.4267,False,False
外部需求 → 日本,us_power,医薬品,1,3,0,0.1903,0.2075,-0.4334,-0.2172,-1.3096,-1.2604,False,False
外部需求 → 日本,us_power,医薬品,1,3,3,0.1277,0.8513,-0.4388,0.0306,-1.5234,0.1874,False,False
外部需求 → 日本,us_power,医薬品,1,3,6,0.0534,0.8122,0.5402,0.0381,1.9318,0.2376,False,False
外部需求 → 日本,us_power,医薬品,1,6,0,0.0062,0.3585,-0.9085,-0.1778,-2.736,-0.9182,False,False
外部需求 → 日本,us_power,医薬品,1,6,3,0.8376,0.4979,0.0679,0.1265,0.205,0.6778,False,False
外部需求 → 日本,us_power,医薬品,1,6,6,0.3548,0.9442,0.2983,-0.013,0.9252,-0.07,False,False
外部需求 → 日本,us_power,医薬品,3,1,0,0.1923,0.1617,-0.1853,-0.1829,-1.3037,-1.3992,False,False
外部需求 → 日本,us_power,医薬品,3,1,3,0.0726,0.7741,-0.1958,0.0295,-1.7955,0.287,False,False
外部需求 → 日本,us_power,医薬品,3,1,6,0.0368,0.5045,0.2389,0.0702,2.0883,0.6674,False,False
外部需求 → 日本,us_power,医薬品,3,3,0,0.5139,0.9309,-0.198,-0.0154,-0.6528,-0.0868,False,False
外部需求 → 日本,us_power,医薬品,3,3,3,0.0882,0.2656,-0.5043,-0.2024,-1.7052,-1.1133,False,False
外部需求 → 日本,us_power,医薬品,3,3,6,0.017,0.0309,0.5235,0.3929,2.3871,2.1577,False,False
外部需求 → 日本,us_power,医薬品,3,6,0,0.0133,0.3044,-0.707,-0.2374,-2.4755,-1.0269,False,False
外部需求 → 日本,us_power,医薬品,3,6,3,0.974,0.2867,0.0125,0.2937,0.0326,1.0653,False,False
外部需求 → 日本,us_power,医薬品,3,6,6,0.4827,0.336,0.2229,0.2559,0.7019,0.9621,False,False
外部需求 → 日本,us_power,医薬品,6,1,0,0.0096,0.1387,-0.2696,-0.1668,-2.5891,-1.4806,False,False
外部需求 → 日本,us_power,医薬品,6,1,3,0.8029,0.4094,0.0334,0.1,0.2496,0.8249,False,False
外部需求 → 日本,us_power,医薬品,6,1,6,0.1726,0.5819,0.1233,0.0548,1.3639,0.5506,False,False
外部需求 → 日本,us_power,医薬品,6,3,0,0.016,0.2464,-0.5076,-0.2395,-2.4081,-1.1592,False,False
外部需求 → 日本,us_power,医薬品,6,3,3,0.9628,0.4391,0.0144,0.1739,0.0467,0.7736,False,False
外部需求 → 日本,us_power,医薬品,6,3,6,0.337,0.2245,0.22,0.2561,0.9601,1.2147,False,False
外部需求 → 日本,us_power,医薬品,6,6,0,0.2014,0.9742,-0.5027,0.0118,-1.2776,0.0323,False,False
外部需求 → 日本,us_power,医薬品,6,6,3,0.4724,0.1243,0.2178,0.5238,0.7185,1.5368,False,False
外部需求 → 日本,us_power,医薬品,6,6,6,0.7758,0.8874,0.1141,0.045,0.2848,0.1416,False,False
外部需求 → 日本,us_power,卸売業,1,1,0,0.2642,0.0228,-0.0884,-0.0846,-1.1166,-2.2762,False,False
外部需求 → 日本,us_power,卸売業,1,1,3,0.965,0.7391,0.0036,0.0174,0.0438,0.333,False,False
外部需求 → 日本,us_power,卸売業,1,1,6,0.1212,0.8794,0.1231,-0.0081,1.5499,-0.1517,False,False
外部需求 → 日本,us_power,卸売業,1,3,0,0.971,0.4165,-0.0045,-0.043,-0.0364,-0.8124,False,False
外部需求 → 日本,us_power,卸売業,1,3,3,0.3966,0.7086,-0.1115,-0.0251,-0.8478,-0.3738,False,False
外部需求 → 日本,us_power,卸売業,1,3,6,0.0814,0.8178,0.1995,0.0141,1.7428,0.2304,False,False
外部需求 → 日本,us_power,卸売業,1,6,0,0.4744,0.2998,-0.1208,-0.0674,-0.7153,-1.0369,False,False
外部需求 → 日本,us_power,卸売業,1,6,3,0.5895,0.9248,0.0823,0.0073,0.5395,0.0944,False,False
外部需求 → 日本,us_power,卸売業,1,6,6,0.3002,0.7247,0.1783,0.0211,1.0361,0.3522,False,False
外部需求 → 日本,us_power,卸売業,3,1,0,0.9321,0.2211,-0.0047,-0.043,-0.0852,-1.2235,False,False
外部需求 → 日本,us_power,卸売業,3,1,3,0.3039,0.6787,-0.0548,-0.0195,-1.0282,-0.4142,False,False
外部需求 → 日本,us_power,卸売業,3,1,6,0.0728,0.5401,0.0929,0.0262,1.7941,0.6126,False,False
外部需求 → 日本,us_power,卸売業,3,3,0,0.8714,0.1821,0.0165,-0.0756,0.1619,-1.3343,False,False
外部需求 → 日本,us_power,卸売業,3,3,3,0.9331,0.3688,0.0114,-0.0616,0.0839,-0.8987,False,False
外部需求 → 日本,us_power,卸売業,3,3,6,0.1284,0.4591,0.146,0.0519,1.5204,0.7403,False,False
外部需求 → 日本,us_power,卸売業,3,6,0,0.8964,0.0682,0.0234,-0.1362,0.1302,-1.824,False,False
外部需求 → 日本,us_power,卸売業,3,6,3,0.3329,0.9869,0.1583,0.0017,0.9684,0.0164,False,False
外部需求 → 日本,us_power,卸売業,3,6,6,0.9143,0.0411,0.0189,0.1529,0.1076,2.0421,False,False
外部需求 → 日本,us_power,卸売業,6,1,0,0.3339,0.0974,-0.042,-0.0604,-0.9663,-1.6574,False,False
外部需求 → 日本,us_power,卸売業,6,1,3,0.6496,0.7687,0.0236,0.0132,0.4544,0.294,False,False
外部需求 → 日本,us_power,卸売業,6,1,6,0.1933,0.3738,0.061,0.0333,1.3008,0.8894,False,False
外部需求 → 日本,us_power,卸売業,6,3,0,0.8716,0.0156,0.0186,-0.1282,0.1616,-2.4172,False,False
外部需求 → 日本,us_power,卸売業,6,3,3,0.3411,0.9498,0.1019,0.0056,0.952,0.0629,False,False
外部需求 → 日本,us_power,卸売業,6,3,6,0.9933,0.0041,-0.001,0.1602,-0.0084,2.872,False,False
外部需求 → 日本,us_power,卸売業,6,6,0,0.5536,0.3236,0.1177,-0.1107,0.5923,-0.987,False,False
外部需求 → 日本,us_power,卸売業,6,6,3,0.5298,0.1351,0.1012,0.1813,0.6283,1.4943,False,False
外部需求 → 日本,us_power,卸売業,6,6,6,0.9796,0.0648,0.0044,0.1636,0.0256,1.8466,False,False
外部需求 → 日本,us_power,小売業,1,1,0,0.7806,0.209,0.0387,-0.0965,0.2785,-1.2563,False,False
外部需求 → 日本,us_power,小売業,1,1,3,0.0379,0.1323,0.2501,0.1179,2.0755,1.505,False,False
外部需求 → 日本,us_power,小売業,1,1,6,0.7986,0.1853,0.0345,0.1228,0.2552,1.3245,False,False
外部需求 → 日本,us_power,小売業,1,3,0,0.5317,0.2967,-0.1474,-0.1044,-0.6253,-1.0435,False,False
外部需求 → 日本,us_power,小売業,1,3,3,0.4416,0.8831,-0.16,-0.0144,-0.7694,-0.1471,False,False
外部需求 → 日本,us_power,小売業,1,3,6,0.8654,0.9797,0.0383,0.0029,0.1695,0.0254,False,False
外部需求 → 日本,us_power,小売業,1,6,0,0.2754,0.3586,-0.2964,-0.1103,-1.0907,-0.918,False,False
外部需求 → 日本,us_power,小売業,1,6,3,0.5678,0.811,-0.1485,-0.0243,-0.5714,-0.2391,False,False
外部需求 → 日本,us_power,小売業,1,6,6,0.451,0.6199,0.1863,0.0663,0.7537,0.4959,False,False
外部需求 → 日本,us_power,小売業,3,1,0,0.5522,0.3004,-0.0583,-0.0845,-0.5944,-1.0356,False,False
外部需求 → 日本,us_power,小売業,3,1,3,0.3711,0.8459,-0.0756,-0.0124,-0.8945,-0.1944,False,False
外部需求 → 日本,us_power,小売業,3,1,6,0.8355,0.9101,0.0194,-0.0076,0.2076,-0.1129,False,False
外部需求 → 日本,us_power,小売業,3,3,0,0.9032,0.8478,0.0237,-0.0271,0.1217,-0.192,False,False
外部需求 → 日本,us_power,小売業,3,3,3,0.0739,0.6148,-0.3625,-0.0541,-1.787,-0.5032,False,False
外部需求 → 日本,us_power,小売業,3,3,6,0.7152,0.2569,0.0642,0.1542,0.3649,1.1337,False,False
外部需求 → 日本,us_power,小売業,3,6,0,0.2073,0.7329,-0.3252,-0.0455,-1.2611,-0.3413,False,False
外部需求 → 日本,us_power,小売業,3,6,3,0.2314,0.4564,-0.2957,0.093,-1.1968,0.7448,False,False
外部需求 → 日本,us_power,小売業,3,6,6,0.5021,0.3879,0.198,0.1306,0.6711,0.8634,False,False
外部需求 → 日本,us_power,小売業,6,1,0,0.2001,0.154,-0.0962,-0.1039,-1.2813,-1.4255,False,False
外部需求 → 日本,us_power,小売業,6,1,3,0.6663,0.6499,-0.0369,-0.0238,-0.4313,-0.4539,False,False
外部需求 → 日本,us_power,小売業,6,1,6,0.1769,0.2515,0.0924,0.0732,1.3505,1.1467,False,False
外部需求 → 日本,us_power,小売業,6,3,0,0.1518,0.3892,-0.252,-0.1049,-1.4334,-0.861,False,False
外部需求 → 日本,us_power,小売業,6,3,3,0.1745,0.3505,-0.2359,0.0955,-1.3578,0.9337,False,False
外部需求 → 日本,us_power,小売業,6,3,6,0.3542,0.3111,0.1672,0.1221,0.9265,1.013,False,False
外部需求 → 日本,us_power,小売業,6,6,0,0.0815,0.8698,-0.4754,0.0191,-1.7422,0.1639,False,False
外部需求 → 日本,us_power,小売業,6,6,3,0.7119,0.1792,-0.0668,0.2124,-0.3693,1.3433,False,False
外部需求 → 日本,us_power,小売業,6,6,6,0.3402,0.2045,0.3041,-0.2379,0.9537,-1.2689,False,False
外部需求 → 日本,us_power,建設業,1,1,0,0.7075,0.8958,-0.0546,-0.0107,-0.3752,-0.1309,False,False
外部需求 → 日本,us_power,建設業,1,1,3,0.8346,0.6447,-0.0348,0.0401,-0.2088,0.4612,False,False
外部需求 → 日本,us_power,建設業,1,1,6,0.4439,0.2488,-0.1177,-0.0993,-0.7657,-1.1532,False,False
外部需求 → 日本,us_power,建設業,1,3,0,0.7609,0.5826,-0.0839,-0.0669,-0.3044,-0.5496,False,False
外部需求 → 日本,us_power,建設業,1,3,3,0.3199,0.5078,0.289,0.0805,0.9946,0.6623,False,False
外部需求 → 日本,us_power,建設業,1,3,6,0.8994,0.321,-0.0401,-0.1211,-0.1265,-0.9923,False,False
外部需求 → 日本,us_power,建設業,1,6,0,0.4649,0.8213,0.2304,-0.0283,0.7308,-0.2259,False,False
外部需求 → 日本,us_power,建設業,1,6,3,0.4757,0.8881,0.2514,0.0194,0.7132,0.1407,False,False
外部需求 → 日本,us_power,建設業,1,6,6,0.4893,0.9465,-0.2031,0.0084,-0.6914,0.067,False,False
外部需求 → 日本,us_power,建設業,3,1,0,0.4663,0.5508,-0.0806,-0.0503,-0.7285,-0.5966,False,False
外部需求 → 日本,us_power,建設業,3,1,3,0.1221,0.5645,0.1828,0.0486,1.5461,0.5761,False,False
外部需求 → 日本,us_power,建設業,3,1,6,0.5087,0.25,-0.0817,-0.0885,-0.6609,-1.1504,False,False
外部需求 → 日本,us_power,建設業,3,3,0,0.5052,0.7353,-0.1342,-0.0393,-0.6664,-0.338,False,False
外部需求 → 日本,us_power,建設業,3,3,3,0.0399,0.3819,0.422,-0.1314,2.0545,-0.8744,False,False
外部需求 → 日本,us_power,建設業,3,3,6,0.3554,0.5349,-0.2095,0.0745,-0.9241,0.6206,False,False
外部需求 → 日本,us_power,建設業,3,6,0,0.3227,0.3156,0.2917,-0.19,0.9889,-1.0035,False,False
外部需求 → 日本,us_power,建設業,3,6,3,0.4965,0.7315,0.2141,0.0521,0.6801,0.3432,False,False
外部需求 → 日本,us_power,建設業,3,6,6,0.7136,0.3361,-0.1096,0.1603,-0.367,0.9618,False,False
外部需求 → 日本,us_power,建設業,6,1,0,0.4847,0.9551,0.0764,0.0033,0.6988,0.0563,False,False
外部需求 → 日本,us_power,建設業,6,1,3,0.2741,0.6833,0.0873,-0.0448,1.0936,-0.408,False,False
外部需求 → 日本,us_power,建設業,6,1,6,0.2725,0.5096,-0.0937,0.0454,-1.0973,0.6595,False,False
外部需求 → 日本,us_power,建設業,6,3,0,0.2178,0.2686,0.2558,-0.1887,1.2323,-1.1063,False,False
外部需求 → 日本,us_power,建設業,6,3,3,0.5112,0.7685,0.1455,-0.0492,0.657,-0.2944,False,False
外部需求 → 日本,us_power,建設業,6,3,6,0.638,0.1959,-0.0874,0.1864,-0.4705,1.2934,False,False
外部需求 → 日本,us_power,建設業,6,6,0,0.2149,0.5901,0.4025,-0.1572,1.2401,-0.5387,False,False
外部需求 → 日本,us_power,建設業,6,6,3,0.9109,0.3201,0.0341,0.2159,0.1119,0.9942,False,False
外部需求 → 日本,us_power,建設業,6,6,6,0.4099,0.1063,0.3089,0.2719,0.824,1.6148,False,False
外部需求 → 日本,us_power,情報・通信業,1,1,0,0.2906,0.3409,0.1403,0.1176,1.0569,0.9524,False,False
外部需求 → 日本,us_power,情報・通信業,1,1,3,0.774,0.6015,0.0315,0.0607,0.2872,0.5222,False,False
外部需求 → 日本,us_power,情報・通信業,1,1,6,0.5431,0.4848,0.0812,0.0691,0.6081,0.6985,False,False
外部需求 → 日本,us_power,情報・通信業,1,3,0,0.904,0.7476,-0.0262,0.0546,-0.1207,0.3218,False,False
外部需求 → 日本,us_power,情報・通信業,1,3,3,0.935,0.33,-0.0161,-0.1579,-0.0816,-0.9742,False,False
外部需求 → 日本,us_power,情報・通信業,1,3,6,0.8708,0.2805,0.0347,0.1961,0.1627,1.0792,False,False
外部需求 → 日本,us_power,情報・通信業,1,6,0,0.7219,0.4921,-0.0907,-0.1289,-0.3559,-0.6869,False,False
外部需求 → 日本,us_power,情報・通信業,1,6,3,0.9516,0.9138,-0.0149,0.0226,-0.0607,0.1082,False,False
外部需求 → 日本,us_power,情報・通信業,1,6,6,0.6099,0.5936,0.1339,0.1079,0.5103,0.5337,False,False
外部需求 → 日本,us_power,情報・通信業,3,1,0,0.9527,0.9143,-0.0051,0.0124,-0.0594,0.1077,False,False
外部需求 → 日本,us_power,情報・通信業,3,1,3,0.8513,0.2293,-0.0159,-0.103,-0.1875,-1.2021,False,False
外部需求 → 日本,us_power,情報・通信業,3,1,6,0.9061,0.1574,0.0099,0.1338,0.1179,1.414,False,False
外部需求 → 日本,us_power,情報・通信業,3,3,0,0.9728,0.8266,0.0064,0.0539,0.0341,0.219,False,False
外部需求 → 日本,us_power,情報・通信業,3,3,3,0.9083,0.111,-0.0204,-0.2739,-0.1152,-1.5936,False,False
外部需求 → 日本,us_power,情報・通信業,3,3,6,0.4537,0.1146,0.127,0.252,0.7493,1.5778,False,False
外部需求 → 日本,us_power,情報・通信業,3,6,0,0.9244,0.5103,-0.0198,-0.1946,-0.0949,-0.6584,False,False
外部需求 → 日本,us_power,情報・通信業,3,6,3,0.7044,0.8926,0.1058,-0.031,0.3794,-0.135,False,False
外部需求 → 日本,us_power,情報・通信業,3,6,6,0.7369,0.4068,0.0685,0.2217,0.336,0.8296,False,False
外部需求 → 日本,us_power,情報・通信業,6,1,0,0.9852,0.2763,0.0012,-0.1161,0.0186,-1.0888,False,False
外部需求 → 日本,us_power,情報・通信業,6,1,3,0.8797,0.8078,-0.0114,0.0241,-0.1513,0.2432,False,False
外部需求 → 日本,us_power,情報・通信業,6,1,6,0.5024,0.3137,0.0463,0.0875,0.6707,1.0075,False,False
外部需求 → 日本,us_power,情報・通信業,6,3,0,0.881,0.382,-0.0212,-0.2093,-0.1497,-0.8742,False,False
外部需求 → 日本,us_power,情報・通信業,6,3,3,0.8388,0.902,0.0389,-0.0233,0.2035,-0.1232,False,False
外部需求 → 日本,us_power,情報・通信業,6,3,6,0.6151,0.229,0.0652,0.2032,0.5028,1.203,False,False
外部需求 → 日本,us_power,情報・通信業,6,6,0,0.9407,0.5151,0.0193,-0.2117,0.0744,-0.651,False,False
外部需求 → 日本,us_power,情報・通信業,6,6,3,0.6969,0.421,0.0919,0.2028,0.3895,0.8048,False,False
外部需求 → 日本,us_power,情報・通信業,6,6,6,0.8647,0.9964,0.0435,0.0018,0.1704,0.0045,False,False
外部需求 → 日本,us_power,機械,1,1,0,0.7697,0.636,-0.0411,0.0397,-0.2928,0.4734,False,False
外部需求 → 日本,us_power,機械,1,1,3,0.9988,0.3192,-0.0002,-0.0782,-0.0015,-0.996,False,False
外部需求 → 日本,us_power,機械,1,1,6,0.8539,0.0878,-0.0309,-0.1467,-0.1842,-1.707,False,False
外部需求 → 日本,us_power,機械,1,3,0,0.7472,0.9194,0.078,0.0124,0.3223,0.1012,False,False
外部需求 → 日本,us_power,機械,1,3,3,0.5765,0.7363,0.1163,0.037,0.5584,0.3367,False,False
外部需求 → 日本,us_power,機械,1,3,6,0.5716,0.6531,-0.1367,-0.0567,-0.5657,-0.4495,False,False
外部需求 → 日本,us_power,機械,1,6,0,0.4561,0.627,0.1955,0.0613,0.7452,0.4859,False,False
外部需求 → 日本,us_power,機械,1,6,3,0.9509,0.9745,0.0175,0.0041,0.0616,0.032,False,False
外部需求 → 日本,us_power,機械,1,6,6,0.1835,0.4267,-0.3146,-0.101,-1.3301,-0.7949,False,False
外部需求 → 日本,us_power,機械,3,1,0,0.7484,0.8095,0.032,0.0209,0.3208,0.241,False,False
外部需求 → 日本,us_power,機械,3,1,3,0.5816,0.6449,0.0444,0.035,0.551,0.4609,False,False
外部需求 → 日本,us_power,機械,3,1,6,0.5505,0.603,-0.0572,-0.0381,-0.597,-0.5201,False,False
外部需求 → 日本,us_power,機械,3,3,0,0.4934,0.7087,0.1401,-0.0549,0.6848,-0.3736,False,False
外部需求 → 日本,us_power,機械,3,3,3,0.7479,0.3492,0.0681,0.1104,0.3214,0.9362,False,False
外部需求 → 日本,us_power,機械,3,3,6,0.2254,0.0198,-0.2412,-0.2447,-1.2122,-2.3295,False,False
外部需求 → 日本,us_power,機械,3,6,0,0.3045,0.876,0.1986,0.0266,1.0268,0.156,False,False
外部需求 → 日本,us_power,機械,3,6,3,0.6066,0.3286,-0.1659,-0.1279,-0.515,-0.9769,False,False
外部需求 → 日本,us_power,機械,3,6,6,0.3755,0.0765,-0.244,-0.2828,-0.8862,-1.7712,False,False
外部需求 → 日本,us_power,機械,6,1,0,0.4404,0.3952,0.0577,0.0613,0.7715,0.8503,False,False
外部需求 → 日本,us_power,機械,6,1,3,0.8316,0.8747,-0.0193,0.0112,-0.2126,0.1577,False,False
外部需求 → 日本,us_power,機械,6,1,6,0.2384,0.0551,-0.0948,-0.1232,-1.179,-1.9179,False,False
外部需求 → 日本,us_power,機械,6,3,0,0.2565,0.6473,0.1439,0.0638,1.1348,0.4575,False,False
外部需求 → 日本,us_power,機械,6,3,3,0.6409,0.3419,-0.1095,-0.1174,-0.4665,-0.9503,False,False
外部需求 → 日本,us_power,機械,6,3,6,0.4409,0.0217,-0.1557,-0.2929,-0.7706,-2.2956,False,False
外部需求 → 日本,us_power,機械,6,6,0,0.9153,0.7134,0.033,-0.0773,0.1063,-0.3673,False,False
外部需求 → 日本,us_power,機械,6,6,3,0.3348,0.0345,-0.2601,-0.3994,-0.9644,-2.1138,False,False
外部需求 → 日本,us_power,機械,6,6,6,0.7542,0.9694,-0.1215,0.0083,-0.3131,0.0384,False,False
外部需求 → 日本,us_power,水産・農林業,1,1,0,0.9136,0.6105,-0.0208,0.0513,-0.1085,0.5094,False,False
外部需求 → 日本,us_power,水産・農林業,1,1,3,0.6381,0.0326,0.093,0.2235,0.4704,2.1367,False,False
外部需求 → 日本,us_power,水産・農林業,1,1,6,0.8965,0.4688,0.0273,0.0826,0.13,0.7244,False,False
外部需求 → 日本,us_power,水産・農林業,1,3,0,0.8361,0.3926,-0.0636,-0.1267,-0.2068,-0.8549,False,False
外部需求 → 日本,us_power,水産・農林業,1,3,3,0.2133,0.3291,-0.4264,0.1423,-1.2445,0.976,False,False
外部需求 → 日本,us_power,水産・農林業,1,3,6,0.5849,0.6159,0.2156,0.0875,0.5463,0.5017,False,False
外部需求 → 日本,us_power,水産・農林業,1,6,0,0.1765,0.875,-0.5041,0.0236,-1.3515,0.1573,False,False
外部需求 → 日本,us_power,水産・農林業,1,6,3,0.6169,0.1627,-0.2095,0.2023,-0.5002,1.3962,False,False
外部需求 → 日本,us_power,水産・農林業,1,6,6,0.1313,0.6336,0.6577,0.0737,1.5091,0.4767,False,False
外部需求 → 日本,us_power,水産・農林業,3,1,0,0.7955,0.4398,-0.0364,-0.0709,-0.2592,-0.7725,False,False
外部需求 → 日本,us_power,水産・農林業,3,1,3,0.132,0.2181,-0.1971,0.1091,-1.5062,1.2315,False,False
外部需求 → 日本,us_power,水産・農林業,3,1,6,0.3216,0.6835,0.1496,0.0381,0.9912,0.4077,False,False
外部需求 → 日本,us_power,水産・農林業,3,3,0,0.4873,0.861,-0.2065,0.0355,-0.6947,0.1751,False,False
外部需求 → 日本,us_power,水産・農林業,3,3,3,0.2014,0.746,-0.4718,0.0572,-1.2776,0.3239,False,False
外部需求 → 日本,us_power,水産・農林業,3,3,6,0.2337,0.2075,0.4338,0.2587,1.1909,1.2604,False,False
外部需求 → 日本,us_power,水産・農林業,3,6,0,0.0646,0.5629,-0.6876,0.1196,-1.8477,0.5786,False,False
外部需求 → 日本,us_power,水産・農林業,3,6,3,0.9148,0.0817,-0.0412,0.3454,-0.107,1.7408,False,False
外部需求 → 日本,us_power,水産・農林業,3,6,6,0.0192,0.0993,1.1412,0.3308,2.3407,1.6481,False,False
外部需求 → 日本,us_power,水産・農林業,6,1,0,0.1955,0.9153,-0.1649,0.0086,-1.2944,0.1063,False,False
外部需求 → 日本,us_power,水産・農林業,6,1,3,0.7534,0.0615,-0.0405,0.1546,-0.3142,1.8698,False,False
外部需求 → 日本,us_power,水産・農林業,6,1,6,0.0672,0.4911,0.2546,0.0667,1.8302,0.6885,False,False
外部需求 → 日本,us_power,水産・農林業,6,3,0,0.0665,0.7416,-0.5111,0.065,-1.8347,0.3297,False,False
外部需求 → 日本,us_power,水産・農林業,6,3,3,0.9176,0.109,-0.031,0.2957,-0.1035,1.6028,False,False
外部需求 → 日本,us_power,水産・農林業,6,3,6,0.0317,0.1694,0.8319,0.2919,2.1483,1.3743,False,False
外部需求 → 日本,us_power,水産・農林業,6,6,0,0.1251,0.1883,-0.5519,0.4143,-1.5336,1.3158,False,False
外部需求 → 日本,us_power,水産・農林業,6,6,3,0.0451,0.0057,0.8218,0.6408,2.0034,2.7642,False,False
外部需求 → 日本,us_power,水産・農林業,6,6,6,0.0372,0.3968,1.2197,0.179,2.0832,0.8473,False,False
外部需求 → 日本,us_power,海運業,1,1,0,0.3494,0.8588,0.3234,0.0536,0.9358,0.1779,False,False
外部需求 → 日本,us_power,海運業,1,1,3,0.2297,0.1976,0.3335,-0.3286,1.2012,-1.2884,False,False
外部需求 → 日本,us_power,海運業,1,1,6,0.5307,0.2235,0.1961,0.3576,0.6269,1.2172,False,False
外部需求 → 日本,us_power,海運業,1,3,0,0.2778,0.2851,-0.7032,0.4343,-1.0854,1.0689,False,False
外部需求 → 日本,us_power,海運業,1,3,3,0.042,0.1384,0.9932,-0.515,2.0333,-1.4817,False,False
外部需求 → 日本,us_power,海運業,1,3,6,0.6434,0.1394,0.2676,0.5082,0.463,1.4779,False,False
外部需求 → 日本,us_power,海運業,1,6,0,0.7273,0.8355,0.2858,-0.0814,0.3487,-0.2077,False,False
外部需求 → 日本,us_power,海運業,1,6,3,0.0929,0.9061,1.2651,-0.0428,1.6801,-0.118,False,False
外部需求 → 日本,us_power,海運業,1,6,6,0.5777,0.2221,-0.3557,0.4978,-0.5567,1.2209,False,False
外部需求 → 日本,us_power,海運業,3,1,0,0.1233,0.149,-0.3949,0.3213,-1.5411,1.443,False,False
外部需求 → 日本,us_power,海運業,3,1,3,0.0252,0.02,0.42,-0.4301,2.2381,-2.3256,False,False
外部需求 → 日本,us_power,海運業,3,1,6,0.4871,0.0863,0.1472,0.3572,0.695,1.7154,False,False
外部需求 → 日本,us_power,海運業,3,3,0,0.1103,0.2219,-0.9088,0.4855,-1.5967,1.2214,False,False
外部需求 → 日本,us_power,海運業,3,3,3,0.1062,0.773,0.9029,-0.11,1.6157,-0.2885,False,False
外部需求 → 日本,us_power,海運業,3,3,6,0.8964,0.2075,0.0654,-0.4391,0.1302,-1.2604,False,False
外部需求 → 日本,us_power,海運業,3,6,0,0.9897,0.4075,-0.009,0.4281,-0.0129,0.8282,False,False
外部需求 → 日本,us_power,海運業,3,6,3,0.2884,0.2919,0.9546,-0.4618,1.0617,-1.0539,False,False
外部需求 → 日本,us_power,海運業,3,6,6,0.1934,0.6019,-0.9162,0.3042,-1.3004,0.5217,False,False
外部需求 → 日本,us_power,海運業,6,1,0,0.98,0.646,0.0052,-0.1034,0.0251,-0.4593,False,False
外部需求 → 日本,us_power,海運業,6,1,3,0.033,0.7286,0.4406,-0.0615,2.132,-0.347,False,False
外部需求 → 日本,us_power,海運業,6,1,6,0.6375,0.0869,-0.0896,0.3573,-0.4711,1.7117,False,False
外部需求 → 日本,us_power,海運業,6,3,0,0.9576,0.4034,-0.021,0.3716,-0.0531,0.8356,False,False
外部需求 → 日本,us_power,海運業,6,3,3,0.1486,0.0953,0.9064,-0.597,1.4445,-1.6679,False,False
外部需求 → 日本,us_power,海運業,6,3,6,0.1826,0.5265,-0.6514,0.3228,-1.3328,0.6334,False,False
外部需求 → 日本,us_power,海運業,6,6,0,0.2776,0.8987,0.8698,-0.084,1.0858,-0.1272,False,False
外部需求 → 日本,us_power,海運業,6,6,3,0.7372,0.6527,0.2613,-0.2844,0.3356,-0.4501,False,False
外部需求 → 日本,us_power,海運業,6,6,6,0.0763,0.9894,-1.2826,0.0114,-1.7728,0.0133,False,False
外部需求 → 日本,us_power,石油・石炭製品,1,1,0,0.4721,0.4538,0.1859,-0.1713,0.719,-0.749,False,False
外部需求 → 日本,us_power,石油・石炭製品,1,1,3,0.7489,0.4788,0.0909,0.1506,0.3201,0.7082,False,False
外部需求 → 日本,us_power,石油・石炭製品,1,1,6,0.3815,0.499,0.2194,0.1635,0.8752,0.6761,False,False
外部需求 → 日本,us_power,石油・石炭製品,1,3,0,0.0004,0.6274,1.2984,-0.1657,3.5747,-0.4854,True,False
外部需求 → 日本,us_power,石油・石炭製品,1,3,3,0.7254,0.4651,0.1823,0.2481,0.3513,0.7305,False,False
外部需求 → 日本,us_power,石油・石炭製品,1,3,6,0.9737,0.8458,-0.0132,-0.0778,-0.033,-0.1945,False,False
外部需求 → 日本,us_power,石油・石炭製品,1,6,0,0.0154,0.7668,1.4192,0.0769,2.4221,0.2966,False,False
外部需求 → 日本,us_power,石油・石炭製品,1,6,3,0.8359,0.6239,0.1091,0.1703,0.2071,0.4903,False,False
外部需求 → 日本,us_power,石油・石炭製品,1,6,6,0.1406,0.2857,-0.8193,-0.4231,-1.4734,-1.0677,False,False
外部需求 → 日本,us_power,石油・石炭製品,3,1,0,0.0,0.5047,0.6033,-0.1238,4.4108,-0.6671,True,False
外部需求 → 日本,us_power,石油・石炭製品,3,1,3,0.7993,0.1734,0.049,0.2195,0.2543,1.3614,False,False
外部需求 → 日本,us_power,石油・石炭製品,3,1,6,0.9058,0.4845,0.0202,-0.1304,0.1183,-0.6991,False,False
外部需求 → 日本,us_power,石油・石炭製品,3,3,0,0.0003,0.9024,1.3032,-0.0486,3.5889,-0.1227,True,False
外部需求 → 日本,us_power,石油・石炭製品,3,3,3,0.3793,0.0286,0.3797,0.8943,0.8792,2.1893,False,False
外部需求 → 日本,us_power,石油・石炭製品,3,3,6,0.2107,0.0203,-0.4852,-0.8034,-1.2518,-2.3199,False,False
外部需求 → 日本,us_power,石油・石炭製品,3,6,0,0.0022,0.0791,1.6291,0.8774,3.0583,1.7558,True,True
外部需求 → 日本,us_power,石油・石炭製品,3,6,3,0.822,0.531,-0.1126,0.246,-0.225,0.6265,False,False
外部需求 → 日本,us_power,石油・石炭製品,3,6,6,0.0705,0.0179,-1.148,-1.4007,-1.8085,-2.3672,False,False
外部需求 → 日本,us_power,石油・石炭製品,6,1,0,0.0,0.6841,0.4654,0.0717,4.2101,0.4068,True,False
外部需求 → 日本,us_power,石油・石炭製品,6,1,3,0.5054,0.6901,0.0869,0.0613,0.666,0.3987,False,False
外部需求 → 日本,us_power,石油・石炭製品,6,1,6,0.2076,0.0899,-0.2315,-0.3245,-1.2601,-1.6958,False,False
外部需求 → 日本,us_power,石油・石炭製品,6,3,0,0.0001,0.063,1.1559,0.8769,4.0258,1.8592,True,True
外部需求 → 日本,us_power,石油・石炭製品,6,3,3,0.9504,0.8201,0.0217,0.0766,0.0622,0.2275,False,False
外部需求 → 日本,us_power,石油・石炭製品,6,3,6,0.0714,0.0126,-0.8238,-1.2637,-1.8028,-2.494,False,False
外部需求 → 日本,us_power,石油・石炭製品,6,6,0,0.0126,0.0283,1.1302,1.1278,2.4948,2.1928,False,False
外部需求 → 日本,us_power,石油・石炭製品,6,6,3,0.1733,0.0548,-0.8318,-1.1448,-1.3616,-1.9203,False,False
外部需求 → 日本,us_power,石油・石炭製品,6,6,6,0.2828,0.0133,-0.6283,-1.366,-1.074,-2.4757,False,False
外部需求 → 日本,us_power,精密機器,1,1,0,0.0071,0.4637,0.317,0.0593,2.6932,0.7328,False,False
外部需求 → 日本,us_power,精密機器,1,1,3,0.325,0.9083,-0.128,-0.0089,-0.9842,-0.1151,False,False
外部需求 → 日本,us_power,精密機器,1,1,6,0.9065,0.92,-0.015,0.0094,-0.1175,0.1005,False,False
外部需求 → 日本,us_power,精密機器,1,3,0,0.0349,0.2385,0.4433,0.1408,2.1101,1.1788,False,False
外部需求 → 日本,us_power,精密機器,1,3,3,0.1386,0.4349,-0.3079,-0.09,-1.4811,-0.7808,False,False
外部需求 → 日本,us_power,精密機器,1,3,6,0.6657,0.4558,0.0749,0.1113,0.432,0.7457,False,False
外部需求 → 日本,us_power,精密機器,1,6,0,0.5262,0.6856,0.1558,0.0551,0.6338,0.4049,False,False
外部需求 → 日本,us_power,精密機器,1,6,3,0.31,0.733,-0.2189,0.0439,-1.0152,0.3411,False,False
外部需求 → 日本,us_power,精密機器,1,6,6,0.2486,0.6746,0.2721,-0.054,1.1537,-0.4198,False,False
外部需求 → 日本,us_power,精密機器,3,1,0,0.0252,0.1522,0.1863,0.1149,2.239,1.4319,False,False
外部需求 → 日本,us_power,精密機器,3,1,3,0.0445,0.434,-0.1464,-0.0599,-2.009,-0.7824,False,False
外部需求 → 日本,us_power,精密機器,3,1,6,0.572,0.3005,0.0373,0.0834,0.5651,1.0353,False,False
外部需求 → 日本,us_power,精密機器,3,3,0,0.6323,0.026,0.0992,0.3335,0.4785,2.2262,False,False
外部需求 → 日本,us_power,精密機器,3,3,3,0.0401,0.709,-0.2697,-0.053,-2.0525,-0.3732,False,False
外部需求 → 日本,us_power,精密機器,3,3,6,0.2165,0.7919,0.1835,-0.0426,1.2359,-0.2638,False,False
外部需求 → 日本,us_power,精密機器,3,6,0,0.5034,0.1705,-0.1782,0.2555,-0.6692,1.3705,False,False
外部需求 → 日本,us_power,精密機器,3,6,3,0.6451,0.5412,-0.0774,-0.107,-0.4606,-0.6109,False,False
外部需求 → 日本,us_power,精密機器,3,6,6,0.7142,0.4279,0.1022,-0.1617,0.3662,-0.7929,False,False
外部需求 → 日本,us_power,精密機器,6,1,0,0.8442,0.3759,0.0152,0.0622,0.1965,0.8856,False,False
外部需求 → 日本,us_power,精密機器,6,1,3,0.1404,0.8422,-0.0798,0.0137,-1.4742,0.1991,False,False
外部需求 → 日本,us_power,精密機器,6,1,6,0.091,0.4022,0.1067,-0.0592,1.6899,-0.8378,False,False
外部需求 → 日本,us_power,精密機器,6,3,0,0.3639,0.0381,-0.1688,0.2854,-0.908,2.0743,False,False
外部需求 → 日本,us_power,精密機器,6,3,3,0.6894,0.3769,-0.0511,-0.1041,-0.3996,-0.8837,False,False
外部需求 → 日本,us_power,精密機器,6,3,6,0.5915,0.2945,0.1009,-0.1663,0.5367,-1.0483,False,False
外部需求 → 日本,us_power,精密機器,6,6,0,0.2126,0.4338,-0.2191,0.1503,-1.2465,0.7826,False,False
外部需求 → 日本,us_power,精密機器,6,6,3,0.8052,0.2142,0.0644,-0.2561,0.2467,-1.242,False,False
外部需求 → 日本,us_power,精密機器,6,6,6,0.4372,0.9852,-0.198,0.0037,-0.7769,0.0186,False,False
外部需求 → 日本,us_power,繊維製品,1,1,0,0.4544,0.2317,-0.0822,-0.1254,-0.7481,-1.1959,False,False
外部需求 → 日本,us_power,繊維製品,1,1,3,0.5243,0.0451,0.0791,-0.1983,0.6367,-2.0035,False,False
外部需求 → 日本,us_power,繊維製品,1,1,6,0.3016,0.7611,-0.1315,-0.0269,-1.0329,-0.304,False,False
外部需求 → 日本,us_power,繊維製品,1,3,0,0.6877,0.4033,0.072,0.1137,0.402,0.8357,False,False
外部需求 → 日本,us_power,繊維製品,1,3,3,0.703,0.7266,0.076,0.0485,0.3813,0.3496,False,False
外部需求 → 日本,us_power,繊維製品,1,3,6,0.3865,0.6251,-0.167,-0.068,-0.866,-0.4886,False,False
外部需求 → 日本,us_power,繊維製品,1,6,0,0.5712,0.3494,0.1338,0.1532,0.5663,0.9358,False,False
外部需求 → 日本,us_power,繊維製品,1,6,3,0.7437,0.9874,-0.0768,0.0025,-0.3269,0.0158,False,False
外部需求 → 日本,us_power,繊維製品,1,6,6,0.5144,0.5261,0.1795,0.0939,0.6519,0.634,False,False
外部需求 → 日本,us_power,繊維製品,3,1,0,0.5351,0.3563,0.05,0.0758,0.6203,0.9224,False,False
外部需求 → 日本,us_power,繊維製品,3,1,3,0.6351,0.5839,0.0359,0.0387,0.4745,0.5477,False,False
外部需求 → 日本,us_power,繊維製品,3,1,6,0.4117,0.4855,-0.0684,-0.0549,-0.8209,-0.6975,False,False
外部需求 → 日本,us_power,繊維製品,3,3,0,0.3151,0.587,0.1924,0.1055,1.0047,0.5432,False,False
外部需求 → 日本,us_power,繊維製品,3,3,3,0.8869,0.1077,-0.029,0.2889,-0.1422,1.6086,False,False
外部需求 → 日本,us_power,繊維製品,3,3,6,0.5191,0.8688,0.1075,-0.0261,0.6448,-0.1652,False,False
外部需求 → 日本,us_power,繊維製品,3,6,0,0.4859,0.142,0.1556,0.3836,0.6968,1.4685,False,False
外部需求 → 日本,us_power,繊維製品,3,6,3,0.7423,0.2842,0.0899,0.2973,0.3288,1.071,False,False
外部需求 → 日本,us_power,繊維製品,3,6,6,0.1103,0.5828,0.4445,0.0904,1.5966,0.5493,False,False
外部需求 → 日本,us_power,繊維製品,6,1,0,0.3989,0.093,0.05,0.124,0.8436,1.6798,False,False
外部需求 → 日本,us_power,繊維製品,6,1,3,0.6187,0.9462,-0.0394,-0.0056,-0.4977,-0.0675,False,False
外部需求 → 日本,us_power,繊維製品,6,1,6,0.164,0.6001,0.094,0.0551,1.3918,0.5243,False,False
外部需求 → 日本,us_power,繊維製品,6,3,0,0.4841,0.0185,0.0943,0.4002,0.6997,2.3563,False,False
外部需求 → 日本,us_power,繊維製品,6,3,3,0.7985,0.2711,0.0513,0.2787,0.2554,1.1004,False,False
外部需求 → 日本,us_power,繊維製品,6,3,6,0.0632,0.5089,0.3225,0.1027,1.8579,0.6605,False,False
外部需求 → 日本,us_power,繊維製品,6,6,0,0.6038,0.0803,0.1495,0.6995,0.519,1.7492,False,False
外部需求 → 日本,us_power,繊維製品,6,6,3,0.1497,0.1856,0.3778,0.4028,1.4407,1.3238,False,False
外部需求 → 日本,us_power,繊維製品,6,6,6,0.2482,0.5604,0.3462,0.1604,1.1548,0.5822,False,False
外部需求 → 日本,us_power,証券、商品先物取引業,1,1,0,0.632,0.4118,-0.13,0.1041,-0.4789,0.8207,False,False
外部需求 → 日本,us_power,証券、商品先物取引業,1,1,3,0.1213,0.0283,-0.4436,-0.2266,-1.5495,-2.1931,False,False
外部需求 → 日本,us_power,証券、商品先物取引業,1,1,6,0.5562,0.5277,0.1728,-0.0818,0.5886,-0.6315,False,False
外部需求 → 日本,us_power,証券、商品先物取引業,1,3,0,0.0719,0.37,-0.7665,0.1865,-1.7995,0.8965,False,False
外部需求 → 日本,us_power,証券、商品先物取引業,1,3,3,0.5413,0.4436,0.3142,0.1333,0.6108,0.7661,False,False
外部需求 → 日本,us_power,証券、商品先物取引業,1,3,6,0.6122,0.6876,-0.2581,0.0781,-0.5069,0.4022,False,False
外部需求 → 日本,us_power,証券、商品先物取引業,1,6,0,0.5196,0.0858,-0.4106,0.3144,-0.6439,1.718,False,False
外部需求 → 日本,us_power,証券、商品先物取引業,1,6,3,0.8173,0.3387,0.1574,0.2258,0.231,0.9568,False,False
外部需求 → 日本,us_power,証券、商品先物取引業,1,6,6,0.4683,0.2656,-0.4715,-0.2339,-0.7252,-1.1133,False,False
外部需求 → 日本,us_power,証券、商品先物取引業,3,1,0,0.0646,0.2758,-0.3712,0.1203,-1.8477,1.0898,False,False
外部需求 → 日本,us_power,証券、商品先物取引業,3,1,3,0.4664,0.461,0.142,0.0699,0.7283,0.7372,False,False
外部需求 → 日本,us_power,証券、商品先物取引業,3,1,6,0.5813,0.8105,-0.115,0.0238,-0.5515,0.2398,False,False
外部需求 → 日本,us_power,証券、商品先物取引業,3,3,0,0.0071,0.845,-1.1881,-0.0465,-2.6929,-0.1955,False,False
外部需求 → 日本,us_power,証券、商品先物取引業,3,3,3,0.196,0.2416,0.676,0.2926,1.293,1.1709,False,False
外部需求 → 日本,us_power,証券、商品先物取引業,3,3,6,0.5585,0.6123,-0.3145,-0.1009,-0.5851,-0.5068,False,False
外部需求 → 日本,us_power,証券、商品先物取引業,3,6,0,0.4737,0.2072,-0.49,0.2628,-0.7165,1.2613,False,False
外部需求 → 日本,us_power,証券、商品先物取引業,3,6,3,0.6749,0.5272,0.3078,0.1736,0.4195,0.6323,False,False
外部需求 → 日本,us_power,証券、商品先物取引業,3,6,6,0.341,0.082,-0.6555,-0.5834,-0.9521,-1.739,False,False
外部需求 → 日本,us_power,証券、商品先物取引業,6,1,0,0.2918,0.0517,-0.2063,0.2032,-1.0542,1.9453,False,False
外部需求 → 日本,us_power,証券、商品先物取引業,6,1,3,0.84,0.4285,0.0327,0.0838,0.2019,0.7918,False,False
外部需求 → 日本,us_power,証券、商品先物取引業,6,1,6,0.3982,0.074,-0.151,-0.1957,-0.8448,-1.7864,False,False
外部需求 → 日本,us_power,証券、商品先物取引業,6,3,0,0.4398,0.2218,-0.3448,0.2557,-0.7726,1.2218,False,False
外部需求 → 日本,us_power,証券、商品先物取引業,6,3,3,0.4934,0.4543,0.3464,0.1434,0.6849,0.7482,False,False
外部需求 → 日本,us_power,証券、商品先物取引業,6,3,6,0.168,0.0342,-0.5337,-0.56,-1.3785,-2.1179,False,False
外部需求 → 日本,us_power,証券、商品先物取引業,6,6,0,0.9758,0.1179,-0.0243,0.3977,-0.0303,1.5638,False,False
外部需求 → 日本,us_power,証券、商品先物取引業,6,6,3,0.6981,0.1972,-0.2256,-0.4394,-0.3879,-1.2895,False,False
外部需求 → 日本,us_power,証券、商品先物取引業,6,6,6,0.1989,0.0003,-1.1187,-1.2577,-1.2847,-3.656,False,False
外部需求 → 日本,us_power,輸送用機器,1,1,0,0.784,0.7308,-0.0606,-0.0429,-0.2742,-0.3441,False,False
外部需求 → 日本,us_power,輸送用機器,1,1,3,0.0886,0.7548,-0.339,-0.0378,-1.703,-0.3123,False,False
外部需求 → 日本,us_power,輸送用機器,1,1,6,0.8784,0.4891,-0.0328,-0.0842,-0.1529,-0.6917,False,False
外部需求 → 日本,us_power,輸送用機器,1,3,0,0.2594,0.3956,0.403,0.1224,1.1278,0.8496,False,False
外部需求 → 日本,us_power,輸送用機器,1,3,3,0.4552,0.6012,-0.2306,0.0716,-0.7467,0.5226,False,False
外部需求 → 日本,us_power,輸送用機器,1,3,6,0.8758,0.3047,0.0471,-0.1327,0.1563,-1.0263,False,False
外部需求 → 日本,us_power,輸送用機器,1,6,0,0.4721,0.1772,0.2873,0.2035,0.7191,1.3495,False,False
外部需求 → 日本,us_power,輸送用機器,1,6,3,0.9637,0.413,-0.0144,-0.0954,-0.0455,-0.8187,False,False
外部需求 → 日本,us_power,輸送用機器,1,6,6,0.7376,0.8921,0.1276,-0.0213,0.335,-0.1357,False,False
外部需求 → 日本,us_power,輸送用機器,3,1,0,0.1431,0.4793,0.2207,0.0645,1.4643,0.7073,False,False
外部需求 → 日本,us_power,輸送用機器,3,1,3,0.4912,0.6798,-0.0808,0.0341,-0.6884,0.4127,False,False
外部需求 → 日本,us_power,輸送用機器,3,1,6,0.5576,0.1244,0.0702,-0.1152,0.5864,-1.5364,False,False
外部需求 → 日本,us_power,輸送用機器,3,3,0,0.4503,0.717,0.2534,0.0641,0.7549,0.3625,False,False
外部需求 → 日本,us_power,輸送用機器,3,3,3,0.7549,0.2217,0.0715,0.1879,0.3122,1.2221,False,False
外部需求 → 日本,us_power,輸送用機器,3,3,6,0.5942,0.21,0.137,-0.2029,0.5327,-1.2534,False,False
外部需求 → 日本,us_power,輸送用機器,3,6,0,0.3425,0.1538,0.297,0.2821,0.9492,1.4261,False,False
外部需求 → 日本,us_power,輸送用機器,3,6,3,0.5581,0.9265,0.2093,0.0169,0.5857,0.0923,False,False
外部需求 → 日本,us_power,輸送用機器,3,6,6,0.9738,0.3822,-0.0117,-0.192,-0.0328,-0.8738,False,False
外部需求 → 日本,us_power,輸送用機器,6,1,0,0.3201,0.2288,0.1148,0.0981,0.9942,1.2035,False,False
外部需求 → 日本,us_power,輸送用機器,6,1,3,0.8905,0.4025,-0.0143,-0.0577,-0.1377,-0.8373,False,False
外部需求 → 日本,us_power,輸送用機器,6,1,6,0.2189,0.492,0.1127,-0.0617,1.2293,-0.6872,False,False
外部需求 → 日本,us_power,輸送用機器,6,3,0,0.2958,0.214,0.2682,0.2183,1.0454,1.2427,False,False
外部需求 → 日本,us_power,輸送用機器,6,3,3,0.4395,0.998,0.1899,-0.0004,0.773,-0.0025,False,False
外部需求 → 日本,us_power,輸送用機器,6,3,6,0.9553,0.213,0.0128,-0.206,0.056,-1.2453,False,False
外部需求 → 日本,us_power,輸送用機器,6,6,0,0.2264,0.2367,0.4371,0.2768,1.2096,1.1833,False,False
外部需求 → 日本,us_power,輸送用機器,6,6,3,0.4422,0.3922,0.2244,-0.1857,0.7685,-0.8557,False,False
外部需求 → 日本,us_power,輸送用機器,6,6,6,0.1861,0.8467,-0.5506,-0.0663,-1.3223,-0.1933,False,False
外部需求 → 日本,us_power,金属製品,1,1,0,0.4508,0.2013,-0.0981,-0.0981,-0.7541,-1.2778,False,False
外部需求 → 日本,us_power,金属製品,1,1,3,0.0,0.7476,-0.5157,-0.0269,-4.2495,-0.3218,True,False
外部需求 → 日本,us_power,金属製品,1,1,6,0.4469,0.8985,-0.0832,-0.0092,-0.7606,-0.1276,False,False
外部需求 → 日本,us_power,金属製品,1,3,0,0.8806,0.8916,0.0278,0.0121,0.1502,0.1363,False,False
外部需求 → 日本,us_power,金属製品,1,3,3,0.3783,0.8518,-0.1667,-0.0186,-0.8811,-0.1868,False,False
外部需求 → 日本,us_power,金属製品,1,3,6,0.4372,0.193,0.1525,-0.1299,0.7769,-1.3018,False,False
外部需求 → 日本,us_power,金属製品,1,6,0,0.6082,0.7779,-0.1241,-0.0274,-0.5126,-0.2821,False,False
外部需求 → 日本,us_power,金属製品,1,6,3,0.9845,0.1181,0.0042,-0.1578,0.0194,-1.563,False,False
外部需求 → 日本,us_power,金属製品,1,6,6,0.8447,0.4126,-0.0446,-0.0917,-0.1959,-0.8193,False,False
外部需求 → 日本,us_power,金属製品,3,1,0,0.9967,0.6802,-0.0004,0.0284,-0.0042,0.4122,False,False
外部需求 → 日本,us_power,金属製品,3,1,3,0.336,0.6883,-0.0769,-0.0296,-0.9621,-0.4011,False,False
外部需求 → 日本,us_power,金属製品,3,1,6,0.4125,0.1629,0.0768,-0.0827,0.8195,-1.3953,False,False
外部需求 → 日本,us_power,金属製品,3,3,0,0.0698,0.2535,-0.3163,0.1523,-1.8132,1.1419,False,False
外部需求 → 日本,us_power,金属製品,3,3,3,0.2047,0.9067,0.208,-0.0123,1.2683,-0.1173,False,False
外部需求 → 日本,us_power,金属製品,3,3,6,0.5028,0.107,-0.1125,-0.2017,-0.6701,-1.6118,False,False
外部需求 → 日本,us_power,金属製品,3,6,0,0.5938,0.385,-0.1032,0.1271,-0.5333,0.8688,False,False
外部需求 → 日本,us_power,金属製品,3,6,3,0.645,0.0789,0.099,-0.2793,0.4607,-1.7571,False,False
外部需求 → 日本,us_power,金属製品,3,6,6,0.3823,0.021,-0.187,-0.3535,-0.8737,-2.3087,False,False
外部需求 → 日本,us_power,金属製品,6,1,0,0.3538,0.8102,-0.0679,0.0151,-0.9272,0.2402,False,False
外部需求 → 日本,us_power,金属製品,6,1,3,0.9562,0.0549,-0.0039,-0.0977,-0.0549,-1.9195,False,False
外部需求 → 日本,us_power,金属製品,6,1,6,0.6978,0.1962,-0.0267,-0.0896,-0.3883,-1.2924,False,False
外部需求 → 日本,us_power,金属製品,6,3,0,0.4497,0.2178,-0.0977,0.1539,-0.7559,1.2324,False,False
外部需求 → 日本,us_power,金属製品,6,3,3,0.6912,0.2098,0.0553,-0.1811,0.3973,-1.2541,False,False
外部需求 → 日本,us_power,金属製品,6,3,6,0.2883,0.003,-0.1608,-0.3747,-1.0619,-2.9658,False,False
外部需求 → 日本,us_power,金属製品,6,6,0,0.859,0.588,-0.0357,-0.0993,-0.1777,-0.5417,False,False
外部需求 → 日本,us_power,金属製品,6,6,3,0.6287,0.0077,-0.1031,-0.5787,-0.4835,-2.6658,False,False
外部需求 → 日本,us_power,金属製品,6,6,6,0.431,0.0139,-0.1667,-0.3552,-0.7875,-2.4591,False,False
外部需求 → 日本,us_power,鉄鋼,1,1,0,0.4533,0.4604,-0.1591,0.0979,-0.75,0.7382,False,False
外部需求 → 日本,us_power,鉄鋼,1,1,3,0.5245,0.0007,-0.1236,-0.3464,-0.6365,-3.3989,False,False
外部需求 → 日本,us_power,鉄鋼,1,1,6,0.0281,0.1488,-0.4596,0.184,-2.1957,1.4439,False,False
外部需求 → 日本,us_power,鉄鋼,1,3,0,0.8852,0.0681,-0.0549,0.3267,-0.1444,1.8245,False,False
外部需求 → 日本,us_power,鉄鋼,1,3,3,0.0141,0.1495,0.8287,-0.235,2.4544,-1.4412,False,False
外部需求 → 日本,us_power,鉄鋼,1,3,6,0.0254,0.1437,-0.7513,0.2317,-2.2356,1.462,False,False
外部需求 → 日本,us_power,鉄鋼,1,6,0,0.0514,0.5501,0.7556,0.1065,1.9484,0.5976,False,False
外部需求 → 日本,us_power,鉄鋼,1,6,3,0.8584,0.8575,0.0738,-0.0289,0.1784,-0.1796,False,False
外部需求 → 日本,us_power,鉄鋼,1,6,6,0.0002,0.2583,-1.0586,0.2025,-3.7252,1.1304,True,False
外部需求 → 日本,us_power,鉄鋼,3,1,0,0.8743,0.0228,-0.0252,0.2439,-0.1582,2.2775,False,False
外部需求 → 日本,us_power,鉄鋼,3,1,3,0.0098,0.0789,0.3757,-0.1864,2.5826,-1.7569,False,False
外部需求 → 日本,us_power,鉄鋼,3,1,6,0.0204,0.1891,-0.3446,0.1345,-2.318,1.3133,False,False
外部需求 → 日本,us_power,鉄鋼,3,3,0,0.7776,0.8097,0.0781,0.0449,0.2825,0.2409,False,False
外部需求 → 日本,us_power,鉄鋼,3,3,3,0.0626,0.9753,0.6003,0.0038,1.862,0.031,False,False
外部需求 → 日本,us_power,鉄鋼,3,3,6,0.0159,0.7657,-0.669,-0.0499,-2.4119,-0.298,False,False
外部需求 → 日本,us_power,鉄鋼,3,6,0,0.0616,0.7021,0.6742,0.0822,1.8689,0.3826,False,False
外部需求 → 日本,us_power,鉄鋼,3,6,3,0.8398,0.9168,-0.0763,-0.0207,-0.2022,-0.1045,False,False
外部需求 → 日本,us_power,鉄鋼,3,6,6,0.0328,0.5771,-0.7349,0.1503,-2.1351,0.5577,False,False
外部需求 → 日本,us_power,鉄鋼,6,1,0,0.0116,0.4857,0.2578,0.0733,2.5232,0.6971,False,False
外部需求 → 日本,us_power,鉄鋼,6,1,3,0.754,0.4725,0.0417,-0.0592,0.3134,-0.7184,False,False
外部需求 → 日本,us_power,鉄鋼,6,1,6,0.0078,0.3074,-0.3757,0.1288,-2.6607,1.0207,False,False
外部需求 → 日本,us_power,鉄鋼,6,3,0,0.0297,0.7331,0.5337,0.0713,2.1742,0.341,False,False
外部需求 → 日本,us_power,鉄鋼,6,3,3,0.907,0.4219,0.0366,-0.1297,0.1168,-0.8031,False,False
外部需求 → 日本,us_power,鉄鋼,6,3,6,0.0429,0.4139,-0.6,0.1851,-2.0243,0.817,False,False
外部需求 → 日本,us_power,鉄鋼,6,6,0,0.2395,0.9898,0.5573,-0.0026,1.1761,-0.0128,False,False
外部需求 → 日本,us_power,鉄鋼,6,6,3,0.0438,0.8648,-0.5725,0.0528,-2.0158,0.1703,False,False
外部需求 → 日本,us_power,鉄鋼,6,6,6,0.619,0.9703,-0.1802,0.0136,-0.4973,0.0372,False,False
外部需求 → 日本,us_power,鉱業,1,1,0,0.5397,0.2067,0.1601,0.2552,0.6132,1.2627,False,False
外部需求 → 日本,us_power,鉱業,1,1,3,0.7219,0.6379,-0.1017,-0.0877,-0.3559,-0.4707,False,False
外部需求 → 日本,us_power,鉱業,1,1,6,0.2505,0.9828,-0.2856,0.0045,-1.1491,0.0216,False,False
外部需求 → 日本,us_power,鉱業,1,3,0,0.1423,0.2963,0.5581,0.2588,1.4674,1.0443,False,False
外部需求 → 日本,us_power,鉱業,1,3,3,0.3771,0.6203,0.3517,-0.1439,0.8832,-0.4955,False,False
外部需求 → 日本,us_power,鉱業,1,3,6,0.7178,0.8103,-0.1419,0.0644,-0.3614,0.2401,False,False
外部需求 → 日本,us_power,鉱業,1,6,0,0.0616,0.6477,0.9438,0.1221,1.8689,0.457,False,False
外部需求 → 日本,us_power,鉱業,1,6,3,0.8119,0.7923,0.1241,0.0701,0.238,0.2633,False,False
外部需求 → 日本,us_power,鉱業,1,6,6,0.1181,0.9734,-0.7855,-0.0107,-1.5626,-0.0334,False,False
外部需求 → 日本,us_power,鉱業,3,1,0,0.0918,0.2946,0.2853,0.1623,1.6858,1.048,False,False
外部需求 → 日本,us_power,鉱業,3,1,3,0.3928,0.5495,0.1658,-0.098,0.8545,-0.5984,False,False
外部需求 → 日本,us_power,鉱業,3,1,6,0.6534,0.5459,-0.0709,0.1041,-0.4491,0.6039,False,False
外部需求 → 日本,us_power,鉱業,3,3,0,0.0875,0.8325,0.5473,0.0593,1.7089,0.2115,False,False
外部需求 → 日本,us_power,鉱業,3,3,3,0.6399,0.4382,0.1825,0.2228,0.4678,0.7752,False,False
外部需求 → 日本,us_power,鉱業,3,3,6,0.2412,0.2711,-0.3483,-0.3384,-1.172,-1.1005,False,False
外部需求 → 日本,us_power,鉱業,3,6,0,0.2351,0.5919,0.7014,0.2391,1.1873,0.5361,False,False
外部需求 → 日本,us_power,鉱業,3,6,3,0.6804,0.8383,-0.1648,0.0628,-0.4119,0.204,False,False
外部需求 → 日本,us_power,鉱業,3,6,6,0.4273,0.8692,-0.4589,0.074,-0.7938,0.1646,False,False
外部需求 → 日本,us_power,鉱業,6,1,0,0.0355,0.6497,0.3081,0.0794,2.1026,0.4542,False,False
外部需求 → 日本,us_power,鉱業,6,1,3,0.6039,0.9481,0.096,-0.0107,0.5188,-0.0652,False,False
外部需求 → 日本,us_power,鉱業,6,1,6,0.0845,0.9568,-0.2462,0.0095,-1.725,0.0541,False,False
外部需求 → 日本,us_power,鉱業,6,3,0,0.1809,0.4877,0.5241,0.2581,1.3379,0.6939,False,False
外部需求 → 日本,us_power,鉱業,6,3,3,0.806,0.6997,-0.0648,-0.1447,-0.2456,-0.3857,False,False
外部需求 → 日本,us_power,鉱業,6,3,6,0.4607,0.9299,-0.3054,0.0309,-0.7376,0.088,False,False
外部需求 → 日本,us_power,鉱業,6,6,0,0.4329,0.672,0.438,0.2379,0.7843,0.4234,False,False
外部需求 → 日本,us_power,鉱業,6,6,3,0.3207,0.9037,-0.3993,0.0448,-0.993,0.121,False,False
外部需求 → 日本,us_power,鉱業,6,6,6,0.8887,0.2813,0.1143,0.5376,0.1399,1.0774,False,False
外部需求 → 日本,us_power,銀行業,1,1,0,0.7399,0.8487,-0.0634,0.0313,-0.332,0.1908,False,False
外部需求 → 日本,us_power,銀行業,1,1,3,0.5477,0.0768,-0.1036,-0.2449,-0.6013,-1.7695,False,False
外部需求 → 日本,us_power,銀行業,1,1,6,0.2708,0.9952,0.2094,0.001,1.1012,0.006,False,False
外部需求 → 日本,us_power,銀行業,1,3,0,0.307,0.7182,0.3115,-0.0815,1.0216,-0.3608,False,False
外部需求 → 日本,us_power,銀行業,1,3,3,0.9754,0.1558,-0.0072,0.2941,-0.0308,1.4195,False,False
外部需求 → 日本,us_power,銀行業,1,3,6,0.9226,0.8292,-0.0266,0.0558,-0.0972,0.2158,False,False
外部需求 → 日本,us_power,銀行業,1,6,0,0.4084,0.4278,0.3358,0.1856,0.8268,0.7929,False,False
外部需求 → 日本,us_power,銀行業,1,6,3,0.9105,0.1844,-0.0335,0.3652,-0.1124,1.3275,False,False
外部需求 → 日本,us_power,銀行業,1,6,6,0.7818,0.9879,-0.1019,-0.0046,-0.2769,-0.0151,False,False
外部需求 → 日本,us_power,銀行業,3,1,0,0.3613,0.7627,0.1286,-0.038,0.9129,-0.3019,False,False
外部需求 → 日本,us_power,銀行業,3,1,3,0.9346,0.1657,0.008,0.1823,0.0821,1.3861,False,False
外部需求 → 日本,us_power,銀行業,3,1,6,0.9941,0.801,0.001,0.0332,0.0074,0.2521,False,False
外部需求 → 日本,us_power,銀行業,3,3,0,0.6698,0.143,0.1129,-0.4337,0.4265,-1.4646,False,False
外部需求 → 日本,us_power,銀行業,3,3,3,0.2175,0.0041,0.2433,0.6157,1.2333,2.8716,False,False
外部需求 → 日本,us_power,銀行業,3,3,6,0.6422,0.5821,-0.1231,0.1352,-0.4647,0.5503,False,False
外部需求 → 日本,us_power,銀行業,3,6,0,0.2157,0.579,0.3696,0.1763,1.2381,0.5549,False,False
外部需求 → 日本,us_power,銀行業,3,6,3,0.7425,0.0309,0.1005,0.6806,0.3286,2.1583,False,False
外部需求 → 日本,us_power,銀行業,3,6,6,0.5877,0.9451,-0.1799,0.0228,-0.5421,0.0689,False,False
外部需求 → 日本,us_power,銀行業,6,1,0,0.529,0.2174,0.0787,0.1568,0.6295,1.2336,False,False
外部需求 → 日本,us_power,銀行業,6,1,3,0.8862,0.1364,0.0133,0.1844,0.1432,1.4893,False,False
外部需求 → 日本,us_power,銀行業,6,1,6,0.8698,0.6506,-0.0162,-0.0784,-0.1639,-0.4529,False,False
外部需求 → 日本,us_power,銀行業,6,3,0,0.2337,0.5456,0.2617,0.1614,1.191,0.6044,False,False
外部需求 → 日本,us_power,銀行業,6,3,3,0.5032,0.0193,0.1543,0.6562,0.6694,2.3397,False,False
外部需求 → 日本,us_power,銀行業,6,3,6,0.4498,0.7308,-0.1568,-0.0821,-0.7558,-0.3441,False,False
外部需求 → 日本,us_power,銀行業,6,6,0,0.2226,0.0243,0.4108,0.7349,1.2196,2.253,False,False
外部需求 → 日本,us_power,銀行業,6,6,3,0.9606,0.1367,0.0153,0.531,0.0494,1.4881,False,False
外部需求 → 日本,us_power,銀行業,6,6,6,0.442,0.9774,-0.3421,0.0137,-0.7688,0.0283,False,False
外部需求 → 日本,us_power,電気・ガス業,1,1,0,0.6429,0.2447,-0.1276,-0.1639,-0.4636,-1.1633,False,False
外部需求 → 日本,us_power,電気・ガス業,1,1,3,0.8791,0.1103,-0.0479,0.2068,-0.1521,1.5971,False,False
外部需求 → 日本,us_power,電気・ガス業,1,1,6,0.6527,0.8242,0.1325,-0.0323,0.45,-0.2222,False,False
外部需求 → 日本,us_power,電気・ガス業,1,3,0,0.0987,0.5597,-0.8057,-0.1049,-1.651,-0.5833,False,False
外部需求 → 日本,us_power,電気・ガス業,1,3,3,0.8384,0.4534,0.093,0.1225,0.204,0.7498,False,False
外部需求 → 日本,us_power,電気・ガス業,1,3,6,0.7214,0.8764,0.1717,0.0354,0.3566,0.1555,False,False
外部需求 → 日本,us_power,電気・ガス業,1,6,0,0.2434,0.9567,-0.7008,0.0108,-1.1666,0.0543,False,False
外部需求 → 日本,us_power,電気・ガス業,1,6,3,0.6394,0.4246,0.2509,0.1936,0.4686,0.7984,False,False
外部需求 → 日本,us_power,電気・ガス業,1,6,6,0.4929,0.4748,0.3104,0.1628,0.6856,0.7148,False,False
外部需求 → 日本,us_power,電気・ガス業,3,1,0,0.1706,0.4807,-0.2482,-0.086,-1.3703,-0.7052,False,False
外部需求 → 日本,us_power,電気・ガス業,3,1,3,0.6061,0.6014,0.0878,0.058,0.5156,0.5223,False,False
外部需求 → 日本,us_power,電気・ガス業,3,1,6,0.6475,0.7816,0.0874,0.036,0.4573,0.2772,False,False
外部需求 → 日本,us_power,電気・ガス業,3,3,0,0.0519,0.5936,-0.6842,0.1281,-1.9436,0.5336,False,False
外部需求 → 日本,us_power,電気・ガス業,3,3,3,0.4462,0.64,0.2864,0.1123,0.7617,0.4676,False,False
外部需求 → 日本,us_power,電気・ガス業,3,3,6,0.5632,0.883,0.2292,0.0398,0.578,0.1472,False,False
外部需求 → 日本,us_power,電気・ガス業,3,6,0,0.3997,0.4266,-0.3879,0.2457,-0.8422,0.795,False,False
外部需求 → 日本,us_power,電気・ガス業,3,6,3,0.286,0.443,0.5282,0.2307,1.0669,0.7672,False,False
外部需求 → 日本,us_power,電気・ガス業,3,6,6,0.5887,0.3077,0.2924,0.3352,0.5408,1.02,False,False
外部需求 → 日本,us_power,電気・ガス業,6,1,0,0.3258,0.8127,-0.1276,-0.0277,-0.9827,-0.2369,False,False
外部需求 → 日本,us_power,電気・ガス業,6,1,3,0.4644,0.3763,0.1246,0.0891,0.7316,0.8847,False,False
外部需求 → 日本,us_power,電気・ガス業,6,1,6,0.3718,0.1336,0.1239,0.1638,0.8932,1.5,False,False
外部需求 → 日本,us_power,電気・ガス業,6,3,0,0.4587,0.4336,-0.2524,0.19,-0.741,0.7831,False,False
外部需求 → 日本,us_power,電気・ガス業,6,3,3,0.2549,0.6128,0.3812,0.1188,1.1384,0.5061,False,False
外部需求 → 日本,us_power,電気・ガス業,6,3,6,0.511,0.3134,0.2839,0.2787,0.6573,1.0082,False,False
外部需求 → 日本,us_power,電気・ガス業,6,6,0,0.7724,0.3041,0.1462,0.3855,0.2893,1.0278,False,False
外部需求 → 日本,us_power,電気・ガス業,6,6,3,0.1249,0.32,0.6566,0.4545,1.5345,0.9945,False,False
外部需求 → 日本,us_power,電気・ガス業,6,6,6,0.9015,0.29,0.0967,0.235,0.1238,1.0581,False,False
外部需求 → 日本,us_power,電気機器,1,1,0,0.483,0.9855,0.1001,0.002,0.7015,0.0182,False,False
外部需求 → 日本,us_power,電気機器,1,1,3,0.3156,0.8982,-0.1226,-0.0153,-1.0036,-0.1279,False,False
外部需求 → 日本,us_power,電気機器,1,1,6,0.0519,0.1652,-0.2647,-0.1721,-1.9436,-1.3879,False,False
外部需求 → 日本,us_power,電気機器,1,3,0,0.0652,0.6906,0.4331,0.0601,1.8437,0.3981,False,False
外部需求 → 日本,us_power,電気機器,1,3,3,0.8459,0.7976,0.0399,-0.0382,0.1943,-0.2565,False,False
外部需求 → 日本,us_power,電気機器,1,3,6,0.3026,0.5983,-0.2239,-0.0889,-1.031,-0.5268,False,False
外部需求 → 日本,us_power,電気機器,1,6,0,0.0407,0.9126,0.492,0.0172,2.0463,0.1097,False,False
外部需求 → 日本,us_power,電気機器,1,6,3,0.5335,0.2355,-0.1447,-0.1683,-0.6227,-1.1864,False,False
外部需求 → 日本,us_power,電気機器,1,6,6,0.5996,0.4611,-0.1172,-0.1037,-0.525,-0.737,False,False
外部需求 → 日本,us_power,電気機器,3,1,0,0.0622,0.607,0.1805,0.0476,1.8648,0.5144,False,False
外部需求 → 日本,us_power,電気機器,3,1,3,0.8723,0.94,0.0124,-0.009,0.1608,-0.0753,False,False
外部需求 → 日本,us_power,電気機器,3,1,6,0.3099,0.442,-0.0937,-0.0763,-1.0153,-0.7688,False,False
外部需求 → 日本,us_power,電気機器,3,3,0,0.0649,0.3977,0.3064,0.1408,1.8462,0.8457,False,False
外部需求 → 日本,us_power,電気機器,3,3,3,0.5948,0.226,-0.0989,-0.1667,-0.5318,-1.2108,False,False
外部需求 → 日本,us_power,電気機器,3,3,6,0.7895,0.3924,-0.054,-0.1496,-0.2669,-0.8553,False,False
外部需求 → 日本,us_power,電気機器,3,6,0,0.3395,0.8035,0.191,-0.045,0.9552,-0.2488,False,False
外部需求 → 日本,us_power,電気機器,3,6,3,0.5941,0.03,-0.1553,-0.3741,-0.5328,-2.1701,False,False
外部需求 → 日本,us_power,電気機器,3,6,6,0.7204,0.1022,0.0754,-0.2717,0.3579,-1.6341,False,False
外部需求 → 日本,us_power,電気機器,6,1,0,0.0358,0.6812,0.1389,0.0443,2.0994,0.4108,False,False
外部需求 → 日本,us_power,電気機器,6,1,3,0.4331,0.3867,-0.0697,-0.0741,-0.784,-0.8657,False,False
外部需求 → 日本,us_power,電気機器,6,1,6,0.4374,0.29,-0.0517,-0.1075,-0.7766,-1.0582,False,False
外部需求 → 日本,us_power,電気機器,6,3,0,0.2714,0.9813,0.1223,-0.0038,1.0998,-0.0235,False,False
外部需求 → 日本,us_power,電気機器,6,3,3,0.5474,0.0368,-0.1315,-0.2928,-0.6017,-2.0883,False,False
外部需求 → 日本,us_power,電気機器,6,3,6,0.7549,0.1346,0.0391,-0.2552,0.3121,-1.4963,False,False
外部需求 → 日本,us_power,電気機器,6,6,0,0.9358,0.0627,-0.0238,-0.3658,-0.0806,-1.8616,False,False
外部需求 → 日本,us_power,電気機器,6,6,3,0.6861,0.0067,-0.0918,-0.594,-0.4041,-2.7104,False,False
外部需求 → 日本,us_power,電気機器,6,6,6,0.7385,0.6158,0.0975,0.0839,0.3338,0.5018,False,False
外部需求 → 日本,us_power,非鉄金属,1,1,0,0.831,0.7554,0.0395,-0.0497,0.2134,-0.3116,False,False
外部需求 → 日本,us_power,非鉄金属,1,1,3,0.712,0.319,0.0649,-0.1463,0.3692,-0.9965,False,False
外部需求 → 日本,us_power,非鉄金属,1,1,6,0.2962,0.4797,-0.1846,0.1132,-1.0447,0.7068,False,False
外部需求 → 日本,us_power,非鉄金属,1,3,0,0.1359,0.5449,0.4913,0.128,1.4911,0.6054,False,False
外部需求 → 日本,us_power,非鉄金属,1,3,3,0.038,0.5743,0.5827,-0.1164,2.0749,-0.5618,False,False
外部需求 → 日本,us_power,非鉄金属,1,3,6,0.4244,0.5785,-0.2453,0.1156,-0.7989,0.5556,False,False
外部需求 → 日本,us_power,非鉄金属,1,6,0,0.0059,0.9746,1.0762,-0.007,2.7509,-0.0318,False,False
外部需求 → 日本,us_power,非鉄金属,1,6,3,0.2985,0.8866,0.3558,0.0365,1.0396,0.1426,False,False
外部需求 → 日本,us_power,非鉄金属,1,6,6,0.0172,0.9663,-0.8178,-0.0105,-2.3823,-0.0423,False,False
外部需求 → 日本,us_power,非鉄金属,3,1,0,0.1763,0.4412,0.1816,0.1147,1.3522,0.7701,False,False
外部需求 → 日本,us_power,非鉄金属,3,1,3,0.0296,0.4424,0.2486,-0.0992,2.1758,-0.7682,False,False
外部需求 → 日本,us_power,非鉄金属,3,1,6,0.4117,0.3262,-0.1073,0.128,-0.8209,0.9819,False,False
外部需求 → 日本,us_power,非鉄金属,3,3,0,0.011,0.7642,0.5771,0.0871,2.5439,0.3,False,False
外部需求 → 日本,us_power,非鉄金属,3,3,3,0.0249,0.3888,0.49,0.2134,2.2426,0.8617,False,False
外部需求 → 日本,us_power,非鉄金属,3,3,6,0.1319,0.0504,-0.4256,-0.4292,-1.5067,-1.9565,False,False
外部需求 → 日本,us_power,非鉄金属,3,6,0,0.0,0.4991,1.0527,0.2102,4.0755,0.6759,True,False
外部需求 → 日本,us_power,非鉄金属,3,6,3,0.8087,0.7389,0.0741,-0.1049,0.2421,-0.3333,False,False
外部需求 → 日本,us_power,非鉄金属,3,6,6,0.0256,0.5664,-0.7935,-0.1782,-2.2321,-0.5733,False,False
外部需求 → 日本,us_power,非鉄金属,6,1,0,0.0012,0.8348,0.3023,0.0291,3.2487,0.2086,True,False
外部需求 → 日本,us_power,非鉄金属,6,1,3,0.218,0.8683,0.1172,0.0213,1.2317,0.1658,False,False
外部需求 → 日本,us_power,非鉄金属,6,1,6,0.0179,0.8068,-0.317,0.0267,-2.367,0.2445,False,False
外部需求 → 日本,us_power,非鉄金属,6,3,0,0.0,0.1589,0.7818,0.3116,6.3737,1.4089,True,False
外部需求 → 日本,us_power,非鉄金属,6,3,3,0.7723,0.3954,0.0692,-0.2345,0.2894,-0.8499,False,False
外部需求 → 日本,us_power,非鉄金属,6,3,6,0.0067,0.5847,-0.6415,-0.1207,-2.7094,-0.5466,False,False
外部需求 → 日本,us_power,非鉄金属,6,6,0,0.0003,0.8103,0.8473,0.0901,3.633,0.2401,True,False
外部需求 → 日本,us_power,非鉄金属,6,6,3,0.1091,0.3341,-0.5743,-0.3168,-1.6022,-0.9658,False,False
外部需求 → 日本,us_power,非鉄金属,6,6,6,0.0739,0.2199,-0.7214,0.5983,-1.7875,1.2267,False,False
外部需求 → 日本,us_power,食料品,1,1,0,0.3329,0.1086,-0.1855,-0.1714,-0.9684,-1.6046,False,False
外部需求 → 日本,us_power,食料品,1,1,3,0.5228,0.215,0.1133,0.1458,0.639,1.2398,False,False
外部需求 → 日本,us_power,食料品,1,1,6,0.8529,0.3869,0.0347,0.0948,0.1854,0.8653,False,False
外部需求 → 日本,us_power,食料品,1,3,0,0.4139,0.0101,-0.2556,-0.3385,-0.817,-2.5723,False,False
外部需求 → 日本,us_power,食料品,1,3,3,0.0572,0.4707,-0.5495,0.1141,-1.9015,0.7213,False,False
外部需求 → 日本,us_power,食料品,1,3,6,0.2308,0.6874,0.3691,-0.0625,1.1984,-0.4024,False,False
外部需求 → 日本,us_power,食料品,1,6,0,0.024,0.0406,-0.7819,-0.242,-2.2572,-2.0475,False,False
外部需求 → 日本,us_power,食料品,1,6,3,0.4477,0.6677,-0.2366,0.0599,-0.7592,0.4293,False,False
外部需求 → 日本,us_power,食料品,1,6,6,0.0954,0.6995,0.5542,0.0568,1.6678,0.3859,False,False
外部需求 → 日本,us_power,食料品,3,1,0,0.4493,0.0105,-0.0946,-0.2495,-0.7565,-2.5601,False,False
外部需求 → 日本,us_power,食料品,3,1,3,0.0363,0.4287,-0.2291,0.0655,-2.094,0.7914,False,False
外部需求 → 日本,us_power,食料品,3,1,6,0.1989,0.5955,0.1642,-0.0481,1.2846,-0.5309,False,False
外部需求 → 日本,us_power,食料品,3,3,0,0.7332,0.2067,-0.0827,-0.1866,-0.3409,-1.2628,False,False
外部需求 → 日本,us_power,食料品,3,3,3,0.0119,0.4799,-0.6754,-0.1046,-2.5136,-0.7064,False,False
外部需求 → 日本,us_power,食料品,3,3,6,0.031,0.1457,0.5517,0.2183,2.1568,1.4549,False,False
外部需求 → 日本,us_power,食料品,3,6,0,0.0034,0.0425,-0.7319,-0.2887,-2.9315,-2.0291,True,True
外部需求 → 日本,us_power,食料品,3,6,3,0.6919,0.4504,-0.1324,0.1203,-0.3963,0.7547,False,False
外部需求 → 日本,us_power,食料品,3,6,6,0.1561,0.206,0.5876,0.2457,1.4183,1.2648,False,False
外部需求 → 日本,us_power,食料品,6,1,0,0.0194,0.013,-0.2192,-0.1972,-2.3371,-2.4847,False,False
外部需求 → 日本,us_power,食料品,6,1,3,0.6475,0.8108,-0.0535,0.0216,-0.4573,0.2394,False,False
外部需求 → 日本,us_power,食料品,6,1,6,0.0833,0.1976,0.1956,0.0882,1.7316,1.2883,False,False
外部需求 → 日本,us_power,食料品,6,3,0,0.0018,0.0222,-0.5343,-0.3078,-3.1197,-2.2874,True,True
外部需求 → 日本,us_power,食料品,6,3,3,0.6099,0.3971,-0.1261,0.1245,-0.5103,0.8468,False,False
外部需求 → 日本,us_power,食料品,6,3,6,0.1195,0.0758,0.4855,0.2562,1.5571,1.7753,False,False
外部需求 → 日本,us_power,食料品,6,6,0,0.0387,0.3272,-0.647,-0.1764,-2.0674,-0.9798,False,False
外部需求 → 日本,us_power,食料品,6,6,3,0.297,0.0828,0.3375,0.3654,1.0428,1.7348,False,False
外部需求 → 日本,us_power,食料品,6,6,6,0.288,0.5746,0.526,0.1217,1.0625,0.5613,False,False
外部需求 → 日本,us_semis,T1,1,1,0,0.0724,0.723,-0.3761,-0.1261,-1.7965,-0.3545,False,False
外部需求 → 日本,us_semis,T1,1,1,3,0.1574,0.5123,0.3966,-0.1981,1.4138,-0.6553,False,False
外部需求 → 日本,us_semis,T1,1,1,6,0.1284,0.2495,0.3464,-0.3763,1.5204,-1.1517,False,False
外部需求 → 日本,us_semis,T1,1,3,0,0.6917,0.6089,-0.3203,0.28,-0.3965,0.5117,False,False
外部需求 → 日本,us_semis,T1,1,3,3,0.0153,0.536,1.3728,0.4149,2.4263,0.6189,False,False
外部需求 → 日本,us_semis,T1,1,3,6,0.2486,0.1838,0.8007,-0.7582,1.1538,-1.3293,False,False
外部需求 → 日本,us_semis,T1,1,6,0,0.3274,0.444,1.0492,0.6535,0.9794,0.7655,False,False
外部需求 → 日本,us_semis,T1,1,6,3,0.0066,0.6802,2.2105,-0.4101,2.7152,-0.4121,False,False
外部需求 → 日本,us_semis,T1,1,6,6,0.4329,0.2688,1.0239,-0.7084,0.7842,-1.1059,False,False
外部需求 → 日本,us_semis,T1,3,1,0,0.8797,0.4297,-0.019,0.1311,-0.1513,0.7897,False,False
外部需求 → 日本,us_semis,T1,3,1,3,0.0316,0.6525,0.1989,0.0815,2.1495,0.4503,False,False
外部需求 → 日本,us_semis,T1,3,1,6,0.3276,0.1971,0.0967,-0.2084,0.979,-1.2899,False,False
外部需求 → 日本,us_semis,T1,3,3,0,0.5453,0.3076,0.213,0.3972,0.6048,1.0203,False,False
外部需求 → 日本,us_semis,T1,3,3,3,0.0051,0.8756,0.5662,-0.0713,2.8007,-0.1566,False,False
外部需求 → 日本,us_semis,T1,3,3,6,0.4283,0.1783,0.2476,-0.4536,0.7921,-1.346,False,False
外部需求 → 日本,us_semis,T1,3,6,0,0.0441,0.5398,0.7614,0.3907,2.0131,0.6131,False,False
外部需求 → 日本,us_semis,T1,3,6,3,0.078,0.3425,0.8195,-0.6268,1.7621,-0.9493,False,False
外部需求 → 日本,us_semis,T1,3,6,6,0.5509,0.7045,0.3369,0.157,0.5965,0.3793,False,False
外部需求 → 日本,us_semis,T1,6,1,0,0.3748,0.3295,0.0588,0.1187,0.8874,0.9751,False,False
外部需求 → 日本,us_semis,T1,6,1,3,0.0752,0.6554,0.0953,-0.0635,1.779,-0.4463,False,False
外部需求 → 日本,us_semis,T1,6,1,6,0.57,0.3322,0.0344,-0.0936,0.568,-0.9697,False,False
外部需求 → 日本,us_semis,T1,6,3,0,0.0782,0.6568,0.2588,0.1474,1.7611,0.4444,False,False
外部需求 → 日本,us_semis,T1,6,3,3,0.114,0.4858,0.2581,-0.2654,1.5806,-0.6971,False,False
外部需求 → 日本,us_semis,T1,6,3,6,0.5992,0.9036,0.1012,0.0298,0.5256,0.1211,False,False
外部需求 → 日本,us_semis,T1,6,6,0,0.0354,0.8348,0.513,-0.1395,2.1038,-0.2086,False,False
外部需求 → 日本,us_semis,T1,6,6,3,0.2871,0.6288,0.3625,-0.259,1.0644,-0.4835,False,False
外部需求 → 日本,us_semis,T1,6,6,6,0.6423,0.8029,0.1627,0.0918,0.4645,0.2497,False,False
外部需求 → 日本,us_semis,T10,1,1,0,0.9494,0.1803,-0.0162,-0.5854,-0.0635,-1.3397,False,False
外部需求 → 日本,us_semis,T10,1,1,3,0.744,0.3044,-0.0621,-0.3265,-0.3265,-1.0271,False,False
外部需求 → 日本,us_semis,T10,1,1,6,0.0572,0.1376,-0.3346,-0.5839,-1.9019,-1.4849,False,False
外部需求 → 日本,us_semis,T10,1,3,0,0.515,0.7717,-0.3841,-0.172,-0.6511,-0.2902,False,False
外部需求 → 日本,us_semis,T10,1,3,3,0.1319,0.8184,-0.4531,0.1281,-1.5065,0.2296,False,False
外部需求 → 日本,us_semis,T10,1,3,6,0.0401,0.8731,-0.6883,0.1216,-2.0526,0.1597,False,False
外部需求 → 日本,us_semis,T10,1,6,0,0.2198,0.8045,-0.959,-0.1703,-1.2271,-0.2475,False,False
外部需求 → 日本,us_semis,T10,1,6,3,0.0731,0.668,-1.1376,0.3793,-1.792,0.4289,False,False
外部需求 → 日本,us_semis,T10,1,6,6,0.0553,0.8057,-1.0356,0.2771,-1.9161,0.246,False,False
外部需求 → 日本,us_semis,T10,3,1,0,0.345,0.3032,-0.086,-0.1743,-0.9443,-1.0296,False,False
外部需求 → 日本,us_semis,T10,3,1,3,0.2589,0.438,-0.0674,0.1095,-1.129,0.7756,False,False
外部需求 → 日本,us_semis,T10,3,1,6,0.1688,0.869,-0.0888,-0.0304,-1.3761,-0.1649,False,False
外部需求 → 日本,us_semis,T10,3,3,0,0.4161,0.9213,-0.1751,-0.0406,-0.8133,-0.0988,False,False
外部需求 → 日本,us_semis,T10,3,3,3,0.0149,0.7914,-0.3192,0.1119,-2.4339,0.2645,False,False
外部需求 → 日本,us_semis,T10,3,3,6,0.2493,0.9495,-0.1822,0.0311,-1.1521,0.0633,False,False
外部需求 → 日本,us_semis,T10,3,6,0,0.0715,0.8822,-0.5276,-0.082,-1.8021,-0.1482,False,False
外部需求 → 日本,us_semis,T10,3,6,3,0.0533,0.6377,-0.505,0.3509,-1.9327,0.4709,False,False
外部需求 → 日本,us_semis,T10,3,6,6,0.0876,0.7009,-0.3612,0.3154,-1.7084,0.3841,False,False
外部需求 → 日本,us_semis,T10,6,1,0,0.1977,0.7719,-0.0517,-0.0334,-1.2881,-0.2898,False,False
外部需求 → 日本,us_semis,T10,6,1,3,0.1012,0.7302,-0.0526,0.044,-1.6393,0.3448,False,False
外部需求 → 日本,us_semis,T10,6,1,6,0.1549,0.8438,-0.045,0.0302,-1.4224,0.1971,False,False
外部需求 → 日本,us_semis,T10,6,3,0,0.0827,0.7669,-0.1674,0.0738,-1.7352,0.2964,False,False
外部需求 → 日本,us_semis,T10,6,3,3,0.0734,0.7961,-0.1634,0.0862,-1.7903,0.2584,False,False
外部需求 → 日本,us_semis,T10,6,3,6,0.1094,0.5457,-0.1232,0.2961,-1.6007,0.6042,False,False
外部需求 → 日本,us_semis,T10,6,6,0,0.0587,0.7198,-0.3423,0.1875,-1.8906,0.3587,False,False
外部需求 → 日本,us_semis,T10,6,6,3,0.0627,0.6314,-0.2842,0.3895,-1.8613,0.4797,False,False
外部需求 → 日本,us_semis,T10,6,6,6,0.0329,0.3716,-0.2431,0.7778,-2.1336,0.8934,False,False
外部需求 → 日本,us_semis,T11,1,1,0,0.6469,0.4918,0.102,-0.2549,0.4581,-0.6875,False,False
外部需求 → 日本,us_semis,T11,1,1,3,0.8796,0.4787,0.0381,-0.2077,0.1515,-0.7084,False,False
外部需求 → 日本,us_semis,T11,1,1,6,0.9594,0.1942,-0.0083,-0.5421,-0.0509,-1.2981,False,False
外部需求 → 日本,us_semis,T11,1,3,0,0.3672,0.7671,-0.4785,0.1937,-0.9017,0.2962,False,False
外部需求 → 日本,us_semis,T11,1,3,3,0.7009,0.4059,-0.1276,0.4609,-0.3841,0.8311,False,False
外部需求 → 日本,us_semis,T11,1,3,6,0.503,0.5606,-0.2094,-0.4833,-0.6698,-0.582,False,False
外部需求 → 日本,us_semis,T11,1,6,0,0.3664,0.0919,-0.6612,0.944,-0.9033,1.6852,False,False
外部需求 → 日本,us_semis,T11,1,6,3,0.5631,0.8475,-0.3544,0.1681,-0.5782,0.1923,False,False
外部需求 → 日本,us_semis,T11,1,6,6,0.2485,0.7031,-0.6276,-0.3415,-1.1539,-0.3811,False,False
外部需求 → 日本,us_semis,T11,3,1,0,0.3009,0.7073,-0.0869,-0.0562,-1.0345,-0.3754,False,False
外部需求 → 日本,us_semis,T11,3,1,3,0.7402,0.1899,-0.0228,0.1878,-0.3315,1.3109,False,False
外部需求 → 日本,us_semis,T11,3,1,6,0.565,0.1457,-0.0331,-0.1875,-0.5754,-1.4547,False,False
外部需求 → 日本,us_semis,T11,3,3,0,0.392,0.7915,-0.1818,0.1037,-0.8561,0.2643,False,False
外部需求 → 日本,us_semis,T11,3,3,3,0.5002,0.5911,-0.0948,0.2478,-0.6742,0.5373,False,False
外部需求 → 日本,us_semis,T11,3,3,6,0.2866,0.3386,-0.1258,-0.4356,-1.0657,-0.9569,False,False
外部需求 → 日本,us_semis,T11,3,6,0,0.3046,0.7191,-0.2949,0.1681,-1.0266,0.3597,False,False
外部需求 → 日本,us_semis,T11,3,6,3,0.3594,0.9651,-0.2335,-0.0232,-0.9164,-0.0438,False,False
外部需求 → 日本,us_semis,T11,3,6,6,0.277,0.9452,-0.262,-0.0358,-1.0871,-0.0688,False,False
外部需求 → 日本,us_semis,T11,6,1,0,0.4239,0.4999,-0.0362,0.067,-0.7996,0.6746,False,False
外部需求 → 日本,us_semis,T11,6,1,3,0.6163,0.9699,-0.0162,0.0042,-0.5011,0.0378,False,False
外部需求 → 日本,us_semis,T11,6,1,6,0.3821,0.1563,-0.0265,-0.1369,-0.8741,-1.4176,False,False
外部需求 → 日本,us_semis,T11,6,3,0,0.3766,0.265,-0.0933,0.2316,-0.8842,1.1146,False,False
外部需求 → 日本,us_semis,T11,6,3,3,0.3939,0.6809,-0.0705,-0.0968,-0.8525,-0.4112,False,False
外部需求 → 日本,us_semis,T11,6,3,6,0.2927,0.8279,-0.0878,0.0796,-1.0522,0.2174,False,False
外部需求 → 日本,us_semis,T11,6,6,0,0.3072,0.765,-0.1749,0.1207,-1.0211,0.2989,False,False
外部需求 → 日本,us_semis,T11,6,6,3,0.2874,0.9828,-0.1643,-0.0106,-1.0638,-0.0215,False,False
外部需求 → 日本,us_semis,T11,6,6,6,0.1813,0.1961,-0.1842,0.9856,-1.3367,1.2927,False,False
外部需求 → 日本,us_semis,T13,1,1,0,0.1405,0.0957,0.2616,0.7467,1.474,1.666,False,False
外部需求 → 日本,us_semis,T13,1,1,3,0.2838,0.2119,-0.214,0.4669,-1.0718,1.2483,False,False
外部需求 → 日本,us_semis,T13,1,1,6,0.8285,0.4436,0.0313,-0.3595,0.2166,-0.7661,False,False
外部需求 → 日本,us_semis,T13,1,3,0,0.8801,0.0213,0.0633,1.8262,0.1508,2.303,False,False
外部需求 → 日本,us_semis,T13,1,3,3,0.7051,0.9707,-0.1747,0.0253,-0.3784,0.0367,False,False
外部需求 → 日本,us_semis,T13,1,3,6,0.8566,0.4131,0.0575,-0.711,0.1807,-0.8184,False,False
外部需求 → 日本,us_semis,T13,1,6,0,0.7644,0.1188,-0.2266,1.7865,-0.2997,1.5598,False,False
外部需求 → 日本,us_semis,T13,1,6,3,0.6912,0.6302,-0.2528,-0.4759,-0.3972,-0.4815,False,False
外部需求 → 日本,us_semis,T13,1,6,6,0.5769,0.5862,0.2917,-0.7638,0.5579,-0.5443,False,False
外部需求 → 日本,us_semis,T13,3,1,0,0.9406,0.0255,-0.0061,0.4787,-0.0746,2.2332,False,False
外部需求 → 日本,us_semis,T13,3,1,3,0.789,0.9766,-0.0241,-0.0055,-0.2676,-0.0293,False,False
外部需求 → 日本,us_semis,T13,3,1,6,0.8184,0.3043,0.0126,-0.2499,0.2296,-1.0272,False,False
外部需求 → 日本,us_semis,T13,3,3,0,0.6864,0.0239,-0.0851,1.2045,-0.4037,2.2581,False,False
外部需求 → 日本,us_semis,T13,3,3,3,0.9521,0.4107,-0.0103,-0.4318,-0.0601,-0.8226,False,False
外部需求 → 日本,us_semis,T13,3,3,6,0.7953,0.4286,0.0321,-0.4585,0.2595,-0.7915,False,False
外部需求 → 日本,us_semis,T13,3,6,0,0.6513,0.3317,-0.1458,0.8197,-0.452,0.9707,False,False
外部需求 → 日本,us_semis,T13,3,6,3,0.9723,0.3064,-0.0085,-0.8809,-0.0347,-1.0229,False,False
外部需求 → 日本,us_semis,T13,3,6,6,0.5865,0.4819,0.1438,-0.5712,0.5439,-0.7032,False,False
外部需求 → 日本,us_semis,T13,6,1,0,0.8246,0.144,-0.0105,0.2491,-0.2216,1.4611,False,False
外部需求 → 日本,us_semis,T13,6,1,3,0.872,0.3018,-0.0064,-0.1614,-0.1611,-1.0326,False,False
外部需求 → 日本,us_semis,T13,6,1,6,0.4441,0.5898,0.02,-0.0981,0.7653,-0.5391,False,False
外部需求 → 日本,us_semis,T13,6,3,0,0.7446,0.3997,-0.0375,0.377,-0.3257,0.8421,False,False
外部需求 → 日本,us_semis,T13,6,3,3,0.9475,0.2632,0.0055,-0.5482,0.0658,-1.1188,False,False
外部需求 → 日本,us_semis,T13,6,3,6,0.5937,0.4716,0.0448,-0.3242,0.5334,-0.7199,False,False
外部需求 → 日本,us_semis,T13,6,6,0,0.7567,0.8608,-0.0549,-0.1437,-0.3098,-0.1754,False,False
外部需求 → 日本,us_semis,T13,6,6,3,0.7789,0.3208,0.0408,-0.8738,0.2808,-0.9927,False,False
外部需求 → 日本,us_semis,T13,6,6,6,0.4862,0.9732,0.1032,-0.0201,0.6964,-0.0336,False,False
外部需求 → 日本,us_semis,T2,1,1,0,0.2192,0.9185,-0.2135,-0.029,-1.2287,-0.1023,False,False
外部需求 → 日本,us_semis,T2,1,1,3,0.0032,0.1191,0.5779,-0.3866,2.9471,-1.5586,True,False
外部需求 → 日本,us_semis,T2,1,1,6,0.0854,0.5078,0.39,0.1916,1.7202,0.6622,False,False
外部需求 → 日本,us_semis,T2,1,3,0,0.3829,0.3569,0.4688,0.5196,0.8725,0.9214,False,False
外部需求 → 日本,us_semis,T2,1,3,3,0.001,0.1865,1.5877,-0.6597,3.2793,-1.3211,True,False
外部需求 → 日本,us_semis,T2,1,3,6,0.4773,0.1214,0.4952,-0.708,0.7107,-1.5491,False,False
外部需求 → 日本,us_semis,T2,1,6,0,0.0011,0.735,2.1969,-0.225,3.2539,-0.3384,True,False
外部需求 → 日本,us_semis,T2,1,6,3,0.0025,0.052,2.2643,-1.3792,3.0263,-1.9433,True,False
外部需求 → 日本,us_semis,T2,1,6,6,0.6098,0.6421,0.5725,-0.3795,0.5104,-0.4648,False,False
外部需求 → 日本,us_semis,T2,3,1,0,0.304,0.3276,0.0941,0.1554,1.0278,0.9789,False,False
外部需求 → 日本,us_semis,T2,3,1,3,0.003,0.134,0.2304,-0.216,2.9656,-1.4986,True,False
外部需求 → 日本,us_semis,T2,3,1,6,0.5059,0.1923,0.0696,-0.1836,0.6652,-1.3037,False,False
外部需求 → 日本,us_semis,T2,3,3,0,0.0215,0.5877,0.4882,0.1933,2.2985,0.5422,False,False
外部需求 → 日本,us_semis,T2,3,3,3,0.0021,0.1685,0.5965,-0.4703,3.0744,-1.377,True,False
外部需求 → 日本,us_semis,T2,3,3,6,0.7445,0.1706,0.1018,-0.4533,0.3259,-1.3703,False,False
外部需求 → 日本,us_semis,T2,3,6,0,0.0,0.6524,1.15,-0.2237,5.2743,-0.4504,True,False
外部需求 → 日本,us_semis,T2,3,6,3,0.0782,0.0744,0.7453,-0.9502,1.761,-1.7842,False,False
外部需求 → 日本,us_semis,T2,3,6,6,0.7225,0.9519,0.1519,-0.0365,0.3551,-0.0603,False,False
外部需求 → 日本,us_semis,T2,6,1,0,0.0332,0.8061,0.1086,-0.027,2.1301,-0.2454,False,False
外部需求 → 日本,us_semis,T2,6,1,3,0.0787,0.0272,0.0967,-0.2252,1.7583,-2.2088,False,False
外部需求 → 日本,us_semis,T2,6,1,6,0.76,0.8561,0.0176,-0.0191,0.3055,-0.1814,False,False
外部需求 → 日本,us_semis,T2,6,3,0,0.0003,0.4971,0.3607,-0.1797,3.6253,-0.679,True,False
外部需求 → 日本,us_semis,T2,6,3,3,0.1726,0.0882,0.2204,-0.5116,1.3637,-1.7052,False,False
外部需求 → 日本,us_semis,T2,6,3,6,0.8016,0.896,0.039,-0.0408,0.2513,-0.1307,False,False
外部需求 → 日本,us_semis,T2,6,6,0,0.0017,0.1651,0.6166,-0.6754,3.1341,-1.388,True,False
外部需求 → 日本,us_semis,T2,6,6,3,0.3129,0.2901,0.2795,-0.5595,1.0093,-1.0579,False,False
外部需求 → 日本,us_semis,T2,6,6,6,0.6292,0.5301,0.1138,-0.2891,0.4828,-0.6279,False,False
外部需求 → 日本,us_semis,T3,1,1,0,0.0011,0.0495,0.4222,-0.755,3.2617,-1.964,True,False
外部需求 → 日本,us_semis,T3,1,1,3,0.2456,0.7302,-0.1882,-0.1297,-1.1611,-0.3449,False,False
外部需求 → 日本,us_semis,T3,1,1,6,0.6096,0.0346,-0.0953,-0.8393,-0.5106,-2.1129,False,False
外部需求 → 日本,us_semis,T3,1,3,0,0.19,0.0226,0.5751,1.0827,1.3107,2.2807,False,False
外部需求 → 日本,us_semis,T3,1,3,3,0.0726,0.7724,-0.7276,0.2746,-1.7951,0.2893,False,False
外部需求 → 日本,us_semis,T3,1,3,6,0.6123,0.5469,-0.2356,0.5075,-0.5068,0.6024,False,False
外部需求 → 日本,us_semis,T3,1,6,0,0.8399,0.1795,-0.1263,1.1943,-0.2021,1.3424,False,False
外部需求 → 日本,us_semis,T3,1,6,3,0.0029,0.4469,-0.946,0.9688,-2.9733,0.7606,True,False
外部需求 → 日本,us_semis,T3,1,6,6,0.1282,0.6651,-0.8634,0.569,-1.5211,0.4328,False,False
外部需求 → 日本,us_semis,T3,3,1,0,0.3466,0.0554,0.073,0.3398,0.9413,1.9159,False,False
外部需求 → 日本,us_semis,T3,3,1,3,0.1003,0.5781,-0.1042,0.1092,-1.6432,0.5562,False,False
外部需求 → 日本,us_semis,T3,3,1,6,0.6401,0.5801,-0.0367,0.1261,-0.4676,0.5532,False,False
外部需求 → 日本,us_semis,T3,3,3,0,0.9717,0.0058,0.0073,1.104,0.0355,2.7597,False,False
外部需求 → 日本,us_semis,T3,3,3,3,0.033,0.6853,-0.2694,0.2168,-2.1324,0.4053,False,False
外部需求 → 日本,us_semis,T3,3,3,6,0.4007,0.6401,-0.1618,0.2419,-0.8404,0.4676,False,False
外部需求 → 日本,us_semis,T3,3,6,0,0.2552,0.1321,-0.2391,1.2386,-1.1378,1.5059,False,False
外部需求 → 日本,us_semis,T3,3,6,3,0.0173,0.5593,-0.4143,0.5998,-2.3811,0.5839,False,False
外部需求 → 日本,us_semis,T3,3,6,6,0.0785,0.7237,-0.3789,0.3835,-1.7594,0.3535,False,False
外部需求 → 日本,us_semis,T3,6,1,0,0.7961,0.0489,-0.012,0.254,-0.2584,1.9696,False,False
外部需求 → 日本,us_semis,T3,6,1,3,0.2077,0.4003,-0.0446,0.1263,-1.2598,0.8412,False,False
外部需求 → 日本,us_semis,T3,6,1,6,0.2943,0.7016,-0.0396,0.059,-1.0487,0.3832,False,False
外部需求 → 日本,us_semis,T3,6,3,0,0.3508,0.058,-0.0916,0.7473,-0.933,1.8958,False,False
外部需求 → 日本,us_semis,T3,6,3,3,0.0962,0.6076,-0.1386,0.2594,-1.6635,0.5135,False,False
外部需求 → 日本,us_semis,T3,6,3,6,0.1556,0.7062,-0.1241,0.2215,-1.42,0.377,False,False
外部需求 → 日本,us_semis,T3,6,6,0,0.0086,0.248,-0.2163,1.0311,-2.6259,1.1552,False,False
外部需求 → 日本,us_semis,T3,6,6,3,0.018,0.6399,-0.2543,0.5306,-2.3655,0.4679,False,False
外部需求 → 日本,us_semis,T3,6,6,6,0.0266,0.8806,-0.2377,0.1708,-2.2179,0.1502,False,False
外部需求 → 日本,us_semis,T4,1,1,0,0.0169,0.5556,0.3823,-0.132,2.3896,-0.5894,False,False
外部需求 → 日本,us_semis,T4,1,1,3,0.9799,0.5623,0.0062,-0.1299,0.0252,-0.5795,False,False
外部需求 → 日本,us_semis,T4,1,1,6,0.8312,0.308,-0.0239,-0.2284,-0.2131,-1.0193,False,False
外部需求 → 日本,us_semis,T4,1,3,0,0.1311,0.5042,0.4851,0.2321,1.5097,0.668,False,False
外部需求 → 日本,us_semis,T4,1,3,3,0.9685,0.9447,-0.0174,0.0325,-0.0395,0.0693,False,False
外部需求 → 日本,us_semis,T4,1,3,6,0.988,0.6016,0.0045,-0.1859,0.015,-0.5221,False,False
外部需求 → 日本,us_semis,T4,1,6,0,0.429,0.4763,0.4614,0.3312,0.7909,0.7123,False,False
外部需求 → 日本,us_semis,T4,1,6,3,0.9573,0.9508,-0.0322,-0.0369,-0.0535,-0.0618,False,False
外部需求 → 日本,us_semis,T4,1,6,6,0.8827,0.9868,0.069,-0.0091,0.1475,-0.0165,False,False
外部需求 → 日本,us_semis,T4,3,1,0,0.4458,0.6994,0.0528,0.0396,0.7625,0.3861,False,False
外部需求 → 日本,us_semis,T4,3,1,3,0.9777,0.7615,-0.002,0.035,-0.0279,0.3035,False,False
外部需求 → 日本,us_semis,T4,3,1,6,0.909,0.4817,0.0055,-0.0774,0.1142,-0.7036,False,False
外部需求 → 日本,us_semis,T4,3,3,0,0.6928,0.2939,0.0694,0.233,0.3951,1.0495,False,False
外部需求 → 日本,us_semis,T4,3,3,3,0.8572,0.998,-0.0263,0.0008,-0.1799,0.0025,False,False
外部需求 → 日本,us_semis,T4,3,3,6,0.6271,0.8279,0.0613,-0.0548,0.4858,-0.2174,False,False
外部需求 → 日本,us_semis,T4,3,6,0,0.8688,0.648,0.044,0.1814,0.1652,0.4565,False,False
外部需求 → 日本,us_semis,T4,3,6,3,0.8997,0.9894,0.029,0.006,0.126,0.0133,False,False
外部需求 → 日本,us_semis,T4,3,6,6,0.7935,0.9829,-0.0548,0.0079,-0.2618,0.0214,False,False
外部需求 → 日本,us_semis,T4,6,1,0,0.6182,0.5554,0.019,0.0468,0.4984,0.5897,False,False
外部需求 → 日本,us_semis,T4,6,1,3,0.96,0.7394,0.0017,-0.0305,0.0502,-0.3326,False,False
外部需求 → 日本,us_semis,T4,6,1,6,0.7389,0.8363,0.0076,-0.0127,0.3333,-0.2066,False,False
外部需求 → 日本,us_semis,T4,6,3,0,0.8987,0.4571,0.0122,0.1441,0.1273,0.7437,False,False
外部需求 → 日本,us_semis,T4,6,3,3,0.8862,0.8057,0.0118,-0.0572,0.1431,-0.246,False,False
外部需求 → 日本,us_semis,T4,6,3,6,0.8089,0.7695,-0.0171,0.0589,-0.2419,0.2931,False,False
外部需求 → 日本,us_semis,T4,6,6,0,0.8848,0.8199,0.0224,0.089,0.1449,0.2276,False,False
外部需求 → 日本,us_semis,T4,6,6,3,0.9461,0.995,-0.0092,-0.0026,-0.0676,-0.0062,False,False
外部需求 → 日本,us_semis,T4,6,6,6,0.2944,0.6735,-0.136,0.1722,-1.0485,0.4213,False,False
外部需求 → 日本,us_semis,T5,1,1,0,0.4647,0.1397,0.1103,-0.438,0.7312,-1.477,False,False
外部需求 → 日本,us_semis,T5,1,1,3,0.4509,0.4533,0.1369,-0.1956,0.7539,-0.7499,False,False
外部需求 → 日本,us_semis,T5,1,1,6,0.0861,0.8787,0.2406,0.0433,1.7166,0.1526,False,False
外部需求 → 日本,us_semis,T5,1,3,0,0.2729,0.553,0.211,0.2893,1.0965,0.5933,False,False
外部需求 → 日本,us_semis,T5,1,3,3,0.1236,0.7605,0.5114,-0.1449,1.5397,-0.3048,False,False
外部需求 → 日本,us_semis,T5,1,3,6,0.0951,0.9924,0.4325,-0.0043,1.6693,-0.0095,False,False
外部需求 → 日本,us_semis,T5,1,6,0,0.1248,0.793,0.7678,0.1934,1.5348,0.2624,False,False
外部需求 → 日本,us_semis,T5,1,6,3,0.0958,0.9261,0.9759,0.0521,1.6658,0.0928,False,False
外部需求 → 日本,us_semis,T5,1,6,6,0.4435,0.7975,0.4251,0.1472,0.7663,0.2566,False,False
外部需求 → 日本,us_semis,T5,3,1,0,0.434,0.9187,0.0326,0.0159,0.7824,0.102,False,False
外部需求 → 日本,us_semis,T5,3,1,3,0.1861,0.8723,0.0727,0.0188,1.3223,0.1608,False,False
外部需求 → 日本,us_semis,T5,3,1,6,0.1412,0.9398,0.0674,0.01,1.4713,0.0756,False,False
外部需求 → 日本,us_semis,T5,3,3,0,0.1177,0.7296,0.1275,0.1123,1.5644,0.3456,False,False
外部需求 → 日本,us_semis,T5,3,3,3,0.0825,0.3557,0.2456,0.2515,1.7364,0.9237,False,False
外部需求 → 日本,us_semis,T5,3,3,6,0.3636,0.28,0.1133,0.2346,0.9086,1.0803,False,False
外部需求 → 日本,us_semis,T5,3,6,0,0.1043,0.5351,0.3886,0.3144,1.6242,0.6202,False,False
外部需求 → 日本,us_semis,T5,3,6,3,0.189,0.1338,0.3736,0.551,1.3136,1.4994,False,False
外部需求 → 日本,us_semis,T5,3,6,6,0.6475,0.9107,0.1107,-0.0362,0.4573,-0.1121,False,False
外部需求 → 日本,us_semis,T5,6,1,0,0.1669,0.8764,0.0372,0.0166,1.3823,0.1555,False,False
外部需求 → 日本,us_semis,T5,6,1,3,0.1177,0.7751,0.0473,0.0217,1.5645,0.2858,False,False
外部需求 → 日本,us_semis,T5,6,1,6,0.5022,0.4299,0.0198,0.0566,0.671,0.7893,False,False
外部需求 → 日本,us_semis,T5,6,3,0,0.1114,0.4745,0.1225,0.1904,1.5918,0.7151,False,False
外部需求 → 日本,us_semis,T5,6,3,3,0.2167,0.0908,0.1145,0.2891,1.2354,1.6913,False,False
外部需求 → 日本,us_semis,T5,6,3,6,0.6925,0.9088,0.0304,0.0201,0.3955,0.1145,False,False
外部需求 → 日本,us_semis,T5,6,6,0,0.1731,0.2251,0.2459,0.484,1.3622,1.2132,False,False
外部需求 → 日本,us_semis,T5,6,6,3,0.4031,0.3346,0.1528,0.296,0.8361,0.965,False,False
外部需求 → 日本,us_semis,T5,6,6,6,0.7928,0.188,0.0375,-0.4,0.2627,-1.3166,False,False
外部需求 → 日本,us_semis,T6,1,1,0,0.0191,0.4016,-0.3314,-0.2102,-2.3445,-0.8388,False,False
外部需求 → 日本,us_semis,T6,1,1,3,0.4534,0.3538,0.1849,0.1816,0.7498,0.9273,False,False
外部需求 → 日本,us_semis,T6,1,1,6,0.1173,0.3969,0.2648,-0.2078,1.5662,-0.8471,False,False
外部需求 → 日本,us_semis,T6,1,3,0,0.6664,0.1858,-0.2012,0.5209,-0.431,1.3231,False,False
外部需求 → 日本,us_semis,T6,1,3,3,0.278,0.7323,0.606,0.1379,1.0847,0.3421,False,False
外部需求 → 日本,us_semis,T6,1,3,6,0.0281,0.8252,0.6985,0.0877,2.196,0.2209,False,False
外部需求 → 日本,us_semis,T6,1,6,0,0.6101,0.2879,0.4383,0.6889,0.5099,1.0628,False,False
外部需求 → 日本,us_semis,T6,1,6,3,0.0835,0.3836,1.3673,0.4937,1.731,0.8712,False,False
外部需求 → 日本,us_semis,T6,1,6,6,0.0251,0.4894,1.533,0.4328,2.2397,0.6913,False,False
外部需求 → 日本,us_semis,T6,3,1,0,0.7377,0.237,-0.0258,0.1383,-0.3349,1.1825,False,False
外部需求 → 日本,us_semis,T6,3,1,3,0.286,0.6471,0.0938,0.0518,1.067,0.4577,False,False
外部需求 → 日本,us_semis,T6,3,1,6,0.0664,0.5817,0.1018,0.0647,1.8357,0.551,False,False
外部需求 → 日本,us_semis,T6,3,3,0,0.7179,0.0294,0.0845,0.5893,0.3612,2.1775,False,False
外部需求 → 日本,us_semis,T6,3,3,3,0.1045,0.7935,0.3022,0.0714,1.6233,0.2617,False,False
外部需求 → 日本,us_semis,T6,3,3,6,0.051,0.1326,0.3,0.3202,1.9514,1.5038,False,False
外部需求 → 日本,us_semis,T6,3,6,0,0.2316,0.184,0.4163,0.6484,1.1962,1.3284,False,False
外部需求 → 日本,us_semis,T6,3,6,3,0.065,0.297,0.626,0.4175,1.845,1.0429,False,False
外部需求 → 日本,us_semis,T6,3,6,6,0.0268,0.2313,0.6569,0.4585,2.2149,1.197,False,False
外部需求 → 日本,us_semis,T6,6,1,0,0.6594,0.2862,0.0233,0.1072,0.4408,1.0665,False,False
外部需求 → 日本,us_semis,T6,6,1,3,0.1483,0.4148,0.063,0.0669,1.4456,0.8154,False,False
外部需求 → 日本,us_semis,T6,6,1,6,0.0379,0.0819,0.0717,0.1133,2.0762,1.7398,False,False
外部需求 → 日本,us_semis,T6,6,3,0,0.3053,0.1931,0.13,0.337,1.0252,1.3014,False,False
外部需求 → 日本,us_semis,T6,6,3,3,0.0906,0.2615,0.1931,0.2411,1.6921,1.1227,False,False
外部需求 → 日本,us_semis,T6,6,3,6,0.0261,0.1383,0.2095,0.2727,2.2245,1.4821,False,False
外部需求 → 日本,us_semis,T6,6,6,0,0.1272,0.1883,0.3398,0.5814,1.5252,1.3157,False,False
外部需求 → 日本,us_semis,T6,6,6,3,0.0586,0.1499,0.4139,0.5138,1.8911,1.4398,False,False
外部需求 → 日本,us_semis,T6,6,6,6,0.0163,0.7869,0.4209,0.0805,2.4017,0.2703,False,False
外部需求 → 日本,us_semis,T7,1,1,0,0.8959,0.0266,-0.0517,-0.8751,-0.1309,-2.2172,False,False
外部需求 → 日本,us_semis,T7,1,1,3,0.5114,0.9681,-0.2531,-0.0206,-0.6566,-0.04,False,False
外部需求 → 日本,us_semis,T7,1,1,6,0.2661,0.1359,-0.3477,-0.7345,-1.1122,-1.4912,False,False
外部需求 → 日本,us_semis,T7,1,3,0,0.9972,0.2339,0.0027,-0.934,0.0036,-1.1903,False,False
外部需求 → 日本,us_semis,T7,1,3,3,0.682,0.0434,-0.3789,-1.7222,-0.4097,-2.0197,False,False
外部需求 → 日本,us_semis,T7,1,3,6,0.4792,0.5906,-0.5607,0.4497,-0.7076,0.5379,False,False
外部需求 → 日本,us_semis,T7,1,6,0,0.8196,0.0421,-0.3406,-2.5362,-0.228,-2.0322,False,False
外部需求 → 日本,us_semis,T7,1,6,3,0.5649,0.0876,-0.9372,-1.3127,-0.5755,-1.7084,False,False
外部需求 → 日本,us_semis,T7,1,6,6,0.6657,0.7232,-0.6018,-0.4494,-0.432,-0.3542,False,False
外部需求 → 日本,us_semis,T7,3,1,0,0.8275,0.147,-0.0299,-0.3055,-0.2179,-1.4502,False,False
外部需求 → 日本,us_semis,T7,3,1,3,0.6621,0.1449,-0.0692,-0.4373,-0.4371,-1.4579,False,False
外部需求 → 日本,us_semis,T7,3,1,6,0.5659,0.7264,-0.0771,0.0915,-0.5741,0.3499,False,False
外部需求 → 日本,us_semis,T7,3,3,0,0.6847,0.2627,-0.1419,-0.6673,-0.4061,-1.1199,False,False
外部需求 → 日本,us_semis,T7,3,3,3,0.6,0.0096,-0.2124,-1.5152,-0.5244,-2.5885,False,False
外部需求 → 日本,us_semis,T7,3,3,6,0.7803,0.6967,-0.1048,0.2425,-0.2789,0.3897,False,False
外部需求 → 日本,us_semis,T7,3,6,0,0.6388,0.0222,-0.3264,-2.1858,-0.4694,-2.2861,False,False
外部需求 → 日本,us_semis,T7,3,6,3,0.6493,0.0351,-0.3192,-1.2829,-0.4548,-2.107,False,False
外部需求 → 日本,us_semis,T7,3,6,6,0.2317,0.6086,-0.5826,-0.4767,-1.1959,-0.5121,False,False
外部需求 → 日本,us_semis,T7,6,1,0,0.7808,0.0402,-0.0249,-0.4241,-0.2783,-2.0521,False,False
外部需求 → 日本,us_semis,T7,6,1,3,0.6436,0.1729,-0.0415,-0.1928,-0.4627,-1.3629,False,False
外部需求 → 日本,us_semis,T7,6,1,6,0.7882,0.4328,-0.0204,-0.132,-0.2687,-0.7845,False,False
外部需求 → 日本,us_semis,T7,6,3,0,0.6018,0.0312,-0.1211,-1.1947,-0.5218,-2.1546,False,False
外部需求 → 日本,us_semis,T7,6,3,3,0.7048,0.0674,-0.0918,-0.7531,-0.3789,-1.8291,False,False
外部需求 → 日本,us_semis,T7,6,3,6,0.3019,0.576,-0.1731,-0.2685,-1.0323,-0.5592,False,False
外部需求 → 日本,us_semis,T7,6,6,0,0.6441,0.002,-0.2044,-1.9436,-0.462,-3.0932,False,False
外部需求 → 日本,us_semis,T7,6,6,3,0.4555,0.1696,-0.2751,-1.0388,-0.7462,-1.3736,False,False
外部需求 → 日本,us_semis,T7,6,6,6,0.0044,0.246,-0.8113,-0.9534,-2.8453,-1.1602,False,False
外部需求 → 日本,us_semis,T8,1,1,0,0.6778,0.7244,-0.0554,-0.0854,-0.4154,-0.3525,False,False
外部需求 → 日本,us_semis,T8,1,1,3,0.3754,0.6396,-0.1074,-0.1539,-0.8865,-0.4682,False,False
外部需求 → 日本,us_semis,T8,1,1,6,0.8814,0.7547,-0.0256,0.0828,-0.1492,0.3125,False,False
外部需求 → 日本,us_semis,T8,1,3,0,0.8134,0.2563,0.0573,-0.5826,0.236,-1.1353,False,False
外部需求 → 日本,us_semis,T8,1,3,3,0.1055,0.952,-0.3951,-0.0417,-1.6188,-0.0602,False,False
外部需求 → 日本,us_semis,T8,1,3,6,0.9362,0.6921,0.0182,-0.1805,0.08,-0.3959,False,False
外部需求 → 日本,us_semis,T8,1,6,0,0.448,0.31,-0.3559,-0.7755,-0.7588,-1.0151,False,False
外部需求 → 日本,us_semis,T8,1,6,3,0.3356,0.5651,-0.3958,-0.512,-0.9629,-0.5753,False,False
外部需求 → 日本,us_semis,T8,1,6,6,0.6948,0.357,-0.174,-0.9864,-0.3924,-0.9212,False,False
外部需求 → 日本,us_semis,T8,3,1,0,0.936,0.2213,0.0034,-0.1553,0.0803,-1.2231,False,False
外部需求 → 日本,us_semis,T8,3,1,3,0.1904,0.7483,-0.062,-0.0605,-1.3094,-0.3209,False,False
外部需求 → 日本,us_semis,T8,3,1,6,0.9455,0.618,-0.003,-0.0609,-0.0683,-0.4987,False,False
外部需求 → 日本,us_semis,T8,3,3,0,0.7228,0.0917,-0.0428,-0.515,-0.3548,-1.6867,False,False
外部需求 → 日本,us_semis,T8,3,3,3,0.2075,0.7196,-0.0991,-0.1698,-1.2605,-0.359,False,False
外部需求 → 日本,us_semis,T8,3,3,6,0.7323,0.3108,-0.0357,-0.3375,-0.3421,-1.0135,False,False
外部需求 → 日本,us_semis,T8,3,6,0,0.4403,0.2917,-0.1493,-0.6289,-0.7716,-1.0545,False,False
外部需求 → 日本,us_semis,T8,3,6,3,0.4255,0.4494,-0.1413,-0.6086,-0.797,-0.7564,False,False
外部需求 → 日本,us_semis,T8,3,6,6,0.5369,0.2887,-0.1209,-0.8765,-0.6175,-1.0609,False,False
外部需求 → 日本,us_semis,T8,6,1,0,0.5178,0.234,-0.0178,-0.1258,-0.6468,-1.1901,False,False
外部需求 → 日本,us_semis,T8,6,1,3,0.3966,0.6582,-0.0178,-0.0515,-0.8477,-0.4424,False,False
外部需求 → 日本,us_semis,T8,6,1,6,0.8103,0.3111,-0.0059,-0.1573,-0.2401,-1.013,False,False
外部需求 → 日本,us_semis,T8,6,3,0,0.4797,0.2185,-0.0453,-0.3621,-0.7068,-1.2305,False,False
外部需求 → 日本,us_semis,T8,6,3,3,0.4278,0.5446,-0.0452,-0.2485,-0.7929,-0.6059,False,False
外部需求 → 日本,us_semis,T8,6,3,6,0.5753,0.269,-0.0371,-0.4754,-0.5603,-1.1053,False,False
外部需求 → 日本,us_semis,T8,6,6,0,0.4067,0.3577,-0.0948,-0.6329,-0.8298,-0.9197,False,False
外部需求 → 日本,us_semis,T8,6,6,3,0.4583,0.3758,-0.0859,-0.7784,-0.7416,-0.8857,False,False
外部需求 → 日本,us_semis,T8,6,6,6,0.427,0.3266,-0.0807,-0.7308,-0.7943,-0.9809,False,False
外部需求 → 日本,us_semis,T9,1,1,0,0.2224,0.5237,0.3716,-0.4659,1.2203,-0.6376,False,False
外部需求 → 日本,us_semis,T9,1,1,3,0.0305,0.6118,-0.601,0.3704,-2.164,0.5075,False,False
外部需求 → 日本,us_semis,T9,1,1,6,0.017,0.6312,-0.523,-0.3027,-2.3858,-0.4801,False,False
外部需求 → 日本,us_semis,T9,1,3,0,0.6249,0.1326,-0.3683,-1.2304,-0.4889,-1.5039,False,False
外部需求 → 日本,us_semis,T9,1,3,3,0.0,0.6916,-2.0921,-0.3684,-4.1685,-0.3967,True,False
外部需求 → 日本,us_semis,T9,1,3,6,0.0089,0.5359,-1.7723,-0.6285,-2.6177,-0.6191,False,False
外部需求 → 日本,us_semis,T9,1,6,0,0.0126,0.3257,-2.455,-1.3975,-2.4958,-0.9828,False,False
外部需求 → 日本,us_semis,T9,1,6,3,0.0,0.4907,-3.8811,-0.8936,-4.4651,-0.6892,True,False
外部需求 → 日本,us_semis,T9,1,6,6,0.0037,0.8052,-3.5136,-0.4277,-2.9009,-0.2466,True,False
外部需求 → 日本,us_semis,T9,3,1,0,0.6795,0.0789,-0.0448,-0.5222,-0.4132,-1.7569,False,False
外部需求 → 日本,us_semis,T9,3,1,3,0.0001,0.9973,-0.3019,0.001,-3.9378,0.0034,True,False
外部需求 → 日本,us_semis,T9,3,1,6,0.0113,0.4483,-0.2458,-0.238,-2.5333,-0.7582,False,False
外部需求 → 日本,us_semis,T9,3,3,0,0.0649,0.3695,-0.5202,-0.5813,-1.846,-0.8974,False,False
外部需求 → 日本,us_semis,T9,3,3,3,0.0,0.3789,-0.8832,-0.5164,-4.1258,-0.88,True,False
外部需求 → 日本,us_semis,T9,3,3,6,0.0146,0.6105,-0.7911,-0.3514,-2.4411,-0.5094,False,False
外部需求 → 日本,us_semis,T9,3,6,0,0.0,0.2053,-1.4233,-1.2002,-4.8639,-1.2665,True,False
外部需求 → 日本,us_semis,T9,3,6,3,0.0002,0.4641,-1.7064,-0.741,-3.6819,-0.7321,True,False
外部需求 → 日本,us_semis,T9,3,6,6,0.0072,0.9705,-1.3861,-0.0471,-2.6878,-0.0369,False,False
外部需求 → 日本,us_semis,T9,6,1,0,0.0371,0.1502,-0.1168,-0.3012,-2.0849,-1.4387,False,False
外部需求 → 日本,us_semis,T9,6,1,3,0.0003,0.5437,-0.1754,-0.1269,-3.5795,-0.6072,True,False
外部需求 → 日本,us_semis,T9,6,1,6,0.0066,0.7812,-0.1607,-0.0676,-2.7144,-0.2777,False,False
外部需求 → 日本,us_semis,T9,6,3,0,0.0001,0.1799,-0.4666,-0.5902,-3.9767,-1.3412,True,False
外部需求 → 日本,us_semis,T9,6,3,3,0.0004,0.3122,-0.5377,-0.4608,-3.5479,-1.0105,True,False
外部需求 → 日本,us_semis,T9,6,3,6,0.0069,0.9828,-0.4385,-0.0147,-2.6993,-0.0215,False,False
外部需求 → 日本,us_semis,T9,6,6,0,0.0,0.1286,-1.0209,-1.0323,-5.1132,-1.5195,True,False
外部需求 → 日本,us_semis,T9,6,6,3,0.0007,0.7088,-0.9931,-0.4214,-3.4015,-0.3734,True,False
外部需求 → 日本,us_semis,T9,6,6,6,0.008,0.6487,-0.7889,0.524,-2.6504,0.4556,False,False
外部需求 → 日本,us_semis,その他製品,1,1,0,0.3758,0.5111,0.0645,0.0845,0.8857,0.6571,False,False
外部需求 → 日本,us_semis,その他製品,1,1,3,0.3946,0.1509,0.08,0.1231,0.8513,1.4364,False,False
外部需求 → 日本,us_semis,その他製品,1,1,6,0.2698,0.5472,0.081,-0.0555,1.1036,-0.602,False,False
外部需求 → 日本,us_semis,その他製品,1,3,0,0.0015,0.9352,0.3462,0.0141,3.1657,0.0813,True,False
外部需求 → 日本,us_semis,その他製品,1,3,3,0.3166,0.2161,0.1435,0.2408,1.0016,1.2371,False,False
外部需求 → 日本,us_semis,その他製品,1,3,6,0.1765,0.8502,0.1957,-0.0353,1.3517,-0.1888,False,False
外部需求 → 日本,us_semis,その他製品,1,6,0,0.025,0.3538,0.5051,0.2757,2.242,0.9272,False,False
外部需求 → 日本,us_semis,その他製品,1,6,3,0.2079,0.6962,0.3442,0.1338,1.2594,0.3905,False,False
外部需求 → 日本,us_semis,その他製品,1,6,6,0.8014,0.755,0.0566,0.1002,0.2515,0.3121,False,False
外部需求 → 日本,us_semis,その他製品,3,1,0,0.0601,0.8263,0.0497,0.0126,1.8803,0.2195,False,False
外部需求 → 日本,us_semis,その他製品,3,1,3,0.5319,0.3192,0.0185,0.0552,0.6251,0.9961,False,False
外部需求 → 日本,us_semis,その他製品,3,1,6,0.3642,0.923,0.0228,-0.0056,0.9074,-0.0967,False,False
外部需求 → 日本,us_semis,その他製品,3,3,0,0.0026,0.3821,0.1417,0.1033,3.015,0.8739,True,False
外部需求 → 日本,us_semis,その他製品,3,3,3,0.189,0.8942,0.0813,0.0206,1.3134,0.133,False,False
外部需求 → 日本,us_semis,その他製品,3,3,6,0.8676,0.927,0.0103,0.0142,0.1667,0.0916,False,False
外部需求 → 日本,us_semis,その他製品,3,6,0,0.0359,0.556,0.2277,0.1299,2.0984,0.5887,False,False
外部需求 → 日本,us_semis,その他製品,3,6,3,0.4206,0.9913,0.0947,0.0031,0.8054,0.0108,False,False
外部需求 → 日本,us_semis,その他製品,3,6,6,0.8202,0.7321,-0.0233,0.0714,-0.2273,0.3423,False,False
外部需求 → 日本,us_semis,その他製品,6,1,0,0.0887,0.5059,0.0217,0.0313,1.7025,0.6653,False,False
外部需求 → 日本,us_semis,その他製品,6,1,3,0.3093,0.6509,0.0142,0.0204,1.0168,0.4525,False,False
外部需求 → 日本,us_semis,その他製品,6,1,6,0.8903,0.908,0.0019,0.0052,0.1379,0.1155,False,False
外部需求 → 日本,us_semis,その他製品,6,3,0,0.0365,0.6792,0.0737,0.0498,2.0909,0.4136,False,False
外部需求 → 日本,us_semis,その他製品,6,3,3,0.5002,0.8956,0.0267,0.0185,0.6742,0.1313,False,False
外部需求 → 日本,us_semis,その他製品,6,3,6,0.8389,0.7689,-0.007,0.0305,-0.2032,0.2939,False,False
外部需求 → 日本,us_semis,その他製品,6,6,0,0.1948,0.8246,0.1032,0.0538,1.2965,0.2217,False,False
外部需求 → 日本,us_semis,その他製品,6,6,3,0.7629,0.8503,0.022,0.0424,0.3016,0.1887,False,False
外部需求 → 日本,us_semis,その他製品,6,6,6,0.529,0.6481,-0.041,-0.0666,-0.6295,-0.4564,False,False
外部需求 → 日本,us_semis,その他金融業,1,1,0,0.2585,0.0024,0.2928,0.3949,1.1298,3.0357,False,False
外部需求 → 日本,us_semis,その他金融業,1,1,3,0.0344,0.0118,-0.488,0.2877,-2.1152,2.5187,False,False
外部需求 → 日本,us_semis,その他金融業,1,1,6,0.7126,0.5378,-0.0904,0.0851,-0.3684,0.6161,False,False
外部需求 → 日本,us_semis,その他金融業,1,3,0,0.5871,0.1229,0.2944,0.2864,0.5431,1.5426,False,False
外部需求 → 日本,us_semis,その他金融業,1,3,3,0.349,0.4419,-0.4779,0.1396,-0.9366,0.7689,False,False
外部需求 → 日本,us_semis,その他金融業,1,3,6,0.4437,0.1587,0.3593,-0.2926,0.7659,-1.4094,False,False
外部需求 → 日本,us_semis,その他金融業,1,6,0,0.4075,0.1658,-0.394,0.3967,-0.8282,1.3859,False,False
外部需求 → 日本,us_semis,その他金融業,1,6,3,0.5192,0.5543,-0.2968,-0.1801,-0.6446,-0.5913,False,False
外部需求 → 日本,us_semis,その他金融業,1,6,6,0.9649,0.1187,-0.0235,-0.5599,-0.044,-1.5602,False,False
外部需求 → 日本,us_semis,その他金融業,3,1,0,0.7911,0.1637,-0.0306,0.0866,-0.2649,1.3927,False,False
外部需求 → 日本,us_semis,その他金融業,3,1,3,0.3092,0.5429,-0.0926,0.039,-1.0168,0.6085,False,False
外部需求 → 日本,us_semis,その他金融業,3,1,6,0.6751,0.1809,0.0391,-0.0859,0.4191,-1.338,False,False
外部需求 → 日本,us_semis,その他金融業,3,3,0,0.5454,0.1217,-0.1439,0.1813,-0.6047,1.5479,False,False
外部需求 → 日本,us_semis,その他金融業,3,3,3,0.7473,0.9434,-0.0553,-0.0109,-0.3222,-0.071,False,False
外部需求 → 日本,us_semis,その他金融業,3,3,6,0.8658,0.3142,0.0313,-0.1529,0.169,-1.0063,False,False
外部需求 → 日本,us_semis,その他金融業,3,6,0,0.0619,0.3544,-0.287,0.1843,-1.8667,0.926,False,False
外部需求 → 日本,us_semis,その他金融業,3,6,3,0.8049,0.4643,-0.0575,-0.1775,-0.247,-0.7318,False,False
外部需求 → 日本,us_semis,その他金融業,3,6,6,0.5456,0.0539,-0.1365,-0.4983,-0.6044,-1.9278,False,False
外部需求 → 日本,us_semis,その他金融業,6,1,0,0.4664,0.0968,-0.0385,0.0697,-0.7284,1.6606,False,False
外部需求 → 日本,us_semis,その他金融業,6,1,3,0.7376,0.4838,-0.0168,-0.0349,-0.3351,-0.7002,False,False
外部需求 → 日本,us_semis,その他金融業,6,1,6,0.9301,0.1171,-0.0037,-0.0692,-0.0878,-1.5673,False,False
外部需求 → 日本,us_semis,その他金融業,6,3,0,0.4479,0.4458,-0.0643,0.0817,-0.7589,0.7625,False,False
外部需求 → 日本,us_semis,その他金融業,6,3,3,0.9792,0.3754,-0.0025,-0.107,-0.0261,-0.8865,False,False
外部需求 → 日本,us_semis,その他金融業,6,3,6,0.6663,0.0206,-0.0442,-0.2755,-0.4312,-2.3152,False,False
外部需求 → 日本,us_semis,その他金融業,6,6,0,0.2794,0.9047,-0.1052,-0.026,-1.0816,-0.1198,False,False
外部需求 → 日本,us_semis,その他金融業,6,6,3,0.6776,0.0906,-0.0563,-0.3788,-0.4158,-1.6921,False,False
外部需求 → 日本,us_semis,その他金融業,6,6,6,0.5053,0.0005,-0.0887,-0.5822,-0.6661,-3.4568,False,False
外部需求 → 日本,us_semis,ガラス・土石製品,1,1,0,0.8669,0.0346,-0.0177,-0.3961,-0.1676,-2.1125,False,False
外部需求 → 日本,us_semis,ガラス・土石製品,1,1,3,0.9789,0.6701,-0.0026,0.0635,-0.0265,0.426,False,False
外部需求 → 日本,us_semis,ガラス・土石製品,1,1,6,0.7585,0.3199,-0.0247,-0.213,-0.3074,-0.9946,False,False
外部需求 → 日本,us_semis,ガラス・土石製品,1,3,0,0.6143,0.3009,-0.1504,-0.2674,-0.504,-1.0345,False,False
外部需求 → 日本,us_semis,ガラス・土石製品,1,3,3,0.3749,0.0995,-0.165,0.4471,-0.8873,1.6474,False,False
外部需求 → 日本,us_semis,ガラス・土石製品,1,3,6,0.4025,0.3051,0.1348,0.2759,0.8372,1.0255,False,False
外部需求 → 日本,us_semis,ガラス・土石製品,1,6,0,0.3625,0.6677,-0.3412,0.1561,-0.9107,0.4293,False,False
外部需求 → 日本,us_semis,ガラス・土石製品,1,6,3,0.9168,0.0366,-0.0323,0.8113,-0.1045,2.0901,False,False
外部需求 → 日本,us_semis,ガラス・土石製品,1,6,6,0.4747,0.3933,0.1901,0.3984,0.7148,0.8537,False,False
外部需求 → 日本,us_semis,ガラス・土石製品,3,1,0,0.6657,0.1209,-0.0219,-0.1289,-0.432,-1.5511,False,False
外部需求 → 日本,us_semis,ガラス・土石製品,3,1,3,0.4941,0.0307,-0.0211,0.1636,-0.6838,2.161,False,False
外部需求 → 日本,us_semis,ガラス・土石製品,3,1,6,0.4083,0.5386,0.025,0.0474,0.827,0.615,False,False
外部需求 → 日本,us_semis,ガラス・土石製品,3,3,0,0.5568,0.6193,-0.0618,0.0905,-0.5875,0.4969,False,False
外部需求 → 日本,us_semis,ガラス・土石製品,3,3,3,0.4185,0.1113,-0.0639,0.3202,-0.809,1.5922,False,False
外部需求 → 日本,us_semis,ガラス・土石製品,3,3,6,0.0705,0.5003,0.113,0.1522,1.8088,0.674,False,False
外部需求 → 日本,us_semis,ガラス・土石製品,3,6,0,0.376,0.2403,-0.1352,0.3369,-0.8853,1.1742,False,False
外部需求 → 日本,us_semis,ガラス・土石製品,3,6,3,0.7075,0.0521,0.0472,0.5621,0.3752,1.9423,False,False
外部需求 → 日本,us_semis,ガラス・土石製品,3,6,6,0.9266,0.1544,0.0105,0.4218,0.0921,1.4242,False,False
外部需求 → 日本,us_semis,ガラス・土石製品,6,1,0,0.4628,0.7766,-0.0157,0.0172,-0.7342,0.2838,False,False
外部需求 → 日本,us_semis,ガラス・土石製品,6,1,3,0.9866,0.0236,0.0003,0.115,0.0168,2.2639,False,False
外部需求 → 日本,us_semis,ガラス・土石製品,6,1,6,0.4569,0.2875,0.0108,0.0663,0.744,1.0637,False,False
外部需求 → 日本,us_semis,ガラス・土石製品,6,3,0,0.3907,0.087,-0.0459,0.2429,-0.8583,1.7114,False,False
外部需求 → 日本,us_semis,ガラス・土石製品,6,3,3,0.7308,0.0469,0.0165,0.2597,0.3441,1.9874,False,False
外部需求 → 日本,us_semis,ガラス・土石製品,6,3,6,0.9966,0.0928,0.0002,0.289,0.0043,1.6809,False,False
外部需求 → 日本,us_semis,ガラス・土石製品,6,6,0,0.7272,0.0369,-0.033,0.5084,-0.3489,2.0872,False,False
外部需求 → 日本,us_semis,ガラス・土石製品,6,6,3,0.8178,0.0333,0.0166,0.5518,0.2304,2.1284,False,False
外部需求 → 日本,us_semis,ガラス・土石製品,6,6,6,0.44,0.0031,-0.066,0.6695,-0.7723,2.9552,False,False
外部需求 → 日本,us_semis,ゴム製品,1,1,0,0.6146,0.3888,0.1725,-0.2298,0.5036,-0.8618,False,False
外部需求 → 日本,us_semis,ゴム製品,1,1,3,0.1841,0.4803,0.2395,0.1711,1.3284,0.7059,False,False
外部需求 → 日本,us_semis,ゴム製品,1,1,6,0.1737,0.5362,0.1796,0.167,1.3605,0.6185,False,False
外部需求 → 日本,us_semis,ゴム製品,1,3,0,0.8281,0.3835,0.1019,-0.3905,0.2171,-0.8715,False,False
外部需求 → 日本,us_semis,ゴム製品,1,3,3,0.0927,0.001,0.5068,1.2429,1.6812,3.2876,False,False
外部需求 → 日本,us_semis,ゴム製品,1,3,6,0.0116,0.8867,0.8349,-0.0651,2.5245,-0.1425,False,False
外部需求 → 日本,us_semis,ゴム製品,1,6,0,0.1576,0.1138,0.668,0.8818,1.4132,1.5811,False,False
外部需求 → 日本,us_semis,ゴム製品,1,6,3,0.0068,0.0469,1.362,1.2031,2.7082,1.9873,False,False
外部需求 → 日本,us_semis,ゴム製品,1,6,6,0.0001,0.2704,1.5122,-0.6706,3.801,-1.1021,True,False
外部需求 → 日本,us_semis,ゴム製品,3,1,0,0.7563,0.5281,0.0314,-0.0807,0.3104,-0.631,False,False
外部需求 → 日本,us_semis,ゴム製品,3,1,3,0.169,0.0044,0.0746,0.3651,1.3754,2.8449,False,False
外部需求 → 日本,us_semis,ゴム製品,3,1,6,0.0311,0.9833,0.1257,-0.0026,2.1557,-0.021,False,False
外部需求 → 日本,us_semis,ゴム製品,3,3,0,0.3607,0.6418,0.1176,0.1323,0.914,0.4651,False,False
外部需求 → 日本,us_semis,ゴム製品,3,3,3,0.123,0.0001,0.2051,1.1166,1.5424,3.947,False,False
外部需求 → 日本,us_semis,ゴム製品,3,3,6,0.0012,0.287,0.4111,-0.3281,3.2489,-1.0648,True,False
外部需求 → 日本,us_semis,ゴム製品,3,6,0,0.1004,0.0012,0.3451,1.1917,1.6428,3.2472,False,False
外部需求 → 日本,us_semis,ゴム製品,3,6,3,0.0024,0.0581,0.6248,0.7597,3.0311,1.895,True,True
外部需求 → 日本,us_semis,ゴム製品,3,6,6,0.0003,0.0526,0.5594,-0.8501,3.6278,-1.9385,True,False
外部需求 → 日本,us_semis,ゴム製品,6,1,0,0.3646,0.0591,0.0317,0.1388,0.9066,1.8873,False,False
外部需求 → 日本,us_semis,ゴム製品,6,1,3,0.0364,0.0041,0.0654,0.2114,2.0919,2.8724,False,False
外部需求 → 日本,us_semis,ゴム製品,6,1,6,0.0051,0.1834,0.0729,-0.1043,2.7976,-1.3303,False,False
外部需求 → 日本,us_semis,ゴム製品,6,3,0,0.1706,0.0008,0.1015,0.6688,1.3702,3.3534,False,False
外部需求 → 日本,us_semis,ゴム製品,6,3,3,0.0124,0.0318,0.2013,0.4429,2.5015,2.1467,False,False
外部需求 → 日本,us_semis,ゴム製品,6,3,6,0.0022,0.0485,0.1859,-0.4871,3.0629,-1.973,True,False
外部需求 → 日本,us_semis,ゴム製品,6,6,0,0.0071,0.0002,0.3125,1.0655,2.6935,3.7118,False,False
外部需求 → 日本,us_semis,ゴム製品,6,6,3,0.0001,0.887,0.3855,-0.0441,3.9967,-0.1421,True,False
外部需求 → 日本,us_semis,ゴム製品,6,6,6,0.0045,0.0747,0.2469,-0.8256,2.843,-1.7822,False,False
外部需求 → 日本,us_semis,サービス業,1,1,0,0.7534,0.2053,0.0353,0.2471,0.3141,1.2665,False,False
外部需求 → 日本,us_semis,サービス業,1,1,3,0.9463,0.0755,0.0063,0.2896,0.0673,1.7777,False,False
外部需求 → 日本,us_semis,サービス業,1,1,6,0.1562,0.1785,-0.1302,0.2193,-1.4178,1.3454,False,False
外部需求 → 日本,us_semis,サービス業,1,3,0,0.3628,0.2513,0.2735,-0.387,0.91,-1.1472,False,False
外部需求 → 日本,us_semis,サービス業,1,3,3,0.7143,0.6833,-0.0752,-0.1716,-0.3662,-0.4079,False,False
外部需求 → 日本,us_semis,サービス業,1,3,6,0.0652,0.584,-0.274,0.1803,-1.8439,0.5475,False,False
外部需求 → 日本,us_semis,サービス業,1,6,0,0.6559,0.3877,0.1898,-0.4942,0.4456,-0.8638,False,False
外部需求 → 日本,us_semis,サービス業,1,6,3,0.2497,0.8415,-0.3521,-0.1192,-1.1512,-0.1999,False,False
外部需求 → 日本,us_semis,サービス業,1,6,6,0.3439,0.6459,-0.2487,0.254,-0.9464,0.4595,False,False
外部需求 → 日本,us_semis,サービス業,3,1,0,0.3569,0.3393,0.0396,-0.0904,0.9212,-0.9556,False,False
外部需求 → 日本,us_semis,サービス業,3,1,3,0.7092,0.5513,-0.0147,-0.0671,-0.3729,-0.5957,False,False
外部需求 → 日本,us_semis,サービス業,3,1,6,0.09,0.5302,-0.0447,0.0598,-1.6956,0.6277,False,False
外部需求 → 日本,us_semis,サービス業,3,3,0,0.4977,0.3162,0.0817,-0.225,0.6781,-1.0023,False,False
外部需求 → 日本,us_semis,サービス業,3,3,3,0.3014,0.4828,-0.0817,-0.1945,-1.0334,-0.7017,False,False
外部需求 → 日本,us_semis,サービス業,3,3,6,0.1228,0.445,-0.0787,0.169,-1.5432,0.7638,False,False
外部需求 → 日本,us_semis,サービス業,3,6,0,0.9877,0.4005,-0.0027,-0.3646,-0.0155,-0.8406,False,False
外部需求 → 日本,us_semis,サービス業,3,6,3,0.1489,0.8708,-0.1616,-0.0781,-1.4433,-0.1627,False,False
外部需求 → 日本,us_semis,サービス業,3,6,6,0.8159,0.8997,-0.027,0.0515,-0.2328,0.126,False,False
外部需求 → 日本,us_semis,サービス業,6,1,0,0.6991,0.2632,0.0102,-0.0871,0.3866,-1.1188,False,False
外部需求 → 日本,us_semis,サービス業,6,1,3,0.2947,0.9235,-0.0182,0.0083,-1.0478,0.096,False,False
外部需求 → 日本,us_semis,サービス業,6,1,6,0.3963,0.7508,-0.0113,0.0249,-0.8482,0.3176,False,False
外部需求 → 日本,us_semis,サービス業,6,3,0,0.9795,0.2844,0.0018,-0.2342,0.0256,-1.0704,False,False
外部需求 → 日本,us_semis,サービス業,6,3,3,0.1531,0.9578,-0.051,0.0139,-1.4286,0.0529,False,False
外部需求 → 日本,us_semis,サービス業,6,3,6,0.9053,0.9774,-0.0047,-0.0067,-0.1189,-0.0283,False,False
外部需求 → 日本,us_semis,サービス業,6,6,0,0.5864,0.6435,-0.0502,-0.2166,-0.544,-0.4628,False,False
外部需求 → 日本,us_semis,サービス業,6,6,3,0.3381,0.9676,-0.0562,0.0196,-0.9579,0.0407,False,False
外部需求 → 日本,us_semis,サービス業,6,6,6,0.5602,0.8807,0.0375,0.0607,0.5825,0.1501,False,False
外部需求 → 日本,us_semis,パルプ・紙,1,1,0,0.9423,0.5955,0.0275,0.1406,0.0723,0.5309,False,False
外部需求 → 日本,us_semis,パルプ・紙,1,1,3,0.4617,0.6444,0.1645,-0.1008,0.736,-0.4616,False,False
外部需求 → 日本,us_semis,パルプ・紙,1,1,6,0.0387,0.1969,0.3994,0.3219,2.0678,1.2904,False,False
外部需求 → 日本,us_semis,パルプ・紙,1,3,0,0.65,0.7544,0.2761,0.1563,0.4538,0.3128,False,False
外部需求 → 日本,us_semis,パルプ・紙,1,3,3,0.0207,0.9163,0.8325,-0.0423,2.3136,-0.1051,False,False
外部需求 → 日本,us_semis,パルプ・紙,1,3,6,0.0454,0.8888,0.938,0.0694,2.0009,0.1399,False,False
外部需求 → 日本,us_semis,パルプ・紙,1,6,0,0.1664,0.8406,0.9272,0.1358,1.3838,0.2011,False,False
外部需求 → 日本,us_semis,パルプ・紙,1,6,3,0.0106,0.9453,1.7112,0.0323,2.5558,0.0685,False,False
外部需求 → 日本,us_semis,パルプ・紙,1,6,6,0.1435,0.6226,1.2451,0.3208,1.4628,0.4922,False,False
外部需求 → 日本,us_semis,パルプ・紙,3,1,0,0.6472,0.576,0.0455,0.0812,0.4577,0.5593,False,False
外部需求 → 日本,us_semis,パルプ・紙,3,1,3,0.0616,0.9324,0.1153,0.0113,1.8693,0.0848,False,False
外部需求 → 日本,us_semis,パルプ・紙,3,1,6,0.0643,0.8124,0.1396,0.0357,1.8504,0.2374,False,False
外部需求 → 日本,us_semis,パルプ・紙,3,3,0,0.3158,0.9863,0.1992,-0.0068,1.0032,-0.0171,False,False
外部需求 → 日本,us_semis,パルプ・紙,3,3,3,0.0065,0.3608,0.4431,0.1811,2.7194,0.9138,False,False
外部需求 → 日本,us_semis,パルプ・紙,3,3,6,0.1923,0.7971,0.25,-0.0907,1.3039,-0.2571,False,False
外部需求 → 日本,us_semis,パルプ・紙,3,6,0,0.0086,0.6662,0.5812,0.2162,2.628,0.4314,False,False
外部需求 → 日本,us_semis,パルプ・紙,3,6,3,0.0414,0.8112,0.6735,0.0853,2.0395,0.2388,False,False
外部需求 → 日本,us_semis,パルプ・紙,3,6,6,0.1772,0.768,0.4431,0.1122,1.3493,0.295,False,False
外部需求 → 日本,us_semis,パルプ・紙,6,1,0,0.146,0.7991,0.0595,0.0316,1.454,0.2546,False,False
外部需求 → 日本,us_semis,パルプ・紙,6,1,3,0.0222,0.7341,0.084,0.0249,2.2869,0.3397,False,False
外部需求 → 日本,us_semis,パルプ・紙,6,1,6,0.1797,0.7293,0.0588,0.0361,1.3417,0.346,False,False
外部需求 → 日本,us_semis,パルプ・紙,6,3,0,0.014,0.7581,0.2127,0.0883,2.4561,0.308,False,False
外部需求 → 日本,us_semis,パルプ・紙,6,3,3,0.0546,0.7745,0.2264,0.0566,1.9221,0.2865,False,False
外部需求 → 日本,us_semis,パルプ・紙,6,3,6,0.2192,0.9429,0.1419,0.0154,1.2287,0.0716,False,False
外部需求 → 日本,us_semis,パルプ・紙,6,6,0,0.0163,0.5471,0.4135,0.1646,2.4018,0.6021,False,False
外部需求 → 日本,us_semis,パルプ・紙,6,6,3,0.0984,0.7895,0.3611,0.0939,1.6526,0.267,False,False
外部需求 → 日本,us_semis,パルプ・紙,6,6,6,0.1663,0.5369,0.2688,0.1796,1.3842,0.6175,False,False
外部需求 → 日本,us_semis,不動産業,1,1,0,0.5932,0.2164,0.1634,0.2032,0.5342,1.2362,False,False
外部需求 → 日本,us_semis,不動産業,1,1,3,0.0225,0.3417,-0.462,0.1467,-2.2824,0.9509,False,False
外部需求 → 日本,us_semis,不動産業,1,1,6,0.0353,0.4418,-0.5467,0.1239,-2.1054,0.7692,False,False
外部需求 → 日本,us_semis,不動産業,1,3,0,0.5618,0.9286,-0.4183,0.0229,-0.5801,0.0896,False,False
外部需求 → 日本,us_semis,不動産業,1,3,3,0.0119,0.554,-1.0017,-0.1205,-2.5139,-0.5918,False,False
外部需求 → 日本,us_semis,不動産業,1,3,6,0.1184,0.2849,-0.8541,-0.3527,-1.5616,-1.0693,False,False
外部需求 → 日本,us_semis,不動産業,1,6,0,0.0563,0.6567,-1.3994,-0.1685,-1.9084,-0.4444,False,False
外部需求 → 日本,us_semis,不動産業,1,6,3,0.0031,0.1701,-1.8843,-0.4858,-2.9547,-1.3719,True,False
外部需求 → 日本,us_semis,不動産業,1,6,6,0.2021,0.231,-1.3485,-0.6254,-1.2755,-1.1977,False,False
外部需求 → 日本,us_semis,不動産業,3,1,0,0.5939,0.9694,-0.0706,-0.0028,-0.5331,-0.0384,False,False
外部需求 → 日本,us_semis,不動産業,3,1,3,0.1048,0.5679,-0.1303,-0.0461,-1.6219,-0.5712,False,False
外部需求 → 日本,us_semis,不動産業,3,1,6,0.1471,0.3084,-0.1352,-0.0866,-1.4498,-1.0186,False,False
外部需求 → 日本,us_semis,不動産業,3,3,0,0.1215,0.7289,-0.3833,-0.0634,-1.5485,-0.3466,False,False
外部需求 → 日本,us_semis,不動産業,3,3,3,0.0137,0.3137,-0.4106,-0.1668,-2.4656,-1.0075,False,False
外部需求 → 日本,us_semis,不動産業,3,3,6,0.1936,0.3089,-0.2935,-0.2243,-1.2999,-1.0176,False,False
外部需求 → 日本,us_semis,不動産業,3,6,0,0.0161,0.4603,-0.8199,-0.1991,-2.4066,-0.7384,False,False
外部需求 → 日本,us_semis,不動産業,3,6,3,0.0588,0.1993,-0.7375,-0.3826,-1.8897,-1.2834,False,False
外部需求 → 日本,us_semis,不動産業,3,6,6,0.2989,0.1342,-0.4548,-0.4739,-1.0388,-1.4976,False,False
外部需求 → 日本,us_semis,不動産業,6,1,0,0.2505,0.5473,-0.0626,-0.0328,-1.149,-0.6018,False,False
外部需求 → 日本,us_semis,不動産業,6,1,3,0.0221,0.1436,-0.0881,-0.0862,-2.2887,-1.4626,False,False
外部需求 → 日本,us_semis,不動産業,6,1,6,0.2112,0.4229,-0.0628,-0.0475,-1.2502,-0.8015,False,False
外部需求 → 日本,us_semis,不動産業,6,3,0,0.0144,0.2529,-0.2525,-0.1659,-2.4468,-1.1433,False,False
外部需求 → 日本,us_semis,不動産業,6,3,3,0.0444,0.1396,-0.2262,-0.2295,-2.0105,-1.4774,False,False
外部需求 → 日本,us_semis,不動産業,6,3,6,0.309,0.0961,-0.1313,-0.2646,-1.0174,-1.6639,False,False
外部需求 → 日本,us_semis,不動産業,6,6,0,0.0149,0.1409,-0.4976,-0.3724,-2.4338,-1.4724,False,False
外部需求 → 日本,us_semis,不動産業,6,6,3,0.14,0.0696,-0.3771,-0.4856,-1.476,-1.8146,False,False
外部需求 → 日本,us_semis,不動産業,6,6,6,0.3646,0.1237,-0.2346,-0.4156,-0.9067,-1.5396,False,False
外部需求 → 日本,us_semis,保険業,1,1,0,0.8013,0.2057,0.0647,0.337,0.2517,1.2656,False,False
外部需求 → 日本,us_semis,保険業,1,1,3,0.9221,0.4713,0.0248,0.1719,0.0978,0.7203,False,False
外部需求 → 日本,us_semis,保険業,1,1,6,0.7936,0.5739,0.0473,-0.173,0.2616,-0.5623,False,False
外部需求 → 日本,us_semis,保険業,1,3,0,0.8767,0.552,0.0548,0.2595,0.1551,0.5948,False,False
外部需求 → 日本,us_semis,保険業,1,3,3,0.0308,0.3947,0.6299,-0.2604,2.1597,-0.8511,False,False
外部需求 → 日本,us_semis,保険業,1,3,6,0.303,0.0106,0.3183,-0.9285,1.03,-2.5542,False,False
外部需求 → 日本,us_semis,保険業,1,6,0,0.2335,0.9993,0.7683,-0.0004,1.1913,-0.0008,False,False
外部需求 → 日本,us_semis,保険業,1,6,3,0.0808,0.0026,1.0169,-1.1732,1.7462,-3.0079,False,False
外部需求 → 日本,us_semis,保険業,1,6,6,0.1298,0.7014,0.7119,-0.1731,1.515,-0.3834,False,False
外部需求 → 日本,us_semis,保険業,3,1,0,0.8609,0.6874,-0.0132,0.0519,-0.1752,0.4025,False,False
外部需求 → 日本,us_semis,保険業,3,1,3,0.213,0.6951,0.095,-0.0435,1.2453,-0.3919,False,False
外部需求 → 日本,us_semis,保険業,3,1,6,0.3027,0.0192,0.0543,-0.2901,1.0308,-2.342,False,False
外部需求 → 日本,us_semis,保険業,3,3,0,0.705,0.9012,0.0518,0.037,0.3786,0.1241,False,False
外部需求 → 日本,us_semis,保険業,3,3,3,0.0649,0.0343,0.2465,-0.4071,1.846,-2.1165,False,False
外部需求 → 日本,us_semis,保険業,3,3,6,0.2856,0.6549,0.1292,-0.1186,1.0678,-0.447,False,False
外部需求 → 日本,us_semis,保険業,3,6,0,0.2209,0.2891,0.3313,-0.3526,1.224,-1.06,False,False
外部需求 → 日本,us_semis,保険業,3,6,3,0.0991,0.093,0.4033,-0.5332,1.6492,-1.6796,False,False
外部需求 → 日本,us_semis,保険業,3,6,6,0.0323,0.7966,0.3583,0.0826,2.1409,0.2578,False,False
外部需求 → 日本,us_semis,保険業,6,1,0,0.3341,0.9047,0.0317,0.0105,0.9658,0.1198,False,False
外部需求 → 日本,us_semis,保険業,6,1,3,0.1613,0.0036,0.0493,-0.1873,1.4007,-2.9107,False,False
外部需求 → 日本,us_semis,保険業,6,1,6,0.1875,0.71,0.0353,-0.0331,1.318,-0.3719,False,False
外部需求 → 日本,us_semis,保険業,6,3,0,0.2121,0.3246,0.1013,-0.194,1.2478,-0.9851,False,False
外部需求 → 日本,us_semis,保険業,6,3,3,0.1277,0.0678,0.1266,-0.312,1.5232,-1.8262,False,False
外部需求 → 日本,us_semis,保険業,6,3,6,0.0399,0.9986,0.1135,-0.0004,2.0549,-0.0018,False,False
外部需求 → 日本,us_semis,保険業,6,6,0,0.1085,0.0888,0.2497,-0.4977,1.6051,-1.7019,False,False
外部需求 → 日本,us_semis,保険業,6,6,3,0.0304,0.3619,0.2525,-0.311,2.1644,-0.9117,False,False
外部需求 → 日本,us_semis,保険業,6,6,6,0.0272,0.4791,0.2146,-0.2274,2.209,-0.7077,False,False
外部需求 → 日本,us_semis,化学,1,1,0,0.494,0.1418,-0.0311,-0.148,-0.6839,-1.4692,False,False
外部需求 → 日本,us_semis,化学,1,1,3,0.4638,0.2494,0.0486,-0.1103,0.7326,-1.1518,False,False
外部需求 → 日本,us_semis,化学,1,1,6,0.7775,0.3083,0.022,-0.1123,0.2826,-1.0187,False,False
外部需求 → 日本,us_semis,化学,1,3,0,0.8484,0.5041,0.0183,-0.0964,0.1911,-0.668,False,False
外部需求 → 日本,us_semis,化学,1,3,3,0.674,0.5093,-0.0389,0.097,-0.4207,0.66,False,False
外部需求 → 日本,us_semis,化学,1,3,6,0.8516,0.8769,-0.0259,0.0254,-0.187,0.155,False,False
外部需求 → 日本,us_semis,化学,1,6,0,0.8837,0.823,-0.0218,0.0434,-0.1463,0.2237,False,False
外部需求 → 日本,us_semis,化学,1,6,3,0.728,0.4083,-0.0666,0.1595,-0.3478,0.8268,False,False
外部需求 → 日本,us_semis,化学,1,6,6,0.4261,0.5464,-0.1467,0.1371,-0.7959,0.6031,False,False
外部需求 → 日本,us_semis,化学,3,1,0,0.8513,0.288,0.0035,-0.047,0.1874,-1.0626,False,False
外部需求 → 日本,us_semis,化学,3,1,3,0.8101,0.3388,-0.004,0.0424,-0.2404,0.9565,False,False
外部需求 → 日本,us_semis,化学,3,1,6,0.9659,0.891,-0.0011,0.0061,-0.0427,0.137,False,False
外部需求 → 日本,us_semis,化学,3,3,0,0.4186,0.6476,0.0334,-0.0468,0.8089,-0.4571,False,False
外部需求 → 日本,us_semis,化学,3,3,3,0.4627,0.252,-0.0335,0.119,-0.7343,1.1456,False,False
外部需求 → 日本,us_semis,化学,3,3,6,0.7281,0.8368,-0.0158,0.0233,-0.3477,0.206,False,False
外部需求 → 日本,us_semis,化学,3,6,0,0.9902,0.7797,0.0009,0.0454,0.0122,0.2798,False,False
外部需求 → 日本,us_semis,化学,3,6,3,0.5471,0.2473,-0.0484,0.1726,-0.6021,1.157,False,False
外部需求 → 日本,us_semis,化学,3,6,6,0.2768,0.3593,-0.0699,0.1334,-1.0876,0.9168,False,False
外部需求 → 日本,us_semis,化学,6,1,0,0.8889,0.954,-0.0011,-0.0019,-0.1397,-0.0577,False,False
外部需求 → 日本,us_semis,化学,6,1,3,0.732,0.305,-0.0038,0.0289,-0.3425,1.0258,False,False
外部需求 → 日本,us_semis,化学,6,1,6,0.4824,0.605,-0.0073,0.0187,-0.7025,0.5173,False,False
外部需求 → 日本,us_semis,化学,6,3,0,0.9759,0.5326,-0.0007,0.0556,-0.0302,0.6241,False,False
外部需求 → 日本,us_semis,化学,6,3,3,0.5534,0.2277,-0.0168,0.086,-0.5927,1.2062,False,False
外部需求 → 日本,us_semis,化学,6,3,6,0.2367,0.2318,-0.0247,0.1085,-1.1832,1.1958,False,False
外部需求 → 日本,us_semis,化学,6,6,0,0.7261,0.3411,-0.0169,0.1426,-0.3503,0.952,False,False
外部需求 → 日本,us_semis,化学,6,6,3,0.3367,0.1655,-0.0412,0.1948,-0.9608,1.387,False,False
外部需求 → 日本,us_semis,化学,6,6,6,0.2769,0.09,-0.043,0.2707,-1.0874,1.6955,False,False
外部需求 → 日本,us_semis,医薬品,1,1,0,0.1745,0.48,-0.2047,0.1497,-1.358,0.7063,False,False
外部需求 → 日本,us_semis,医薬品,1,1,3,0.4263,0.144,0.133,-0.2782,0.7955,-1.4611,False,False
外部需求 → 日本,us_semis,医薬品,1,1,6,0.7087,0.7944,-0.048,0.0634,-0.3737,0.2606,False,False
外部需求 → 日本,us_semis,医薬品,1,3,0,0.6363,0.5619,0.199,0.1983,0.4729,0.5801,False,False
外部需求 → 日本,us_semis,医薬品,1,3,3,0.424,0.6023,0.2135,-0.1726,0.7995,-0.5211,False,False
外部需求 → 日本,us_semis,医薬品,1,3,6,0.8101,0.4467,-0.0779,0.2842,-0.2403,0.761,False,False
外部需求 → 日本,us_semis,医薬品,1,6,0,0.3623,0.8558,0.4257,-0.0864,0.9109,-0.1817,False,False
外部需求 → 日本,us_semis,医薬品,1,6,3,0.7263,0.6688,0.1442,0.1998,0.3501,0.4278,False,False
外部需求 → 日本,us_semis,医薬品,1,6,6,0.7908,0.6324,0.1432,-0.2422,0.2653,-0.4784,False,False
外部需求 → 日本,us_semis,医薬品,3,1,0,0.6267,0.6886,0.0382,0.0403,0.4864,0.4008,False,False
外部需求 → 日本,us_semis,医薬品,3,1,3,0.5182,0.5411,0.033,-0.0627,0.6462,-0.6112,False,False
外部需求 → 日本,us_semis,医薬品,3,1,6,0.8752,0.2866,-0.0087,0.1011,-0.157,1.0656,False,False
外部需求 → 日本,us_semis,医薬品,3,3,0,0.2361,0.6878,0.1723,-0.0853,1.1848,-0.4018,False,False
外部需求 → 日本,us_semis,医薬品,3,3,3,0.7783,0.9966,0.0322,0.001,0.2815,0.0043,False,False
外部需求 → 日本,us_semis,医薬品,3,3,6,0.8802,0.1749,0.0204,0.2569,0.1508,1.3565,False,False
外部需求 → 日本,us_semis,医薬品,3,6,0,0.1661,0.8549,0.2097,-0.0619,1.3848,-0.1828,False,False
外部需求 → 日本,us_semis,医薬品,3,6,3,0.7888,0.3416,0.0578,0.2644,0.2679,0.951,False,False
外部需求 → 日本,us_semis,医薬品,3,6,6,0.4782,0.5849,0.158,-0.1801,0.7091,-0.5463,False,False
外部需求 → 日本,us_semis,医薬品,6,1,0,0.4827,0.7841,0.0228,-0.019,0.7019,-0.274,False,False
外部需求 → 日本,us_semis,医薬品,6,1,3,0.8572,0.6963,0.0052,0.0269,0.18,0.3903,False,False
外部需求 → 日本,us_semis,医薬品,6,1,6,0.8238,0.8985,0.007,0.0081,0.2227,0.1276,False,False
外部需求 → 日本,us_semis,医薬品,6,3,0,0.2806,0.7219,0.0708,-0.0615,1.079,-0.3559,False,False
外部需求 → 日本,us_semis,医薬品,6,3,3,0.856,0.3245,0.0138,0.1415,0.1815,0.9852,False,False
外部需求 → 日本,us_semis,医薬品,6,3,6,0.5452,0.6169,0.0488,-0.0909,0.605,-0.5002,False,False
外部需求 → 日本,us_semis,医薬品,6,6,0,0.4555,0.7389,0.0884,0.0952,0.7463,0.3333,False,False
外部需求 → 日本,us_semis,医薬品,6,6,3,0.64,0.8769,0.0665,0.044,0.4678,0.1549,False,False
外部需求 → 日本,us_semis,医薬品,6,6,6,0.1799,0.1125,0.1779,-0.5529,1.3411,-1.5871,False,False
外部需求 → 日本,us_semis,卸売業,1,1,0,0.1623,0.0427,-0.1101,0.1874,-1.3975,2.0269,False,False
外部需求 → 日本,us_semis,卸売業,1,1,3,0.3537,0.0412,0.0829,-0.1535,0.9273,-2.0413,False,False
外部需求 → 日本,us_semis,卸売業,1,1,6,0.9686,0.2218,0.0025,0.1051,0.0394,1.2218,False,False
外部需求 → 日本,us_semis,卸売業,1,3,0,0.5805,0.2324,0.0982,0.1563,0.5526,1.1943,False,False
外部需求 → 日本,us_semis,卸売業,1,3,3,0.8287,0.0855,0.0361,-0.2101,0.2164,-1.7198,False,False
外部需求 → 日本,us_semis,卸売業,1,3,6,0.713,0.1793,-0.0526,0.2254,-0.3679,1.3428,False,False
外部需求 → 日本,us_semis,卸売業,1,6,0,0.5459,0.6582,0.1034,-0.0745,0.6039,-0.4424,False,False
外部需求 → 日本,us_semis,卸売業,1,6,3,0.886,0.9809,-0.0231,-0.005,-0.1434,-0.0239,False,False
外部需求 → 日本,us_semis,卸売業,1,6,6,0.4672,0.1618,0.1044,0.2812,0.727,1.3989,False,False
外部需求 → 日本,us_semis,卸売業,3,1,0,0.7487,0.0793,0.0144,0.0718,0.3203,1.7546,False,False
外部需求 → 日本,us_semis,卸売業,3,1,3,0.9299,0.0368,0.0028,-0.0771,0.088,-2.0882,False,False
外部需求 → 日本,us_semis,卸売業,3,1,6,0.6989,0.0679,-0.0084,0.0796,-0.3868,1.8255,False,False
外部需求 → 日本,us_semis,卸売業,3,3,0,0.2331,0.6783,0.0825,-0.0385,1.1924,-0.4147,False,False
外部需求 → 日本,us_semis,卸売業,3,3,3,0.773,0.7124,-0.0149,-0.0356,-0.2885,-0.3686,False,False
外部需求 → 日本,us_semis,卸売業,3,3,6,0.9179,0.0168,0.0052,0.2179,0.1031,2.391,False,False
外部需求 → 日本,us_semis,卸売業,3,6,0,0.3395,0.7173,0.0624,-0.0481,0.9551,-0.3621,False,False
外部需求 → 日本,us_semis,卸売業,3,6,3,0.8911,0.2697,-0.0095,0.1618,-0.137,1.1038,False,False
外部需求 → 日本,us_semis,卸売業,3,6,6,0.0575,0.3213,0.0958,0.1496,1.8994,0.9917,False,False
外部需求 → 日本,us_semis,卸売業,6,1,0,0.7802,0.9761,0.0045,0.0007,0.2791,0.03,False,False
外部需求 → 日本,us_semis,卸売業,6,1,3,0.8754,0.9626,-0.0021,0.0016,-0.1569,0.0469,False,False
外部需求 → 日本,us_semis,卸売業,6,1,6,0.6798,0.0294,0.0047,0.0528,0.4127,2.1786,False,False
外部需求 → 日本,us_semis,卸売業,6,3,0,0.4611,0.5366,0.0222,-0.0388,0.737,-0.6179,False,False
外部需求 → 日本,us_semis,卸売業,6,3,3,0.8854,0.1822,-0.0041,0.1011,-0.1441,1.3341,False,False
外部需求 → 日本,us_semis,卸売業,6,3,6,0.2782,0.2617,0.0291,0.0842,1.0843,1.1223,False,False
外部需求 → 日本,us_semis,卸売業,6,6,0,0.6649,0.5437,0.0165,0.0659,0.4332,0.6073,False,False
外部需求 → 日本,us_semis,卸売業,6,6,3,0.47,0.1811,0.0262,0.179,0.7224,1.3374,False,False
外部需求 → 日本,us_semis,卸売業,6,6,6,0.0015,0.9874,0.0989,-0.0021,3.1785,-0.0157,True,False
外部需求 → 日本,us_semis,小売業,1,1,0,0.3183,0.8801,-0.1461,0.0227,-0.9979,0.1508,False,False
外部需求 → 日本,us_semis,小売業,1,1,3,0.2402,0.5392,0.1091,0.0774,1.1746,0.614,False,False
外部需求 → 日本,us_semis,小売業,1,1,6,0.9584,0.3863,-0.0048,0.1515,-0.0521,0.8663,False,False
外部需求 → 日本,us_semis,小売業,1,3,0,0.9801,0.9023,-0.0099,0.0281,-0.0249,0.1227,False,False
外部需求 → 日本,us_semis,小売業,1,3,3,0.2835,0.4908,0.2303,-0.1444,1.0725,-0.689,False,False
外部需求 → 日本,us_semis,小売業,1,3,6,0.9039,0.9724,-0.0375,-0.0078,-0.1208,-0.0346,False,False
外部需求 → 日本,us_semis,小売業,1,6,0,0.554,0.6292,0.2569,-0.1418,0.5918,-0.4829,False,False
外部需求 → 日本,us_semis,小売業,1,6,3,0.6165,0.4066,0.1909,-0.2575,0.5009,-0.8298,False,False
外部需求 → 日本,us_semis,小売業,1,6,6,0.8339,0.6928,0.1038,-0.1399,0.2097,-0.3951,False,False
外部需求 → 日本,us_semis,小売業,3,1,0,0.9598,0.8399,0.003,0.0152,0.0504,0.202,False,False
外部需求 → 日本,us_semis,小売業,3,1,3,0.4462,0.3429,0.0291,-0.0637,0.7618,-0.9484,False,False
外部需求 → 日本,us_semis,小売業,3,1,6,0.7868,0.9968,-0.0117,0.0003,-0.2705,0.004,False,False
外部需求 → 日本,us_semis,小売業,3,3,0,0.6172,0.9381,0.0683,0.0135,0.4998,0.0777,False,False
外部需求 → 日本,us_semis,小売業,3,3,3,0.4976,0.3477,0.0668,-0.1512,0.6783,-0.9391,False,False
外部需求 → 日本,us_semis,小売業,3,3,6,0.889,0.8369,-0.0189,-0.0326,-0.1396,-0.2059,False,False
外部需求 → 日本,us_semis,小売業,3,6,0,0.2317,0.575,0.1478,-0.1134,1.1961,-0.5607,False,False
外部需求 → 日本,us_semis,小売業,3,6,3,0.8019,0.3884,0.0505,-0.2261,0.2509,-0.8626,False,False
外部需求 → 日本,us_semis,小売業,3,6,6,0.642,0.6098,0.0896,-0.1266,0.4648,-0.5103,False,False
外部需求 → 日本,us_semis,小売業,6,1,0,0.5959,0.5159,0.0138,-0.0298,0.5304,-0.6497,False,False
外部需求 → 日本,us_semis,小売業,6,1,3,0.8205,0.5011,0.0055,-0.0345,0.2269,-0.6727,False,False
外部需求 → 日本,us_semis,小売業,6,1,6,0.992,0.804,0.0003,-0.0119,0.01,-0.2482,False,False
外部需求 → 日本,us_semis,小売業,6,3,0,0.3694,0.3945,0.048,-0.0899,0.8975,-0.8514,False,False
外部需求 → 日本,us_semis,小売業,6,3,3,0.8663,0.4433,0.0125,-0.102,0.1684,-0.7666,False,False
外部需求 → 日本,us_semis,小売業,6,3,6,0.6997,0.508,0.0295,-0.087,0.3858,-0.662,False,False
外部需求 → 日本,us_semis,小売業,6,6,0,0.4605,0.2932,0.0658,-0.2009,0.738,-1.0512,False,False
外部需求 → 日本,us_semis,小売業,6,6,3,0.7378,0.4415,0.0414,-0.1973,0.3348,-0.7696,False,False
外部需求 → 日本,us_semis,小売業,6,6,6,0.285,0.1425,0.1251,-0.2916,1.0691,-1.4665,False,False
外部需求 → 日本,us_semis,建設業,1,1,0,0.6533,0.3572,-0.0661,-0.166,-0.4492,-0.9207,False,False
外部需求 → 日本,us_semis,建設業,1,1,3,0.1712,0.5435,-0.1504,-0.0828,-1.3682,-0.6075,False,False
外部需求 → 日本,us_semis,建設業,1,1,6,0.2474,0.605,0.1534,0.0947,1.1568,0.5173,False,False
外部需求 → 日本,us_semis,建設業,1,3,0,0.6644,0.2572,-0.1348,0.3189,-0.4338,1.1331,False,False
外部需求 → 日本,us_semis,建設業,1,3,3,0.8332,0.7161,0.055,0.1038,0.2106,0.3637,False,False
外部需求 → 日本,us_semis,建設業,1,3,6,0.0121,0.9205,0.6109,-0.0323,2.5098,-0.0998,False,False
外部需求 → 日本,us_semis,建設業,1,6,0,0.8698,0.3795,-0.0722,0.4082,-0.1639,0.8789,False,False
外部需求 → 日本,us_semis,建設業,1,6,3,0.1491,0.5924,0.6635,0.2111,1.4427,0.5354,False,False
外部需求 → 日本,us_semis,建設業,1,6,6,0.0005,0.8942,1.3065,-0.0588,3.4828,-0.133,True,False
外部需求 → 日本,us_semis,建設業,3,1,0,0.4696,0.5921,-0.0374,0.0447,-0.7231,0.5357,False,False
外部需求 → 日本,us_semis,建設業,3,1,3,0.8401,0.6339,0.0078,0.0378,0.2017,0.4762,False,False
外部需求 → 日本,us_semis,建設業,3,1,6,0.0439,0.9725,0.0806,0.0027,2.0147,0.0345,False,False
外部需求 → 日本,us_semis,建設業,3,3,0,0.4573,0.2916,-0.0847,0.1892,-0.7433,1.0547,False,False
外部需求 → 日本,us_semis,建設業,3,3,3,0.1638,0.2344,0.1474,0.2221,1.3923,1.1891,False,False
外部需求 → 日本,us_semis,建設業,3,3,6,0.001,0.9278,0.3017,-0.0151,3.3021,-0.0906,True,False
外部需求 → 日本,us_semis,建設業,3,6,0,0.7018,0.1596,0.0652,0.4415,0.383,1.4063,False,False
外部需求 → 日本,us_semis,建設業,3,6,3,0.0182,0.4735,0.4281,0.1984,2.3622,0.7169,False,False
外部需求 → 日本,us_semis,建設業,3,6,6,0.0026,0.9015,0.5125,-0.0259,3.0133,-0.1238,True,False
外部需求 → 日本,us_semis,建設業,6,1,0,0.7467,0.5476,-0.0069,0.0399,-0.323,0.6014,False,False
外部需求 → 日本,us_semis,建設業,6,1,3,0.2391,0.7209,0.0281,0.0205,1.1773,0.3572,False,False
外部需求 → 日本,us_semis,建設業,6,1,6,0.0142,0.595,0.0547,0.025,2.4513,0.5316,False,False
外部需求 → 日本,us_semis,建設業,6,3,0,0.6393,0.234,0.0252,0.199,0.4687,1.1902,False,False
外部需求 → 日本,us_semis,建設業,6,3,3,0.0286,0.423,0.1466,0.1288,2.1891,0.8011,False,False
外部需求 → 日本,us_semis,建設業,6,3,6,0.0042,0.9375,0.1764,-0.0091,2.8592,-0.0784,False,False
外部需求 → 日本,us_semis,建設業,6,6,0,0.1218,0.2787,0.1658,0.3359,1.5471,1.0833,False,False
外部需求 → 日本,us_semis,建設業,6,6,3,0.0077,0.6142,0.3085,0.1134,2.6671,0.5041,False,False
外部需求 → 日本,us_semis,建設業,6,6,6,0.0033,0.3843,0.2803,-0.1452,2.9394,-0.8699,True,False
外部需求 → 日本,us_semis,情報・通信業,1,1,0,0.3542,0.8803,-0.0804,-0.0322,-0.9265,-0.1505,False,False
外部需求 → 日本,us_semis,情報・通信業,1,1,3,0.7596,0.7585,0.0309,-0.0733,0.306,-0.3075,False,False
外部需求 → 日本,us_semis,情報・通信業,1,1,6,0.7006,0.7167,0.0316,0.0829,0.3844,0.3629,False,False
外部需求 → 日本,us_semis,情報・通信業,1,3,0,0.6294,0.3172,0.1079,-0.395,0.4826,-1.0002,False,False
外部需求 → 日本,us_semis,情報・通信業,1,3,3,0.5363,0.6738,0.134,-0.2186,0.6184,-0.4209,False,False
外部需求 → 日本,us_semis,情報・通信業,1,3,6,0.4801,0.5098,0.1071,0.2413,0.7062,0.6592,False,False
外部需求 → 日本,us_semis,情報・通信業,1,6,0,0.5003,0.2945,0.2354,-0.7318,0.674,-1.0482,False,False
外部需求 → 日本,us_semis,情報・通信業,1,6,3,0.481,0.6752,0.2399,-0.2669,0.7047,-0.419,False,False
外部需求 → 日本,us_semis,情報・通信業,1,6,6,0.8565,0.8366,0.0474,-0.1511,0.1808,-0.2063,False,False
外部需求 → 日本,us_semis,情報・通信業,3,1,0,0.6738,0.4096,0.0161,-0.0945,0.4209,-0.8246,False,False
外部需求 → 日本,us_semis,情報・通信業,3,1,3,0.7002,0.3843,0.0143,-0.1325,0.385,-0.87,False,False
外部需求 → 日本,us_semis,情報・通信業,3,1,6,0.7436,0.5121,0.0094,0.0679,0.327,0.6556,False,False
外部需求 → 日本,us_semis,情報・通信業,3,3,0,0.4706,0.1482,0.0709,-0.3919,0.7215,-1.4458,False,False
外部需求 → 日本,us_semis,情報・通信業,3,3,3,0.4736,0.3786,0.0601,-0.2683,0.7166,-0.8805,False,False
外部需求 → 日本,us_semis,情報・通信業,3,3,6,0.9711,0.7893,0.0023,0.0706,0.0362,0.2672,False,False
外部需求 → 日本,us_semis,情報・通信業,3,6,0,0.4151,0.2187,0.1257,-0.5887,0.8149,-1.2299,False,False
外部需求 → 日本,us_semis,情報・通信業,3,6,3,0.6804,0.5977,0.0574,-0.2936,0.4119,-0.5276,False,False
外部需求 → 日本,us_semis,情報・通信業,3,6,6,0.9292,0.5407,-0.0106,-0.3284,-0.0889,-0.6118,False,False
外部需求 → 日本,us_semis,情報・通信業,6,1,0,0.5999,0.1788,0.011,-0.1271,0.5246,-1.3445,False,False
外部需求 → 日本,us_semis,情報・通信業,6,1,3,0.5993,0.7725,0.0096,-0.0264,0.5255,-0.2891,False,False
外部需求 → 日本,us_semis,情報・通信業,6,1,6,0.8576,0.7357,0.0026,-0.0342,0.1795,-0.3376,False,False
外部需求 → 日本,us_semis,情報・通信業,6,3,0,0.422,0.1379,0.0448,-0.3563,0.8029,-1.4837,False,False
外部需求 → 日本,us_semis,情報・通信業,6,3,3,0.6252,0.7599,0.0226,-0.0886,0.4886,-0.3057,False,False
外部需求 → 日本,us_semis,情報・通信業,6,3,6,0.9978,0.4918,0.0001,-0.196,0.0027,-0.6875,False,False
外部需求 → 日本,us_semis,情報・通信業,6,6,0,0.4872,0.343,0.0633,-0.4548,0.6948,-0.9482,False,False
外部需求 → 日本,us_semis,情報・通信業,6,6,3,0.7974,0.5722,0.0205,-0.3223,0.2567,-0.5648,False,False
外部需求 → 日本,us_semis,情報・通信業,6,6,6,0.6515,0.3503,-0.0278,-0.4586,-0.4517,-0.934,False,False
外部需求 → 日本,us_semis,機械,1,1,0,0.0489,0.9918,0.2629,-0.0016,1.9694,-0.0103,False,False
外部需求 → 日本,us_semis,機械,1,1,3,0.5516,0.7485,-0.0727,-0.0518,-0.5954,-0.3206,False,False
外部需求 → 日本,us_semis,機械,1,1,6,0.3132,0.5117,-0.1091,-0.1143,-1.0086,-0.6562,False,False
外部需求 → 日本,us_semis,機械,1,3,0,0.8297,0.985,0.0823,-0.0039,0.2151,-0.0188,False,False
外部需求 → 日本,us_semis,機械,1,3,3,0.4628,0.5578,-0.1717,-0.1541,-0.7342,-0.5861,False,False
外部需求 → 日本,us_semis,機械,1,3,6,0.152,0.8982,-0.369,0.0311,-1.4325,0.1279,False,False
外部需求 → 日本,us_semis,機械,1,6,0,0.8077,0.8035,-0.1102,-0.0864,-0.2433,-0.2489,False,False
外部需求 → 日本,us_semis,機械,1,6,3,0.1715,0.9757,-0.5573,0.0107,-1.3673,0.0304,False,False
外部需求 → 日本,us_semis,機械,1,6,6,0.1389,0.9405,-0.6507,0.0284,-1.4798,0.0746,False,False
外部需求 → 日本,us_semis,機械,3,1,0,0.8598,0.6616,0.0108,-0.0337,0.1767,-0.4377,False,False
外部需求 → 日本,us_semis,機械,3,1,3,0.5539,0.9989,-0.0266,-0.0001,-0.5919,-0.0014,False,False
外部需求 → 日本,us_semis,機械,3,1,6,0.2193,0.9446,-0.0508,0.0048,-1.2284,0.0695,False,False
外部需求 → 日本,us_semis,機械,3,3,0,0.7071,0.8177,-0.0538,-0.0406,-0.3757,-0.2305,False,False
外部需求 → 日本,us_semis,機械,3,3,3,0.2541,0.9359,-0.1093,0.0126,-1.1404,0.0804,False,False
外部需求 → 日本,us_semis,機械,3,3,6,0.2389,0.9109,-0.1264,0.0177,-1.1778,0.1119,False,False
外部需求 → 日本,us_semis,機械,3,6,0,0.3014,0.8063,-0.1696,-0.0594,-1.0334,-0.2452,False,False
外部需求 → 日本,us_semis,機械,3,6,3,0.2169,0.7759,-0.2425,0.0793,-1.2347,0.2847,False,False
外部需求 → 日本,us_semis,機械,3,6,6,0.1032,0.768,-0.289,0.0728,-1.6293,0.295,False,False
外部需求 → 日本,us_semis,機械,6,1,0,0.787,0.7275,-0.0075,-0.02,-0.2702,-0.3485,False,False
外部需求 → 日本,us_semis,機械,6,1,3,0.2412,0.9655,-0.0258,0.0022,-1.1721,0.0433,False,False
外部需求 → 日本,us_semis,機械,6,1,6,0.2041,0.939,-0.0304,0.0039,-1.2699,0.0765,False,False
外部需求 → 日本,us_semis,機械,6,3,0,0.3465,0.9704,-0.0567,0.0041,-0.9414,0.0372,False,False
外部需求 → 日本,us_semis,機械,6,3,3,0.2359,0.9008,-0.0754,0.0165,-1.1853,0.1246,False,False
外部需求 → 日本,us_semis,機械,6,3,6,0.1404,0.6922,-0.094,0.0534,-1.4743,0.3958,False,False
外部需求 → 日本,us_semis,機械,6,6,0,0.2205,0.8745,-0.1366,0.0299,-1.2252,0.1579,False,False
外部需求 → 日本,us_semis,機械,6,6,3,0.1653,0.7575,-0.172,0.0792,-1.3874,0.3087,False,False
外部需求 → 日本,us_semis,機械,6,6,6,0.0425,0.3175,-0.2214,0.2259,-2.0284,0.9996,False,False
外部需求 → 日本,us_semis,水産・農林業,1,1,0,0.0782,0.8462,-0.2694,-0.038,-1.761,-0.194,False,False
外部需求 → 日本,us_semis,水産・農林業,1,1,3,0.1956,0.4937,0.2277,0.1316,1.2941,0.6845,False,False
外部需求 → 日本,us_semis,水産・農林業,1,1,6,0.095,0.9186,0.2829,-0.0197,1.6695,-0.1022,False,False
外部需求 → 日本,us_semis,水産・農林業,1,3,0,0.2087,0.503,-0.3827,0.2157,-1.2572,0.6698,False,False
外部需求 → 日本,us_semis,水産・農林業,1,3,3,0.0348,0.5692,0.8551,0.2,2.1108,0.5692,False,False
外部需求 → 日本,us_semis,水産・農林業,1,3,6,0.6155,0.9746,0.2006,-0.0129,0.5023,-0.0318,False,False
外部需求 → 日本,us_semis,水産・農林業,1,6,0,0.3223,0.4658,0.5592,0.3245,0.9896,0.7294,False,False
外部需求 → 日本,us_semis,水産・農林業,1,6,3,0.0727,0.6333,1.1692,0.2355,1.7947,0.477,False,False
外部需求 → 日本,us_semis,水産・農林業,1,6,6,0.6329,0.7276,0.2869,-0.2194,0.4777,-0.3483,False,False
外部需求 → 日本,us_semis,水産・農林業,3,1,0,0.266,0.5115,-0.0541,0.0649,-1.1124,0.6565,False,False
外部需求 → 日本,us_semis,水産・農林業,3,1,3,0.0286,0.6055,0.1466,0.0596,2.1889,0.5164,False,False
外部需求 → 日本,us_semis,水産・農林業,3,1,6,0.5196,0.9552,0.0437,-0.0069,0.644,-0.0562,False,False
外部需求 → 日本,us_semis,水産・農林業,3,3,0,0.805,0.1784,0.0358,0.3058,0.2469,1.3458,False,False
外部需求 → 日本,us_semis,水産・農林業,3,3,3,0.0315,0.7891,0.3534,0.0734,2.1504,0.2675,False,False
外部需求 → 日本,us_semis,水産・農林業,3,3,6,0.9234,0.8562,0.0159,-0.0544,0.0962,-0.1812,False,False
外部需求 → 日本,us_semis,水産・農林業,3,6,0,0.0691,0.1815,0.4349,0.3912,1.8177,1.3362,False,False
外部需求 → 日本,us_semis,水産・農林業,3,6,3,0.1639,0.8865,0.4063,0.0591,1.3919,0.1427,False,False
外部需求 → 日本,us_semis,水産・農林業,3,6,6,0.7257,0.8728,0.084,0.073,0.3509,0.1601,False,False
外部需求 → 日本,us_semis,水産・農林業,6,1,0,0.3811,0.2621,0.0332,0.0685,0.8758,1.1214,False,False
外部需求 → 日本,us_semis,水産・農林業,6,1,3,0.1132,0.6761,0.0616,0.0343,1.584,0.4178,False,False
外部需求 → 日本,us_semis,水産・農林業,6,1,6,0.5483,0.8647,0.0205,-0.0167,0.6003,-0.1705,False,False
外部需求 → 日本,us_semis,水産・農林業,6,3,0,0.1616,0.1567,0.1312,0.208,1.3999,1.4163,False,False
外部需求 → 日本,us_semis,水産・農林業,6,3,3,0.2901,0.9559,0.1173,0.0129,1.058,0.0553,False,False
外部需求 → 日本,us_semis,水産・農林業,6,3,6,0.7484,0.9332,0.0282,0.0206,0.3208,0.0838,False,False
外部需求 → 日本,us_semis,水産・農林業,6,6,0,0.1019,0.3901,0.2749,0.2505,1.6357,0.8594,False,False
外部需求 → 日本,us_semis,水産・農林業,6,6,3,0.3751,0.9145,0.1583,0.0481,0.887,0.1073,False,False
外部需求 → 日本,us_semis,水産・農林業,6,6,6,0.4756,0.9644,0.1006,-0.0146,0.7135,-0.0446,False,False
外部需求 → 日本,us_semis,海運業,1,1,0,0.4015,0.7202,0.2283,0.1816,0.8389,0.3582,False,False
外部需求 → 日本,us_semis,海運業,1,1,3,0.7501,0.923,-0.0882,0.0463,-0.3185,0.0966,False,False
外部需求 → 日本,us_semis,海運業,1,1,6,0.2598,0.5895,0.265,0.3012,1.1267,0.5396,False,False
外部需求 → 日本,us_semis,海運業,1,3,0,0.1317,0.6833,0.7977,0.3006,1.5073,0.408,False,False
外部需求 → 日本,us_semis,海運業,1,3,3,0.4094,0.5112,0.3338,-0.7088,0.8249,-0.657,False,False
外部需求 → 日本,us_semis,海運業,1,3,6,0.2443,0.2648,0.606,1.0663,1.1643,1.1152,False,False
外部需求 → 日本,us_semis,海運業,1,6,0,0.0567,0.6587,1.1414,-0.5427,1.906,-0.4417,False,False
外部需求 → 日本,us_semis,海運業,1,6,3,0.2132,0.9984,0.9369,0.0035,1.2447,0.002,False,False
外部需求 → 日本,us_semis,海運業,1,6,6,0.6092,0.9855,0.4393,-0.0277,0.5113,-0.0181,False,False
外部需求 → 日本,us_semis,海運業,3,1,0,0.2513,0.2859,0.1024,0.2393,1.1471,1.0672,False,False
外部需求 → 日本,us_semis,海運業,3,1,3,0.5159,0.4324,0.0592,-0.2603,0.6497,-0.785,False,False
外部需求 → 日本,us_semis,海運業,3,1,6,0.1853,0.2602,0.1067,0.2768,1.3247,1.1258,False,False
外部需求 → 日本,us_semis,海運業,3,3,0,0.2247,0.4987,0.2514,0.3101,1.2142,0.6765,False,False
外部需求 → 日本,us_semis,海運業,3,3,3,0.2686,0.5072,0.233,-0.537,1.1064,-0.6632,False,False
外部需求 → 日本,us_semis,海運業,3,3,6,0.3132,0.8889,0.2245,0.1006,1.0085,0.1396,False,False
外部需求 → 日本,us_semis,海運業,3,6,0,0.0427,0.9042,0.4899,-0.1228,2.0268,-0.1204,False,False
外部需求 → 日本,us_semis,海運業,3,6,3,0.259,0.6471,0.4604,-0.5868,1.1288,-0.4578,False,False
外部需求 → 日本,us_semis,海運業,3,6,6,0.8563,0.9784,-0.056,0.0294,-0.1811,0.0271,False,False
外部需求 → 日本,us_semis,海運業,6,1,0,0.2348,0.963,0.0454,0.0078,1.1881,0.0464,False,False
外部需求 → 日本,us_semis,海運業,6,1,3,0.2541,0.9441,0.0513,-0.0146,1.1404,-0.0701,False,False
外部需求 → 日本,us_semis,海運業,6,1,6,0.4387,0.7395,0.0348,-0.0695,0.7743,-0.3325,False,False
外部需求 → 日本,us_semis,海運業,6,3,0,0.1059,0.8181,0.1517,-0.1198,1.6167,-0.23,False,False
外部需求 → 日本,us_semis,海運業,6,3,3,0.3282,0.5683,0.145,-0.3263,0.9777,-0.5706,False,False
外部需求 → 日本,us_semis,海運業,6,3,6,0.8282,0.8132,-0.0287,-0.1212,-0.2171,-0.2363,False,False
外部需求 → 日本,us_semis,海運業,6,6,0,0.1543,0.6222,0.2997,-0.4696,1.4245,-0.4928,False,False
外部需求 → 日本,us_semis,海運業,6,6,3,0.6342,0.6052,0.1161,-0.4444,0.4759,-0.517,False,False
外部需求 → 日本,us_semis,海運業,6,6,6,0.063,0.8507,-0.3219,-0.1766,-1.859,-0.1883,False,False
外部需求 → 日本,us_semis,石油・石炭製品,1,1,0,0.4915,0.1153,-0.1961,0.471,-0.6879,1.5746,False,False
外部需求 → 日本,us_semis,石油・石炭製品,1,1,3,0.3411,0.2679,0.1837,0.3603,0.952,1.108,False,False
外部需求 → 日本,us_semis,石油・石炭製品,1,1,6,0.266,0.2436,0.2337,0.4897,1.1123,1.1661,False,False
外部需求 → 日本,us_semis,石油・石炭製品,1,3,0,0.3032,0.4015,-0.7612,0.7213,-1.0296,0.8389,False,False
外部需求 → 日本,us_semis,石油・石炭製品,1,3,3,0.1285,0.2127,0.7248,0.766,1.5202,1.2461,False,False
外部需求 → 日本,us_semis,石油・石炭製品,1,3,6,0.0161,0.7535,0.8343,-0.265,2.4056,-0.314,False,False
外部需求 → 日本,us_semis,石油・石炭製品,1,6,0,0.7839,0.2251,-0.255,1.3302,-0.2742,1.2131,False,False
外部需求 → 日本,us_semis,石油・石炭製品,1,6,3,0.0273,0.6086,1.425,0.5265,2.2074,0.512,False,False
外部需求 → 日本,us_semis,石油・石炭製品,1,6,6,0.0004,0.3182,1.9523,-1.1316,3.531,-0.9982,True,False
外部需求 → 日本,us_semis,石油・石炭製品,3,1,0,0.7685,0.4176,-0.0324,0.1882,-0.2944,0.8107,False,False
外部需求 → 日本,us_semis,石油・石炭製品,3,1,3,0.0674,0.1874,0.1325,0.2565,1.8291,1.3184,False,False
外部需求 → 日本,us_semis,石油・石炭製品,3,1,6,0.027,0.4446,0.1375,-0.194,2.2113,-0.7645,False,False
外部需求 → 日本,us_semis,石油・石炭製品,3,3,0,0.6729,0.2489,-0.1125,0.7167,-0.4222,1.1529,False,False
外部需求 → 日本,us_semis,石油・石炭製品,3,3,3,0.0992,0.2396,0.319,0.6521,1.6488,1.1759,False,False
外部需求 → 日本,us_semis,石油・石炭製品,3,3,6,0.0004,0.1253,0.5042,-0.8308,3.5652,-1.5331,True,False
外部需求 → 日本,us_semis,石油・石炭製品,3,6,0,0.6316,0.0266,0.1632,1.4369,0.4795,2.2176,False,False
外部需求 → 日本,us_semis,石油・石炭製品,3,6,3,0.0025,0.8277,0.7601,-0.203,3.0178,-0.2177,True,False
外部需求 → 日本,us_semis,石油・石炭製品,3,6,6,0.0011,0.4186,0.7959,-0.6918,3.2742,-0.8088,True,False
外部需求 → 日本,us_semis,石油・石炭製品,6,1,0,0.6411,0.0785,0.0265,0.2444,0.4661,1.7592,False,False
外部需求 → 日本,us_semis,石油・石炭製品,6,1,3,0.0103,0.7722,0.0845,0.0477,2.5648,0.2895,False,False
外部需求 → 日本,us_semis,石油・石炭製品,6,1,6,0.002,0.356,0.1006,-0.1879,3.0866,-0.9229,True,False
外部需求 → 日本,us_semis,石油・石炭製品,6,3,0,0.6374,0.0288,0.0675,0.8047,0.4713,2.186,False,False
外部需求 → 日本,us_semis,石油・石炭製品,6,3,3,0.0066,0.7787,0.2699,-0.1501,2.7162,-0.2811,False,False
外部需求 → 日本,us_semis,石油・石炭製品,6,3,6,0.0023,0.3937,0.2587,-0.4185,3.0485,-0.8529,True,False
外部需求 → 日本,us_semis,石油・石炭製品,6,6,0,0.1237,0.3575,0.3032,0.6725,1.5393,0.9202,False,False
外部需求 → 日本,us_semis,石油・石炭製品,6,6,3,0.0003,0.5187,0.5064,-0.5724,3.5989,-0.6454,True,False
外部需求 → 日本,us_semis,石油・石炭製品,6,6,6,0.0602,0.801,0.2964,0.1729,1.8793,0.252,False,False
外部需求 → 日本,us_semis,精密機器,1,1,0,0.6938,0.3298,-0.054,-0.1462,-0.3937,-0.9744,False,False
外部需求 → 日本,us_semis,精密機器,1,1,3,0.6995,0.5109,-0.0563,-0.1037,-0.386,-0.6574,False,False
外部需求 → 日本,us_semis,精密機器,1,1,6,0.2124,0.6956,-0.1126,0.0542,-1.2469,0.3912,False,False
外部需求 → 日本,us_semis,精密機器,1,3,0,0.4914,0.074,-0.2288,-0.5453,-0.6882,-1.7866,False,False
外部需求 → 日本,us_semis,精密機器,1,3,3,0.0725,0.5428,-0.3423,0.1698,-1.7957,0.6085,False,False
外部需求 → 日本,us_semis,精密機器,1,3,6,0.1612,0.3435,-0.3525,0.2238,-1.4012,0.9472,False,False
外部需求 → 日本,us_semis,精密機器,1,6,0,0.194,0.3882,-0.5377,-0.369,-1.2989,-0.8628,False,False
外部需求 → 日本,us_semis,精密機器,1,6,3,0.0092,0.1507,-0.6871,0.4523,-2.6056,1.4371,False,False
外部需求 → 日本,us_semis,精密機器,1,6,6,0.2036,0.9262,-0.5299,0.0359,-1.2714,0.0926,False,False
外部需求 → 日本,us_semis,精密機器,3,1,0,0.5913,0.042,-0.0312,-0.178,-0.5369,-2.0338,False,False
外部需求 → 日本,us_semis,精密機器,3,1,3,0.2275,0.4892,-0.0434,0.053,-1.2069,0.6917,False,False
外部需求 → 日本,us_semis,精密機器,3,1,6,0.2568,0.3667,-0.0442,0.0629,-1.1339,0.9026,False,False
外部需求 → 日本,us_semis,精密機器,3,3,0,0.287,0.0418,-0.114,-0.4346,-1.0647,-2.0352,False,False
外部需求 → 日本,us_semis,精密機器,3,3,3,0.0366,0.0599,-0.1575,0.3093,-2.0899,1.8816,False,False
外部需求 → 日本,us_semis,精密機器,3,3,6,0.3214,0.9326,-0.122,-0.0123,-0.9917,-0.0845,False,False
外部需求 → 日本,us_semis,精密機器,3,6,0,0.0507,0.5977,-0.2646,-0.1523,-1.9541,-0.5277,False,False
外部需求 → 日本,us_semis,精密機器,3,6,3,0.0674,0.0895,-0.2803,0.3158,-1.8291,1.6982,False,False
外部需求 → 日本,us_semis,精密機器,3,6,6,0.1978,0.9458,-0.2078,-0.0205,-1.2878,-0.068,False,False
外部需求 → 日本,us_semis,精密機器,6,1,0,0.2472,0.3899,-0.028,-0.0573,-1.1571,-0.8598,False,False
外部需求 → 日本,us_semis,精密機器,6,1,3,0.1322,0.1885,-0.0291,0.0614,-1.5056,1.3149,False,False
外部需求 → 日本,us_semis,精密機器,6,1,6,0.3248,0.846,-0.0219,-0.0102,-0.9846,-0.1942,False,False
外部需求 → 日本,us_semis,精密機器,6,3,0,0.0887,0.7509,-0.0906,-0.052,-1.7022,-0.3174,False,False
外部需求 → 日本,us_semis,精密機器,6,3,3,0.1138,0.1792,-0.0912,0.1586,-1.5814,1.3433,False,False
外部需求 → 日本,us_semis,精密機器,6,3,6,0.2426,0.9553,-0.0675,-0.0092,-1.1686,-0.056,False,False
外部需求 → 日本,us_semis,精密機器,6,6,0,0.0331,0.6376,-0.1797,0.1019,-2.1306,0.4711,False,False
外部需求 → 日本,us_semis,精密機器,6,6,3,0.1318,0.5315,-0.1598,0.1441,-1.5072,0.6257,False,False
外部需求 → 日本,us_semis,精密機器,6,6,6,0.1282,0.4373,-0.1205,0.2083,-1.5211,0.7767,False,False
外部需求 → 日本,us_semis,繊維製品,1,1,0,0.7696,0.6911,-0.0326,-0.0788,-0.2929,-0.3974,False,False
外部需求 → 日本,us_semis,繊維製品,1,1,3,0.3872,0.2384,0.1014,0.2107,0.8647,1.179,False,False
外部需求 → 日本,us_semis,繊維製品,1,1,6,0.6918,0.9756,0.0435,0.005,0.3964,0.0306,False,False
外部需求 → 日本,us_semis,繊維製品,1,3,0,0.9347,0.5764,-0.0135,0.1762,-0.0819,0.5586,False,False
外部需求 → 日本,us_semis,繊維製品,1,3,3,0.4856,0.0762,0.1219,0.5511,0.6973,1.7731,False,False
外部需求 → 日本,us_semis,繊維製品,1,3,6,0.0873,0.8054,0.3296,-0.075,1.7099,-0.2463,False,False
外部需求 → 日本,us_semis,繊維製品,1,6,0,0.7036,0.2303,0.1,0.6739,0.3805,1.1995,False,False
外部需求 → 日本,us_semis,繊維製品,1,6,3,0.1344,0.3875,0.4499,0.4662,1.4971,0.8642,False,False
外部需求 → 日本,us_semis,繊維製品,1,6,6,0.0012,0.8538,0.7158,0.0552,3.2295,0.1842,True,False
外部需求 → 日本,us_semis,繊維製品,3,1,0,0.9511,0.6887,-0.0018,0.0398,-0.0613,0.4006,False,False
外部需求 → 日本,us_semis,繊維製品,3,1,3,0.6779,0.067,0.0154,0.1585,0.4153,1.8313,False,False
外部需求 → 日本,us_semis,繊維製品,3,1,6,0.1345,0.7206,0.0537,-0.0358,1.4967,-0.3577,False,False
外部需求 → 日本,us_semis,繊維製品,3,3,0,0.656,0.1292,0.0285,0.3304,0.4454,1.5172,False,False
外部需求 → 日本,us_semis,繊維製品,3,3,3,0.5654,0.1619,0.0503,0.3395,0.5748,1.3986,False,False
外部需求 → 日本,us_semis,繊維製品,3,3,6,0.0041,0.2707,0.1867,-0.1743,2.8695,-1.1014,False,False
外部需求 → 日本,us_semis,繊維製品,3,6,0,0.5486,0.0831,0.0765,0.6764,0.5998,1.7331,False,False
外部需求 → 日本,us_semis,繊維製品,3,6,3,0.0693,0.6371,0.2346,0.1638,1.8167,0.4718,False,False
外部需求 → 日本,us_semis,繊維製品,3,6,6,0.0005,0.8882,0.307,-0.0359,3.5039,-0.1405,True,False
外部需求 → 日本,us_semis,繊維製品,6,1,0,0.7489,0.1239,0.0051,0.1098,0.3201,1.5387,False,False
外部需求 → 日本,us_semis,繊維製品,6,1,3,0.2248,0.384,0.0232,0.0733,1.2139,0.8705,False,False
外部需求 → 日本,us_semis,繊維製品,6,1,6,0.023,0.8808,0.0326,0.0068,2.2742,0.15,False,False
外部需求 → 日本,us_semis,繊維製品,6,3,0,0.5592,0.0539,0.0258,0.379,0.584,1.9277,False,False
外部需求 → 日本,us_semis,繊維製品,6,3,3,0.0999,0.6746,0.0802,0.0801,1.6454,0.4198,False,False
外部需求 → 日本,us_semis,繊維製品,6,3,6,0.0011,0.9448,0.0973,-0.0099,3.2701,-0.0693,True,False
外部需求 → 日本,us_semis,繊維製品,6,6,0,0.195,0.2347,0.1045,0.4589,1.296,1.1883,False,False
外部需求 → 日本,us_semis,繊維製品,6,6,3,0.0052,0.7504,0.1771,0.0683,2.7923,0.3181,False,False
外部需求 → 日本,us_semis,繊維製品,6,6,6,0.0003,0.7148,0.1977,-0.1043,3.5948,-0.3654,True,False
外部需求 → 日本,us_semis,証券、商品先物取引業,1,1,0,0.8206,0.5195,0.0631,0.1375,0.2268,0.6442,False,False
外部需求 → 日本,us_semis,証券、商品先物取引業,1,1,3,0.0113,0.2492,-0.4833,0.2473,-2.5339,1.1524,False,False
外部需求 → 日本,us_semis,証券、商品先物取引業,1,1,6,0.1141,0.2891,-0.3915,-0.1804,-1.58,-1.0601,False,False
外部需求 → 日本,us_semis,証券、商品先物取引業,1,3,0,0.7701,0.6977,-0.1637,0.1614,-0.2923,0.3885,False,False
外部需求 → 日本,us_semis,証券、商品先物取引業,1,3,3,0.0073,0.1006,-1.1331,0.8027,-2.6807,1.642,False,False
外部需求 → 日本,us_semis,証券、商品先物取引業,1,3,6,0.5891,0.15,-0.3279,-0.6516,-0.5401,-1.4394,False,False
外部需求 → 日本,us_semis,証券、商品先物取引業,1,6,0,0.023,0.2211,-1.3496,0.9434,-2.2731,1.2237,False,False
外部需求 → 日本,us_semis,証券、商品先物取引業,1,6,3,0.0002,0.9504,-1.4778,0.0407,-3.7187,0.0622,True,False
外部需求 → 日本,us_semis,証券、商品先物取引業,1,6,6,0.2947,0.5106,-0.9533,-0.5471,-1.0479,-0.6579,False,False
外部需求 → 日本,us_semis,証券、商品先物取引業,3,1,0,0.4465,0.3706,-0.074,0.0929,-0.7612,0.8954,False,False
外部需求 → 日本,us_semis,証券、商品先物取引業,3,1,3,0.0052,0.1573,-0.1724,0.1886,-2.792,1.4141,False,False
外部需求 → 日本,us_semis,証券、商品先物取引業,3,1,6,0.6637,0.1169,-0.0498,-0.2006,-0.4348,-1.568,False,False
外部需求 → 日本,us_semis,証券、商品先物取引業,3,3,0,0.1945,0.3056,-0.3035,0.3978,-1.2974,1.0245,False,False
外部需求 → 日本,us_semis,証券、商品先物取引業,3,3,3,0.0029,0.6374,-0.4044,0.1524,-2.9739,0.4714,True,False
外部需求 → 日本,us_semis,証券、商品先物取引業,3,3,6,0.4432,0.2903,-0.1947,-0.3967,-0.7668,-1.0575,False,False
外部需求 → 日本,us_semis,証券、商品先物取引業,3,6,0,0.0014,0.3406,-0.704,0.5946,-3.1966,0.953,True,False
外部需求 → 日本,us_semis,証券、商品先物取引業,3,6,3,0.0247,0.5941,-0.5979,-0.2837,-2.2463,-0.5329,False,False
外部需求 → 日本,us_semis,証券、商品先物取引業,3,6,6,0.3582,0.4927,-0.3155,-0.416,-0.9189,-0.686,False,False
外部需求 → 日本,us_semis,証券、商品先物取引業,6,1,0,0.1402,0.1183,-0.0764,0.1627,-1.4749,1.5617,False,False
外部需求 → 日本,us_semis,証券、商品先物取引業,6,1,3,0.0713,0.8772,-0.0714,-0.0149,-1.8037,-0.1545,False,False
外部需求 → 日本,us_semis,証券、商品先物取引業,6,1,6,0.3853,0.4495,-0.0442,-0.088,-0.8682,-0.7563,False,False
外部需求 → 日本,us_semis,証券、商品先物取引業,6,3,0,0.0138,0.38,-0.2352,0.2915,-2.4616,0.8779,False,False
外部需求 → 日本,us_semis,証券、商品先物取引業,6,3,3,0.0695,0.5698,-0.1907,-0.1595,-1.8154,-0.5683,False,False
外部需求 → 日本,us_semis,証券、商品先物取引業,6,3,6,0.4015,0.4606,-0.0989,-0.245,-0.839,-0.7379,False,False
外部需求 → 日本,us_semis,証券、商品先物取引業,6,6,0,0.0007,0.7959,-0.4244,0.1323,-3.3782,0.2586,True,False
外部需求 → 日本,us_semis,証券、商品先物取引業,6,6,3,0.1045,0.4958,-0.288,-0.4031,-1.6233,-0.6811,False,False
外部需求 → 日本,us_semis,証券、商品先物取引業,6,6,6,0.3335,0.7919,-0.1905,-0.1241,-0.967,-0.2638,False,False
外部需求 → 日本,us_semis,輸送用機器,1,1,0,0.685,0.4645,0.1403,0.1503,0.4057,0.7314,False,False
外部需求 → 日本,us_semis,輸送用機器,1,1,3,0.9605,0.9137,0.0148,-0.0227,0.0495,-0.1084,False,False
外部需求 → 日本,us_semis,輸送用機器,1,1,6,0.7639,0.7273,-0.0519,0.0857,-0.3003,0.3487,False,False
外部需求 → 日本,us_semis,輸送用機器,1,3,0,0.8819,0.9048,-0.1085,-0.0311,-0.1486,-0.1196,False,False
外部需求 → 日本,us_semis,輸送用機器,1,3,3,0.6004,0.2958,-0.2325,0.3185,-0.5238,1.0455,False,False
外部需求 → 日本,us_semis,輸送用機器,1,3,6,0.1425,0.8288,-0.454,-0.0579,-1.4664,-0.2163,False,False
外部需求 → 日本,us_semis,輸送用機器,1,6,0,0.5807,0.5207,-0.5642,0.2673,-0.5524,0.6423,False,False
外部需求 → 日本,us_semis,輸送用機器,1,6,3,0.2826,0.4802,-0.7358,0.288,-1.0746,0.7061,False,False
外部需求 → 日本,us_semis,輸送用機器,1,6,6,0.0959,0.5643,-1.06,-0.217,-1.6649,-0.5765,False,False
外部需求 → 日本,us_semis,輸送用機器,3,1,0,0.8123,0.824,-0.0311,0.0203,-0.2374,0.2225,False,False
外部需求 → 日本,us_semis,輸送用機器,3,1,3,0.7645,0.3528,-0.0239,0.0904,-0.2995,0.9292,False,False
外部需求 → 日本,us_semis,輸送用機器,3,1,6,0.2161,0.6292,-0.0628,-0.0477,-1.237,-0.4829,False,False
外部需求 → 日本,us_semis,輸送用機器,3,3,0,0.6784,0.9929,-0.1141,0.0018,-0.4146,0.0089,False,False
外部需求 → 日本,us_semis,輸送用機器,3,3,3,0.4554,0.1177,-0.1225,0.3348,-0.7465,1.5645,False,False
外部需求 → 日本,us_semis,輸送用機器,3,3,6,0.112,0.0379,-0.2339,-0.3219,-1.5892,-2.0757,False,False
外部需求 → 日本,us_semis,輸送用機器,3,6,0,0.3796,0.3036,-0.3216,0.3518,-0.8786,1.0288,False,False
外部需求 → 日本,us_semis,輸送用機器,3,6,3,0.2015,0.9717,-0.3842,0.0081,-1.2773,0.0355,False,False
外部需求 → 日本,us_semis,輸送用機器,3,6,6,0.1832,0.1307,-0.3668,-0.4055,-1.3308,-1.5114,False,False
外部需求 → 日本,us_semis,輸送用機器,6,1,0,0.7231,0.295,-0.0202,0.0634,-0.3543,1.0472,False,False
外部需求 → 日本,us_semis,輸送用機器,6,1,3,0.5085,0.7711,-0.0234,0.0192,-0.6612,0.291,False,False
外部需求 → 日本,us_semis,輸送用機器,6,1,6,0.1918,0.2496,-0.0485,-0.0605,-1.3053,-1.1513,False,False
外部需求 → 日本,us_semis,輸送用機器,6,3,0,0.5257,0.2387,-0.081,0.1836,-0.6347,1.1783,False,False
外部需求 → 日本,us_semis,輸送用機器,6,3,3,0.2646,0.8825,-0.111,-0.0197,-1.1156,-0.1478,False,False
外部需求 → 日本,us_semis,輸送用機器,6,3,6,0.2034,0.1165,-0.1236,-0.2184,-1.2719,-1.5695,False,False
外部需求 → 日本,us_semis,輸送用機器,6,6,0,0.2878,0.5098,-0.2313,0.1677,-1.063,0.6591,False,False
外部需求 → 日本,us_semis,輸送用機器,6,6,3,0.2174,0.1713,-0.2411,-0.2405,-1.2335,-1.3682,False,False
外部需求 → 日本,us_semis,輸送用機器,6,6,6,0.2195,0.6051,-0.1897,-0.1734,-1.2279,-0.5171,False,False
外部需求 → 日本,us_semis,金属製品,1,1,0,0.2863,0.3579,-0.1251,0.1374,-1.0662,0.9193,False,False
外部需求 → 日本,us_semis,金属製品,1,1,3,0.9401,0.8927,-0.0065,0.016,-0.0752,0.1349,False,False
外部需求 → 日本,us_semis,金属製品,1,1,6,0.0573,0.7623,-0.1421,-0.0433,-1.9013,-0.3024,False,False
外部需求 → 日本,us_semis,金属製品,1,3,0,0.1411,0.4211,-0.3,0.1905,-1.4716,0.8045,False,False
外部需求 → 日本,us_semis,金属製品,1,3,3,0.9637,0.7209,-0.008,0.0798,-0.0455,0.3573,False,False
外部需求 → 日本,us_semis,金属製品,1,3,6,0.0349,0.3412,-0.3043,-0.2753,-2.1097,-0.9518,False,False
外部需求 → 日本,us_semis,金属製品,1,6,0,0.2619,0.2672,-0.2999,0.3619,-1.1219,1.1095,False,False
外部需求 → 日本,us_semis,金属製品,1,6,3,0.1726,0.7703,-0.3156,-0.1149,-1.3639,-0.292,False,False
外部需求 → 日本,us_semis,金属製品,1,6,6,0.4173,0.2269,-0.1662,-0.3784,-0.8111,-1.2085,False,False
外部需求 → 日本,us_semis,金属製品,3,1,0,0.2134,0.6085,-0.0436,0.0397,-1.2444,0.5122,False,False
外部需求 → 日本,us_semis,金属製品,3,1,3,0.9422,0.6382,-0.0023,0.0305,-0.0725,0.4702,False,False
外部需求 → 日本,us_semis,金属製品,3,1,6,0.0887,0.3556,-0.0466,-0.0785,-1.7024,-0.9239,False,False
外部需求 → 日本,us_semis,金属製品,3,3,0,0.315,0.7524,-0.0803,0.0597,-1.0047,0.3155,False,False
外部需求 → 日本,us_semis,金属製品,3,3,3,0.3144,0.6992,-0.0659,0.0721,-1.006,0.3864,False,False
外部需求 → 日本,us_semis,金属製品,3,3,6,0.4938,0.0668,-0.0444,-0.2872,-0.6842,-1.8331,False,False
外部需求 → 日本,us_semis,金属製品,3,6,0,0.1027,0.6188,-0.1436,0.1287,-1.6317,0.4976,False,False
外部需求 → 日本,us_semis,金属製品,3,6,3,0.2042,0.481,-0.1119,-0.1789,-1.2696,-0.7047,False,False
外部需求 → 日本,us_semis,金属製品,3,6,6,0.6877,0.0243,-0.0399,-0.3797,-0.402,-2.253,False,False
外部需求 → 日本,us_semis,金属製品,6,1,0,0.4456,0.336,-0.0139,0.0458,-0.7627,0.9621,False,False
外部需求 → 日本,us_semis,金属製品,6,1,3,0.2818,0.666,-0.0154,-0.027,-1.0763,-0.4317,False,False
外部需求 → 日本,us_semis,金属製品,6,1,6,0.5373,0.1272,-0.0092,-0.0723,-0.6169,-1.5252,False,False
外部需求 → 日本,us_semis,金属製品,6,3,0,0.1665,0.4498,-0.0475,0.0799,-1.3836,0.7557,False,False
外部需求 → 日本,us_semis,金属製品,6,3,3,0.2809,0.4623,-0.0354,-0.1048,-1.0783,-0.7351,False,False
外部需求 → 日本,us_semis,金属製品,6,3,6,0.773,0.0377,-0.0109,-0.1818,-0.2885,-2.0778,False,False
外部需求 → 日本,us_semis,金属製品,6,6,0,0.0509,0.976,-0.0825,-0.0068,-1.9526,-0.0301,False,False
外部需求 → 日本,us_semis,金属製品,6,6,3,0.3522,0.17,-0.047,-0.2841,-0.9304,-1.3721,False,False
外部需求 → 日本,us_semis,金属製品,6,6,6,0.8787,0.3082,-0.0104,-0.1516,-0.1526,-1.019,False,False
外部需求 → 日本,us_semis,鉄鋼,1,1,0,0.1863,0.615,0.2077,0.0985,1.3215,0.5029,False,False
外部需求 → 日本,us_semis,鉄鋼,1,1,3,0.0911,0.3438,-0.2962,0.189,-1.6898,0.9467,False,False
外部需求 → 日本,us_semis,鉄鋼,1,1,6,0.777,0.5039,0.0419,0.1331,0.2833,0.6684,False,False
外部需求 → 日本,us_semis,鉄鋼,1,3,0,0.9689,0.5576,0.0166,0.208,0.039,0.5865,False,False
外部需求 → 日本,us_semis,鉄鋼,1,3,3,0.0903,0.7629,-0.5884,-0.1276,-1.6936,-0.3016,False,False
外部需求 → 日本,us_semis,鉄鋼,1,3,6,0.4228,0.666,0.2599,0.1501,0.8016,0.4316,False,False
外部需求 → 日本,us_semis,鉄鋼,1,6,0,0.2982,0.9117,-0.5857,0.0493,-1.0403,0.1108,False,False
外部需求 → 日本,us_semis,鉄鋼,1,6,3,0.3852,0.984,-0.3407,-0.011,-0.8684,-0.0201,False,False
外部需求 → 日本,us_semis,鉄鋼,1,6,6,0.1652,0.5236,0.4501,-0.3314,1.3879,-0.6379,False,False
外部需求 → 日本,us_semis,鉄鋼,3,1,0,0.9901,0.4151,0.0008,0.0879,0.0124,0.815,False,False
外部需求 → 日本,us_semis,鉄鋼,3,1,3,0.267,0.7475,-0.0811,-0.0421,-1.11,-0.3219,False,False
外部需求 → 日本,us_semis,鉄鋼,3,1,6,0.4808,0.8665,0.0396,0.0162,0.7051,0.1681,False,False
外部需求 → 日本,us_semis,鉄鋼,3,3,0,0.3835,0.2299,-0.1692,0.2482,-0.8715,1.2005,False,False
外部需求 → 日本,us_semis,鉄鋼,3,3,3,0.5567,0.5852,-0.0926,-0.1693,-0.5878,-0.5458,False,False
外部需求 → 日本,us_semis,鉄鋼,3,3,6,0.3065,0.8529,0.1063,-0.0367,1.0226,-0.1855,False,False
外部需求 → 日本,us_semis,鉄鋼,3,6,0,0.1574,0.7601,-0.2673,0.1044,-1.4139,0.3054,False,False
外部需求 → 日本,us_semis,鉄鋼,3,6,3,0.9518,0.5414,0.0105,-0.2309,0.0604,-0.6107,False,False
外部需求 → 日本,us_semis,鉄鋼,3,6,6,0.3424,0.421,0.1208,-0.3675,0.9495,-0.8047,False,False
外部需求 → 日本,us_semis,鉄鋼,6,1,0,0.4187,0.6497,-0.0295,0.0297,-0.8087,0.4541,False,False
外部需求 → 日本,us_semis,鉄鋼,6,1,3,0.693,0.7087,-0.0143,-0.0319,-0.3949,-0.3736,False,False
外部需求 → 日本,us_semis,鉄鋼,6,1,6,0.3232,0.4645,0.0219,-0.0532,0.988,-0.7315,False,False
外部需求 → 日本,us_semis,鉄鋼,6,3,0,0.2802,0.8179,-0.0921,0.0442,-1.0798,0.2302,False,False
外部需求 → 日本,us_semis,鉄鋼,6,3,3,0.9436,0.4679,0.0052,-0.1592,0.0707,-0.7258,False,False
外部需求 → 日本,us_semis,鉄鋼,6,3,6,0.4484,0.4114,0.0405,-0.1891,0.7581,-0.8214,False,False
外部需求 → 日本,us_semis,鉄鋼,6,6,0,0.4315,0.7408,-0.0895,-0.1176,-0.7867,-0.3308,False,False
外部需求 → 日本,us_semis,鉄鋼,6,6,3,0.6098,0.3413,0.0432,-0.3607,0.5104,-0.9516,False,False
外部需求 → 日本,us_semis,鉄鋼,6,6,6,0.8978,0.4697,0.0095,-0.303,0.1284,-0.723,False,False
外部需求 → 日本,us_semis,鉱業,1,1,0,0.986,0.0116,0.0055,0.7312,0.0175,2.5228,False,False
外部需求 → 日本,us_semis,鉱業,1,1,3,0.5729,0.6953,-0.1652,0.1452,-0.5638,0.3917,False,False
外部需求 → 日本,us_semis,鉱業,1,1,6,0.9658,0.5341,0.0105,0.2395,0.0429,0.6217,False,False
外部需求 → 日本,us_semis,鉱業,1,3,0,0.9527,0.9156,-0.0319,0.0697,-0.0594,0.106,False,False
外部需求 → 日本,us_semis,鉱業,1,3,3,0.1384,0.7441,-0.4918,0.2158,-1.4817,0.3265,False,False
外部需求 → 日本,us_semis,鉱業,1,3,6,0.2979,0.5251,-0.4349,-0.4059,-1.041,-0.6354,False,False
外部需求 → 日本,us_semis,鉱業,1,6,0,0.4049,0.9892,-0.5683,0.013,-0.8329,0.0135,False,False
外部需求 → 日本,us_semis,鉱業,1,6,3,0.1183,0.812,-0.9437,-0.1898,-1.5621,-0.2378,False,False
外部需求 → 日本,us_semis,鉱業,1,6,6,0.9428,0.6886,0.0493,0.398,0.0718,0.4007,False,False
外部需求 → 日本,us_semis,鉱業,3,1,0,0.8537,0.4812,-0.0192,0.1285,-0.1844,0.7044,False,False
外部需求 → 日本,us_semis,鉱業,3,1,3,0.5373,0.9518,-0.0486,0.0104,-0.6168,0.0605,False,False
外部需求 → 日本,us_semis,鉱業,3,1,6,0.5079,0.3401,-0.0528,-0.1421,-0.6621,-0.954,False,False
外部需求 → 日本,us_semis,鉱業,3,3,0,0.4935,0.9334,-0.1167,-0.0391,-0.6848,-0.0835,False,False
外部需求 → 日本,us_semis,鉱業,3,3,3,0.3703,0.9768,-0.1508,0.0153,-0.8959,0.0291,False,False
外部需求 → 日本,us_semis,鉱業,3,3,6,0.7101,0.7727,-0.0716,-0.1179,-0.3718,-0.2888,False,False
外部需求 → 日本,us_semis,鉱業,3,6,0,0.2628,0.9301,-0.289,0.0623,-1.1198,0.0877,False,False
外部需求 → 日本,us_semis,鉱業,3,6,3,0.3974,0.8184,-0.2375,-0.1659,-0.8462,-0.2296,False,False
外部需求 → 日本,us_semis,鉱業,3,6,6,0.6163,0.3048,0.1452,0.6475,0.5011,1.0261,False,False
外部需求 → 日本,us_semis,鉱業,6,1,0,0.4941,0.464,-0.029,0.091,-0.6837,0.7323,False,False
外部需求 → 日本,us_semis,鉱業,6,1,3,0.3038,0.5465,-0.0417,-0.0831,-1.0283,-0.603,False,False
外部需求 → 日本,us_semis,鉱業,6,1,6,0.8429,0.6979,0.0088,0.0564,0.1982,0.3882,False,False
外部需求 → 日本,us_semis,鉱業,6,3,0,0.3898,0.9696,-0.0835,-0.0147,-0.86,-0.0381,False,False
外部需求 → 日本,us_semis,鉱業,6,3,3,0.4528,0.8331,-0.076,-0.0988,-0.7507,-0.2107,False,False
外部需求 → 日本,us_semis,鉱業,6,3,6,0.6577,0.3502,0.0486,0.3115,0.4431,0.9342,False,False
外部需求 → 日本,us_semis,鉱業,6,6,0,0.264,0.894,-0.1715,-0.1,-1.117,-0.1333,False,False
外部需求 → 日本,us_semis,鉱業,6,6,3,0.8264,0.7825,-0.0343,0.1948,-0.2194,0.2761,False,False
外部需求 → 日本,us_semis,鉱業,6,6,6,0.1438,0.2204,0.1906,0.582,1.462,1.2255,False,False
外部需求 → 日本,us_semis,銀行業,1,1,0,0.0156,0.9787,-0.2962,0.0071,-2.4174,0.0267,False,False
外部需求 → 日本,us_semis,銀行業,1,1,3,0.1313,0.8655,0.219,-0.045,1.5091,-0.1694,False,False
外部需求 → 日本,us_semis,銀行業,1,1,6,0.0065,0.9494,0.2886,-0.0151,2.7232,-0.0635,False,False
外部需求 → 日本,us_semis,銀行業,1,3,0,0.6379,0.412,-0.148,0.4079,-0.4706,0.8204,False,False
外部需求 → 日本,us_semis,銀行業,1,3,3,0.0357,0.5617,0.6273,0.3323,2.1006,0.5803,False,False
外部需求 → 日本,us_semis,銀行業,1,3,6,0.0004,0.6155,0.9394,-0.255,3.5565,-0.5023,True,False
外部需求 → 日本,us_semis,銀行業,1,6,0,0.2722,0.2883,0.4946,0.8088,1.0981,1.0618,False,False
外部需求 → 日本,us_semis,銀行業,1,6,3,0.0008,0.9356,1.5658,-0.0658,3.3411,-0.0808,True,False
外部需求 → 日本,us_semis,銀行業,1,6,6,0.0041,0.2397,1.4503,0.8956,2.8683,1.1757,False,False
外部需求 → 日本,us_semis,銀行業,3,1,0,0.6859,0.2173,-0.0242,0.1776,-0.4045,1.2337,False,False
外部需求 → 日本,us_semis,銀行業,3,1,3,0.0548,0.7179,0.0913,0.0571,1.9208,0.3613,False,False
外部需求 → 日本,us_semis,銀行業,3,1,6,0.001,0.582,0.1379,-0.0878,3.2976,-0.5504,True,False
外部需求 → 日本,us_semis,銀行業,3,3,0,0.433,0.4552,0.1096,0.2557,0.7841,0.7468,False,False
外部需求 → 日本,us_semis,銀行業,3,3,3,0.0015,0.787,0.3351,0.1113,3.1842,0.2702,True,False
外部需求 → 日本,us_semis,銀行業,3,3,6,0.0078,0.944,0.3537,0.0256,2.6613,0.0702,False,False
外部需求 → 日本,us_semis,銀行業,3,6,0,0.0136,0.5185,0.4497,0.3835,2.4665,0.6457,False,False
外部需求 → 日本,us_semis,銀行業,3,6,3,0.0013,0.886,0.6898,0.1063,3.2211,0.1434,True,False
外部需求 → 日本,us_semis,銀行業,3,6,6,0.0145,0.2393,0.5405,0.6875,2.4458,1.1768,False,False
外部需求 → 日本,us_semis,銀行業,6,1,0,0.4657,0.2152,0.0224,0.1404,0.7295,1.2394,False,False
外部需求 → 日本,us_semis,銀行業,6,1,3,0.0026,0.8063,0.0749,-0.0327,3.0168,-0.2452,True,False
外部需求 → 日本,us_semis,銀行業,6,1,6,0.0136,0.5734,0.0667,0.0684,2.4685,0.563,False,False
外部需求 → 日本,us_semis,銀行業,6,3,0,0.029,0.5363,0.1483,0.1945,2.1837,0.6185,False,False
外部需求 → 日本,us_semis,銀行業,6,3,3,0.0022,0.9392,0.2234,0.0321,3.0605,0.0762,True,False
外部需求 → 日本,us_semis,銀行業,6,3,6,0.0202,0.3303,0.1732,0.3086,2.3235,0.9735,False,False
外部需求 → 日本,us_semis,銀行業,6,6,0,0.0018,0.7659,0.3736,0.2152,3.1208,0.2977,True,False
外部需求 → 日本,us_semis,銀行業,6,6,3,0.0056,0.6196,0.3981,0.356,2.7716,0.4964,False,False
外部需求 → 日本,us_semis,銀行業,6,6,6,0.0176,0.4372,0.2746,0.4586,2.3746,0.7769,False,False
外部需求 → 日本,us_semis,電気・ガス業,1,1,0,0.0693,0.6845,-0.352,-0.1072,-1.8161,-0.4064,False,False
外部需求 → 日本,us_semis,電気・ガス業,1,1,3,0.0833,0.3303,0.449,-0.243,1.7318,-0.9736,False,False
外部需求 → 日本,us_semis,電気・ガス業,1,1,6,0.169,0.3291,0.3112,-0.2625,1.3756,-0.976,False,False
外部需求 → 日本,us_semis,電気・ガス業,1,3,0,0.8214,0.2855,-0.1702,0.4568,-0.2257,1.0681,False,False
外部需求 → 日本,us_semis,電気・ガス業,1,3,3,0.013,0.7044,1.3589,0.1854,2.4839,0.3794,False,False
外部需求 → 日本,us_semis,電気・ガス業,1,3,6,0.362,0.1393,0.6214,-0.6118,0.9115,-1.4782,False,False
外部需求 → 日本,us_semis,電気・ガス業,1,6,0,0.1999,0.4146,1.2813,0.5331,1.2819,0.8158,False,False
外部需求 → 日本,us_semis,電気・ガス業,1,6,3,0.0065,0.5218,2.0701,-0.4491,2.7197,-0.6405,False,False
外部需求 → 日本,us_semis,電気・ガス業,1,6,6,0.5236,0.2646,0.7831,-0.6371,0.6378,-1.1155,False,False
外部需求 → 日本,us_semis,電気・ガス業,3,1,0,0.9114,0.2305,0.0131,0.1478,0.1112,1.1991,False,False
外部需求 → 日本,us_semis,電気・ガス業,3,1,3,0.0286,0.8518,0.2032,0.0255,2.1895,0.1868,False,False
外部需求 → 日本,us_semis,電気・ガス業,3,1,6,0.4363,0.1316,0.0775,-0.1736,0.7784,-1.5078,False,False
外部需求 → 日本,us_semis,電気・ガス業,3,3,0,0.4425,0.1572,0.2475,0.4296,0.768,1.4146,False,False
外部需求 → 日本,us_semis,電気・ガス業,3,3,3,0.0074,0.6691,0.538,-0.1432,2.6764,-0.4273,False,False
外部需求 → 日本,us_semis,電気・ガス業,3,3,6,0.5387,0.161,0.19,-0.3879,0.6148,-1.4018,False,False
外部需求 → 日本,us_semis,電気・ガス業,3,6,0,0.0142,0.5011,0.8162,0.3172,2.4522,0.6728,False,False
外部需求 → 日本,us_semis,電気・ガス業,3,6,3,0.0943,0.2467,0.7461,-0.5675,1.6729,-1.1585,False,False
外部需求 → 日本,us_semis,電気・ガス業,3,6,6,0.6213,0.852,0.254,-0.0781,0.494,-0.1866,False,False
外部需求 → 日本,us_semis,電気・ガス業,6,1,0,0.2618,0.3133,0.0716,0.098,1.1221,1.0084,False,False
外部需求 → 日本,us_semis,電気・ガス業,6,1,3,0.0991,0.3923,0.0907,-0.0807,1.6491,-0.8554,False,False
外部需求 → 日本,us_semis,電気・ガス業,6,1,6,0.667,0.2501,0.024,-0.09,0.4302,-1.1502,False,False
外部需求 → 日本,us_semis,電気・ガス業,6,3,0,0.0554,0.5959,0.2618,0.1317,1.9155,0.5303,False,False
外部需求 → 日本,us_semis,電気・ガス業,6,3,3,0.1539,0.3005,0.2308,-0.2894,1.426,-1.0353,False,False
外部需求 → 日本,us_semis,電気・ガス業,6,3,6,0.6699,0.7,0.0764,-0.0853,0.4262,-0.3853,False,False
外部需求 → 日本,us_semis,電気・ガス業,6,6,0,0.0252,0.7302,0.5081,-0.1621,2.2379,-0.3448,False,False
外部需求 → 日本,us_semis,電気・ガス業,6,6,3,0.3252,0.4105,0.313,-0.3776,0.9839,-0.823,False,False
外部需求 → 日本,us_semis,電気・ガス業,6,6,6,0.6489,0.4401,0.1398,-0.2399,0.4554,-0.772,False,False
外部需求 → 日本,us_semis,電気機器,1,1,0,0.284,0.4469,0.1274,-0.1832,1.0713,-0.7605,False,False
外部需求 → 日本,us_semis,電気機器,1,1,3,0.4578,0.9268,-0.1037,-0.0168,-0.7425,-0.0919,False,False
外部需求 → 日本,us_semis,電気機器,1,1,6,0.8624,0.1715,-0.0163,-0.3266,-0.1733,-1.3673,False,False
外部需求 → 日本,us_semis,電気機器,1,3,0,0.8617,0.6801,-0.0638,-0.136,-0.1743,-0.4123,False,False
外部需求 → 日本,us_semis,電気機器,1,3,3,0.1932,0.9086,-0.3078,0.0351,-1.3012,0.1148,False,False
外部需求 → 日本,us_semis,電気機器,1,3,6,0.432,0.8075,-0.1719,0.0955,-0.7858,0.2437,False,False
外部需求 → 日本,us_semis,電気機器,1,6,0,0.4209,0.9757,-0.4356,0.0122,-0.8048,0.0304,False,False
外部需求 → 日本,us_semis,電気機器,1,6,3,0.1686,0.6648,-0.493,0.2074,-1.3767,0.4333,False,False
外部需求 → 日本,us_semis,電気機器,1,6,6,0.1639,0.6889,-0.4422,0.1878,-1.3922,0.4004,False,False
外部需求 → 日本,us_semis,電気機器,3,1,0,0.6955,0.3542,-0.0232,-0.0871,-0.3915,-0.9264,False,False
外部需求 → 日本,us_semis,電気機器,3,1,3,0.2641,0.6557,-0.0474,0.0402,-1.1167,0.4458,False,False
外部需求 → 日本,us_semis,電気機器,3,1,6,0.5229,0.9437,-0.0216,0.0076,-0.6389,0.0706,False,False
外部需求 → 日本,us_semis,電気機器,3,3,0,0.4907,0.7445,-0.0989,-0.0649,-0.6891,-0.3259,False,False
外部需求 → 日本,us_semis,電気機器,3,3,3,0.2168,0.9857,-0.116,0.0044,-1.2351,0.0179,False,False
外部需求 → 日本,us_semis,電気機器,3,3,6,0.3481,0.7292,-0.091,0.0791,-0.9383,0.3462,False,False
外部需求 → 日本,us_semis,電気機器,3,6,0,0.2107,0.6059,-0.2442,-0.1296,-1.2516,-0.5159,False,False
外部需求 → 日本,us_semis,電気機器,3,6,3,0.1552,0.6981,-0.2189,0.1426,-1.4214,0.3879,False,False
外部需求 → 日本,us_semis,電気機器,3,6,6,0.0876,0.4286,-0.2046,0.2358,-1.7084,0.7916,False,False
外部需求 → 日本,us_semis,電気機器,6,1,0,0.4051,0.6747,-0.0251,-0.0242,-0.8325,-0.4197,False,False
外部需求 → 日本,us_semis,電気機器,6,1,3,0.3604,0.6962,-0.0209,0.0293,-0.9146,0.3904,False,False
外部需求 → 日本,us_semis,電気機器,6,1,6,0.3012,0.8981,-0.0181,0.0076,-1.0338,0.128,False,False
外部需求 → 日本,us_semis,電気機器,6,3,0,0.2957,0.9056,-0.0736,-0.014,-1.0457,-0.1186,False,False
外部需求 → 日本,us_semis,電気機器,6,3,3,0.2389,0.7708,-0.0661,0.0541,-1.1776,0.2914,False,False
外部需求 → 日本,us_semis,電気機器,6,3,6,0.1501,0.3205,-0.0673,0.1745,-1.4393,0.9933,False,False
外部需求 → 日本,us_semis,電気機器,6,6,0,0.1505,0.9048,-0.1538,0.0332,-1.4377,0.1196,False,False
外部需求 → 日本,us_semis,電気機器,6,6,3,0.1039,0.5033,-0.1368,0.2296,-1.6265,0.6694,False,False
外部需求 → 日本,us_semis,電気機器,6,6,6,0.0164,0.1153,-0.1586,0.5284,-2.3998,1.5749,False,False
外部需求 → 日本,us_semis,非鉄金属,1,1,0,0.1035,0.2263,0.2897,-0.3575,1.6279,-1.21,False,False
外部需求 → 日本,us_semis,非鉄金属,1,1,3,0.1073,0.9529,-0.2422,0.0181,-1.6105,0.0591,False,False
外部需求 → 日本,us_semis,非鉄金属,1,1,6,0.9957,0.148,0.0007,-0.4282,0.0054,-1.4467,False,False
外部需求 → 日本,us_semis,非鉄金属,1,3,0,0.8872,0.1672,0.074,0.5529,0.1419,1.3812,False,False
外部需求 → 日本,us_semis,非鉄金属,1,3,3,0.2294,0.8463,-0.4612,0.1257,-1.202,0.1939,False,False
外部需求 → 日本,us_semis,非鉄金属,1,3,6,0.9138,0.3363,-0.0355,0.4667,-0.1083,0.9614,False,False
外部需求 → 日本,us_semis,非鉄金属,1,6,0,0.582,0.2661,-0.4382,0.7393,-0.5505,1.112,False,False
外部需求 → 日本,us_semis,非鉄金属,1,6,3,0.3132,0.2177,-0.5757,1.077,-1.0084,1.2326,False,False
外部需求 → 日本,us_semis,非鉄金属,1,6,6,0.978,0.6385,0.0135,0.4873,0.0276,0.4698,False,False
外部需求 → 日本,us_semis,非鉄金属,3,1,0,0.921,0.0787,-0.0077,0.2151,-0.0991,1.7582,False,False
外部需求 → 日本,us_semis,非鉄金属,3,1,3,0.3151,0.5525,-0.0692,0.1016,-1.0046,0.594,False,False
外部需求 → 日本,us_semis,非鉄金属,3,1,6,0.9871,0.3194,0.0008,0.1582,0.0162,0.9958,False,False
外部需求 → 日本,us_semis,非鉄金属,3,3,0,0.5591,0.0107,-0.126,0.6615,-0.5842,2.5524,False,False
外部需求 → 日本,us_semis,非鉄金属,3,3,3,0.3541,0.6634,-0.1381,0.211,-0.9268,0.4352,False,False
外部需求 → 日本,us_semis,非鉄金属,3,3,6,0.8636,0.4758,0.0243,0.2598,0.1718,0.713,False,False
外部需求 → 日本,us_semis,非鉄金属,3,6,0,0.3302,0.1984,-0.2932,0.7993,-0.9737,1.2862,False,False
外部需求 → 日本,us_semis,非鉄金属,3,6,3,0.6053,0.4869,-0.1392,0.5971,-0.5168,0.6953,False,False
外部需求 → 日本,us_semis,非鉄金属,3,6,6,0.7705,0.6441,-0.0573,0.357,-0.2918,0.462,False,False
外部需求 → 日本,us_semis,非鉄金属,6,1,0,0.5581,0.0883,-0.0266,0.1746,-0.5856,1.7042,False,False
外部需求 → 日本,us_semis,非鉄金属,6,1,3,0.5221,0.2899,-0.024,0.1326,-0.6401,1.0584,False,False
外部需求 → 日本,us_semis,非鉄金属,6,1,6,0.7994,0.5281,0.0062,0.08,0.2541,0.6309,False,False
外部需求 → 日本,us_semis,非鉄金属,6,3,0,0.4338,0.1305,-0.0893,0.4883,-0.7827,1.5121,False,False
外部需求 → 日本,us_semis,非鉄金属,6,3,3,0.7297,0.5851,-0.0341,0.2354,-0.3456,0.5459,False,False
外部需求 → 日本,us_semis,非鉄金属,6,3,6,0.8253,0.5534,-0.016,0.2374,-0.2207,0.5926,False,False
外部需求 → 日本,us_semis,非鉄金属,6,6,0,0.4512,0.3044,-0.1405,0.7481,-0.7535,1.027,False,False
外部需求 → 日本,us_semis,非鉄金属,6,6,3,0.6903,0.5634,-0.0621,0.5115,-0.3984,0.5778,False,False
外部需求 → 日本,us_semis,非鉄金属,6,6,6,0.2779,0.5314,-0.1236,0.4305,-1.0851,0.6259,False,False
外部需求 → 日本,us_semis,食料品,1,1,0,0.3812,0.9523,-0.1322,-0.0121,-0.8756,-0.0598,False,False
外部需求 → 日本,us_semis,食料品,1,1,3,0.0155,0.2863,0.3295,-0.177,2.4198,-1.0662,False,False
外部需求 → 日本,us_semis,食料品,1,1,6,0.3216,0.4542,0.1303,0.1617,0.9912,0.7485,False,False
外部需求 → 日本,us_semis,食料品,1,3,0,0.4133,0.8164,0.3501,-0.0569,0.8181,-0.2322,False,False
外部需求 → 日本,us_semis,食料品,1,3,3,0.0352,0.4664,0.755,-0.2054,2.1064,-0.7284,False,False
外部需求 → 日本,us_semis,食料品,1,3,6,0.6733,0.2091,0.1845,-0.3547,0.4216,-1.2559,False,False
外部需求 → 日本,us_semis,食料品,1,6,0,0.0799,0.4543,1.0947,-0.2674,1.7511,-0.7483,False,False
外部需求 → 日本,us_semis,食料品,1,6,3,0.1061,0.0649,1.0073,-0.5977,1.6161,-1.8456,False,False
外部需求 → 日本,us_semis,食料品,1,6,6,0.7755,0.891,0.1782,-0.0513,0.2852,-0.137,False,False
外部需求 → 日本,us_semis,食料品,3,1,0,0.3107,0.7458,0.0607,-0.029,1.0138,-0.3242,False,False
外部需求 → 日本,us_semis,食料品,3,1,3,0.0752,0.46,0.1076,-0.067,1.7795,-0.7388,False,False
外部需求 → 日本,us_semis,食料品,3,1,6,0.733,0.3999,0.0226,-0.079,0.3411,-0.8418,False,False
外部需求 → 日本,us_semis,食料品,3,3,0,0.0559,0.395,0.3077,-0.151,1.9122,-0.8507,False,False
外部需求 → 日本,us_semis,食料品,3,3,3,0.1089,0.6532,0.2571,-0.0888,1.603,-0.4493,False,False
外部需求 → 日本,us_semis,食料品,3,3,6,0.8737,0.3776,0.0279,-0.1759,0.1589,-0.8823,False,False
外部需求 → 日本,us_semis,食料品,3,6,0,0.0187,0.4209,0.5707,-0.2122,2.3512,-0.8049,False,False
外部需求 → 日本,us_semis,食料品,3,6,3,0.3277,0.2923,0.2985,-0.2852,0.9788,-1.0531,False,False
外部需求 → 日本,us_semis,食料品,3,6,6,0.7956,0.7192,0.0593,0.0974,0.2591,0.3595,False,False
外部需求 → 日本,us_semis,食料品,6,1,0,0.1266,0.269,0.0554,-0.0615,1.5277,-1.1054,False,False
外部需求 → 日本,us_semis,食料品,6,1,3,0.2905,0.2297,0.0416,-0.074,1.057,-1.2012,False,False
外部需求 → 日本,us_semis,食料品,6,1,6,0.8446,0.8541,0.0066,0.0115,0.196,0.1838,False,False
外部需求 → 日本,us_semis,食料品,6,3,0,0.0524,0.2734,0.1865,-0.1438,1.9401,-1.0952,False,False
外部需求 → 日本,us_semis,食料品,6,3,3,0.4361,0.3922,0.0867,-0.1219,0.7788,-0.8556,False,False
外部需求 → 日本,us_semis,食料品,6,3,6,0.8354,0.8826,0.018,0.0252,0.2078,0.1476,False,False
外部需求 → 日本,us_semis,食料品,6,6,0,0.138,0.2074,0.2794,-0.261,1.4833,-1.2606,False,False
外部需求 → 日本,us_semis,食料品,6,6,3,0.5364,0.6984,0.112,-0.0992,0.6183,-0.3875,False,False
外部需求 → 日本,us_semis,食料品,6,6,6,0.488,0.6329,0.0963,-0.0908,0.6935,-0.4776,False,False
