factor,ticker,k,sign,r_disc,t_disc,replicated
rate_jp,1801.T,24,-1.0,-0.1657,-3.59,False
rate_jp,1808.T,1,1.0,0.1659,3.68,True
rate_jp,2502.T,23,1.0,0.1468,3.17,False
rate_jp,2871.T,5,-1.0,-0.1395,-3.07,True
rate_jp,3099.T,22,1.0,0.1526,3.3,False
rate_jp,4307.T,12,1.0,0.1592,3.49,False
rate_jp,4502.T,21,-1.0,-0.1502,-3.25,False
rate_jp,4503.T,23,1.0,0.1589,3.44,False
rate_jp,4523.T,21,-1.0,-0.1628,-3.54,False
rate_jp,4902.T,19,-1.0,-0.1663,-3.62,False
rate_jp,5631.T,20,-1.0,-0.1765,-3.85,False
rate_jp,5714.T,21,1.0,0.1457,3.16,False
rate_jp,6273.T,7,-1.0,-0.1403,-3.08,False
rate_jp,6301.T,19,-1.0,-0.1392,-3.02,False
rate_jp,6326.T,5,1.0,0.1578,3.48,False
rate_jp,6471.T,21,1.0,0.1752,3.81,False
rate_jp,6724.T,19,1.0,0.1457,3.16,True
rate_jp,6770.T,18,-1.0,-0.1388,-3.01,False
rate_jp,7201.T,11,-1.0,-0.1598,-3.51,False
rate_jp,7267.T,7,-1.0,-0.1857,-4.11,False
rate_jp,7752.T,23,-1.0,-0.1413,-3.05,False
rate_jp,7832.T,26,1.0,0.1493,3.22,False
rate_jp,8015.T,25,-1.0,-0.1534,-3.31,False
rate_jp,8035.T,26,-1.0,-0.1497,-3.23,False
rate_jp,8058.T,25,-1.0,-0.1782,-3.86,False
rate_jp,8267.T,10,1.0,0.1553,3.41,False
rate_jp,8304.T,21,-1.0,-0.1439,-3.12,False
rate_jp,8697.T,10,-1.0,-0.1574,-3.1,False
rate_jp,8725.T,8,-1.0,-0.1542,-3.12,True
rate_jp,8801.T,2,-1.0,-0.1621,-3.59,False
rate_jp,9101.T,25,-1.0,-0.1724,-3.73,False
rate_jp,9104.T,25,-1.0,-0.1527,-3.3,False
rate_jp,9433.T,24,1.0,0.1406,3.03,False
rate_jp,9531.T,19,1.0,0.1751,3.82,False
rate_jp,9735.T,21,-1.0,-0.1665,-3.62,False
rate_jp,9766.T,20,-1.0,-0.1572,-3.41,False
rate_jp,9983.T,14,-1.0,-0.1831,-4.02,False
rate_jp,1719.T,17,1.0,0.1571,3.42,False
rate_jp,2371.T,7,-1.0,-0.1483,-3.26,False
rate_jp,2587.T,9,1.0,0.2589,3.02,False
rate_jp,2670.T,21,-1.0,-0.1653,-3.59,False
rate_jp,3105.T,26,-1.0,-0.1414,-3.04,False
rate_jp,3635.T,25,1.0,0.1554,3.36,False
rate_jp,4045.T,20,-1.0,-0.144,-3.12,False
rate_jp,4186.T,7,-1.0,-0.1404,-3.08,False
rate_jp,4272.T,23,1.0,0.145,3.13,False
rate_jp,4544.T,17,-1.0,-0.1524,-3.32,False
rate_jp,4612.T,10,-1.0,-0.175,-3.85,False
rate_jp,4684.T,4,1.0,0.1427,3.15,False
rate_jp,4733.T,7,1.0,0.1472,3.24,False
rate_jp,4768.T,12,1.0,0.1395,3.05,False
rate_jp,4912.T,26,1.0,0.1408,3.03,False
rate_jp,5393.T,12,1.0,0.1606,3.52,False
rate_jp,6136.T,10,-1.0,-0.1473,-3.23,False
rate_jp,6141.T,5,1.0,0.1414,3.11,False
rate_jp,6368.T,3,1.0,0.1512,3.34,False
rate_jp,6370.T,5,1.0,0.1558,3.44,False
rate_jp,6417.T,23,1.0,0.1438,3.11,False
rate_jp,6481.T,21,1.0,0.1412,3.05,False
rate_jp,6586.T,19,-1.0,-0.1411,-3.06,False
rate_jp,6674.T,1,1.0,0.1386,3.06,False
rate_jp,6849.T,21,-1.0,-0.1465,-3.17,False
rate_jp,6952.T,1,-1.0,-0.1519,-3.36,False
rate_jp,7189.T,9,-1.0,-0.1372,-3.01,False
rate_jp,7309.T,3,1.0,0.1381,3.05,False
rate_jp,7701.T,5,1.0,0.1512,3.33,False
rate_jp,7729.T,12,1.0,0.1695,3.72,False
rate_jp,8111.T,7,1.0,0.1677,3.7,False
rate_jp,8113.T,23,1.0,0.193,4.2,False
rate_jp,8227.T,23,1.0,0.1397,3.02,False
rate_jp,9401.T,19,1.0,0.1465,3.18,False
rate_jp,9449.T,1,1.0,0.157,3.48,False
rate_jp,9989.T,19,1.0,0.1746,3.81,False
rate_jp,1377.T,19,1.0,0.1444,3.13,True
rate_jp,1766.T,5,1.0,0.1647,3.64,False
rate_jp,1861.T,1,1.0,0.1396,3.09,False
rate_jp,1882.T,17,1.0,0.1441,3.13,False
rate_jp,1898.T,24,-1.0,-0.1878,-4.08,False
rate_jp,1926.T,24,-1.0,-0.1457,-3.15,False
rate_jp,1961.T,1,1.0,0.1428,3.16,False
rate_jp,1979.T,1,1.0,0.1396,3.09,False
rate_jp,1980.T,23,1.0,0.1592,3.45,False
rate_jp,2168.T,19,1.0,0.1594,3.47,False
rate_jp,2602.T,21,-1.0,-0.1455,-3.15,False
rate_jp,2659.T,7,1.0,0.1451,3.19,False
rate_jp,3201.T,19,1.0,0.1447,3.14,False
rate_jp,3660.T,15,-1.0,-0.2245,-3.22,False
rate_jp,3778.T,10,-1.0,-0.1373,-3.0,False
rate_jp,4547.T,19,1.0,0.144,3.12,True
rate_jp,4819.T,10,-1.0,-0.1576,-3.46,False
rate_jp,4975.T,14,1.0,0.1379,3.0,False
rate_jp,5202.T,8,1.0,0.1418,3.11,False
rate_jp,5302.T,20,-1.0,-0.1726,-3.76,False
rate_jp,5857.T,20,-1.0,-0.1591,-3.46,False
rate_jp,5949.T,12,1.0,0.1663,3.65,False
rate_jp,5988.T,12,1.0,0.1428,3.12,False
rate_jp,6104.T,5,1.0,0.1498,3.3,False
rate_jp,6143.T,2,1.0,0.1475,3.26,False
rate_jp,6277.T,16,-1.0,-0.1418,-3.09,False
rate_jp,6282.T,9,-1.0,-0.159,-3.5,False
rate_jp,6395.T,5,1.0,0.1791,3.97,False
rate_jp,6419.T,18,1.0,0.1486,3.23,False
rate_jp,6474.T,2,1.0,0.1527,3.38,False
rate_jp,6486.T,26,1.0,0.1476,3.18,False
rate_jp,6490.T,24,-1.0,-0.1577,-3.41,False
rate_jp,6622.T,2,1.0,0.1399,3.09,False
rate_jp,6652.T,7,1.0,0.1618,3.57,False
rate_jp,6807.T,2,1.0,0.1697,3.76,False
rate_jp,6810.T,4,1.0,0.1549,3.19,False
rate_jp,6859.T,2,1.0,0.1517,3.36,False
rate_jp,6908.T,1,1.0,0.1516,3.36,False
rate_jp,6914.T,9,-1.0,-0.1385,-3.03,False
rate_jp,6999.T,26,1.0,0.14,3.01,False
rate_jp,7220.T,12,1.0,0.1531,3.35,False
rate_jp,7239.T,12,1.0,0.1586,3.47,False
rate_jp,7433.T,12,1.0,0.1457,3.19,False
rate_jp,7630.T,19,1.0,0.15,3.26,False
rate_jp,7762.T,18,1.0,0.1637,3.57,False
rate_jp,7990.T,20,1.0,0.1548,3.36,False
rate_jp,7995.T,16,-1.0,-0.1428,-3.11,True
rate_jp,8016.T,23,1.0,0.1424,3.07,False
rate_jp,8022.T,11,-1.0,-0.1644,-3.61,False
rate_jp,8057.T,9,-1.0,-0.1622,-3.57,False
rate_jp,8130.T,23,1.0,0.1533,3.32,False
rate_jp,8218.T,23,1.0,0.1596,3.46,False
rate_jp,8346.T,23,1.0,0.1396,3.01,False
rate_jp,8386.T,12,1.0,0.1383,3.02,False
rate_jp,8388.T,19,1.0,0.1522,3.31,False
rate_jp,8544.T,21,-1.0,-0.1584,-3.44,False
rate_jp,8600.T,9,-1.0,-0.1382,-3.03,False
rate_jp,8706.T,24,-1.0,-0.1597,-3.45,False
rate_jp,8771.T,1,-1.0,-0.1862,-3.29,False
rate_jp,8803.T,25,-1.0,-0.1986,-4.32,False
rate_jp,8923.T,15,-1.0,-0.155,-3.38,False
rate_jp,9110.T,25,-1.0,-0.1399,-3.01,False
rate_jp,9119.T,25,-1.0,-0.1795,-3.89,False
rate_jp,9409.T,19,1.0,0.1616,3.52,False
rate_jp,9412.T,24,1.0,0.1681,3.64,False
rate_jp,9601.T,4,1.0,0.1603,3.54,False
rate_jp,9603.T,16,-1.0,-0.1577,-3.44,False
rate_jp,9824.T,1,1.0,0.1543,3.42,False
rate_jp,9842.T,15,-1.0,-0.1577,-3.44,False
rate_jp,9869.T,24,1.0,0.1435,3.1,False
rate_jp,9882.T,26,1.0,0.1576,3.4,False
rate_jp,9900.T,4,1.0,0.161,3.56,False
rate_us,1605.T,1,-1.0,-0.1449,-3.2,False
rate_us,1808.T,24,-1.0,-0.1498,-3.23,False
rate_us,1963.T,1,-1.0,-0.1467,-3.25,False
rate_us,2503.T,2,-1.0,-0.1598,-3.54,False
rate_us,2768.T,2,1.0,0.1425,3.15,False
rate_us,2801.T,7,1.0,0.1715,3.78,False
rate_us,2802.T,23,1.0,0.1508,3.26,False
rate_us,3382.T,3,1.0,0.1444,3.19,False
rate_us,3402.T,14,1.0,0.15,3.27,False
rate_us,4004.T,11,1.0,0.1509,3.31,False
rate_us,4188.T,17,-1.0,-0.1402,-3.05,False
rate_us,4503.T,3,1.0,0.1377,3.04,False
rate_us,4543.T,7,1.0,0.1436,3.16,False
rate_us,4911.T,13,1.0,0.1527,3.34,False
rate_us,5108.T,4,1.0,0.1557,3.44,False
rate_us,5233.T,14,1.0,0.1778,3.9,False
rate_us,5706.T,12,1.0,0.146,3.19,False
rate_us,5802.T,12,1.0,0.1489,3.26,False
rate_us,6301.T,2,1.0,0.139,3.07,False
rate_us,6361.T,21,1.0,0.1399,3.03,False
rate_us,6367.T,3,-1.0,-0.1416,-3.12,False
rate_us,6504.T,18,-1.0,-0.1674,-3.65,False
rate_us,6506.T,2,1.0,0.1773,3.94,False
rate_us,6770.T,11,1.0,0.1583,3.47,False
rate_us,6857.T,26,-1.0,-0.1486,-3.2,False
rate_us,6902.T,7,-1.0,-0.1725,-3.81,False
rate_us,7012.T,2,1.0,0.1514,3.35,False
rate_us,7201.T,10,1.0,0.1468,3.22,False
rate_us,7202.T,7,-1.0,-0.1412,-3.1,False
rate_us,7267.T,7,-1.0,-0.1696,-3.74,False
rate_us,7269.T,7,-1.0,-0.1378,-3.03,False
rate_us,7272.T,16,1.0,0.1564,3.41,False
rate_us,7453.T,3,1.0,0.1462,3.23,False
rate_us,7532.T,3,1.0,0.1777,3.94,False
rate_us,7735.T,24,-1.0,-0.1849,-4.02,False
rate_us,8001.T,2,1.0,0.1366,3.01,False
rate_us,8002.T,2,1.0,0.1477,3.26,False
rate_us,8031.T,2,1.0,0.1373,3.03,False
rate_us,8058.T,3,-1.0,-0.1381,-3.04,False
rate_us,8591.T,12,1.0,0.1391,3.04,False
rate_us,9101.T,2,1.0,0.1537,3.4,False
rate_us,9104.T,3,-1.0,-0.1427,-3.15,False
rate_us,9432.T,2,-1.0,-0.1379,-3.04,False
rate_us,9531.T,2,-1.0,-0.1624,-3.6,False
rate_us,1820.T,25,-1.0,-0.1672,-3.62,False
rate_us,2331.T,23,1.0,0.1835,3.99,False
rate_us,2607.T,3,1.0,0.1393,3.07,False
rate_us,3107.T,26,1.0,0.1465,3.15,False
rate_us,3360.T,16,1.0,0.1833,4.02,False
rate_us,3391.T,3,1.0,0.1631,3.61,False
rate_us,3774.T,24,1.0,0.1464,3.16,False
rate_us,4203.T,12,1.0,0.1599,3.5,False
rate_us,4768.T,16,1.0,0.1589,3.47,False
rate_us,5110.T,17,1.0,0.1519,3.31,False
rate_us,5463.T,13,-1.0,-0.144,-3.14,False
rate_us,5929.T,3,1.0,0.1796,3.99,False
rate_us,6417.T,9,-1.0,-0.1603,-3.52,False
rate_us,6436.T,13,-1.0,-0.1804,-3.96,False
rate_us,6481.T,7,-1.0,-0.1558,-3.43,False
rate_us,6632.T,21,-1.0,-0.1567,-3.4,False
rate_us,6674.T,1,1.0,0.1544,3.42,False
rate_us,6707.T,12,1.0,0.1455,3.18,False
rate_us,6923.T,4,1.0,0.2321,5.21,False
rate_us,6952.T,14,-1.0,-0.1434,-3.13,False
rate_us,7240.T,16,-1.0,-0.1469,-3.2,False
rate_us,7276.T,11,-1.0,-0.1411,-3.09,False
rate_us,7282.T,16,-1.0,-0.142,-3.09,False
rate_us,7309.T,3,1.0,0.163,3.61,False
rate_us,7313.T,16,-1.0,-0.1709,-3.72,False
rate_us,7616.T,9,-1.0,-0.147,-3.22,False
rate_us,7729.T,12,1.0,0.1416,3.09,False
rate_us,7747.T,16,1.0,0.1437,3.13,False
rate_us,7936.T,12,1.0,0.1472,3.22,False
rate_us,8111.T,20,-1.0,-0.1561,-3.39,False
rate_us,8227.T,12,1.0,0.1413,3.09,False
rate_us,8242.T,23,1.0,0.1636,3.55,False
rate_us,8377.T,15,-1.0,-0.1492,-3.25,False
rate_us,8439.T,25,-1.0,-0.1404,-3.02,False
rate_us,9404.T,3,1.0,0.1706,3.78,False
rate_us,9744.T,3,1.0,0.1556,3.44,False
rate_us,9934.T,4,1.0,0.1505,3.32,False
rate_us,1419.T,24,-1.0,-0.2542,-3.12,False
rate_us,1515.T,12,1.0,0.1375,3.0,False
rate_us,1663.T,24,-1.0,-0.2916,-3.05,False
rate_us,1870.T,2,-1.0,-0.1793,-3.99,False
rate_us,1941.T,3,1.0,0.1552,3.43,False
rate_us,1952.T,12,1.0,0.1568,3.43,False
rate_us,1975.T,3,1.0,0.1397,3.08,False
rate_us,2109.T,23,1.0,0.1475,3.19,False
rate_us,2146.T,9,1.0,0.1732,3.82,False
rate_us,2154.T,12,1.0,0.1447,3.08,False
rate_us,2664.T,12,1.0,0.1424,3.11,False
rate_us,2815.T,3,1.0,0.1573,3.48,False
rate_us,3036.T,6,1.0,0.1915,3.92,False
rate_us,3050.T,3,1.0,0.192,4.27,False
rate_us,3167.T,21,1.0,0.1451,3.14,False
rate_us,3201.T,12,1.0,0.1506,3.3,False
rate_us,3387.T,2,-1.0,-0.1676,-3.72,False
rate_us,3569.T,3,1.0,0.1707,3.78,False
rate_us,4109.T,26,-1.0,-0.164,-3.54,False
rate_us,4212.T,3,1.0,0.153,3.38,False
rate_us,4368.T,14,1.0,0.1501,3.28,False
rate_us,4617.T,19,1.0,0.1513,3.29,False
rate_us,4849.T,24,-1.0,-0.1425,-3.07,False
rate_us,4971.T,1,1.0,0.1564,3.47,False
rate_us,5262.T,25,-1.0,-0.1446,-3.12,False
rate_us,5440.T,9,-1.0,-0.1418,-3.1,False
rate_us,5602.T,9,-1.0,-0.1492,-3.28,False
rate_us,5741.T,12,1.0,0.17,3.73,False
rate_us,5975.T,3,1.0,0.1713,3.8,False
rate_us,6101.T,2,1.0,0.1364,3.01,False
rate_us,6135.T,2,1.0,0.1371,3.03,False
rate_us,6143.T,2,1.0,0.149,3.29,False
rate_us,6254.T,10,1.0,0.1492,3.12,False
rate_us,6277.T,1,1.0,0.1388,3.07,False
rate_us,6278.T,16,-1.0,-0.1482,-3.23,False
rate_us,6458.T,16,1.0,0.1454,3.16,False
rate_us,6474.T,2,1.0,0.1482,3.28,False
rate_us,6652.T,12,1.0,0.1739,3.82,False
rate_us,6703.T,2,1.0,0.1472,3.25,False
rate_us,6727.T,25,-1.0,-0.1522,-3.29,False
rate_us,6737.T,12,1.0,0.1421,3.11,False
rate_us,6807.T,2,1.0,0.1542,3.41,False
rate_us,6810.T,22,-1.0,-0.2198,-4.59,False
rate_us,6859.T,2,1.0,0.1638,3.63,False
rate_us,6908.T,1,1.0,0.1803,4.01,False
rate_us,6996.T,2,1.0,0.1363,3.01,False
rate_us,7224.T,12,1.0,0.1466,3.21,False
rate_us,7239.T,19,-1.0,-0.1426,-3.09,False
rate_us,7246.T,12,1.0,0.1508,3.3,False
rate_us,7456.T,4,1.0,0.1602,3.54,False
rate_us,7606.T,3,1.0,0.1611,3.57,False
rate_us,7821.T,25,-1.0,-0.1576,-3.33,False
rate_us,7947.T,16,1.0,0.1578,3.44,False
rate_us,8016.T,13,-1.0,-0.1404,-3.06,False
rate_us,8022.T,11,-1.0,-0.1815,-4.0,False
rate_us,8057.T,1,1.0,0.1383,3.06,False
rate_us,8074.T,4,1.0,0.1705,3.78,False
rate_us,8130.T,3,1.0,0.156,3.45,False
rate_us,8154.T,12,1.0,0.1634,3.58,False
rate_us,8179.T,9,-1.0,-0.1396,-3.06,False
rate_us,8276.T,3,1.0,0.1671,3.7,False
rate_us,8336.T,11,-1.0,-0.1399,-3.06,False
rate_us,8358.T,11,-1.0,-0.1539,-3.37,False
rate_us,8368.T,11,-1.0,-0.1611,-3.54,False
rate_us,8388.T,11,-1.0,-0.1474,-3.23,False
rate_us,8511.T,2,1.0,0.1465,3.24,False
rate_us,8522.T,9,-1.0,-0.1383,-3.03,False
rate_us,8524.T,6,1.0,0.2279,3.02,False
rate_us,8600.T,11,-1.0,-0.1746,-3.84,False
rate_us,8698.T,2,1.0,0.1408,3.11,False
rate_us,9551.T,20,-1.0,-0.3953,-3.07,False
rate_us,9603.T,3,1.0,0.1537,3.4,False
rate_us,9672.T,1,1.0,0.1715,3.81,False
rate_us,9743.T,3,1.0,0.144,3.18,False
rate_us,9832.T,9,-1.0,-0.2169,-4.82,False
rate_us,9869.T,3,1.0,0.1654,3.66,False
rate_us,9948.T,3,1.0,0.1432,3.16,False
rate_us,9956.T,3,1.0,0.1387,3.06,False
rate_us,9974.T,9,-1.0,-0.1922,-3.95,False
oil,1605.T,1,-1.0,-0.1427,-3.16,False
oil,1801.T,8,-1.0,-0.1388,-3.04,False
oil,1802.T,12,1.0,0.1402,3.06,False
oil,1808.T,14,1.0,0.1463,3.19,False
oil,1812.T,19,1.0,0.1397,3.03,False
oil,2269.T,16,1.0,0.1753,3.33,False
oil,2503.T,21,1.0,0.1389,3.0,False
oil,2768.T,4,1.0,0.1415,3.12,False
oil,3086.T,3,1.0,0.1375,3.03,False
oil,3382.T,5,1.0,0.1488,3.28,False
oil,3402.T,1,-1.0,-0.1542,-3.42,False
oil,3436.T,10,-1.0,-0.1411,-3.09,False
oil,4021.T,5,1.0,0.1671,3.69,False
oil,4042.T,16,-1.0,-0.155,-3.38,False
oil,4061.T,21,-1.0,-0.1793,-3.9,False
oil,4063.T,5,1.0,0.1509,3.33,False
oil,4183.T,16,-1.0,-0.1563,-3.41,False
oil,4324.T,7,1.0,0.1602,3.53,False
oil,4452.T,24,1.0,0.1606,3.47,False
oil,4502.T,16,1.0,0.1426,3.1,True
oil,4543.T,4,-1.0,-0.1486,-3.28,False
oil,4902.T,4,1.0,0.165,3.65,False
oil,5101.T,19,-1.0,-0.1537,-3.34,False
oil,5233.T,18,-1.0,-0.1697,-3.7,False
oil,543A.T,2,1.0,0.1592,3.52,False
oil,5711.T,4,1.0,0.1398,3.08,False
oil,5803.T,2,1.0,0.1393,3.08,False
oil,6103.T,16,-1.0,-0.2051,-4.52,False
oil,6302.T,16,-1.0,-0.1581,-3.45,False
oil,6361.T,16,-1.0,-0.1958,-4.3,False
oil,6471.T,2,1.0,0.138,3.05,True
oil,6473.T,5,1.0,0.1665,3.68,False
oil,6501.T,21,1.0,0.1624,3.53,False
oil,6506.T,2,1.0,0.1413,3.12,False
oil,6702.T,6,1.0,0.1603,3.54,False
oil,6723.T,20,-1.0,-0.144,-3.12,False
oil,6758.T,1,1.0,0.1488,3.29,False
oil,6954.T,9,-1.0,-0.1606,-3.53,False
oil,6971.T,12,-1.0,-0.1791,-3.94,False
oil,6976.T,16,-1.0,-0.1434,-3.12,False
oil,7201.T,24,-1.0,-0.1816,-3.94,False
oil,7267.T,24,-1.0,-0.1465,-3.16,False
oil,7272.T,24,-1.0,-0.1951,-4.25,False
oil,7731.T,2,1.0,0.1556,3.44,False
oil,7735.T,24,-1.0,-0.1577,-3.41,False
oil,8053.T,13,-1.0,-0.1614,-3.53,False
oil,8304.T,5,-1.0,-0.1829,-4.05,False
oil,8306.T,11,1.0,0.1451,3.18,False
oil,8309.T,3,1.0,0.1558,3.44,False
oil,8316.T,1,1.0,0.143,3.16,False
oil,8411.T,11,1.0,0.1676,3.68,False
oil,8591.T,11,1.0,0.1825,4.02,False
oil,8604.T,2,1.0,0.1387,3.06,False
oil,8630.T,20,-1.0,-0.1784,-3.12,False
oil,8697.T,12,-1.0,-0.1967,-3.91,False
oil,8725.T,8,-1.0,-0.167,-3.39,False
oil,8766.T,7,1.0,0.1422,3.13,True
oil,8795.T,20,-1.0,-0.1937,-4.23,False
oil,8804.T,4,1.0,0.1376,3.03,False
oil,9101.T,1,-1.0,-0.1401,-3.1,False
oil,9502.T,16,1.0,0.1464,3.19,False
oil,9532.T,16,1.0,0.1413,3.07,False
oil,9735.T,24,1.0,0.1786,3.88,False
oil,1820.T,1,1.0,0.1601,3.55,False
oil,1878.T,11,-1.0,-0.1376,-3.01,False
oil,2201.T,1,-1.0,-0.1488,-3.29,False
oil,2229.T,7,1.0,0.2213,3.57,False
oil,2579.T,16,1.0,0.1574,3.43,False
oil,2607.T,21,1.0,0.1409,3.05,False
oil,3048.T,1,1.0,0.2073,4.19,False
oil,3105.T,23,-1.0,-0.1837,-4.0,False
oil,3107.T,6,-1.0,-0.1391,-3.06,False
oil,3116.T,4,1.0,0.14,3.08,False
oil,3288.T,8,1.0,0.2899,3.26,False
oil,3591.T,1,-1.0,-0.139,-3.07,False
oil,3941.T,12,1.0,0.1438,3.14,False
oil,4062.T,10,-1.0,-0.153,-3.36,False
oil,4114.T,20,-1.0,-0.1663,-3.62,False
oil,4118.T,26,1.0,0.162,3.5,False
oil,4186.T,26,1.0,0.1511,3.26,False
oil,4203.T,20,-1.0,-0.1604,-3.49,False
oil,4401.T,20,-1.0,-0.145,-3.14,False
oil,4403.T,6,-1.0,-0.1826,-4.04,False
oil,4528.T,16,1.0,0.1429,3.11,False
oil,5105.T,9,1.0,0.1614,3.55,False
oil,5232.T,18,-1.0,-0.1445,-3.14,False
oil,6268.T,2,1.0,0.1436,3.17,False
oil,6436.T,9,-1.0,-0.1553,-3.41,False
oil,6465.T,21,1.0,0.1832,3.56,False
oil,6592.T,18,-1.0,-0.1385,-3.0,False
oil,6707.T,19,1.0,0.1913,4.18,False
oil,6845.T,1,-1.0,-0.1581,-3.5,False
oil,6849.T,24,1.0,0.1558,3.37,False
oil,6923.T,2,1.0,0.1673,3.71,False
oil,6952.T,14,-1.0,-0.1508,-3.29,False
oil,7240.T,12,-1.0,-0.1587,-3.48,False
oil,7276.T,2,1.0,0.1467,3.24,False
oil,7309.T,16,1.0,0.1485,3.23,False
oil,7476.T,3,1.0,0.1539,3.4,False
oil,7649.T,16,1.0,0.1383,3.01,False
oil,7729.T,26,-1.0,-0.1462,-3.15,False
oil,7956.T,17,1.0,0.1502,3.27,False
oil,7988.T,6,1.0,0.1576,3.48,False
oil,8060.T,1,-1.0,-0.1888,-4.21,False
oil,8088.T,1,-1.0,-0.1389,-3.07,False
oil,8111.T,25,-1.0,-0.1534,-3.31,False
oil,8282.T,20,-1.0,-0.1587,-3.45,False
oil,8593.T,11,1.0,0.2032,4.49,False
oil,9627.T,15,1.0,0.1908,3.96,False
oil,9697.T,5,1.0,0.1418,3.12,False
oil,9831.T,20,-1.0,-0.1612,-3.5,False
oil,9989.T,12,1.0,0.1706,3.75,False
oil,1663.T,10,1.0,0.3196,3.37,False
oil,1934.T,24,1.0,0.1458,3.15,False
oil,2146.T,18,1.0,0.1472,3.2,True
oil,2168.T,21,-1.0,-0.1692,-3.68,False
oil,2730.T,4,1.0,0.1608,3.55,False
oil,2767.T,3,-1.0,-0.1396,-3.08,False
oil,3036.T,24,-1.0,-0.1622,-3.3,False
oil,3167.T,17,1.0,0.1388,3.01,False
oil,3186.T,17,-1.0,-0.2733,-3.15,False
oil,3387.T,13,-1.0,-0.2016,-4.45,False
oil,3636.T,11,1.0,0.1711,3.13,False
oil,4023.T,21,1.0,0.1447,3.13,False
oil,4212.T,3,1.0,0.1469,3.24,False
oil,4216.T,6,-1.0,-0.1424,-3.13,False
oil,4547.T,24,1.0,0.1494,3.23,False
oil,4565.T,7,1.0,0.1461,3.21,False
oil,4634.T,25,1.0,0.1499,3.23,False
oil,4686.T,20,-1.0,-0.1582,-3.44,False
oil,4722.T,5,1.0,0.1458,3.21,False
oil,4919.T,24,1.0,0.1691,3.66,False
oil,5331.T,15,1.0,0.1695,3.71,True
oil,547A.T,11,1.0,0.1641,3.6,True
oil,5480.T,10,1.0,0.1442,3.16,False
oil,5563.T,11,1.0,0.1445,3.16,False
oil,5602.T,4,1.0,0.1363,3.0,True
oil,5857.T,13,-1.0,-0.141,-3.08,False
oil,5970.T,5,1.0,0.1532,3.38,False
oil,6254.T,10,1.0,0.1497,3.13,False
oil,6315.T,11,1.0,0.1601,3.51,False
oil,6363.T,5,1.0,0.1551,3.42,False
oil,6371.T,24,-1.0,-0.148,-3.19,False
oil,6407.T,2,-1.0,-0.1417,-3.13,False
oil,6486.T,25,-1.0,-0.1522,-3.29,False
oil,6588.T,7,1.0,0.1455,3.2,True
oil,6768.T,24,-1.0,-0.1508,-3.26,False
oil,6787.T,24,-1.0,-0.1509,-3.26,False
oil,6810.T,21,1.0,0.1622,3.35,False
oil,6908.T,17,-1.0,-0.1823,-3.99,False
oil,6995.T,19,-1.0,-0.1442,-3.13,False
oil,7173.T,1,1.0,0.3626,3.06,False
oil,7220.T,4,1.0,0.1615,3.57,False
oil,7241.T,8,1.0,0.1846,4.08,False
oil,7246.T,24,-1.0,-0.1485,-3.21,False
oil,7419.T,13,-1.0,-0.1468,-3.21,False
oil,7545.T,19,1.0,0.1536,3.34,False
oil,7552.T,24,1.0,0.1592,3.44,False
oil,7740.T,20,-1.0,-0.171,-3.72,False
oil,7745.T,12,1.0,0.1387,3.03,False
oil,7821.T,3,1.0,0.1608,3.4,False
oil,7826.T,1,1.0,0.18,4.0,False
oil,7915.T,19,1.0,0.1982,4.34,False
oil,7947.T,12,1.0,0.1421,3.11,False
oil,7995.T,20,-1.0,-0.1839,-4.01,False
oil,8273.T,12,1.0,0.145,3.17,False
oil,8276.T,6,-1.0,-0.1475,-3.25,False
oil,8278.T,2,-1.0,-0.143,-3.16,False
oil,8336.T,7,-1.0,-0.1377,-3.02,False
oil,8616.T,20,-1.0,-0.1727,-3.76,False
oil,8706.T,11,1.0,0.1759,3.87,False
oil,8850.T,25,-1.0,-0.1566,-3.38,False
oil,8923.T,25,-1.0,-0.1643,-3.55,False
oil,9543.T,11,-1.0,-0.1526,-3.34,False
oil,9699.T,16,1.0,0.1411,3.07,False
oil,9715.T,20,-1.0,-0.154,-3.34,False
oil,9882.T,19,1.0,0.1414,3.07,False
fx,1605.T,12,-1.0,-0.1666,-3.66,False
fx,1925.T,1,-1.0,-0.1497,-3.31,False
fx,2269.T,4,-1.0,-0.1613,-3.05,False
fx,3697.T,13,-1.0,-0.3866,-3.14,False
fx,4004.T,11,1.0,0.14,3.06,False
fx,4523.T,18,1.0,0.1397,3.03,False
fx,5101.T,9,1.0,0.1529,3.36,False
fx,5406.T,4,1.0,0.1493,3.29,False
fx,543A.T,2,1.0,0.1683,3.73,False
fx,6305.T,2,1.0,0.1394,3.08,False
fx,6645.T,2,1.0,0.1574,3.48,False
fx,6724.T,20,-1.0,-0.146,-3.16,False
fx,6902.T,14,-1.0,-0.1408,-3.07,False
fx,7261.T,2,1.0,0.1643,3.64,False
fx,7974.T,19,1.0,0.1999,4.38,True
fx,8331.T,1,-1.0,-0.1564,-3.47,False
fx,8591.T,6,1.0,0.1551,3.42,False
fx,8801.T,2,-1.0,-0.155,-3.43,False
fx,8802.T,2,-1.0,-0.158,-3.5,False
fx,9433.T,14,1.0,0.1532,3.35,True
fx,2331.T,13,1.0,0.1483,3.24,False
fx,3105.T,14,-1.0,-0.1436,-3.13,False
fx,3391.T,25,1.0,0.1537,3.32,False
fx,4114.T,25,1.0,0.1879,4.08,False
fx,4203.T,9,-1.0,-0.1369,-3.0,False
fx,4206.T,6,-1.0,-0.1557,-3.43,False
fx,4626.T,6,-1.0,-0.1533,-3.38,False
fx,5929.T,3,1.0,0.1375,3.03,False
fx,6134.T,3,1.0,0.312,3.73,False
fx,6951.T,3,1.0,0.1576,3.48,False
fx,7309.T,4,-1.0,-0.1624,-3.59,False
fx,7936.T,12,1.0,0.1612,3.53,False
fx,8020.T,13,-1.0,-0.1451,-3.17,False
fx,8088.T,2,1.0,0.1416,3.13,False
fx,8174.T,6,-1.0,-0.159,-3.51,False
fx,8227.T,16,1.0,0.1406,3.06,True
fx,1885.T,14,-1.0,-0.1546,-3.38,False
fx,1898.T,2,1.0,0.1629,3.61,False
fx,1926.T,2,1.0,0.1432,3.16,False
fx,1968.T,1,-1.0,-0.139,-3.07,False
fx,2379.T,3,1.0,0.1362,3.0,False
fx,2931.T,2,1.0,0.3023,3.95,False
fx,3050.T,12,1.0,0.1426,3.12,False
fx,3106.T,6,-1.0,-0.1425,-3.13,False
fx,3762.T,2,1.0,0.1721,3.04,False
fx,4212.T,6,-1.0,-0.1447,-3.18,False
fx,4369.T,2,1.0,0.1639,3.47,False
fx,4812.T,18,1.0,0.1548,3.37,False
fx,4914.T,6,-1.0,-0.1527,-3.36,False
fx,4971.T,21,-1.0,-0.1899,-4.14,False
fx,5715.T,2,1.0,0.1693,3.76,False
fx,5741.T,21,1.0,0.1483,3.21,False
fx,5851.T,25,1.0,0.1655,3.58,False
fx,6135.T,2,1.0,0.1469,3.25,True
fx,6258.T,2,1.0,0.1416,3.1,False
fx,6284.T,2,1.0,0.1837,3.25,False
fx,6332.T,8,1.0,0.1421,3.12,False
fx,6349.T,3,1.0,0.1432,3.16,False
fx,6363.T,13,-1.0,-0.1428,-3.12,False
fx,6376.T,20,1.0,0.1437,3.12,False
fx,6454.T,4,-1.0,-0.1469,-3.24,False
fx,6652.T,12,1.0,0.1481,3.24,False
fx,6703.T,2,1.0,0.1411,3.12,False
fx,6727.T,5,1.0,0.1398,3.08,False
fx,6807.T,2,1.0,0.1586,3.51,False
fx,6866.T,4,-1.0,-0.1416,-3.12,False
fx,6908.T,1,1.0,0.1451,3.21,False
fx,6999.T,1,1.0,0.138,3.05,False
fx,7148.T,5,1.0,0.2053,3.47,False
fx,7241.T,11,-1.0,-0.152,-3.33,False
fx,7762.T,4,1.0,0.1408,3.1,False
fx,7839.T,2,1.0,0.16,3.37,False
fx,7990.T,16,-1.0,-0.1632,-3.56,False
fx,8051.T,1,-1.0,-0.1365,-3.02,False
fx,8281.T,25,1.0,0.1468,3.17,False
fx,8366.T,12,1.0,0.1443,3.16,False
fx,8698.T,12,1.0,0.1517,3.32,False
fx,8706.T,5,1.0,0.1634,3.61,False
fx,8707.T,5,1.0,0.2225,4.97,False
fx,8771.T,2,1.0,0.2131,3.79,False
fx,8803.T,25,-1.0,-0.1528,-3.3,False
fx,9793.T,2,1.0,0.1397,3.08,False
credit,1605.T,2,-1.0,-0.1819,-4.04,False
credit,1802.T,4,1.0,0.1446,3.19,False
credit,1803.T,4,1.0,0.1591,3.52,False
credit,1808.T,18,-1.0,-0.1653,-3.6,False
credit,1928.T,1,1.0,0.1429,3.16,False
credit,1963.T,25,1.0,0.1558,3.36,False
credit,2502.T,23,-1.0,-0.14,-3.02,False
credit,2768.T,2,-1.0,-0.1787,-3.97,False
credit,3382.T,4,1.0,0.1692,3.75,False
credit,3401.T,10,-1.0,-0.1433,-3.14,False
credit,3405.T,4,-1.0,-0.1405,-3.1,False
credit,3861.T,2,1.0,0.1388,3.07,False
credit,4004.T,4,-1.0,-0.1502,-3.32,False
credit,4005.T,4,-1.0,-0.1413,-3.11,False
credit,4021.T,2,1.0,0.1612,3.57,True
credit,4042.T,25,1.0,0.1455,3.14,True
credit,4063.T,2,1.0,0.1377,3.04,False
credit,4324.T,4,1.0,0.1411,3.11,False
credit,4452.T,1,1.0,0.1406,3.11,False
credit,4502.T,23,-1.0,-0.1404,-3.03,False
credit,4507.T,16,-1.0,-0.1481,-3.23,True
credit,4661.T,23,-1.0,-0.1605,-3.48,False
credit,4751.T,20,-1.0,-0.1469,-3.19,False
credit,4902.T,3,-1.0,-0.1463,-3.23,False
credit,5019.T,2,-1.0,-0.1636,-3.62,False
credit,5214.T,15,1.0,0.1485,3.24,False
credit,5233.T,5,1.0,0.1596,3.52,False
credit,5333.T,4,-1.0,-0.16,-3.54,False
credit,543A.T,2,-1.0,-0.1853,-4.12,False
credit,5713.T,2,-1.0,-0.1499,-3.31,False
credit,6146.T,4,-1.0,-0.2373,-5.33,False
credit,6301.T,2,-1.0,-0.1563,-3.46,False
credit,6302.T,3,1.0,0.1453,3.21,False
credit,6305.T,2,-1.0,-0.1966,-4.38,False
credit,6361.T,23,1.0,0.1499,3.24,False
credit,6471.T,4,-1.0,-0.1573,-3.47,False
credit,6472.T,8,-1.0,-0.1441,-3.16,False
credit,6473.T,23,1.0,0.1669,3.62,False
credit,6501.T,10,-1.0,-0.1871,-4.13,False
credit,6506.T,4,-1.0,-0.1771,-3.93,False
credit,6645.T,11,-1.0,-0.1384,-3.03,False
credit,6902.T,14,1.0,0.1524,3.33,True
credit,6971.T,16,1.0,0.1452,3.16,False
credit,6976.T,4,-1.0,-0.1801,-3.99,False
credit,6988.T,4,-1.0,-0.1382,-3.05,False
credit,7013.T,25,1.0,0.1428,3.08,False
credit,7201.T,8,-1.0,-0.1782,-3.93,False
credit,7203.T,26,1.0,0.145,3.12,False
credit,7261.T,4,-1.0,-0.1465,-3.23,False
credit,7269.T,16,1.0,0.1428,3.11,False
credit,7270.T,1,-1.0,-0.1623,-3.6,False
credit,7733.T,13,-1.0,-0.1407,-3.07,False
credit,7741.T,3,-1.0,-0.1768,-3.92,False
credit,8002.T,2,-1.0,-0.1701,-3.77,False
credit,8031.T,2,-1.0,-0.1496,-3.31,False
credit,8058.T,2,-1.0,-0.1452,-3.21,False
credit,8253.T,3,1.0,0.138,3.04,False
credit,8267.T,4,1.0,0.162,3.58,False
credit,8304.T,2,-1.0,-0.1691,-3.73,False
credit,8308.T,7,1.0,0.1609,3.55,False
credit,8591.T,13,-1.0,-0.1526,-3.34,False
credit,8604.T,6,-1.0,-0.1704,-3.77,False
credit,8750.T,26,1.0,0.1758,3.08,False
credit,8830.T,4,-1.0,-0.1411,-3.11,False
credit,9531.T,1,1.0,0.1418,3.14,True
credit,9532.T,23,-1.0,-0.1436,-3.1,False
credit,9602.T,23,-1.0,-0.1858,-4.04,False
credit,9735.T,4,1.0,0.17,3.76,False
credit,9983.T,2,1.0,0.1505,3.33,False
credit,1820.T,25,1.0,0.1846,4.01,False
credit,1951.T,1,1.0,0.1371,3.03,False
credit,2212.T,23,-1.0,-0.1594,-3.45,False
credit,2229.T,3,-1.0,-0.1932,-3.1,False
credit,2267.T,16,-1.0,-0.1398,-3.04,False
credit,2371.T,23,-1.0,-0.15,-3.24,False
credit,2531.T,25,1.0,0.161,3.48,False
credit,2579.T,23,-1.0,-0.1452,-3.14,False
credit,2607.T,23,-1.0,-0.1403,-3.03,False
credit,2670.T,23,-1.0,-0.2047,-4.47,False
credit,2809.T,1,1.0,0.1373,3.03,True
credit,2811.T,1,1.0,0.1571,3.48,True
credit,2875.T,23,-1.0,-0.1441,-3.11,False
credit,2897.T,23,-1.0,-0.1449,-3.13,False
credit,3048.T,16,-1.0,-0.2186,-4.43,False
credit,3088.T,23,-1.0,-0.1667,-3.61,False
credit,3107.T,6,1.0,0.1871,4.15,False
credit,3116.T,4,-1.0,-0.1605,-3.55,False
credit,3197.T,3,-1.0,-0.3717,-3.13,False
credit,3349.T,23,-1.0,-0.152,-3.29,False
credit,3391.T,23,-1.0,-0.1607,-3.48,False
credit,3397.T,9,1.0,0.143,3.14,False
credit,3591.T,13,1.0,0.1484,3.24,False
credit,3941.T,23,-1.0,-0.1496,-3.23,False
credit,4045.T,5,1.0,0.1507,3.32,False
credit,4403.T,15,1.0,0.1726,3.78,False
credit,4527.T,23,-1.0,-0.1411,-3.05,False
credit,4613.T,3,-1.0,-0.173,-3.84,False
credit,4665.T,13,1.0,0.1507,3.29,False
credit,4666.T,9,1.0,0.1932,4.27,False
credit,4733.T,8,-1.0,-0.1515,-3.33,False
credit,4912.T,1,1.0,0.1767,3.93,True
credit,5232.T,5,1.0,0.1829,4.06,False
credit,5334.T,8,-1.0,-0.2147,-4.78,False
credit,5463.T,1,1.0,0.1697,3.77,False
credit,5901.T,25,1.0,0.1497,3.23,False
credit,6370.T,7,1.0,0.1461,3.21,False
credit,6448.T,4,-1.0,-0.1905,-4.23,False
credit,6457.T,2,-1.0,-0.1436,-3.17,False
credit,6460.T,7,1.0,0.1407,3.09,False
credit,6481.T,4,-1.0,-0.1587,-3.51,False
credit,6632.T,26,1.0,0.157,3.39,False
credit,6674.T,3,1.0,0.187,4.16,False
credit,6728.T,4,-1.0,-0.1397,-3.08,False
credit,6923.T,4,-1.0,-0.2117,-4.73,False
credit,6925.T,4,-1.0,-0.1418,-3.13,False
credit,6965.T,4,-1.0,-0.1385,-3.05,False
credit,7259.T,8,-1.0,-0.1819,-4.02,False
credit,7276.T,4,-1.0,-0.1606,-3.55,False
credit,7309.T,13,1.0,0.155,3.39,False
credit,7476.T,25,-1.0,-0.1444,-3.11,False
credit,7649.T,25,-1.0,-0.1635,-3.54,False
credit,7867.T,3,-1.0,-0.1383,-3.05,False
credit,7936.T,5,-1.0,-0.1483,-3.27,False
credit,7956.T,10,-1.0,-0.2009,-4.45,False
credit,7988.T,9,-1.0,-0.1913,-4.23,False
credit,8060.T,1,1.0,0.1365,3.02,False
credit,8174.T,2,1.0,0.1564,3.46,False
credit,8242.T,23,-1.0,-0.1469,-3.18,False
credit,8334.T,24,-1.0,-0.1531,-3.31,False
credit,8418.T,9,1.0,0.1418,3.11,False
credit,9449.T,8,1.0,0.1812,4.0,False
credit,9533.T,25,-1.0,-0.1403,-3.02,False
credit,9616.T,14,1.0,0.1448,3.16,False
credit,9706.T,1,1.0,0.1685,3.74,False
credit,9962.T,10,-1.0,-0.1418,-3.11,False
credit,9989.T,16,-1.0,-0.1867,-4.09,False
credit,1301.T,23,-1.0,-0.1403,-3.03,False
credit,1377.T,1,1.0,0.1516,3.36,False
credit,1662.T,12,1.0,0.1519,3.32,False
credit,1950.T,10,1.0,0.1485,3.26,False
credit,1980.T,4,-1.0,-0.1555,-3.43,False
credit,2001.T,23,-1.0,-0.1728,-3.75,False
credit,2146.T,2,-1.0,-0.1675,-3.71,False
credit,2154.T,16,-1.0,-0.1498,-3.19,False
credit,2281.T,2,1.0,0.1684,3.73,False
credit,2326.T,9,1.0,0.1681,3.47,False
credit,2664.T,9,1.0,0.1483,3.25,False
credit,2695.T,21,-1.0,-0.1391,-3.01,False
credit,2730.T,19,-1.0,-0.1503,-3.26,False
credit,2760.T,4,-1.0,-0.1388,-3.06,False
credit,3002.T,2,-1.0,-0.1451,-3.21,False
credit,3036.T,26,1.0,0.1573,3.2,False
credit,3106.T,13,1.0,0.1498,3.27,False
credit,3191.T,4,-1.0,-0.311,-3.03,False
credit,3387.T,25,-1.0,-0.1588,-3.43,False
credit,3445.T,12,-1.0,-0.5407,-3.91,False
credit,3569.T,3,-1.0,-0.1837,-4.08,False
credit,3865.T,2,1.0,0.1464,3.23,False
credit,3880.T,2,1.0,0.1566,3.47,False
credit,4046.T,2,1.0,0.1698,3.77,False
credit,4095.T,8,-1.0,-0.1698,-3.74,False
credit,4109.T,2,-1.0,-0.1765,-3.92,False
credit,4216.T,1,1.0,0.1496,3.31,False
credit,4368.T,20,-1.0,-0.162,-3.52,False
credit,4369.T,4,-1.0,-0.1631,-3.45,False
credit,4547.T,23,-1.0,-0.1495,-3.23,False
credit,4825.T,22,1.0,0.1425,3.08,False
credit,4849.T,1,-1.0,-0.1362,-3.01,True
credit,4914.T,2,1.0,0.163,3.61,True
credit,4971.T,8,-1.0,-0.1859,-4.11,False
credit,4975.T,23,-1.0,-0.1422,-3.07,False
credit,4985.T,23,-1.0,-0.1605,-3.48,False
credit,4996.T,12,1.0,0.1488,3.26,False
credit,5202.T,22,1.0,0.1562,3.39,False
credit,5208.T,4,-1.0,-0.1693,-3.75,False
credit,5331.T,7,1.0,0.1441,3.17,False
credit,5451.T,7,1.0,0.1536,3.38,False
credit,5563.T,19,-1.0,-0.1402,-3.04,False
credit,5805.T,2,-1.0,-0.1448,-3.2,False
credit,5857.T,2,-1.0,-0.1728,-3.84,False
credit,5943.T,1,1.0,0.1426,3.15,True
credit,6135.T,2,-1.0,-0.1512,-3.34,False
credit,6140.T,10,-1.0,-0.1448,-3.17,False
credit,6143.T,10,-1.0,-0.138,-3.02,False
credit,6315.T,26,1.0,0.2066,4.5,False
credit,6371.T,24,1.0,0.1473,3.18,False
credit,6419.T,7,1.0,0.1437,3.16,False
credit,6486.T,1,-1.0,-0.1491,-3.3,False
credit,6490.T,4,-1.0,-0.1664,-3.68,False
credit,6498.T,6,-1.0,-0.1411,-3.1,False
credit,6508.T,10,1.0,0.1514,3.32,False
credit,6516.T,4,-1.0,-0.164,-3.63,False
credit,6622.T,7,1.0,0.1457,3.2,False
credit,6652.T,18,-1.0,-0.1611,-3.51,False
credit,6727.T,25,1.0,0.1716,3.72,False
credit,6768.T,15,1.0,0.1801,3.95,False
credit,6807.T,4,-1.0,-0.1422,-3.13,False
credit,6866.T,13,1.0,0.1426,3.11,False
credit,6875.T,13,1.0,0.1425,3.11,False
credit,6908.T,1,-1.0,-0.1946,-4.34,False
credit,6966.T,8,-1.0,-0.149,-3.27,False
credit,6995.T,8,-1.0,-0.1454,-3.19,False
credit,7220.T,4,-1.0,-0.146,-3.22,False
credit,7239.T,1,-1.0,-0.2112,-4.73,False
credit,7241.T,8,-1.0,-0.279,-6.31,False
credit,7242.T,8,-1.0,-0.1391,-3.05,False
credit,7278.T,8,-1.0,-0.2228,-4.97,False
credit,7280.T,8,-1.0,-0.1592,-3.5,False
credit,7283.T,15,1.0,0.1429,3.11,False
credit,7296.T,8,-1.0,-0.198,-4.39,False
credit,7456.T,3,-1.0,-0.1628,-3.6,False
credit,7611.T,9,1.0,0.1616,3.55,False
credit,7744.T,2,-1.0,-0.136,-3.0,False
credit,7745.T,4,-1.0,-0.1941,-4.32,False
credit,7762.T,4,-1.0,-0.1717,-3.8,False
credit,7943.T,15,1.0,0.1423,3.1,False
credit,8051.T,15,1.0,0.2013,4.43,False
credit,8078.T,26,1.0,0.1433,3.08,False
credit,8130.T,1,1.0,0.1643,3.65,False
credit,8153.T,13,1.0,0.1551,3.39,False
credit,8173.T,20,-1.0,-0.1426,-3.09,False
credit,8179.T,2,1.0,0.1626,3.6,False
credit,8273.T,23,-1.0,-0.1612,-3.49,False
credit,8276.T,3,-1.0,-0.1473,-3.25,False
credit,8278.T,13,1.0,0.1651,3.62,False
credit,8336.T,26,-1.0,-0.144,-3.1,False
credit,8346.T,17,1.0,0.1802,3.94,False
credit,8361.T,14,1.0,0.16,3.5,False
credit,8386.T,7,1.0,0.1417,3.11,False
credit,8388.T,1,1.0,0.1711,3.8,False
credit,8425.T,18,-1.0,-0.1452,-3.15,False
credit,8511.T,2,-1.0,-0.1652,-3.66,False
credit,8544.T,25,-1.0,-0.1907,-4.14,False
credit,8803.T,25,1.0,0.1444,3.11,False
credit,8897.T,2,-1.0,-0.1447,-3.2,False
credit,8923.T,1,-1.0,-0.1532,-3.37,False
credit,9119.T,8,1.0,0.1564,3.44,False
credit,9601.T,23,-1.0,-0.1407,-3.04,False
credit,9603.T,4,1.0,0.1462,3.22,False
credit,9605.T,15,1.0,0.14,3.05,False
credit,9699.T,4,-1.0,-0.176,-3.9,True
credit,9746.T,13,1.0,0.1567,3.43,False
credit,9757.T,23,-1.0,-0.1587,-3.44,False
credit,9793.T,10,-1.0,-0.1378,-3.02,False
credit,9832.T,13,1.0,0.1539,3.37,False
credit,9842.T,23,-1.0,-0.1992,-4.35,False
credit,9882.T,4,-1.0,-0.1793,-3.98,False
credit,9997.T,1,-1.0,-0.141,-3.12,False
agri,1332.T,8,-1.0,-0.1435,-3.1,False
agri,1605.T,2,1.0,0.1758,3.84,False
agri,1721.T,4,-1.0,-0.1588,-3.45,True
agri,1801.T,8,-1.0,-0.14,-3.02,False
agri,1808.T,19,1.0,0.1938,4.17,False
agri,1812.T,8,-1.0,-0.1535,-3.32,False
agri,1928.T,2,-1.0,-0.1529,-3.33,False
agri,3659.T,18,-1.0,-0.2729,-4.09,False
agri,4004.T,2,1.0,0.145,3.15,False
agri,4021.T,4,-1.0,-0.1519,-3.3,False
agri,4042.T,8,-1.0,-0.1465,-3.17,False
agri,4452.T,17,1.0,0.1443,3.09,False
agri,4507.T,4,-1.0,-0.1563,-3.4,False
agri,4751.T,5,1.0,0.1596,3.47,False
agri,4901.T,25,-1.0,-0.168,-3.57,False
agri,5108.T,1,-1.0,-0.2084,-4.59,False
agri,5201.T,17,-1.0,-0.1427,-3.05,False
agri,5214.T,10,1.0,0.1711,3.7,False
agri,5301.T,10,1.0,0.1419,3.06,False
agri,5713.T,10,1.0,0.1543,3.33,False
agri,6146.T,26,-1.0,-0.1423,-3.01,False
agri,6273.T,1,-1.0,-0.1437,-3.13,False
agri,6301.T,2,1.0,0.1887,4.13,False
agri,6302.T,5,-1.0,-0.1492,-3.24,False
agri,6471.T,7,1.0,0.1555,3.37,False
agri,6501.T,15,1.0,0.1656,3.56,False
agri,6701.T,14,1.0,0.1542,3.31,False
agri,6724.T,7,1.0,0.1558,3.37,False
agri,6841.T,8,1.0,0.1628,3.53,False
agri,6902.T,25,-1.0,-0.1825,-3.89,False
agri,6976.T,16,-1.0,-0.1582,-3.39,False
agri,7201.T,10,1.0,0.1407,3.03,False
agri,7202.T,19,1.0,0.1477,3.15,False
agri,7203.T,25,-1.0,-0.1776,-3.79,False
agri,7267.T,2,1.0,0.1481,3.22,True
agri,7832.T,20,-1.0,-0.1645,-3.52,False
agri,8002.T,2,1.0,0.1433,3.12,True
agri,8015.T,5,-1.0,-0.1448,-3.14,False
agri,8031.T,2,1.0,0.1511,3.29,True
agri,8252.T,22,-1.0,-0.2059,-4.43,False
agri,8304.T,3,1.0,0.1673,3.65,False
agri,8306.T,10,-1.0,-0.1442,-3.11,False
agri,8331.T,2,-1.0,-0.1446,-3.14,False
agri,8354.T,3,1.0,0.1525,3.32,False
agri,8591.T,14,1.0,0.1409,3.02,False
agri,8697.T,9,-1.0,-0.1825,-3.61,False
agri,8725.T,7,1.0,0.16,3.25,False
agri,8766.T,7,1.0,0.1705,3.7,False
agri,8801.T,14,1.0,0.1636,3.52,False
agri,8802.T,14,1.0,0.1473,3.16,False
agri,8830.T,14,1.0,0.1848,3.99,False
agri,9101.T,2,1.0,0.1641,3.58,False
agri,9104.T,8,-1.0,-0.1595,-3.45,False
agri,9107.T,14,1.0,0.163,3.51,False
agri,9602.T,5,1.0,0.1847,4.03,False
agri,9766.T,1,1.0,0.1504,3.28,False
agri,9983.T,25,1.0,0.1628,3.46,False
agri,9984.T,9,-1.0,-0.1689,-3.66,False
agri,1820.T,13,1.0,0.1499,3.22,False
agri,1942.T,8,1.0,0.1456,3.15,False
agri,2181.T,20,-1.0,-0.1751,-3.44,False
agri,2212.T,20,-1.0,-0.1489,-3.18,False
agri,2264.T,26,1.0,0.1511,3.2,False
agri,2579.T,8,1.0,0.1723,3.74,False
agri,2670.T,23,1.0,0.1461,3.1,False
agri,2784.T,26,1.0,0.1445,3.06,False
agri,2811.T,20,-1.0,-0.1989,-4.28,False
agri,2875.T,4,-1.0,-0.1386,-3.01,False
agri,3038.T,14,-1.0,-0.158,-3.4,False
agri,3048.T,1,1.0,0.157,3.14,False
agri,3105.T,23,-1.0,-0.1422,-3.02,False
agri,3107.T,22,1.0,0.2048,4.4,False
agri,3116.T,4,1.0,0.1618,3.52,False
agri,3391.T,23,1.0,0.1435,3.05,False
agri,3635.T,22,1.0,0.1968,4.22,False
agri,3941.T,9,-1.0,-0.1733,-3.76,False
agri,4045.T,20,-1.0,-0.1527,-3.26,False
agri,4114.T,20,-1.0,-0.1686,-3.61,False
agri,4118.T,20,-1.0,-0.1683,-3.6,False
agri,417A.T,8,1.0,0.139,3.0,False
agri,4182.T,25,-1.0,-0.1519,-3.22,False
agri,4204.T,7,-1.0,-0.1554,-3.37,False
agri,4206.T,15,-1.0,-0.1742,-3.75,False
agri,4401.T,23,1.0,0.1436,3.05,False
agri,4544.T,26,1.0,0.1706,3.63,False
agri,4681.T,7,-1.0,-0.1706,-3.71,False
agri,4684.T,20,-1.0,-0.1581,-3.38,False
agri,4732.T,8,1.0,0.1996,4.35,False
agri,4768.T,16,1.0,0.1547,3.32,False
agri,4967.T,8,1.0,0.1609,3.49,False
agri,5110.T,1,-1.0,-0.1768,-3.87,False
agri,6268.T,7,1.0,0.1391,3.01,False
agri,6370.T,19,1.0,0.1548,3.31,False
agri,6457.T,3,1.0,0.1768,3.86,False
agri,6481.T,26,-1.0,-0.1508,-3.2,False
agri,6849.T,24,1.0,0.1581,3.36,False
agri,6856.T,25,-1.0,-0.1466,-3.11,False
agri,6869.T,8,1.0,0.1495,3.23,False
agri,6923.T,19,1.0,0.1788,3.84,False
agri,6925.T,8,1.0,0.1456,3.15,False
agri,7003.T,9,-1.0,-0.1703,-3.69,False
agri,7240.T,25,-1.0,-0.145,-3.07,False
agri,7276.T,8,1.0,0.1406,3.04,False
agri,7476.T,22,1.0,0.1634,3.49,False
agri,7550.T,6,-1.0,-0.1697,-3.69,False
agri,7649.T,4,1.0,0.143,3.1,False
agri,7729.T,26,-1.0,-0.1535,-3.26,False
agri,7747.T,3,-1.0,-0.1505,-3.27,False
agri,7867.T,8,1.0,0.1523,3.29,False
agri,8111.T,21,1.0,0.2173,4.69,False
agri,8129.T,20,-1.0,-0.1973,-4.24,False
agri,8334.T,20,-1.0,-0.1529,-3.26,False
agri,8410.T,17,1.0,0.202,3.58,False
agri,8424.T,26,1.0,0.1573,3.34,False
agri,8439.T,21,1.0,0.1706,3.65,False
agri,8593.T,9,-1.0,-0.1429,-3.08,False
agri,9449.T,10,-1.0,-0.1895,-4.12,False
agri,9697.T,5,1.0,0.1619,3.52,False
agri,9759.T,15,-1.0,-0.1665,-3.58,False
agri,9861.T,17,1.0,0.2751,3.12,False
agri,9987.T,20,-1.0,-0.1982,-4.26,False
agri,9989.T,23,1.0,0.1419,3.01,False
agri,1377.T,8,1.0,0.1398,3.02,False
agri,1515.T,2,1.0,0.1476,3.21,False
agri,1662.T,2,1.0,0.1411,3.07,False
agri,1766.T,1,1.0,0.1567,3.42,False
agri,1882.T,9,-1.0,-0.1458,-3.15,False
agri,1885.T,19,1.0,0.1484,3.17,False
agri,1941.T,1,-1.0,-0.1542,-3.36,False
agri,1950.T,23,1.0,0.1464,3.11,False
agri,1952.T,26,1.0,0.1758,3.74,False
agri,1975.T,21,1.0,0.1626,3.47,False
agri,2001.T,26,1.0,0.1599,3.39,False
agri,2109.T,21,1.0,0.1498,3.19,False
agri,2146.T,10,-1.0,-0.1479,-3.19,False
agri,2154.T,18,1.0,0.154,3.28,False
agri,2220.T,14,-1.0,-0.1484,-3.19,False
agri,2270.T,4,-1.0,-0.1521,-3.3,False
agri,2281.T,13,-1.0,-0.1536,-3.3,False
agri,2590.T,26,1.0,0.1952,4.17,False
agri,2602.T,20,-1.0,-0.1607,-3.43,False
agri,2659.T,20,-1.0,-0.1447,-3.08,False
agri,2730.T,5,1.0,0.1572,3.41,False
agri,2791.T,14,-1.0,-0.1399,-3.0,False
agri,2918.T,2,-1.0,-0.1614,-3.52,False
agri,3002.T,21,1.0,0.1432,3.05,False
agri,3076.T,7,-1.0,-0.1457,-3.15,True
agri,3087.T,26,1.0,0.1732,3.69,False
agri,3106.T,15,-1.0,-0.2022,-4.38,False
agri,3167.T,26,1.0,0.1605,3.41,False
agri,3387.T,7,-1.0,-0.2034,-4.45,False
agri,3661.T,13,1.0,0.302,4.42,False
agri,3765.T,25,-1.0,-0.16,-3.4,False
agri,3844.T,8,1.0,0.2122,3.77,False
agri,4023.T,20,-1.0,-0.1863,-4.0,False
agri,4028.T,6,1.0,0.1607,3.49,False
agri,4095.T,8,1.0,0.1628,3.53,False
agri,4109.T,20,-1.0,-0.1654,-3.54,False
agri,4369.T,11,1.0,0.1501,3.17,False
agri,4471.T,6,-1.0,-0.1841,-4.01,False
agri,4547.T,8,1.0,0.1455,3.14,False
agri,4633.T,23,1.0,0.1535,3.27,False
agri,4722.T,5,1.0,0.1704,3.71,False
agri,4819.T,25,-1.0,-0.1433,-3.04,False
agri,4849.T,26,-1.0,-0.1448,-3.07,False
agri,4928.T,8,1.0,0.146,3.04,False
agri,4971.T,8,1.0,0.155,3.35,False
agri,4985.T,8,1.0,0.1588,3.44,False
agri,5202.T,5,-1.0,-0.1426,-3.09,False
agri,5302.T,19,1.0,0.1926,4.14,False
agri,5310.T,5,-1.0,-0.1651,-3.59,False
agri,5331.T,23,1.0,0.1896,4.06,False
agri,5440.T,17,-1.0,-0.1769,-3.81,False
agri,5480.T,10,1.0,0.1561,3.37,False
agri,5563.T,21,1.0,0.1865,4.0,False
agri,5703.T,21,1.0,0.1523,3.25,False
agri,5741.T,21,1.0,0.1415,3.01,False
agri,5930.T,7,-1.0,-0.1422,-3.08,False
agri,5949.T,22,1.0,0.1648,3.52,False
agri,5988.T,23,1.0,0.1521,3.24,False
agri,6140.T,23,1.0,0.1488,3.16,False
agri,6254.T,4,-1.0,-0.1744,-3.66,False
agri,6315.T,21,1.0,0.1819,3.9,False
agri,6376.T,21,1.0,0.1581,3.37,False
agri,6395.T,2,1.0,0.1459,3.17,True
agri,6412.T,20,-1.0,-0.1544,-3.3,False
agri,6458.T,23,1.0,0.1598,3.4,False
agri,6490.T,18,1.0,0.1417,3.03,False
agri,6498.T,14,1.0,0.1425,3.06,False
agri,6588.T,25,-1.0,-0.1454,-3.08,False
agri,6622.T,9,-1.0,-0.1811,-3.93,False
agri,6651.T,15,-1.0,-0.1976,-4.28,False
agri,6652.T,18,1.0,0.182,3.91,True
agri,6744.T,10,-1.0,-0.1527,-3.3,False
agri,6768.T,26,-1.0,-0.1671,-3.55,False
agri,6804.T,9,-1.0,-0.1414,-3.05,False
agri,6810.T,9,-1.0,-0.1475,-3.04,False
agri,6859.T,21,1.0,0.1443,3.07,False
agri,6866.T,10,1.0,0.1618,3.5,False
agri,6875.T,15,-1.0,-0.1504,-3.23,False
agri,6995.T,25,-1.0,-0.1618,-3.44,False
agri,7157.T,24,-1.0,-0.2207,-3.16,False
agri,7224.T,17,1.0,0.1567,3.36,False
agri,7226.T,24,-1.0,-0.1546,-3.29,False
agri,7239.T,3,1.0,0.1958,4.29,False
agri,7242.T,21,1.0,0.1627,3.47,False
agri,7278.T,8,1.0,0.1682,3.65,False
agri,7296.T,13,-1.0,-0.1453,-3.12,False
agri,7421.T,16,1.0,0.1601,3.44,False
agri,7513.T,19,1.0,0.1504,3.21,False
agri,7516.T,23,1.0,0.1718,3.67,False
agri,7545.T,8,1.0,0.1738,3.77,False
agri,7581.T,4,-1.0,-0.1579,-3.43,False
agri,7611.T,10,-1.0,-0.1409,-3.04,False
agri,7740.T,20,-1.0,-0.1991,-4.29,False
agri,7762.T,3,1.0,0.1453,3.16,False
agri,7821.T,26,1.0,0.1683,3.56,False
agri,7826.T,22,1.0,0.1562,3.33,False
agri,7864.T,6,-1.0,-0.1596,-3.46,True
agri,7915.T,19,1.0,0.1822,3.91,False
agri,7965.T,8,1.0,0.1518,3.28,False
agri,7966.T,2,1.0,0.1621,3.54,False
agri,7995.T,5,-1.0,-0.1422,-3.08,False
agri,8022.T,21,1.0,0.167,3.57,False
agri,8079.T,20,-1.0,-0.1726,-3.7,False
agri,8130.T,15,-1.0,-0.1789,-3.86,False
agri,8133.T,7,-1.0,-0.1729,-3.76,False
agri,8153.T,8,1.0,0.1697,3.68,False
agri,8200.T,8,1.0,0.1405,3.03,False
agri,8219.T,20,-1.0,-0.1477,-3.15,False
agri,8281.T,8,1.0,0.16,3.47,False
agri,8337.T,6,-1.0,-0.1465,-3.17,False
agri,8381.T,20,-1.0,-0.1578,-3.37,False
agri,8399.T,21,-1.0,-0.1673,-3.58,False
agri,8425.T,14,1.0,0.1716,3.7,False
agri,8714.T,6,-1.0,-0.1863,-4.06,False
agri,8848.T,13,-1.0,-0.1582,-3.41,False
agri,8850.T,25,-1.0,-0.1781,-3.8,False
agri,8892.T,7,-1.0,-0.1446,-3.13,False
agri,9119.T,7,1.0,0.1574,3.41,False
agri,9412.T,5,1.0,0.1629,3.54,False
agri,9543.T,11,-1.0,-0.1752,-3.79,False
agri,9551.T,9,1.0,0.3986,3.1,False
agri,9715.T,8,1.0,0.1391,3.0,False
agri,9716.T,1,-1.0,-0.1475,-3.21,False
agri,9793.T,8,1.0,0.1833,3.99,False
agri,9824.T,22,1.0,0.1607,3.43,False
agri,9842.T,23,1.0,0.2075,4.46,False
agri,9869.T,20,-1.0,-0.152,-3.25,False
agri,9900.T,23,1.0,0.1554,3.31,False
agri,9936.T,20,-1.0,-0.1417,-3.02,False
agri,9948.T,3,1.0,0.1501,3.26,False
agri,9956.T,4,-1.0,-0.1604,-3.49,False
agri,9997.T,16,1.0,0.1632,3.51,False
corn,1802.T,19,1.0,0.1844,3.07,False
corn,1963.T,14,1.0,0.1816,3.05,False
corn,2002.T,1,1.0,0.1872,3.22,False
corn,3401.T,12,1.0,0.1831,3.09,False
corn,3402.T,12,1.0,0.1921,3.25,False
corn,3407.T,2,-1.0,-0.1813,-3.11,False
corn,3659.T,18,-1.0,-0.3054,-4.63,False
corn,4063.T,6,1.0,0.1879,3.21,False
corn,5019.T,14,1.0,0.1832,3.08,False
corn,5020.T,19,-1.0,-0.2002,-3.35,False
corn,5406.T,1,-1.0,-0.1766,-3.04,False
corn,5714.T,19,-1.0,-0.1824,-3.04,False
corn,6753.T,24,1.0,0.2067,3.43,False
corn,6954.T,12,1.0,0.1962,3.32,False
corn,7733.T,26,1.0,0.1881,3.09,False
corn,7751.T,15,1.0,0.1948,3.28,False
corn,8604.T,26,1.0,0.1834,3.01,False
corn,8697.T,7,-1.0,-0.2214,-3.8,False
corn,8725.T,21,-1.0,-0.1843,-3.06,True
corn,8766.T,21,-1.0,-0.2549,-4.3,False
corn,9107.T,19,-1.0,-0.2055,-3.44,False
corn,9502.T,19,1.0,0.1909,3.18,False
corn,1414.T,18,-1.0,-0.1846,-3.08,False
corn,1719.T,26,1.0,0.2075,3.43,False
corn,1820.T,19,1.0,0.1838,3.06,False
corn,1893.T,18,-1.0,-0.1823,-3.04,False
corn,2181.T,19,1.0,0.1938,3.23,False
corn,2607.T,19,1.0,0.1939,3.24,False
corn,2897.T,19,1.0,0.1998,3.34,False
corn,3064.T,16,1.0,0.1818,3.04,False
corn,3116.T,13,-1.0,-0.1792,-3.01,False
corn,4182.T,14,1.0,0.2017,3.4,False
corn,4186.T,25,-1.0,-0.1861,-3.07,False
corn,4631.T,23,-1.0,-0.2174,-3.62,False
corn,4922.T,19,1.0,0.1962,3.28,False
corn,4927.T,8,1.0,0.1984,3.27,False
corn,6005.T,19,1.0,0.201,3.36,False
corn,6268.T,12,1.0,0.2344,4.0,False
corn,7259.T,24,1.0,0.183,3.02,False
corn,7550.T,19,1.0,0.2149,3.6,False
corn,8410.T,21,-1.0,-0.1825,-3.03,False
corn,8570.T,17,1.0,0.2352,3.98,False
corn,9504.T,19,1.0,0.2115,3.54,False
corn,9507.T,19,1.0,0.2112,3.54,False
corn,9509.T,19,1.0,0.1848,3.08,False
corn,1833.T,19,1.0,0.2456,4.15,False
corn,1835.T,23,1.0,0.192,3.18,False
corn,2664.T,25,-1.0,-0.1858,-3.06,False
corn,2685.T,26,-1.0,-0.1862,-3.06,False
corn,2791.T,22,1.0,0.2302,3.85,False
corn,3167.T,4,-1.0,-0.2297,-3.97,False
corn,3186.T,26,-1.0,-0.2958,-3.43,False
corn,3661.T,13,1.0,0.2443,3.52,False
corn,4041.T,16,1.0,0.1871,3.14,True
corn,4290.T,20,-1.0,-0.1891,-3.15,False
corn,4547.T,19,1.0,0.1975,3.3,False
corn,4825.T,8,1.0,0.192,3.27,False
corn,5262.T,22,1.0,0.1836,3.04,False
corn,547A.T,17,1.0,0.226,3.81,False
corn,5741.T,21,1.0,0.2302,3.86,False
corn,5857.T,5,-1.0,-0.2261,-3.9,False
corn,6013.T,13,1.0,0.2171,3.68,False
corn,6278.T,2,-1.0,-0.1828,-3.14,False
corn,6287.T,2,-1.0,-0.1861,-3.2,False
corn,6588.T,4,1.0,0.177,3.03,False
corn,6630.T,24,1.0,0.2088,3.46,False
corn,6768.T,4,-1.0,-0.1858,-3.18,False
corn,6807.T,25,-1.0,-0.2009,-3.32,False
corn,7283.T,15,-1.0,-0.1825,-3.06,False
corn,7433.T,25,-1.0,-0.2191,-3.63,False
corn,7599.T,13,1.0,0.2043,3.46,False
corn,7606.T,1,1.0,0.1753,3.01,False
corn,7613.T,7,1.0,0.1999,3.41,False
corn,7966.T,23,-1.0,-0.1837,-3.04,False
corn,8051.T,19,1.0,0.1937,3.23,False
corn,8194.T,17,1.0,0.1806,3.02,False
corn,8370.T,4,-1.0,-0.3013,-3.28,False
corn,9678.T,22,1.0,0.2017,3.35,False
corn,9889.T,17,1.0,0.1839,3.07,False
wheat,2413.T,13,1.0,0.21,3.09,False
wheat,3401.T,6,-1.0,-0.2066,-3.09,False
wheat,3659.T,18,-1.0,-0.2167,-3.16,False
wheat,4042.T,11,-1.0,-0.2045,-3.02,False
wheat,4151.T,26,-1.0,-0.2176,-3.11,False
wheat,4523.T,26,-1.0,-0.262,-3.78,False
wheat,5401.T,12,1.0,0.2173,3.21,False
wheat,6146.T,25,-1.0,-0.2255,-3.23,False
wheat,6273.T,12,1.0,0.2041,3.01,False
wheat,6861.T,25,-1.0,-0.2143,-3.06,False
wheat,6954.T,24,1.0,0.2258,3.25,False
wheat,7751.T,20,1.0,0.219,3.17,False
wheat,7752.T,1,-1.0,-0.2228,-3.38,False
wheat,7974.T,24,-1.0,-0.2169,-3.11,False
wheat,8035.T,19,-1.0,-0.2097,-3.04,False
wheat,8725.T,6,1.0,0.2351,3.54,False
wheat,9766.T,11,-1.0,-0.224,-3.32,False
wheat,9983.T,25,1.0,0.2112,3.02,False
wheat,1333.T,1,1.0,0.3131,3.09,True
wheat,1893.T,2,-1.0,-0.2108,-3.18,False
wheat,2201.T,13,1.0,0.2181,3.22,False
wheat,2229.T,13,1.0,0.2044,3.0,False
wheat,3038.T,1,1.0,0.2513,3.84,False
wheat,3132.T,23,1.0,0.5164,3.62,False
wheat,3291.T,5,-1.0,-0.2142,-3.22,False
wheat,3391.T,13,1.0,0.2369,3.51,False
wheat,4091.T,22,-1.0,-0.2273,-3.28,False
wheat,4205.T,20,1.0,0.2629,3.85,False
wheat,4631.T,13,-1.0,-0.215,-3.17,False
wheat,4666.T,13,1.0,0.2047,3.01,False
wheat,6268.T,12,1.0,0.2201,3.25,False
wheat,6481.T,13,-1.0,-0.2182,-3.22,False
wheat,9401.T,22,1.0,0.2133,3.07,False
wheat,9404.T,13,1.0,0.2065,3.04,False
wheat,1662.T,23,-1.0,-0.2283,-3.29,False
wheat,1766.T,13,1.0,0.28,4.2,False
wheat,1885.T,22,1.0,0.21,3.02,False
wheat,2270.T,18,-1.0,-0.2078,-3.02,False
wheat,2730.T,18,-1.0,-0.2735,-4.04,False
wheat,3002.T,9,1.0,0.2158,3.21,False
wheat,3569.T,3,-1.0,-0.2321,-3.52,False
wheat,3661.T,13,1.0,0.2547,3.68,False
wheat,4047.T,11,-1.0,-0.2465,-3.68,False
wheat,4109.T,25,1.0,0.2606,3.77,False
wheat,4553.T,26,-1.0,-0.2154,-3.07,False
wheat,4634.T,16,-1.0,-0.2175,-3.18,False
wheat,4694.T,19,1.0,0.2307,3.36,False
wheat,4722.T,12,-1.0,-0.2043,-3.01,False
wheat,5857.T,5,-1.0,-0.2279,-3.43,False
wheat,6080.T,7,1.0,0.2844,3.07,False
wheat,6287.T,9,-1.0,-0.2039,-3.03,False
wheat,6588.T,6,-1.0,-0.2417,-3.64,False
wheat,6703.T,19,-1.0,-0.2092,-3.03,False
wheat,6807.T,25,-1.0,-0.2282,-3.27,False
wheat,7173.T,25,1.0,0.3977,3.41,False
wheat,7246.T,13,-1.0,-0.2115,-3.11,False
wheat,7433.T,25,-1.0,-0.2108,-3.01,False
wheat,7575.T,8,-1.0,-0.2105,-3.14,False
wheat,7599.T,13,1.0,0.2231,3.29,False
wheat,7606.T,1,1.0,0.2107,3.19,False
wheat,7734.T,11,-1.0,-0.2128,-3.15,False
wheat,7966.T,23,-1.0,-0.233,-3.36,False
wheat,8133.T,24,-1.0,-0.2721,-3.96,False
wheat,8173.T,2,1.0,0.2284,3.46,False
wheat,8281.T,3,-1.0,-0.2013,-3.03,False
wheat,8346.T,1,1.0,0.2245,3.41,False
wheat,8613.T,13,1.0,0.2144,3.16,False
wheat,8628.T,26,1.0,0.2322,3.33,False
wheat,8706.T,14,-1.0,-0.2132,-3.13,False
soy,2002.T,12,1.0,0.2079,3.07,False
soy,2282.T,21,1.0,0.229,3.32,False
soy,2503.T,19,-1.0,-0.2212,-3.22,False
soy,3401.T,18,-1.0,-0.2416,-3.54,False
soy,3659.T,18,-1.0,-0.3021,-4.5,False
soy,3861.T,22,-1.0,-0.2096,-3.02,False
soy,4901.T,3,-1.0,-0.2182,-3.29,False
soy,4902.T,17,-1.0,-0.2177,-3.18,False
soy,5201.T,2,-1.0,-0.2122,-3.21,False
soy,5233.T,17,1.0,0.2791,4.14,False
soy,6273.T,25,-1.0,-0.2197,-3.14,False
soy,6471.T,24,1.0,0.2157,3.09,False
soy,6503.T,24,1.0,0.2306,3.32,False
soy,6702.T,20,-1.0,-0.2202,-3.19,False
soy,6753.T,4,-1.0,-0.238,-3.6,False
soy,6857.T,22,-1.0,-0.2086,-3.0,False
soy,6981.T,25,-1.0,-0.2118,-3.03,False
soy,7261.T,21,1.0,0.2101,3.03,False
soy,7733.T,7,-1.0,-0.266,-4.03,False
soy,8304.T,5,-1.0,-0.2341,-3.53,False
soy,8725.T,21,-1.0,-0.2201,-3.18,False
soy,8750.T,21,-1.0,-0.2113,-3.05,False
soy,9532.T,19,-1.0,-0.2519,-3.69,False
soy,1893.T,18,-1.0,-0.2161,-3.15,False
soy,1959.T,10,-1.0,-0.2057,-3.05,False
soy,2127.T,25,-1.0,-0.2625,-3.8,False
soy,2670.T,8,1.0,0.2117,3.15,False
soy,3064.T,14,1.0,0.2211,3.25,False
soy,3132.T,19,-1.0,-0.4503,-3.03,False
soy,3941.T,2,-1.0,-0.2252,-3.41,False
soy,4733.T,6,1.0,0.2012,3.01,False
soy,5471.T,25,-1.0,-0.2532,-3.65,False
soy,5844.T,10,1.0,0.2044,3.03,False
soy,6136.T,25,-1.0,-0.2277,-3.27,False
soy,6856.T,5,-1.0,-0.2085,-3.13,False
soy,7259.T,24,1.0,0.2207,3.17,False
soy,7476.T,21,1.0,0.2096,3.02,False
soy,7956.T,23,-1.0,-0.2246,-3.23,False
soy,8020.T,7,-1.0,-0.21,-3.13,False
soy,8060.T,12,1.0,0.2133,3.15,False
soy,8282.T,4,-1.0,-0.2023,-3.04,False
soy,9505.T,2,-1.0,-0.2258,-3.42,False
soy,9508.T,8,-1.0,-0.2025,-3.01,False
soy,9759.T,25,-1.0,-0.2339,-3.36,False
soy,1518.T,3,-1.0,-0.226,-3.42,False
soy,2175.T,23,-1.0,-0.2196,-3.16,False
soy,2281.T,23,-1.0,-0.2766,-4.04,False
soy,2379.T,25,-1.0,-0.2152,-3.08,False
soy,2664.T,25,-1.0,-0.2153,-3.08,False
soy,2681.T,23,-1.0,-0.2564,-3.72,False
soy,2752.T,18,-1.0,-0.2244,-3.27,False
soy,2918.T,25,-1.0,-0.2144,-3.07,False
soy,3395.T,25,-1.0,-0.227,-3.25,False
soy,3608.T,6,1.0,0.2185,3.28,False
soy,3844.T,8,1.0,0.2444,3.67,False
soy,4023.T,17,1.0,0.2214,3.23,False
soy,4471.T,23,-1.0,-0.2332,-3.37,False
soy,4928.T,8,1.0,0.2521,3.79,False
soy,4971.T,23,1.0,0.2216,3.19,False
soy,5208.T,25,-1.0,-0.2226,-3.19,False
soy,547A.T,17,1.0,0.2209,3.23,True
soy,5702.T,17,1.0,0.2095,3.05,False
soy,5857.T,4,-1.0,-0.2515,-3.82,False
soy,5970.T,17,-1.0,-0.2302,-3.37,False
soy,5988.T,4,-1.0,-0.2389,-3.62,False
soy,6118.T,25,-1.0,-0.2383,-3.43,False
soy,6135.T,24,1.0,0.2284,3.28,False
soy,6222.T,18,-1.0,-0.2216,-3.23,False
soy,6254.T,23,-1.0,-0.2209,-3.18,False
soy,6278.T,25,-1.0,-0.2174,-3.11,False
soy,6432.T,19,1.0,0.2623,3.85,False
soy,6652.T,23,-1.0,-0.2143,-3.08,False
soy,6875.T,25,-1.0,-0.2522,-3.64,False
soy,6996.T,22,-1.0,-0.2092,-3.01,False
soy,7224.T,17,1.0,0.2574,3.8,False
soy,7599.T,24,-1.0,-0.2457,-3.55,False
soy,7611.T,22,1.0,0.272,3.98,False
soy,7613.T,23,-1.0,-0.2305,-3.32,False
soy,8061.T,25,-1.0,-0.267,-3.87,False
soy,8097.T,23,-1.0,-0.2114,-3.04,False
soy,8173.T,20,1.0,0.2194,3.18,False
soy,8179.T,12,1.0,0.2063,3.04,False
soy,8346.T,11,-1.0,-0.2399,-3.57,False
soy,8367.T,10,1.0,0.2097,3.11,False
soy,8584.T,17,1.0,0.2411,3.54,False
soy,8714.T,10,1.0,0.2315,3.45,False
soy,9543.T,23,-1.0,-0.2712,-3.95,False
soy,9900.T,2,-1.0,-0.2126,-3.21,False
soy,9974.T,16,1.0,0.2213,3.24,False
soy,9997.T,25,-1.0,-0.2209,-3.16,False
sugar,1332.T,20,-1.0,-0.2095,-3.03,False
sugar,4021.T,15,-1.0,-0.2059,-3.01,False
sugar,4042.T,3,-1.0,-0.224,-3.39,False
sugar,4324.T,7,1.0,0.2233,3.34,False
sugar,5713.T,1,1.0,0.2176,3.3,False
sugar,6305.T,18,1.0,0.2083,3.03,False
sugar,6504.T,1,1.0,0.2366,3.6,False
sugar,6861.T,4,1.0,0.2177,3.28,False
sugar,1860.T,23,1.0,0.2526,3.66,False
sugar,1878.T,14,1.0,0.2085,3.06,False
sugar,3048.T,15,-1.0,-0.207,-3.03,False
sugar,417A.T,16,1.0,0.2081,3.04,False
sugar,4203.T,7,1.0,0.2293,3.44,False
sugar,4536.T,15,-1.0,-0.2133,-3.13,False
sugar,4681.T,26,1.0,0.2388,3.43,False
sugar,6481.T,7,1.0,0.2198,3.29,False
sugar,7003.T,8,-1.0,-0.2199,-3.28,False
sugar,7936.T,14,1.0,0.2211,3.25,False
sugar,8088.T,17,1.0,0.2829,4.2,False
sugar,9627.T,1,-1.0,-0.2399,-3.66,False
sugar,1968.T,6,-1.0,-0.2607,-3.95,False
sugar,2146.T,7,1.0,0.2107,3.15,False
sugar,2281.T,20,-1.0,-0.2101,-3.04,False
sugar,3036.T,9,-1.0,-0.219,-3.26,False
sugar,3110.T,4,1.0,0.2101,3.16,False
sugar,4023.T,23,1.0,0.2373,3.43,False
sugar,4028.T,7,1.0,0.2334,3.5,False
sugar,4547.T,19,1.0,0.2236,3.25,False
sugar,4996.T,11,1.0,0.2192,3.25,False
sugar,6277.T,19,-1.0,-0.2074,-3.01,False
sugar,6278.T,18,1.0,0.2129,3.1,False
sugar,6331.T,17,1.0,0.2062,3.0,False
sugar,6407.T,7,1.0,0.2092,3.12,True
sugar,6804.T,12,1.0,0.222,3.28,False
sugar,6996.T,7,1.0,0.2368,3.56,False
sugar,7552.T,19,-1.0,-0.2541,-3.72,False
sugar,7860.T,11,-1.0,-0.2202,-3.26,False
sugar,8278.T,1,-1.0,-0.2047,-3.09,False
sugar,8346.T,11,-1.0,-0.2242,-3.33,False
sugar,9699.T,23,1.0,0.2558,3.71,False
coffee,1925.T,12,1.0,0.1433,3.13,False
coffee,2501.T,19,-1.0,-0.1393,-3.02,False
coffee,2503.T,19,-1.0,-0.171,-3.73,False
coffee,3086.T,19,-1.0,-0.1517,-3.3,False
coffee,3697.T,1,1.0,0.4049,3.31,False
coffee,4004.T,2,1.0,0.137,3.02,False
coffee,4502.T,17,1.0,0.1453,3.16,False
coffee,4911.T,17,1.0,0.1489,3.24,False
coffee,5711.T,1,-1.0,-0.1418,-3.14,False
coffee,6301.T,2,1.0,0.175,3.89,False
coffee,6770.T,26,-1.0,-0.1436,-3.09,False
coffee,6963.T,24,1.0,0.1491,3.22,False
coffee,6988.T,7,1.0,0.1459,3.21,False
coffee,8002.T,2,1.0,0.1407,3.11,True
coffee,8354.T,3,1.0,0.1475,3.26,False
coffee,8411.T,3,1.0,0.1601,3.54,False
coffee,9433.T,17,1.0,0.1441,3.13,False
coffee,9766.T,16,1.0,0.1411,3.07,False
coffee,2670.T,17,1.0,0.1582,3.45,False
coffee,3107.T,22,1.0,0.1414,3.06,False
coffee,3132.T,13,-1.0,-0.5156,-3.61,False
coffee,3291.T,7,-1.0,-0.1911,-3.06,False
coffee,4544.T,26,1.0,0.1521,3.28,False
coffee,5232.T,15,-1.0,-0.1457,-3.18,False
coffee,5444.T,2,1.0,0.1455,3.22,False
coffee,5947.T,17,1.0,0.1382,3.0,False
coffee,6136.T,12,1.0,0.1433,3.13,False
coffee,6436.T,9,-1.0,-0.1617,-3.56,False
coffee,6448.T,19,1.0,0.1387,3.01,False
coffee,6586.T,19,1.0,0.1395,3.02,False
coffee,6707.T,21,1.0,0.1516,3.29,False
coffee,7867.T,8,1.0,0.1404,3.08,False
coffee,1766.T,9,-1.0,-0.1381,-3.03,False
coffee,2590.T,26,1.0,0.1646,3.56,False
coffee,2602.T,26,1.0,0.1599,3.45,False
coffee,2931.T,17,1.0,0.2785,3.61,False
coffee,3191.T,11,1.0,0.4061,4.12,False
coffee,3661.T,13,1.0,0.2265,3.25,False
coffee,4078.T,9,-1.0,-0.1594,-3.5,True
coffee,4109.T,2,1.0,0.1391,3.07,False
coffee,5202.T,19,1.0,0.1508,3.28,False
coffee,6143.T,24,1.0,0.1512,3.27,False
coffee,6622.T,1,-1.0,-0.1521,-3.37,False
coffee,6810.T,2,1.0,0.1557,3.21,False
coffee,6875.T,3,1.0,0.1425,3.14,False
coffee,7241.T,13,1.0,0.151,3.3,False
coffee,7965.T,26,1.0,0.1555,3.35,False
coffee,8154.T,9,-1.0,-0.1693,-3.73,False
coffee,8366.T,3,1.0,0.1391,3.07,False
coffee,8848.T,7,-1.0,-0.1369,-3.01,False
coffee,9267.T,17,1.0,0.1714,3.02,True
cocoa,1808.T,19,1.0,0.1763,3.85,False
cocoa,1925.T,1,-1.0,-0.1688,-3.75,False
cocoa,1928.T,1,-1.0,-0.1742,-3.87,False
cocoa,1963.T,2,1.0,0.142,3.14,False
cocoa,2269.T,12,1.0,0.1589,3.01,False
cocoa,2413.T,14,-1.0,-0.1589,-3.47,False
cocoa,3401.T,1,-1.0,-0.1567,-3.47,False
cocoa,3405.T,1,-1.0,-0.1593,-3.53,False
cocoa,4042.T,8,-1.0,-0.1383,-3.03,False
cocoa,4208.T,26,1.0,0.1441,3.1,False
cocoa,4307.T,15,-1.0,-0.1428,-3.11,False
cocoa,4502.T,8,1.0,0.148,3.25,False
cocoa,5020.T,7,-1.0,-0.1996,-4.43,False
cocoa,5301.T,24,-1.0,-0.1485,-3.21,False
cocoa,5713.T,5,-1.0,-0.1612,-3.56,False
cocoa,6302.T,5,-1.0,-0.1373,-3.02,False
cocoa,6361.T,24,-1.0,-0.1705,-3.69,False
cocoa,6501.T,26,-1.0,-0.1533,-3.31,False
cocoa,6701.T,22,1.0,0.1621,3.52,False
cocoa,6724.T,15,1.0,0.1475,3.21,True
cocoa,7203.T,24,-1.0,-0.1571,-3.4,True
cocoa,7741.T,19,-1.0,-0.14,-3.04,False
cocoa,7751.T,7,1.0,0.1474,3.24,False
cocoa,8002.T,5,-1.0,-0.1409,-3.1,False
cocoa,8053.T,13,-1.0,-0.1395,-3.05,False
cocoa,8058.T,10,1.0,0.1544,3.39,False
cocoa,8304.T,19,-1.0,-0.1454,-3.16,False
cocoa,8591.T,7,1.0,0.1532,3.37,False
cocoa,8795.T,12,-1.0,-0.148,-3.24,False
cocoa,9104.T,26,-1.0,-0.1461,-3.15,False
cocoa,9432.T,19,-1.0,-0.1799,-3.93,False
cocoa,9433.T,19,-1.0,-0.1392,-3.02,False
cocoa,9531.T,1,-1.0,-0.1395,-3.08,False
cocoa,9843.T,13,-1.0,-0.1438,-3.14,False
cocoa,2327.T,1,1.0,0.149,3.3,False
cocoa,2593.T,1,-1.0,-0.1523,-3.37,False
cocoa,2607.T,21,1.0,0.1689,3.67,False
cocoa,3105.T,2,-1.0,-0.1487,-3.29,False
cocoa,3132.T,8,-1.0,-0.4966,-3.43,False
cocoa,3349.T,3,1.0,0.1377,3.04,False
cocoa,3360.T,23,1.0,0.1397,3.02,False
cocoa,3591.T,1,-1.0,-0.1525,-3.38,False
cocoa,4206.T,7,-1.0,-0.1478,-3.25,False
cocoa,4401.T,19,-1.0,-0.1523,-3.31,False
cocoa,4540.T,21,1.0,0.151,3.27,False
cocoa,4665.T,19,-1.0,-0.1422,-3.08,False
cocoa,4732.T,19,-1.0,-0.1551,-3.37,False
cocoa,4733.T,18,1.0,0.1415,3.07,False
cocoa,4967.T,13,-1.0,-0.1384,-3.02,False
cocoa,6457.T,19,-1.0,-0.1394,-3.02,False
cocoa,6481.T,7,1.0,0.1395,3.06,False
cocoa,6592.T,21,1.0,0.1502,3.25,False
cocoa,6849.T,24,1.0,0.1738,3.77,False
cocoa,6856.T,7,1.0,0.1428,3.14,False
cocoa,7003.T,9,-1.0,-0.1459,-3.2,False
cocoa,7259.T,24,-1.0,-0.1447,-3.12,True
cocoa,7936.T,21,-1.0,-0.1389,-3.0,False
cocoa,8111.T,21,1.0,0.158,3.43,False
cocoa,8113.T,2,1.0,0.1431,3.16,False
cocoa,8129.T,20,-1.0,-0.1623,-3.53,False
cocoa,8227.T,1,-1.0,-0.1376,-3.04,False
cocoa,9449.T,10,-1.0,-0.1492,-3.27,False
cocoa,9508.T,1,-1.0,-0.1359,-3.0,False
cocoa,9627.T,14,-1.0,-0.1755,-3.63,False
cocoa,9989.T,19,-1.0,-0.1517,-3.3,False
cocoa,1950.T,14,-1.0,-0.1808,-3.97,False
cocoa,1975.T,21,1.0,0.1546,3.35,False
cocoa,2124.T,11,-1.0,-0.1461,-3.2,False
cocoa,2146.T,25,-1.0,-0.1486,-3.21,False
cocoa,2175.T,12,1.0,0.1528,3.11,False
cocoa,2220.T,1,-1.0,-0.1416,-3.13,False
cocoa,2270.T,21,1.0,0.1491,3.23,False
cocoa,2281.T,13,-1.0,-0.1422,-3.11,False
cocoa,2590.T,26,1.0,0.1778,3.85,False
cocoa,2681.T,3,1.0,0.1454,3.21,False
cocoa,2760.T,21,1.0,0.1813,3.95,False
cocoa,3002.T,21,1.0,0.1691,3.68,False
cocoa,3101.T,1,-1.0,-0.1464,-3.24,False
cocoa,3167.T,21,1.0,0.1633,3.55,False
cocoa,3387.T,13,-1.0,-0.141,-3.08,False
cocoa,3395.T,18,1.0,0.1576,3.43,False
cocoa,3608.T,9,-1.0,-0.2372,-3.75,False
cocoa,3661.T,24,1.0,0.2468,3.56,False
cocoa,4023.T,12,-1.0,-0.1609,-3.53,False
cocoa,4044.T,5,1.0,0.14,3.08,False
cocoa,4047.T,1,1.0,0.1414,3.13,False
cocoa,4553.T,8,1.0,0.1513,3.32,False
cocoa,4559.T,1,-1.0,-0.1447,-3.2,False
cocoa,4686.T,7,-1.0,-0.1681,-3.71,False
cocoa,4694.T,19,-1.0,-0.1768,-3.86,False
cocoa,4776.T,7,-1.0,-0.1545,-3.4,False
cocoa,4919.T,1,-1.0,-0.1513,-3.35,False
cocoa,4985.T,1,-1.0,-0.192,-4.28,False
cocoa,5351.T,22,1.0,0.147,3.18,False
cocoa,5702.T,7,-1.0,-0.1391,-3.06,False
cocoa,5715.T,20,-1.0,-0.1455,-3.15,False
cocoa,5741.T,19,1.0,0.1604,3.49,False
cocoa,6250.T,4,1.0,0.1802,4.0,False
cocoa,6371.T,11,1.0,0.1462,3.2,False
cocoa,6458.T,21,1.0,0.1482,3.21,False
cocoa,6463.T,7,-1.0,-0.1755,-3.88,False
cocoa,6490.T,18,1.0,0.1534,3.34,False
cocoa,6507.T,19,-1.0,-0.1405,-3.05,False
cocoa,6652.T,18,1.0,0.1425,3.1,False
cocoa,6768.T,14,-1.0,-0.1449,-3.16,False
cocoa,6929.T,22,-1.0,-0.1483,-3.21,False
cocoa,6995.T,24,-1.0,-0.1665,-3.61,False
cocoa,7239.T,1,1.0,0.1446,3.2,False
cocoa,7242.T,5,-1.0,-0.1432,-3.15,False
cocoa,7246.T,24,-1.0,-0.149,-3.22,True
cocoa,7278.T,24,-1.0,-0.1419,-3.06,True
cocoa,7456.T,20,-1.0,-0.1424,-3.09,False
cocoa,7513.T,15,1.0,0.1532,3.34,False
cocoa,7545.T,13,-1.0,-0.1474,-3.22,False
cocoa,7581.T,1,-1.0,-0.1392,-3.08,False
cocoa,7839.T,11,1.0,0.1675,3.53,False
cocoa,7860.T,15,-1.0,-0.1379,-3.0,False
cocoa,7947.T,1,-1.0,-0.1428,-3.16,False
cocoa,7981.T,1,-1.0,-0.1724,-3.83,False
cocoa,7995.T,25,-1.0,-0.1477,-3.18,False
cocoa,8022.T,20,-1.0,-0.1413,-3.06,False
cocoa,8078.T,21,1.0,0.1419,3.07,False
cocoa,8079.T,20,-1.0,-0.1501,-3.26,False
cocoa,8130.T,1,-1.0,-0.1627,-3.61,False
cocoa,8133.T,7,-1.0,-0.1765,-3.9,False
cocoa,8153.T,1,-1.0,-0.1592,-3.53,False
cocoa,8179.T,1,-1.0,-0.1429,-3.16,False
cocoa,8281.T,21,1.0,0.1507,3.26,False
cocoa,8425.T,21,1.0,0.1472,3.19,False
cocoa,8585.T,21,1.0,0.1452,3.14,False
cocoa,8771.T,1,1.0,0.1881,3.33,False
cocoa,8897.T,3,1.0,0.1484,3.28,False
cocoa,9412.T,5,1.0,0.1813,4.02,False
cocoa,9511.T,21,1.0,0.161,3.5,False
cocoa,9543.T,17,-1.0,-0.1384,-3.01,False
cocoa,9603.T,2,-1.0,-0.1361,-3.0,False
cocoa,9682.T,7,-1.0,-0.1452,-3.19,False
cocoa,9743.T,7,-1.0,-0.1403,-3.08,False
cocoa,9793.T,4,1.0,0.145,3.2,False
cocoa,9830.T,1,-1.0,-0.1388,-3.07,False
cocoa,9832.T,1,-1.0,-0.1644,-3.65,False
cocoa,9948.T,8,1.0,0.1449,3.18,False
cocoa,9974.T,21,1.0,0.1492,3.04,False
cocoa,9997.T,16,1.0,0.1683,3.68,False
metals,1332.T,4,-1.0,-0.1507,-3.27,False
metals,1925.T,12,1.0,0.1424,3.06,False
metals,3099.T,15,1.0,0.1837,3.96,False
metals,3861.T,9,-1.0,-0.1462,-3.16,False
metals,4042.T,20,1.0,0.1449,3.09,False
metals,4568.T,23,1.0,0.1515,3.22,False
metals,543A.T,8,1.0,0.1409,3.04,False
metals,5802.T,17,-1.0,-0.1484,-3.18,False
metals,6146.T,7,1.0,0.1438,3.11,False
metals,6273.T,1,-1.0,-0.1537,-3.35,False
metals,6501.T,24,-1.0,-0.1416,-3.0,False
metals,6841.T,8,1.0,0.1441,3.11,False
metals,7201.T,8,1.0,0.1802,3.92,False
metals,7202.T,8,1.0,0.1506,3.26,False
metals,7203.T,25,-1.0,-0.1472,-3.12,False
metals,7261.T,24,-1.0,-0.1493,-3.17,False
metals,7269.T,18,-1.0,-0.1908,-4.11,False
metals,7951.T,2,1.0,0.1644,3.59,False
metals,8015.T,25,-1.0,-0.1478,-3.14,False
metals,8031.T,6,1.0,0.1556,3.37,False
metals,8053.T,13,-1.0,-0.1523,-3.28,False
metals,8058.T,6,1.0,0.1997,4.37,False
metals,8306.T,3,1.0,0.1535,3.34,False
metals,8316.T,3,1.0,0.1551,3.38,False
metals,8411.T,3,1.0,0.152,3.31,False
metals,8604.T,14,1.0,0.1587,3.41,False
metals,8725.T,12,-1.0,-0.1506,-3.05,False
metals,8795.T,2,-1.0,-0.1649,-3.6,False
metals,8801.T,4,1.0,0.1423,3.09,True
metals,8802.T,4,1.0,0.1423,3.09,False
metals,9735.T,3,-1.0,-0.1391,-3.02,False
metals,9766.T,5,1.0,0.1544,3.35,False
metals,2579.T,15,1.0,0.158,3.39,False
metals,2670.T,15,1.0,0.1458,3.13,False
metals,3105.T,23,-1.0,-0.1432,-3.04,False
metals,3360.T,24,1.0,0.1433,3.04,False
metals,4114.T,6,-1.0,-0.1469,-3.18,False
metals,4202.T,6,-1.0,-0.1474,-3.19,False
metals,4203.T,9,-1.0,-0.1394,-3.01,False
metals,4205.T,7,1.0,0.155,3.36,False
metals,4401.T,15,-1.0,-0.1401,-3.0,False
metals,4403.T,14,-1.0,-0.1921,-4.16,False
metals,4536.T,3,-1.0,-0.1468,-3.19,False
metals,4544.T,26,1.0,0.1849,3.94,False
metals,4732.T,10,1.0,0.1427,3.07,False
metals,5105.T,7,1.0,0.1492,3.23,False
metals,5110.T,6,-1.0,-0.1428,-3.09,False
metals,5393.T,12,1.0,0.1438,3.09,False
metals,6136.T,11,1.0,0.1613,3.48,False
metals,6806.T,15,-1.0,-0.1488,-3.19,False
metals,6856.T,19,-1.0,-0.1407,-3.0,False
metals,7259.T,8,1.0,0.1492,3.22,False
metals,7276.T,8,1.0,0.167,3.62,False
metals,7550.T,6,-1.0,-0.1559,-3.38,False
metals,7956.T,17,1.0,0.1858,4.0,False
metals,8060.T,26,1.0,0.1607,3.41,False
metals,8242.T,21,1.0,0.1466,3.12,False
metals,8334.T,20,-1.0,-0.1511,-3.22,False
metals,8359.T,8,-1.0,-0.1457,-3.15,False
metals,9468.T,16,-1.0,-0.4116,-3.56,False
metals,1419.T,5,1.0,0.3746,4.8,False
metals,1663.T,26,-1.0,-0.2966,-3.11,False
metals,1926.T,7,-1.0,-0.1389,-3.0,False
metals,1961.T,6,-1.0,-0.1478,-3.2,False
metals,2154.T,18,1.0,0.1538,3.28,False
metals,2175.T,19,1.0,0.1537,3.13,False
metals,2281.T,21,1.0,0.1445,3.08,False
metals,2678.T,4,-1.0,-0.1391,-3.02,False
metals,2681.T,6,-1.0,-0.1532,-3.32,False
metals,2931.T,17,1.0,0.2652,3.42,False
metals,3034.T,12,1.0,0.1656,3.27,False
metals,3036.T,8,1.0,0.1479,3.01,False
metals,3182.T,12,-1.0,-0.2631,-3.2,False
metals,3387.T,13,-1.0,-0.1825,-3.95,False
metals,4044.T,6,-1.0,-0.1781,-3.88,False
metals,4046.T,2,-1.0,-0.1382,-3.0,False
metals,4095.T,8,1.0,0.1462,3.16,False
metals,4109.T,20,-1.0,-0.1568,-3.35,False
metals,4369.T,11,1.0,0.1658,3.51,False
metals,4471.T,6,-1.0,-0.1438,-3.11,False
metals,4553.T,14,-1.0,-0.1555,-3.34,False
metals,4958.T,21,1.0,0.1529,3.26,False
metals,4996.T,19,-1.0,-0.1544,-3.3,False
metals,5943.T,14,-1.0,-0.1426,-3.06,False
metals,5949.T,8,1.0,0.1586,3.43,False
metals,6140.T,3,-1.0,-0.1418,-3.08,False
metals,6250.T,4,1.0,0.1394,3.02,False
metals,6508.T,26,-1.0,-0.2061,-4.41,False
metals,6588.T,7,1.0,0.1555,3.37,False
metals,6768.T,24,-1.0,-0.1561,-3.32,False
metals,6804.T,9,-1.0,-0.1755,-3.81,False
metals,6866.T,10,1.0,0.1499,3.23,False
metals,6908.T,1,1.0,0.1641,3.58,False
metals,7220.T,8,1.0,0.1696,3.68,False
metals,7239.T,8,1.0,0.1501,3.24,False
metals,7241.T,8,1.0,0.1463,3.16,False
metals,7242.T,8,1.0,0.1554,3.36,False
metals,7246.T,4,1.0,0.1551,3.37,False
metals,7278.T,8,1.0,0.18,3.91,False
metals,7296.T,7,1.0,0.1763,3.83,False
metals,7513.T,15,1.0,0.1506,3.23,False
metals,7606.T,6,-1.0,-0.1599,-3.47,False
metals,7613.T,5,1.0,0.1416,3.07,False
metals,7762.T,2,1.0,0.1544,3.36,False
metals,7826.T,1,1.0,0.2041,4.49,False
metals,7915.T,7,1.0,0.1593,3.45,False
metals,7947.T,24,1.0,0.1629,3.47,False
metals,7970.T,7,1.0,0.1432,3.1,False
metals,7994.T,8,-1.0,-0.1752,-3.8,False
metals,8051.T,2,-1.0,-0.1381,-3.0,False
metals,8130.T,4,-1.0,-0.1475,-3.2,False
metals,8133.T,9,-1.0,-0.1407,-3.03,False
metals,8848.T,25,-1.0,-0.1581,-3.36,False
metals,8892.T,4,1.0,0.1441,3.13,False
metals,9551.T,15,-1.0,-0.4337,-3.44,False
metals,9605.T,13,-1.0,-0.1452,-3.12,False
copper,3092.T,15,-1.0,-0.2369,-3.42,False
copper,3382.T,8,-1.0,-0.2091,-3.05,False
copper,4021.T,14,1.0,0.2118,3.05,False
copper,4519.T,13,1.0,0.2265,3.28,False
copper,5411.T,13,-1.0,-0.2455,-3.57,False
copper,5803.T,25,1.0,0.2148,3.01,False
copper,6273.T,20,-1.0,-0.222,-3.15,False
copper,6645.T,14,1.0,0.2091,3.01,False
copper,6723.T,25,-1.0,-0.2223,-3.12,False
copper,6770.T,22,-1.0,-0.2424,-3.44,False
copper,6857.T,6,1.0,0.2417,3.57,False
copper,7202.T,21,-1.0,-0.2235,-3.17,True
copper,7733.T,26,1.0,0.2368,3.32,False
copper,8031.T,13,-1.0,-0.2155,-3.11,False
copper,8058.T,13,-1.0,-0.2436,-3.54,False
copper,8604.T,16,-1.0,-0.2135,-3.06,False
copper,2212.T,18,-1.0,-0.2857,-4.15,False
copper,2531.T,20,-1.0,-0.2185,-3.1,False
copper,2809.T,18,-1.0,-0.2421,-3.48,False
copper,3288.T,2,1.0,0.2751,3.08,False
copper,3591.T,12,1.0,0.2334,3.4,False
copper,3941.T,10,1.0,0.2528,3.71,False
copper,4045.T,18,-1.0,-0.2842,-4.13,False
copper,4204.T,17,1.0,0.2276,3.26,False
copper,4516.T,14,-1.0,-0.2645,-3.86,False
copper,4665.T,8,-1.0,-0.2312,-3.39,False
copper,4912.T,8,-1.0,-0.2128,-3.11,False
copper,4927.T,15,-1.0,-0.2325,-3.35,False
copper,5105.T,6,-1.0,-0.2174,-3.2,False
copper,6005.T,4,-1.0,-0.2344,-3.48,False
copper,6268.T,25,-1.0,-0.2284,-3.21,False
copper,6925.T,23,1.0,0.2255,3.18,False
copper,7003.T,10,1.0,0.2297,3.35,False
copper,7240.T,5,1.0,0.2073,3.05,False
copper,7476.T,18,-1.0,-0.2396,-3.44,False
copper,7616.T,26,1.0,0.2154,3.01,False
copper,8242.T,12,1.0,0.2311,3.36,False
copper,8595.T,25,-1.0,-0.2386,-3.36,False
copper,9934.T,5,1.0,0.206,3.03,False
copper,9962.T,18,-1.0,-0.217,-3.1,False
copper,1419.T,5,1.0,0.2656,3.27,False
copper,1515.T,5,1.0,0.257,3.83,False
copper,1975.T,8,-1.0,-0.2181,-3.19,False
copper,2124.T,15,1.0,0.2205,3.17,False
copper,2154.T,22,-1.0,-0.2227,-3.15,False
copper,2168.T,23,-1.0,-0.248,-3.52,False
copper,2590.T,4,-1.0,-0.2191,-3.24,False
copper,2874.T,2,-1.0,-0.3022,-4.59,False
copper,3034.T,19,-1.0,-0.2188,-3.12,False
copper,3097.T,4,-1.0,-0.2337,-3.47,False
copper,3106.T,8,-1.0,-0.2136,-3.12,False
copper,3148.T,25,-1.0,-0.2202,-3.09,False
copper,3182.T,12,-1.0,-0.2833,-3.47,False
copper,3668.T,25,-1.0,-0.2528,-3.26,False
copper,4078.T,5,1.0,0.2136,3.15,False
copper,4095.T,26,1.0,0.2229,3.12,False
copper,4187.T,20,1.0,0.2335,3.33,False
copper,4290.T,8,-1.0,-0.2191,-3.21,False
copper,4634.T,8,-1.0,-0.2377,-3.5,False
copper,4819.T,19,-1.0,-0.2583,-3.72,False
copper,4914.T,26,1.0,0.2153,3.01,False
copper,4975.T,26,1.0,0.2323,3.26,False
copper,4996.T,8,-1.0,-0.2089,-3.05,False
copper,5482.T,18,-1.0,-0.2302,-3.29,False
copper,6101.T,18,-1.0,-0.2229,-3.18,False
copper,6287.T,7,1.0,0.2461,3.64,False
copper,6315.T,20,1.0,0.2358,3.36,False
copper,6419.T,14,-1.0,-0.2447,-3.55,False
copper,6590.T,17,1.0,0.219,3.13,False
copper,6630.T,2,-1.0,-0.2221,-3.3,False
copper,6651.T,7,1.0,0.2295,3.38,False
copper,6750.T,8,1.0,0.2262,3.32,False
copper,6999.T,18,-1.0,-0.2146,-3.06,False
copper,7224.T,6,-1.0,-0.2381,-3.52,False
copper,7296.T,3,1.0,0.2086,3.08,False
copper,7595.T,5,1.0,0.2124,3.13,False
copper,7762.T,20,1.0,0.2129,3.02,False
copper,7826.T,21,1.0,0.2449,3.49,False
copper,7864.T,7,1.0,0.2144,3.14,False
copper,7966.T,8,-1.0,-0.2285,-3.35,False
copper,7976.T,8,-1.0,-0.2074,-3.03,False
copper,8016.T,1,1.0,0.2461,3.69,False
copper,8194.T,25,-1.0,-0.3095,-4.45,False
copper,8346.T,1,1.0,0.214,3.18,False
copper,8360.T,2,-1.0,-0.2749,-4.14,False
copper,8361.T,22,1.0,0.2304,3.26,False
copper,8616.T,23,-1.0,-0.2183,-3.08,False
copper,8850.T,11,1.0,0.2073,3.0,False
copper,9119.T,5,1.0,0.2141,3.15,False
copper,9793.T,25,-1.0,-0.2548,-3.6,False
copper,9824.T,5,1.0,0.2104,3.1,False
copper,9832.T,12,1.0,0.211,3.05,False
copper,9882.T,12,1.0,0.2089,3.02,False
copper,9889.T,4,-1.0,-0.2894,-4.36,False
copper,9936.T,14,-1.0,-0.243,-3.53,False
alum,1721.T,20,-1.0,-0.4263,-3.74,False
alum,3099.T,3,1.0,0.3491,3.33,False
alum,3697.T,12,1.0,0.3999,3.26,False
alum,4151.T,7,-1.0,-0.3344,-3.09,False
alum,4523.T,5,-1.0,-0.3379,-3.17,False
alum,4689.T,1,-1.0,-0.35,-3.38,False
alum,4704.T,5,1.0,0.329,3.08,False
alum,4755.T,16,1.0,0.3713,3.27,False
alum,5802.T,8,-1.0,-0.3547,-3.29,False
alum,6645.T,23,1.0,0.3625,3.01,False
alum,6702.T,25,-1.0,-0.3911,-3.24,False
alum,6758.T,24,1.0,0.3807,3.16,False
alum,6963.T,24,-1.0,-0.382,-3.17,False
alum,7004.T,23,1.0,0.37,3.08,False
alum,7013.T,4,1.0,0.3319,3.13,False
alum,7202.T,4,1.0,0.3695,3.53,True
alum,7203.T,4,1.0,0.3238,3.04,False
alum,7211.T,4,1.0,0.3391,3.2,False
alum,7261.T,4,1.0,0.4709,4.74,True
alum,8253.T,20,-1.0,-0.414,-3.61,False
alum,8267.T,7,-1.0,-0.3262,-3.01,False
alum,8316.T,11,-1.0,-0.3339,-3.01,False
alum,8725.T,17,1.0,0.3595,3.13,False
alum,9766.T,19,-1.0,-0.4454,-3.98,False
alum,1959.T,19,-1.0,-0.3729,-3.22,False
alum,2531.T,20,-1.0,-0.3734,-3.19,False
alum,3064.T,4,-1.0,-0.3314,-3.12,False
alum,3116.T,10,-1.0,-0.3494,-3.19,False
alum,3774.T,9,-1.0,-0.4028,-3.79,False
alum,3941.T,9,-1.0,-0.3709,-3.44,False
alum,4202.T,10,-1.0,-0.3468,-3.16,False
alum,4631.T,4,1.0,0.4103,4.0,False
alum,5232.T,12,-1.0,-0.3505,-3.15,False
alum,6269.T,16,-1.0,-0.3478,-3.04,False
alum,6370.T,23,1.0,0.4557,3.97,False
alum,6674.T,8,-1.0,-0.3866,-3.63,True
alum,6707.T,4,1.0,0.3699,3.54,False
alum,6869.T,1,-1.0,-0.3396,-3.27,False
alum,6925.T,14,1.0,0.3813,3.43,False
alum,7240.T,19,1.0,0.3994,3.49,False
alum,8020.T,8,-1.0,-0.3487,-3.22,False
alum,8424.T,6,-1.0,-0.3502,-3.28,False
alum,8593.T,23,1.0,0.4105,3.49,False
alum,9449.T,14,-1.0,-0.3768,-3.38,False
alum,9934.T,7,1.0,0.3278,3.02,False
alum,9989.T,25,-1.0,-0.3787,-3.12,False
alum,1301.T,7,1.0,0.3959,3.76,False
alum,1950.T,19,-1.0,-0.3651,-3.14,False
alum,1968.T,17,-1.0,-0.3489,-3.02,False
alum,2157.T,12,1.0,0.3544,3.19,False
alum,2220.T,2,1.0,0.3273,3.12,False
alum,2678.T,4,-1.0,-0.366,-3.5,False
alum,2681.T,17,-1.0,-0.3545,-3.08,False
alum,2733.T,25,-1.0,-0.3919,-3.24,False
alum,2874.T,17,-1.0,-0.3653,-3.19,False
alum,3182.T,16,-1.0,-0.403,-3.6,False
alum,3762.T,26,-1.0,-0.4132,-3.43,False
alum,3778.T,8,-1.0,-0.3652,-3.4,False
alum,4216.T,1,1.0,0.3299,3.16,False
alum,4471.T,1,-1.0,-0.3193,-3.05,False
alum,4722.T,23,1.0,0.387,3.25,False
alum,4849.T,19,-1.0,-0.4005,-3.5,False
alum,4914.T,3,-1.0,-0.3189,-3.01,False
alum,5331.T,15,-1.0,-0.3484,-3.06,False
alum,5943.T,7,1.0,0.4044,3.85,False
alum,6013.T,12,1.0,0.339,3.04,False
alum,6036.T,15,-1.0,-0.4316,-3.14,False
alum,6080.T,25,-1.0,-0.3721,-3.05,False
alum,6140.T,2,-1.0,-0.3231,-3.07,False
alum,6315.T,22,1.0,0.3714,3.12,False
alum,6395.T,24,-1.0,-0.3875,-3.23,False
alum,6463.T,24,-1.0,-0.3871,-3.23,False
alum,6999.T,4,1.0,0.3343,3.15,False
alum,7224.T,10,-1.0,-0.3988,-3.72,False
alum,7595.T,26,-1.0,-0.3806,-3.11,False
alum,7613.T,12,-1.0,-0.3854,-3.52,False
alum,8022.T,26,-1.0,-0.4018,-3.31,False
alum,8061.T,16,-1.0,-0.3542,-3.1,False
alum,8237.T,21,1.0,0.38,3.23,False
alum,8346.T,17,1.0,0.4014,3.56,False
alum,8803.T,9,1.0,0.3542,3.26,False
alum,8897.T,22,1.0,0.3727,3.14,False
alum,9551.T,15,-1.0,-0.4935,-4.05,False
alum,9603.T,2,-1.0,-0.3312,-3.16,False
alum,9605.T,1,-1.0,-0.3269,-3.13,False
alum,9757.T,19,-1.0,-0.3987,-3.48,False
iron,2871.T,12,-1.0,-0.2106,-3.45,False
iron,4021.T,5,-1.0,-0.2037,-3.38,False
iron,4755.T,17,1.0,0.1863,3.01,False
iron,5108.T,6,1.0,0.1894,3.13,False
iron,5706.T,14,-1.0,-0.2224,-3.64,False
iron,6367.T,24,-1.0,-0.1918,-3.06,False
iron,6702.T,22,-1.0,-0.2032,-3.26,False
iron,7731.T,9,1.0,0.1852,3.04,False
iron,7733.T,1,1.0,0.1962,3.27,False
iron,8309.T,15,-1.0,-0.2219,-3.63,False
iron,8697.T,10,1.0,0.1879,3.08,False
iron,9432.T,9,-1.0,-0.187,-3.07,False
iron,9602.T,5,-1.0,-0.2133,-3.55,False
iron,1860.T,23,1.0,0.2076,3.33,False
iron,3088.T,12,-1.0,-0.184,-3.0,False
iron,3197.T,4,-1.0,-0.4073,-3.48,False
iron,3288.T,20,-1.0,-0.3179,-3.61,False
iron,4204.T,11,1.0,0.1948,3.19,False
iron,4527.T,14,1.0,0.1895,3.08,False
iron,4626.T,9,-1.0,-0.1972,-3.24,False
iron,4768.T,22,-1.0,-0.2447,-3.97,False
iron,5444.T,12,1.0,0.1884,3.07,False
iron,5463.T,2,-1.0,-0.2534,-4.28,False
iron,5471.T,23,1.0,0.2018,3.23,False
iron,6323.T,15,-1.0,-0.23,-3.77,False
iron,6925.T,17,1.0,0.1931,3.12,False
iron,7458.T,22,-1.0,-0.222,-3.58,False
iron,7867.T,1,-1.0,-0.2401,-4.05,False
iron,7956.T,23,1.0,0.2226,3.58,False
iron,7988.T,7,-1.0,-0.1946,-3.21,False
iron,8056.T,24,-1.0,-0.2152,-3.45,False
iron,8418.T,2,-1.0,-0.1847,-3.07,False
iron,8570.T,11,1.0,0.1864,3.05,False
iron,9449.T,10,1.0,0.1893,3.1,False
iron,9627.T,12,-1.0,-0.2165,-3.56,False
iron,1301.T,23,1.0,0.1893,3.02,False
iron,1870.T,1,1.0,0.1844,3.07,False
iron,1975.T,18,1.0,0.1862,3.0,False
iron,2124.T,19,-1.0,-0.2095,-3.39,False
iron,2220.T,22,-1.0,-0.196,-3.14,False
iron,2379.T,24,1.0,0.1902,3.03,False
iron,2695.T,2,-1.0,-0.1913,-3.18,False
iron,2733.T,5,-1.0,-0.2044,-3.39,False
iron,2767.T,4,1.0,0.2059,3.43,False
iron,2931.T,14,1.0,0.2408,3.09,False
iron,3034.T,22,-1.0,-0.1955,-3.13,False
iron,3110.T,18,-1.0,-0.1873,-3.02,False
iron,3148.T,10,1.0,0.2096,3.45,False
iron,3387.T,12,-1.0,-0.1947,-3.18,False
iron,3636.T,7,-1.0,-0.1824,-3.0,False
iron,3765.T,5,1.0,0.2005,3.33,False
iron,3778.T,24,-1.0,-0.2021,-3.23,False
iron,3865.T,4,1.0,0.1812,3.0,False
iron,4041.T,19,1.0,0.1948,3.14,False
iron,4521.T,22,-1.0,-0.1903,-3.05,False
iron,4686.T,18,-1.0,-0.1861,-3.0,False
iron,4812.T,22,-1.0,-0.2273,-3.67,False
iron,5208.T,9,-1.0,-0.2268,-3.75,False
iron,5715.T,23,1.0,0.2041,3.27,False
iron,6222.T,3,1.0,0.1971,3.28,False
iron,6250.T,6,1.0,0.1998,3.31,False
iron,6278.T,19,-1.0,-0.2827,-4.66,False
iron,6432.T,19,-1.0,-0.2085,-3.37,False
iron,6588.T,18,1.0,0.1861,3.0,False
iron,7630.T,21,-1.0,-0.1886,-3.02,False
iron,7744.T,15,1.0,0.2037,3.32,False
iron,7990.T,23,1.0,0.2005,3.21,False
iron,8125.T,21,-1.0,-0.2018,-3.25,False
iron,8237.T,26,-1.0,-0.2193,-3.5,False
iron,8367.T,3,-1.0,-0.1992,-3.32,False
iron,8370.T,26,-1.0,-0.3358,-3.7,False
iron,8388.T,2,-1.0,-0.2085,-3.48,False
iron,8524.T,19,1.0,0.2499,3.32,False
iron,8544.T,16,1.0,0.196,3.18,False
iron,8600.T,3,-1.0,-0.1921,-3.19,False
iron,8613.T,20,-1.0,-0.2108,-3.4,False
iron,8848.T,15,-1.0,-0.2293,-3.76,False
iron,8892.T,18,-1.0,-0.199,-3.22,False
iron,8934.T,3,1.0,0.1826,3.03,False
iron,9722.T,23,1.0,0.2177,3.5,False
iron,9746.T,2,-1.0,-0.1959,-3.26,False
iron,9757.T,11,1.0,0.228,3.76,False
gold,1332.T,10,1.0,0.1516,3.33,False
gold,1808.T,2,-1.0,-0.1661,-3.68,False
gold,1925.T,12,1.0,0.1389,3.03,False
gold,2002.T,11,1.0,0.1637,3.59,False
gold,2413.T,21,1.0,0.2136,4.68,False
gold,2432.T,6,-1.0,-0.1715,-3.79,False
gold,2801.T,20,-1.0,-0.1712,-3.73,False
gold,2914.T,12,-1.0,-0.1851,-4.07,False
gold,3086.T,2,-1.0,-0.1555,-3.44,False
gold,3382.T,10,-1.0,-0.1619,-3.56,False
gold,3401.T,1,-1.0,-0.175,-3.89,False
gold,3402.T,1,-1.0,-0.1672,-3.71,False
gold,4004.T,1,-1.0,-0.1626,-3.61,False
gold,4021.T,2,-1.0,-0.1482,-3.28,False
gold,4183.T,1,-1.0,-0.168,-3.73,False
gold,4502.T,10,-1.0,-0.1825,-4.02,False
gold,4503.T,21,1.0,0.1508,3.27,False
gold,4507.T,11,1.0,0.1407,3.08,False
gold,4523.T,1,1.0,0.1632,3.62,False
gold,4568.T,5,1.0,0.149,3.28,False
gold,4578.T,26,1.0,0.2037,3.35,False
gold,4704.T,3,-1.0,-0.2111,-4.72,False
gold,4901.T,15,1.0,0.1445,3.15,False
gold,4902.T,5,-1.0,-0.1559,-3.44,False
gold,5301.T,2,-1.0,-0.2013,-4.49,True
gold,5401.T,3,1.0,0.157,3.47,False
gold,5631.T,2,-1.0,-0.1866,-4.15,False
gold,5802.T,11,-1.0,-0.1959,-4.33,False
gold,6146.T,7,1.0,0.1513,3.33,False
gold,6301.T,3,1.0,0.1488,3.29,False
gold,6367.T,21,-1.0,-0.151,-3.27,False
gold,6471.T,6,1.0,0.1713,3.79,False
gold,6503.T,3,1.0,0.1399,3.09,False
gold,6506.T,11,-1.0,-0.1507,-3.3,False
gold,6645.T,1,-1.0,-0.1424,-3.15,False
gold,6857.T,20,-1.0,-0.1388,-3.01,False
gold,6954.T,3,1.0,0.1572,3.48,False
gold,7012.T,20,1.0,0.1553,3.37,True
gold,7261.T,3,1.0,0.1429,3.15,False
gold,7532.T,21,1.0,0.1849,4.03,False
gold,7731.T,7,1.0,0.1905,4.22,False
gold,7733.T,3,1.0,0.2136,4.78,False
gold,7751.T,13,1.0,0.1483,3.24,False
gold,8015.T,6,1.0,0.1647,3.64,False
gold,8031.T,6,1.0,0.1426,3.14,False
gold,8304.T,9,1.0,0.1435,3.15,False
gold,8308.T,5,-1.0,-0.1787,-3.96,False
gold,8316.T,8,-1.0,-0.1787,-3.95,False
gold,8331.T,8,-1.0,-0.1752,-3.87,False
gold,8411.T,5,-1.0,-0.1492,-3.29,False
gold,8591.T,14,1.0,0.1771,3.89,False
gold,8725.T,6,-1.0,-0.2874,-6.01,False
gold,8766.T,6,-1.0,-0.1613,-3.56,False
gold,8804.T,1,-1.0,-0.1562,-3.46,False
gold,9101.T,1,-1.0,-0.1675,-3.72,False
gold,9104.T,11,-1.0,-0.1916,-4.23,False
gold,9432.T,1,1.0,0.1747,3.88,False
gold,9502.T,2,1.0,0.1405,3.1,False
gold,9532.T,21,1.0,0.1752,3.81,False
gold,9602.T,21,1.0,0.1505,3.26,False
gold,9766.T,1,1.0,0.159,3.53,False
gold,9843.T,21,1.0,0.15,3.25,False
gold,1414.T,15,1.0,0.1425,3.1,False
gold,1820.T,19,1.0,0.1392,3.02,False
gold,1893.T,6,-1.0,-0.1633,-3.6,False
gold,1911.T,10,-1.0,-0.1496,-3.28,False
gold,1969.T,3,1.0,0.1599,3.54,False
gold,2181.T,6,-1.0,-0.1538,-3.01,False
gold,2206.T,21,1.0,0.1445,3.13,False
gold,2331.T,13,-1.0,-0.1593,-3.49,True
gold,2579.T,21,1.0,0.1602,3.48,True
gold,2607.T,21,1.0,0.1694,3.68,False
gold,2670.T,11,1.0,0.1754,3.86,False
gold,2784.T,21,1.0,0.1488,3.22,False
gold,2809.T,2,1.0,0.1749,3.88,False
gold,2810.T,2,1.0,0.1825,4.06,False
gold,2811.T,21,1.0,0.1388,3.0,False
gold,2875.T,21,1.0,0.202,4.42,False
gold,2897.T,21,1.0,0.147,3.18,False
gold,3038.T,19,-1.0,-0.1474,-3.2,False
gold,3048.T,19,1.0,0.1593,3.19,False
gold,3088.T,21,1.0,0.1433,3.1,False
gold,3105.T,5,-1.0,-0.1451,-3.2,False
gold,3107.T,18,-1.0,-0.1685,-3.67,False
gold,3349.T,10,-1.0,-0.231,-5.15,False
gold,3391.T,21,1.0,0.1679,3.65,False
gold,3626.T,3,-1.0,-0.1389,-3.06,False
gold,3635.T,3,-1.0,-0.1574,-3.48,False
gold,3774.T,1,1.0,0.1842,4.1,False
gold,4062.T,26,-1.0,-0.1407,-3.03,True
gold,417A.T,10,-1.0,-0.1453,-3.18,False
gold,4202.T,10,-1.0,-0.1427,-3.13,False
gold,4204.T,21,1.0,0.1515,3.28,False
gold,4516.T,10,-1.0,-0.1582,-3.47,False
gold,4527.T,21,1.0,0.197,4.3,False
gold,4528.T,10,-1.0,-0.156,-3.42,False
gold,4536.T,21,1.0,0.1711,3.72,False
gold,4540.T,21,1.0,0.2154,4.73,False
gold,4544.T,21,1.0,0.1627,3.53,False
gold,4587.T,10,1.0,0.3071,3.68,False
gold,4612.T,19,-1.0,-0.1492,-3.24,False
gold,4613.T,19,-1.0,-0.1454,-3.15,False
gold,4665.T,21,1.0,0.1901,4.15,False
gold,4666.T,21,1.0,0.1659,3.6,False
gold,4676.T,10,-1.0,-0.1803,-3.97,False
gold,4684.T,13,-1.0,-0.2127,-4.7,False
gold,4733.T,9,1.0,0.1825,4.03,False
gold,4912.T,2,1.0,0.1498,3.31,False
gold,4967.T,2,1.0,0.1726,3.83,False
gold,5232.T,16,-1.0,-0.1407,-3.06,False
gold,5471.T,1,-1.0,-0.1499,-3.32,False
gold,5929.T,13,-1.0,-0.1463,-3.2,False
gold,6134.T,14,-1.0,-0.2595,-3.05,False
gold,6268.T,7,1.0,0.1668,3.68,False
gold,6436.T,20,1.0,0.1391,3.01,False
gold,6465.T,13,-1.0,-0.2614,-5.17,False
gold,6586.T,8,-1.0,-0.2055,-4.56,False
gold,6754.T,9,1.0,0.1979,4.38,False
gold,6845.T,20,1.0,0.1545,3.35,False
gold,6923.T,9,1.0,0.143,3.14,False
gold,6925.T,2,1.0,0.1421,3.14,False
gold,7240.T,6,1.0,0.1386,3.05,False
gold,7309.T,21,1.0,0.1512,3.28,False
gold,7459.T,21,1.0,0.1421,3.08,False
gold,7476.T,13,-1.0,-0.1504,-3.29,False
gold,7550.T,6,-1.0,-0.1415,-3.11,False
gold,7649.T,21,1.0,0.1532,3.32,False
gold,7747.T,18,-1.0,-0.1421,-3.09,False
gold,7936.T,1,1.0,0.1565,3.47,False
gold,7956.T,15,1.0,0.1444,3.15,False
gold,7988.T,4,1.0,0.1758,3.9,False
gold,8056.T,24,1.0,0.1496,3.23,False
gold,8060.T,19,-1.0,-0.1675,-3.65,False
gold,8113.T,5,1.0,0.1412,3.11,False
gold,8129.T,22,1.0,0.164,3.56,False
gold,8136.T,21,1.0,0.143,3.1,False
gold,8227.T,21,1.0,0.1743,3.79,False
gold,8242.T,21,1.0,0.1927,4.21,False
gold,8359.T,1,1.0,0.136,3.01,False
gold,8377.T,8,-1.0,-0.1566,-3.44,False
gold,8439.T,26,1.0,0.1615,3.49,False
gold,8570.T,15,-1.0,-0.1573,-3.43,False
gold,8595.T,9,-1.0,-0.1522,-3.34,False
gold,9401.T,6,-1.0,-0.1488,-3.28,False
gold,9404.T,21,1.0,0.1596,3.46,False
gold,9449.T,11,1.0,0.1393,3.05,False
gold,9504.T,2,1.0,0.1551,3.43,False
gold,9505.T,2,1.0,0.1552,3.43,False
gold,9508.T,2,1.0,0.1484,3.28,False
gold,9513.T,2,1.0,0.148,3.27,False
gold,9627.T,10,-1.0,-0.149,-3.07,False
gold,9987.T,11,1.0,0.2418,5.4,False
gold,9989.T,10,-1.0,-0.2007,-4.44,False
gold,1301.T,21,1.0,0.1531,3.32,False
gold,1515.T,20,1.0,0.1479,3.21,True
gold,1852.T,20,1.0,0.1789,3.9,False
gold,1975.T,21,1.0,0.164,3.56,False
gold,2001.T,21,1.0,0.176,3.83,False
gold,2109.T,21,1.0,0.142,3.07,False
gold,2220.T,15,1.0,0.1622,3.55,False
gold,2281.T,15,1.0,0.1713,3.75,False
gold,2317.T,21,1.0,0.1436,3.11,False
gold,2326.T,19,-1.0,-0.1939,-4.03,False
gold,2590.T,2,1.0,0.1501,3.32,False
gold,2602.T,21,1.0,0.2011,4.4,False
gold,2659.T,21,1.0,0.1929,4.21,True
gold,2664.T,21,1.0,0.1909,4.17,False
gold,2678.T,21,1.0,0.1477,3.2,False
gold,2681.T,6,-1.0,-0.1426,-3.14,False
gold,2726.T,21,1.0,0.176,3.83,False
gold,2760.T,21,1.0,0.1613,3.5,False
gold,2767.T,21,1.0,0.149,3.23,False
gold,2918.T,10,-1.0,-0.1802,-3.97,False
gold,3028.T,21,1.0,0.1839,4.01,False
gold,3036.T,16,1.0,0.1804,3.69,False
gold,3050.T,21,1.0,0.1421,3.08,False
gold,3087.T,21,1.0,0.1474,3.19,False
gold,3097.T,7,1.0,0.1747,3.08,False
gold,3201.T,13,-1.0,-0.1386,-3.02,False
gold,3387.T,6,-1.0,-0.1696,-3.75,False
gold,3395.T,5,1.0,0.1545,3.41,False
gold,3433.T,4,1.0,0.1524,3.36,False
gold,3636.T,14,-1.0,-0.1943,-3.57,False
gold,3660.T,14,-1.0,-0.2587,-3.75,False
gold,3661.T,14,-1.0,-0.2368,-3.4,False
gold,3668.T,7,1.0,0.2621,3.39,False
gold,3844.T,7,1.0,0.1761,3.11,False
gold,4008.T,15,1.0,0.1629,3.56,False
gold,4028.T,6,1.0,0.1449,3.19,False
gold,4044.T,5,1.0,0.1371,3.02,False
gold,4046.T,15,1.0,0.1577,3.44,False
gold,4095.T,15,1.0,0.1419,3.09,False
gold,4109.T,3,1.0,0.1514,3.35,False
gold,4212.T,21,1.0,0.1442,3.12,False
gold,4547.T,21,1.0,0.1474,3.19,False
gold,4553.T,13,-1.0,-0.1612,-3.53,False
gold,4559.T,2,1.0,0.1734,3.85,False
gold,4569.T,10,-1.0,-0.1692,-3.72,False
gold,4633.T,14,-1.0,-0.1954,-4.3,False
gold,4686.T,20,-1.0,-0.192,-4.2,False
gold,4812.T,21,1.0,0.1785,3.89,False
gold,4819.T,6,-1.0,-0.1568,-3.46,False
gold,4928.T,2,1.0,0.1502,3.13,False
gold,4971.T,19,-1.0,-0.1436,-3.12,False
gold,5331.T,15,1.0,0.1384,3.01,False
gold,5563.T,19,1.0,0.1842,4.02,False
gold,5741.T,23,-1.0,-0.146,-3.16,False
gold,5857.T,1,1.0,0.1548,3.43,False
gold,5930.T,15,1.0,0.1461,3.18,False
gold,5949.T,8,1.0,0.1672,3.69,False
gold,6055.T,12,-1.0,-0.2055,-3.02,False
gold,6140.T,10,-1.0,-0.1377,-3.01,False
gold,6250.T,1,-1.0,-0.1508,-3.34,False
gold,6254.T,15,1.0,0.1871,3.94,False
gold,6412.T,21,1.0,0.1711,3.72,False
gold,6454.T,3,1.0,0.1445,3.19,True
gold,6590.T,2,-1.0,-0.1523,-3.37,False
gold,6622.T,2,-1.0,-0.1382,-3.05,False
gold,6727.T,9,1.0,0.1634,3.59,False
gold,6744.T,8,-1.0,-0.1533,-3.37,False
gold,6787.T,1,-1.0,-0.1532,-3.39,False
gold,6810.T,21,1.0,0.1961,4.07,False
gold,6908.T,4,1.0,0.1527,3.37,False
gold,6966.T,3,1.0,0.1739,3.86,False
gold,6999.T,1,-1.0,-0.1684,-3.74,False
gold,7173.T,3,1.0,0.4452,3.92,False
gold,7220.T,9,1.0,0.1456,3.19,False
gold,7224.T,17,1.0,0.1685,3.68,False
gold,7241.T,14,1.0,0.1876,4.12,False
gold,7246.T,15,1.0,0.1382,3.01,False
gold,7421.T,15,1.0,0.1585,3.46,False
gold,7516.T,21,1.0,0.1632,3.54,False
gold,7545.T,10,-1.0,-0.1675,-3.68,False
gold,7581.T,10,-1.0,-0.1954,-4.32,False
gold,7611.T,10,-1.0,-0.1754,-3.86,False
gold,7762.T,23,-1.0,-0.1402,-3.03,False
gold,7821.T,17,-1.0,-0.1471,-3.1,True
gold,7826.T,10,-1.0,-0.158,-3.47,False
gold,7860.T,13,-1.0,-0.1508,-3.3,False
gold,7864.T,13,-1.0,-0.1771,-3.89,True
gold,7915.T,24,1.0,0.1536,3.32,False
gold,7947.T,13,-1.0,-0.224,-4.97,False
gold,7966.T,13,-1.0,-0.1543,-3.37,False
gold,7981.T,10,-1.0,-0.1574,-3.46,False
gold,7995.T,4,1.0,0.1434,3.16,False
gold,8008.T,21,1.0,0.1454,3.15,False
gold,8061.T,25,-1.0,-0.1493,-3.22,False
gold,8074.T,15,1.0,0.1587,3.47,False
gold,8098.T,3,1.0,0.1442,3.18,False
gold,8125.T,22,1.0,0.1459,3.16,False
gold,8153.T,21,1.0,0.1499,3.25,False
gold,8179.T,15,1.0,0.1643,3.59,False
gold,8194.T,21,1.0,0.1402,3.03,False
gold,8214.T,21,1.0,0.1584,3.44,False
gold,8218.T,11,1.0,0.1607,3.53,False
gold,8276.T,10,-1.0,-0.1578,-3.46,False
gold,8281.T,21,1.0,0.182,3.96,False
gold,8336.T,11,1.0,0.1435,3.14,False
gold,8346.T,3,1.0,0.1391,3.07,False
gold,8358.T,1,1.0,0.1607,3.56,False
gold,8366.T,1,1.0,0.148,3.27,False
gold,8367.T,2,1.0,0.1438,3.18,False
gold,8386.T,4,1.0,0.1628,3.6,False
gold,8425.T,21,1.0,0.1913,4.18,False
gold,8524.T,4,1.0,0.284,3.82,False
gold,8544.T,1,1.0,0.1406,3.11,False
gold,8566.T,11,1.0,0.1739,3.82,False
gold,8600.T,3,1.0,0.1392,3.07,False
gold,8714.T,9,1.0,0.1539,3.38,False
gold,8803.T,3,1.0,0.1604,3.55,False
gold,8892.T,25,-1.0,-0.1414,-3.05,False
gold,8897.T,5,1.0,0.1376,3.03,False
gold,8923.T,1,-1.0,-0.138,-3.03,False
gold,8934.T,25,-1.0,-0.1419,-3.06,False
gold,9119.T,12,1.0,0.1438,3.14,False
gold,9409.T,11,1.0,0.1626,3.57,False
gold,9412.T,11,1.0,0.1461,3.2,True
gold,9413.T,10,-1.0,-0.141,-3.09,False
gold,9418.T,25,1.0,0.4079,3.19,False
gold,9511.T,6,-1.0,-0.1913,-4.24,False
gold,9543.T,2,1.0,0.1531,3.39,False
gold,9605.T,13,-1.0,-0.1982,-4.37,False
gold,9621.T,15,1.0,0.1583,3.46,False
gold,9692.T,21,1.0,0.1425,3.09,False
gold,9715.T,6,-1.0,-0.1561,-3.44,False
gold,9824.T,21,1.0,0.1631,3.54,False
gold,9842.T,1,-1.0,-0.1631,-3.62,False
gold,9869.T,21,1.0,0.1721,3.74,False
gold,9936.T,21,1.0,0.171,3.72,False
gold,9948.T,21,1.0,0.1428,3.09,False
gold,9956.T,21,1.0,0.1475,3.19,False
gold,9960.T,11,1.0,0.1388,3.03,False
gold,9974.T,21,1.0,0.196,4.03,False
silver,1605.T,8,-1.0,-0.1472,-3.23,False
silver,2413.T,21,1.0,0.1646,3.57,False
silver,2914.T,12,-1.0,-0.1927,-4.25,False
silver,3086.T,2,-1.0,-0.1726,-3.83,False
silver,3401.T,1,-1.0,-0.1976,-4.41,False
silver,3402.T,1,-1.0,-0.2034,-4.55,False
silver,4004.T,1,-1.0,-0.1498,-3.32,False
silver,4061.T,4,-1.0,-0.1431,-3.15,False
silver,4151.T,1,1.0,0.1399,3.09,False
silver,4183.T,1,-1.0,-0.1605,-3.56,False
silver,4502.T,21,1.0,0.1502,3.25,False
silver,4507.T,10,-1.0,-0.1818,-4.01,False
silver,4568.T,24,1.0,0.1455,3.14,False
silver,4704.T,3,-1.0,-0.1475,-3.26,False
silver,4751.T,25,-1.0,-0.1449,-3.12,False
silver,4902.T,5,-1.0,-0.1435,-3.16,False
silver,5301.T,3,1.0,0.1664,3.69,False
silver,5401.T,3,1.0,0.1532,3.39,False
silver,5802.T,24,-1.0,-0.1517,-3.28,False
silver,6146.T,7,1.0,0.154,3.39,False
silver,6301.T,3,1.0,0.1529,3.38,False
silver,6302.T,1,-1.0,-0.155,-3.43,False
silver,6326.T,4,-1.0,-0.1385,-3.05,False
silver,6367.T,21,-1.0,-0.143,-3.09,False
silver,6645.T,1,-1.0,-0.1616,-3.58,False
silver,6902.T,9,1.0,0.1597,3.51,False
silver,6954.T,3,1.0,0.1447,3.19,False
silver,7012.T,3,1.0,0.1456,3.21,False
silver,7731.T,7,1.0,0.1797,3.97,False
silver,7733.T,3,1.0,0.2144,4.79,False
silver,7751.T,21,-1.0,-0.149,-3.23,False
silver,8031.T,1,-1.0,-0.1455,-3.22,False
silver,8058.T,1,-1.0,-0.1359,-3.0,False
silver,8252.T,22,-1.0,-0.1565,-3.39,False
silver,8267.T,21,1.0,0.159,3.45,False
silver,8304.T,2,1.0,0.1639,3.61,False
silver,8308.T,5,-1.0,-0.1917,-4.26,False
silver,8411.T,5,-1.0,-0.1414,-3.11,False
silver,8591.T,14,1.0,0.1953,4.3,False
silver,8725.T,6,-1.0,-0.2399,-4.95,False
silver,8766.T,10,1.0,0.1508,3.31,False
silver,8804.T,1,-1.0,-0.1477,-3.27,False
silver,9101.T,1,-1.0,-0.1438,-3.18,False
silver,9104.T,11,-1.0,-0.162,-3.56,False
silver,9501.T,6,-1.0,-0.1688,-3.73,False
silver,9502.T,7,-1.0,-0.155,-3.41,False
silver,9532.T,10,-1.0,-0.1546,-3.39,False
silver,9766.T,1,1.0,0.1644,3.65,False
silver,1820.T,21,-1.0,-0.152,-3.29,False
silver,1911.T,10,-1.0,-0.1651,-3.63,False
silver,1969.T,26,1.0,0.1571,3.39,False
silver,2331.T,13,-1.0,-0.1466,-3.2,False
silver,2371.T,14,-1.0,-0.1527,-3.34,False
silver,2531.T,24,1.0,0.1403,3.03,False
silver,2670.T,11,1.0,0.1516,3.32,True
silver,2809.T,2,1.0,0.1384,3.06,False
silver,2875.T,21,1.0,0.1642,3.57,False
silver,3048.T,19,1.0,0.1994,4.02,False
silver,3107.T,6,-1.0,-0.1557,-3.43,False
silver,3349.T,10,-1.0,-0.2055,-4.55,False
silver,3635.T,3,-1.0,-0.1491,-3.29,False
silver,3769.T,4,1.0,0.1429,3.15,False
silver,4045.T,4,1.0,0.1796,3.98,False
silver,4204.T,21,1.0,0.1742,3.79,False
silver,4516.T,10,-1.0,-0.1863,-4.11,False
silver,4527.T,21,1.0,0.1766,3.84,False
silver,4528.T,2,1.0,0.1425,3.15,False
silver,4540.T,21,1.0,0.1534,3.33,False
silver,4544.T,10,-1.0,-0.1595,-3.5,False
silver,4587.T,10,1.0,0.2961,3.54,False
silver,4612.T,19,-1.0,-0.14,-3.04,False
silver,4665.T,21,1.0,0.1417,3.07,False
silver,4666.T,21,1.0,0.152,3.3,False
silver,4676.T,10,-1.0,-0.1424,-3.12,False
silver,4684.T,13,-1.0,-0.1686,-3.7,False
silver,4733.T,9,1.0,0.1489,3.27,False
silver,4922.T,11,1.0,0.1377,3.01,False
silver,4967.T,2,1.0,0.1529,3.38,False
silver,5471.T,1,-1.0,-0.1796,-4.0,False
silver,5929.T,13,-1.0,-0.1446,-3.16,False
silver,5938.T,2,1.0,0.1441,3.18,False
silver,5947.T,24,1.0,0.1414,3.05,False
silver,6134.T,14,-1.0,-0.2631,-3.1,False
silver,6268.T,7,1.0,0.161,3.55,False
silver,6448.T,10,1.0,0.1569,3.44,False
silver,6465.T,13,-1.0,-0.1993,-3.89,False
silver,6481.T,13,1.0,0.1376,3.0,False
silver,6586.T,8,-1.0,-0.1947,-4.31,False
silver,6806.T,18,-1.0,-0.14,-3.04,False
silver,6849.T,22,1.0,0.1704,3.7,False
silver,7167.T,21,1.0,0.3256,3.49,False
silver,7550.T,6,-1.0,-0.1598,-3.52,False
silver,7649.T,21,1.0,0.1699,3.69,False
silver,7988.T,4,1.0,0.1509,3.33,False
silver,8060.T,5,1.0,0.1483,3.27,False
silver,8129.T,22,1.0,0.1441,3.12,False
silver,8174.T,16,-1.0,-0.1437,-3.13,False
silver,8227.T,13,-1.0,-0.1466,-3.2,False
silver,8242.T,21,1.0,0.2053,4.49,False
silver,8282.T,25,-1.0,-0.1449,-3.12,False
silver,8334.T,13,-1.0,-0.1449,-3.16,False
silver,8410.T,6,-1.0,-0.1751,-3.09,False
silver,8570.T,15,-1.0,-0.1468,-3.2,False
silver,9404.T,21,1.0,0.1578,3.42,False
silver,9504.T,7,-1.0,-0.1573,-3.46,False
silver,9505.T,7,-1.0,-0.1596,-3.52,False
silver,9513.T,2,1.0,0.1404,3.1,False
silver,9616.T,14,-1.0,-0.1473,-3.21,True
silver,9627.T,24,1.0,0.1853,3.84,False
silver,9987.T,11,1.0,0.1632,3.58,False
silver,9989.T,10,-1.0,-0.1822,-4.02,False
silver,1852.T,20,1.0,0.1387,3.0,False
silver,1975.T,10,-1.0,-0.1453,-3.18,False
silver,1980.T,21,1.0,0.1537,3.33,False
silver,2001.T,14,-1.0,-0.1455,-3.17,False
silver,2109.T,21,1.0,0.1473,3.19,False
silver,2281.T,9,-1.0,-0.1404,-3.08,False
silver,2317.T,21,1.0,0.1433,3.1,False
silver,2326.T,19,-1.0,-0.1893,-3.93,False
silver,2659.T,21,1.0,0.1678,3.65,False
silver,2664.T,21,1.0,0.1494,3.24,False
silver,2678.T,21,1.0,0.1449,3.14,False
silver,2767.T,9,1.0,0.1421,3.11,False
silver,2918.T,10,-1.0,-0.1512,-3.32,False
silver,3050.T,11,1.0,0.1577,3.46,False
silver,3087.T,10,-1.0,-0.1566,-3.44,False
silver,3097.T,7,1.0,0.178,3.14,False
silver,3201.T,17,1.0,0.1385,3.01,False
silver,3387.T,13,-1.0,-0.1671,-3.66,False
silver,3636.T,14,-1.0,-0.1705,-3.12,False
silver,3660.T,14,-1.0,-0.2113,-3.03,False
silver,3661.T,14,-1.0,-0.2705,-3.92,False
silver,3668.T,7,1.0,0.2437,3.14,False
silver,3844.T,7,1.0,0.1711,3.02,False
silver,4008.T,15,1.0,0.1508,3.29,False
silver,4028.T,6,1.0,0.1981,4.4,False
silver,4041.T,22,1.0,0.1412,3.05,False
silver,4109.T,3,1.0,0.1494,3.3,False
silver,4216.T,1,-1.0,-0.1378,-3.04,False
silver,4369.T,23,-1.0,-0.1545,-3.26,False
silver,4521.T,10,-1.0,-0.1373,-3.0,False
silver,4547.T,2,1.0,0.1526,3.38,False
silver,4559.T,2,1.0,0.1694,3.76,False
silver,4617.T,3,1.0,0.1386,3.06,False
silver,4633.T,14,-1.0,-0.1518,-3.32,False
silver,4686.T,20,-1.0,-0.1568,-3.41,False
silver,4849.T,7,1.0,0.1369,3.0,False
silver,5302.T,7,1.0,0.1451,3.19,False
silver,5423.T,3,1.0,0.139,3.07,False
silver,5451.T,7,-1.0,-0.1411,-3.1,False
silver,5943.T,25,-1.0,-0.1415,-3.05,True
silver,5949.T,8,1.0,0.1369,3.0,False
silver,6104.T,3,1.0,0.1373,3.03,False
silver,6140.T,10,-1.0,-0.141,-3.09,False
silver,6254.T,15,1.0,0.1622,3.4,False
silver,6371.T,11,1.0,0.1572,3.45,False
silver,6630.T,10,-1.0,-0.1901,-3.36,False
silver,6727.T,9,1.0,0.1632,3.59,False
silver,6744.T,10,-1.0,-0.1582,-3.47,False
silver,6787.T,17,-1.0,-0.1411,-3.07,False
silver,6810.T,21,1.0,0.16,3.3,False
silver,6908.T,4,1.0,0.1922,4.27,False
silver,6966.T,3,1.0,0.1602,3.54,False
silver,7241.T,13,1.0,0.1976,4.36,False
silver,7545.T,21,1.0,0.1486,3.22,False
silver,7581.T,10,-1.0,-0.183,-4.04,False
silver,7821.T,17,-1.0,-0.1495,-3.15,True
silver,7826.T,21,1.0,0.1539,3.34,False
silver,7860.T,13,-1.0,-0.1642,-3.6,False
silver,7864.T,13,-1.0,-0.1614,-3.53,False
silver,7915.T,15,1.0,0.1386,3.02,False
silver,7947.T,13,-1.0,-0.1808,-3.97,False
silver,7981.T,10,-1.0,-0.1548,-3.4,False
silver,8016.T,2,1.0,0.1469,3.25,False
silver,8074.T,15,1.0,0.142,3.09,False
silver,8098.T,3,1.0,0.1489,3.29,False
silver,8214.T,11,1.0,0.1624,3.57,False
silver,8218.T,11,1.0,0.1408,3.08,False
silver,8281.T,10,-1.0,-0.1442,-3.16,False
silver,8386.T,4,1.0,0.1533,3.38,False
silver,8425.T,21,1.0,0.144,3.12,False
silver,8524.T,5,-1.0,-0.2394,-3.18,False
silver,8584.T,7,1.0,0.1452,3.19,False
silver,8714.T,9,1.0,0.143,3.14,False
silver,8850.T,16,1.0,0.1596,3.48,False
silver,8934.T,1,-1.0,-0.1445,-3.13,False
silver,9511.T,6,-1.0,-0.202,-4.49,False
silver,9605.T,13,-1.0,-0.1738,-3.81,False
silver,9621.T,15,1.0,0.1445,3.15,False
silver,9678.T,2,1.0,0.1586,3.51,False
silver,9682.T,26,1.0,0.149,3.21,True
silver,9830.T,25,-1.0,-0.1532,-3.31,False
silver,9832.T,11,1.0,0.1383,3.02,False
silver,9842.T,1,-1.0,-0.1444,-3.19,False
silver,9869.T,21,1.0,0.1448,3.13,False
silver,9882.T,1,-1.0,-0.1504,-3.33,False
silver,9936.T,21,1.0,0.1507,3.27,False
silver,9948.T,10,-1.0,-0.1513,-3.32,False
silver,9974.T,21,1.0,0.1601,3.27,False
plat,2413.T,24,1.0,0.1772,3.04,False
plat,2801.T,3,-1.0,-0.171,-3.03,False
plat,3659.T,20,1.0,0.2115,3.12,False
plat,4507.T,11,1.0,0.1744,3.05,False
plat,4689.T,17,1.0,0.1764,3.06,False
plat,4911.T,16,-1.0,-0.1732,-3.0,False
plat,6645.T,12,1.0,0.2444,4.34,False
plat,6857.T,14,1.0,0.1927,3.37,False
plat,7733.T,6,1.0,0.1945,3.45,False
plat,8411.T,21,1.0,0.1854,3.2,False
plat,8697.T,7,-1.0,-0.1711,-3.01,False
plat,9104.T,11,-1.0,-0.1762,-3.08,False
plat,1860.T,8,-1.0,-0.1733,-3.05,False
plat,2127.T,24,1.0,0.183,3.14,False
plat,2264.T,1,1.0,0.1871,3.34,False
plat,2327.T,19,-1.0,-0.1881,-3.26,False
plat,2670.T,9,1.0,0.174,3.06,False
plat,3107.T,18,-1.0,-0.179,-3.1,False
plat,3288.T,3,-1.0,-0.2784,-3.12,False
plat,3591.T,15,1.0,0.1818,3.16,False
plat,4205.T,25,1.0,0.2133,3.67,False
plat,4401.T,18,-1.0,-0.1767,-3.06,False
plat,4540.T,13,-1.0,-0.1807,-3.16,False
plat,4544.T,26,1.0,0.1857,3.17,False
plat,4587.T,10,1.0,0.2671,3.16,False
plat,4733.T,9,1.0,0.2038,3.6,False
plat,6268.T,12,1.0,0.1858,3.25,False
plat,6417.T,15,1.0,0.1814,3.16,False
plat,6460.T,7,1.0,0.1764,3.11,False
plat,7729.T,5,1.0,0.1747,3.09,False
plat,7747.T,18,-1.0,-0.2127,-3.71,False
plat,8136.T,17,1.0,0.1814,3.15,False
plat,8876.T,25,-1.0,-0.1984,-3.4,False
plat,9468.T,1,-1.0,-0.3984,-3.42,False
plat,9962.T,8,1.0,0.1719,3.02,False
plat,167A.T,8,-1.0,-0.2093,-3.71,False
plat,1833.T,18,-1.0,-0.1975,-3.43,False
plat,1870.T,8,-1.0,-0.1906,-3.36,False
plat,1882.T,18,-1.0,-0.1823,-3.16,False
plat,1952.T,18,-1.0,-0.1779,-3.08,False
plat,1975.T,8,-1.0,-0.2042,-3.61,False
plat,2124.T,10,1.0,0.192,3.38,False
plat,2157.T,7,1.0,0.2106,3.74,False
plat,2270.T,3,-1.0,-0.1728,-3.06,False
plat,2281.T,18,-1.0,-0.2439,-4.28,False
plat,2492.T,24,1.0,0.1794,3.07,False
plat,2791.T,14,-1.0,-0.2106,-3.69,False
plat,2918.T,9,1.0,0.1834,3.23,False
plat,3762.T,24,1.0,0.1828,3.13,False
plat,4553.T,13,-1.0,-0.1901,-3.32,False
plat,4569.T,18,-1.0,-0.1767,-3.06,False
plat,4958.T,18,-1.0,-0.1831,-3.17,False
plat,4971.T,19,-1.0,-0.2167,-3.77,False
plat,5331.T,20,1.0,0.175,3.02,False
plat,5911.T,18,-1.0,-0.2088,-3.64,False
plat,5930.T,20,1.0,0.224,3.9,False
plat,6088.T,6,-1.0,-0.3004,-3.2,True
plat,6250.T,18,-1.0,-0.1895,-3.29,False
plat,6458.T,19,-1.0,-0.1949,-3.38,False
plat,6630.T,11,1.0,0.1864,3.27,False
plat,6750.T,6,1.0,0.2387,4.27,False
plat,6804.T,6,1.0,0.1814,3.2,False
plat,6875.T,9,1.0,0.1742,3.06,False
plat,6966.T,3,1.0,0.2197,3.93,False
plat,7173.T,3,1.0,0.3637,3.07,False
plat,7456.T,18,-1.0,-0.1855,-3.21,False
plat,7821.T,17,-1.0,-0.1902,-3.3,False
plat,7826.T,10,-1.0,-0.215,-3.8,False
plat,7972.T,21,-1.0,-0.1804,-3.11,False
plat,7976.T,8,-1.0,-0.1929,-3.4,False
plat,8098.T,18,-1.0,-0.1774,-3.07,False
plat,8130.T,18,-1.0,-0.1805,-3.12,False
plat,8200.T,8,-1.0,-0.1953,-3.45,False
plat,8278.T,8,-1.0,-0.1955,-3.45,False
plat,8346.T,18,-1.0,-0.1783,-3.09,False
plat,8368.T,18,-1.0,-0.1765,-3.05,False
plat,8381.T,24,1.0,0.1755,3.0,False
plat,8386.T,8,-1.0,-0.1897,-3.35,False
plat,8600.T,18,-1.0,-0.1929,-3.35,False
plat,8616.T,18,-1.0,-0.1916,-3.32,False
plat,8714.T,17,1.0,0.1739,3.01,False
plat,9830.T,18,-1.0,-0.177,-3.06,False
plat,9842.T,25,-1.0,-0.1771,-3.03,False
plat,9948.T,18,-1.0,-0.182,-3.15,False
pall,2501.T,21,1.0,0.1751,3.01,False
pall,2801.T,20,-1.0,-0.1913,-3.31,True
pall,3659.T,20,1.0,0.2437,3.62,False
pall,4507.T,11,1.0,0.1888,3.31,False
pall,6645.T,12,1.0,0.2032,3.57,False
pall,6857.T,14,1.0,0.2167,3.81,False
pall,7013.T,20,1.0,0.1932,3.34,False
pall,8031.T,7,-1.0,-0.1825,-3.22,False
pall,8267.T,14,-1.0,-0.2096,-3.68,False
pall,1333.T,17,-1.0,-0.3051,-3.0,False
pall,1414.T,8,-1.0,-0.1811,-3.19,False
pall,1860.T,8,-1.0,-0.1933,-3.41,False
pall,2670.T,17,1.0,0.2097,3.66,False
pall,4401.T,18,-1.0,-0.1791,-3.1,False
pall,4403.T,14,-1.0,-0.1798,-3.13,False
pall,4544.T,17,1.0,0.1774,3.08,False
pall,4684.T,18,-1.0,-0.1774,-3.07,False
pall,4733.T,9,1.0,0.1882,3.31,False
pall,5232.T,8,-1.0,-0.1834,-3.23,False
pall,5929.T,8,-1.0,-0.2001,-3.54,False
pall,6268.T,12,1.0,0.1875,3.28,False
pall,6457.T,13,-1.0,-0.2003,-3.51,False
pall,6856.T,20,1.0,0.175,3.02,False
pall,8129.T,18,-1.0,-0.1894,-3.28,True
pall,8136.T,17,1.0,0.208,3.63,False
pall,9504.T,7,-1.0,-0.1762,-3.11,False
pall,9506.T,14,-1.0,-0.1816,-3.17,False
pall,9934.T,9,1.0,0.1962,3.46,False
pall,1419.T,2,-1.0,-0.2483,-3.04,False
pall,1662.T,25,1.0,0.2206,3.8,False
pall,1870.T,8,-1.0,-0.2156,-3.82,False
pall,1975.T,8,-1.0,-0.2218,-3.94,False
pall,2157.T,7,1.0,0.1912,3.38,False
pall,2791.T,14,-1.0,-0.1812,-3.16,False
pall,3148.T,25,-1.0,-0.1984,-3.41,False
pall,3395.T,1,1.0,0.2133,3.83,False
pall,3762.T,24,1.0,0.1927,3.31,False
pall,4023.T,9,1.0,0.2164,3.83,False
pall,4521.T,17,1.0,0.1814,3.15,False
pall,4569.T,18,-1.0,-0.2284,-4.0,False
pall,4825.T,11,1.0,0.1797,3.15,False
pall,4914.T,8,-1.0,-0.209,-3.7,False
pall,4971.T,19,-1.0,-0.2073,-3.6,False
pall,5331.T,18,-1.0,-0.1898,-3.29,False
pall,5451.T,8,-1.0,-0.2215,-3.93,False
pall,5702.T,17,1.0,0.1733,3.0,False
pall,5715.T,7,-1.0,-0.1771,-3.12,False
pall,6036.T,12,-1.0,-0.4667,-3.46,False
pall,6088.T,17,-1.0,-0.3001,-3.19,False
pall,6287.T,2,-1.0,-0.1794,-3.19,False
pall,6454.T,9,1.0,0.1762,3.09,True
pall,6652.T,19,1.0,0.181,3.13,False
pall,6875.T,9,1.0,0.1912,3.37,False
pall,6908.T,7,1.0,0.1837,3.24,False
pall,7456.T,18,-1.0,-0.1802,-3.12,False
pall,7826.T,10,-1.0,-0.1973,-3.47,False
pall,7943.T,18,-1.0,-0.1746,-3.02,False
pall,8125.T,17,1.0,0.1765,3.06,False
pall,8160.T,1,1.0,0.1735,3.09,False
pall,8358.T,10,1.0,0.1779,3.12,False
pall,8367.T,14,-1.0,-0.1934,-3.38,False
pall,8616.T,18,-1.0,-0.1939,-3.37,False
pall,8714.T,17,1.0,0.2071,3.61,False
pall,8848.T,13,-1.0,-0.2625,-4.67,False
pall,9409.T,14,-1.0,-0.1861,-3.25,False
pall,9511.T,6,-1.0,-0.2235,-3.98,False
pall,9692.T,17,1.0,0.1899,3.3,False
pall,9793.T,14,-1.0,-0.1804,-3.15,False
natgas,2802.T,13,-1.0,-0.1525,-3.23,False
natgas,3659.T,25,-1.0,-0.2073,-3.06,False
natgas,4004.T,5,-1.0,-0.1475,-3.15,False
natgas,4661.T,12,-1.0,-0.1519,-3.22,False
natgas,4689.T,12,-1.0,-0.1459,-3.09,False
natgas,5201.T,23,-1.0,-0.162,-3.4,False
natgas,5711.T,1,-1.0,-0.151,-3.24,False
natgas,5714.T,26,-1.0,-0.1722,-3.6,False
natgas,5801.T,26,1.0,0.1665,3.48,False
natgas,5802.T,24,-1.0,-0.1668,-3.5,False
natgas,6302.T,1,-1.0,-0.1439,-3.09,False
natgas,6504.T,6,1.0,0.1535,3.28,False
natgas,7832.T,12,-1.0,-0.1422,-3.01,False
natgas,7911.T,11,-1.0,-0.1631,-3.47,False
natgas,8001.T,19,-1.0,-0.1572,-3.31,False
natgas,8015.T,24,-1.0,-0.1506,-3.15,False
natgas,8035.T,23,-1.0,-0.1446,-3.02,False
natgas,8354.T,2,1.0,0.1654,3.55,True
natgas,8630.T,8,-1.0,-0.1774,-3.11,False
natgas,8801.T,3,1.0,0.1678,3.6,False
natgas,9983.T,23,1.0,0.145,3.03,False
natgas,1333.T,1,-1.0,-0.3337,-3.32,False
natgas,1951.T,2,1.0,0.1446,3.1,False
natgas,2229.T,13,-1.0,-0.2097,-3.38,False
natgas,3349.T,13,-1.0,-0.164,-3.48,False
natgas,4118.T,9,-1.0,-0.1671,-3.56,False
natgas,4401.T,14,-1.0,-0.1464,-3.09,False
natgas,4403.T,4,1.0,0.1701,3.65,True
natgas,4665.T,12,-1.0,-0.1972,-4.21,False
natgas,4676.T,6,-1.0,-0.1601,-3.42,False
natgas,4684.T,22,1.0,0.1443,3.02,False
natgas,5393.T,5,-1.0,-0.1706,-3.66,False
natgas,5471.T,5,-1.0,-0.1438,-3.07,False
natgas,6728.T,4,1.0,0.1478,3.16,False
natgas,7189.T,2,1.0,0.1409,3.01,False
natgas,7240.T,1,-1.0,-0.1413,-3.03,False
natgas,7550.T,6,-1.0,-0.165,-3.53,False
natgas,7616.T,13,-1.0,-0.1514,-3.2,False
natgas,7729.T,24,1.0,0.144,3.01,False
natgas,8377.T,7,1.0,0.1421,3.03,False
natgas,8418.T,2,1.0,0.1418,3.03,True
natgas,8424.T,2,1.0,0.1452,3.11,False
natgas,8439.T,4,1.0,0.1452,3.1,False
natgas,8593.T,9,-1.0,-0.1625,-3.46,False
natgas,8595.T,3,1.0,0.1407,3.01,False
natgas,8876.T,25,-1.0,-0.1791,-3.16,False
natgas,9404.T,12,-1.0,-0.1502,-3.18,False
natgas,9449.T,9,-1.0,-0.1611,-3.43,False
natgas,9508.T,21,1.0,0.1519,3.19,False
natgas,9509.T,21,1.0,0.1536,3.22,False
natgas,9934.T,21,1.0,0.1767,3.72,False
natgas,2001.T,12,-1.0,-0.164,-3.48,False
natgas,2590.T,12,-1.0,-0.1717,-3.65,False
natgas,2685.T,5,-1.0,-0.1408,-3.0,False
natgas,2726.T,13,-1.0,-0.1956,-4.17,False
natgas,3034.T,26,-1.0,-0.1753,-3.47,False
natgas,3636.T,19,1.0,0.1816,3.33,False
natgas,3863.T,19,-1.0,-0.3103,-3.86,False
natgas,4565.T,13,-1.0,-0.1452,-3.07,False
natgas,4617.T,1,-1.0,-0.1535,-3.3,True
natgas,4722.T,4,1.0,0.1488,3.18,True
natgas,4985.T,12,-1.0,-0.1528,-3.24,False
natgas,5302.T,23,-1.0,-0.1751,-3.68,False
natgas,5331.T,18,-1.0,-0.1448,-3.05,False
natgas,5726.T,25,-1.0,-0.1561,-3.26,False
natgas,6055.T,9,-1.0,-0.2102,-3.09,False
natgas,6254.T,26,-1.0,-0.1444,-3.01,False
natgas,6287.T,26,1.0,0.1533,3.2,False
natgas,6376.T,16,-1.0,-0.1546,-3.26,False
natgas,6395.T,2,1.0,0.1616,3.47,False
natgas,6407.T,5,-1.0,-0.1529,-3.27,False
natgas,6508.T,9,-1.0,-0.1549,-3.3,False
natgas,6768.T,4,1.0,0.1405,3.0,False
natgas,6871.T,2,1.0,0.1836,3.96,False
natgas,6966.T,1,-1.0,-0.1467,-3.15,False
natgas,7224.T,17,1.0,0.1882,3.99,False
natgas,7513.T,2,1.0,0.1498,3.21,False
natgas,7575.T,2,1.0,0.1417,3.03,False
natgas,7630.T,12,-1.0,-0.1477,-3.13,False
natgas,7839.T,2,1.0,0.1464,3.07,False
natgas,8074.T,5,-1.0,-0.1429,-3.05,False
natgas,8130.T,21,1.0,0.1633,3.43,False
natgas,8133.T,21,1.0,0.1513,3.17,False
natgas,8200.T,13,-1.0,-0.1632,-3.46,False
natgas,8613.T,17,1.0,0.1548,3.26,False
natgas,8616.T,8,-1.0,-0.1429,-3.04,False
natgas,8892.T,18,-1.0,-0.1491,-3.14,False
natgas,8897.T,2,1.0,0.163,3.5,False
natgas,9119.T,12,1.0,0.1536,3.26,False
natgas,9603.T,4,1.0,0.1622,3.47,False
natgas,9605.T,12,-1.0,-0.1419,-3.0,True
natgas,9722.T,22,1.0,0.1479,3.1,False
natgas,9746.T,12,-1.0,-0.1509,-3.2,False
natgas,9830.T,20,1.0,0.1444,3.03,False
natgas,9869.T,12,-1.0,-0.1837,-3.92,False
gasoline,1605.T,2,1.0,0.1626,3.31,False
gasoline,1803.T,2,-1.0,-0.1806,-3.69,False
gasoline,1808.T,14,1.0,0.2154,4.37,False
gasoline,1963.T,16,-1.0,-0.1576,-3.15,False
gasoline,2269.T,15,1.0,0.1727,3.28,False
gasoline,2502.T,19,1.0,0.1593,3.17,False
gasoline,2914.T,23,1.0,0.1558,3.09,False
gasoline,3086.T,17,1.0,0.1532,3.06,True
gasoline,3099.T,4,1.0,0.1714,3.49,False
gasoline,3659.T,18,-1.0,-0.2216,-3.28,False
gasoline,4061.T,21,-1.0,-0.1634,-3.25,False
gasoline,4063.T,7,1.0,0.1876,3.82,False
gasoline,4502.T,23,1.0,0.1929,3.85,False
gasoline,4503.T,23,1.0,0.1668,3.31,False
gasoline,4523.T,19,1.0,0.1529,3.04,False
gasoline,4568.T,12,1.0,0.1914,3.87,False
gasoline,4755.T,19,1.0,0.1595,3.18,False
gasoline,4902.T,4,1.0,0.1556,3.16,False
gasoline,5019.T,9,-1.0,-0.1601,-3.23,False
gasoline,5101.T,8,1.0,0.1656,3.35,False
gasoline,5108.T,4,1.0,0.1587,3.22,False
gasoline,5214.T,16,-1.0,-0.2001,-4.03,False
gasoline,5406.T,14,1.0,0.1776,3.57,False
gasoline,543A.T,2,1.0,0.1735,3.54,False
gasoline,5706.T,23,-1.0,-0.1916,-3.82,False
gasoline,5711.T,4,1.0,0.1903,3.89,False
gasoline,5801.T,14,1.0,0.1726,3.47,False
gasoline,6103.T,16,-1.0,-0.1569,-3.14,False
gasoline,6326.T,6,-1.0,-0.2073,-4.24,False
gasoline,6501.T,8,1.0,0.1955,3.98,False
gasoline,6504.T,22,-1.0,-0.1661,-3.3,False
gasoline,6701.T,24,-1.0,-0.1706,-3.38,False
gasoline,6752.T,1,1.0,0.1622,3.31,False
gasoline,6770.T,22,-1.0,-0.1717,-3.42,False
gasoline,6841.T,8,1.0,0.1759,3.56,False
gasoline,6861.T,5,1.0,0.2195,4.51,False
gasoline,6902.T,2,1.0,0.1698,3.46,False
gasoline,6954.T,9,-1.0,-0.1506,-3.04,False
gasoline,6971.T,3,-1.0,-0.1812,-3.7,False
gasoline,6976.T,8,1.0,0.184,3.73,False
gasoline,6981.T,11,-1.0,-0.1535,-3.09,False
gasoline,6988.T,23,-1.0,-0.1591,-3.15,False
gasoline,7013.T,8,1.0,0.1924,3.91,False
gasoline,7201.T,1,1.0,0.1561,3.18,False
gasoline,7261.T,18,-1.0,-0.1583,-3.16,False
gasoline,7267.T,2,1.0,0.2046,4.2,True
gasoline,7731.T,2,1.0,0.1517,3.08,True
gasoline,8035.T,23,-1.0,-0.202,-4.04,False
gasoline,8053.T,13,-1.0,-0.1519,-3.05,False
gasoline,8058.T,21,-1.0,-0.157,-3.12,False
gasoline,8253.T,11,1.0,0.1611,3.24,False
gasoline,8304.T,5,-1.0,-0.1763,-3.59,False
gasoline,8306.T,3,1.0,0.158,3.21,False
gasoline,8308.T,8,-1.0,-0.1637,-3.31,False
gasoline,8309.T,3,1.0,0.184,3.76,False
gasoline,8331.T,8,-1.0,-0.1604,-3.24,False
gasoline,8411.T,3,1.0,0.1651,3.36,False
gasoline,8591.T,14,1.0,0.1642,3.3,False
gasoline,8725.T,8,-1.0,-0.2254,-4.62,False
gasoline,8766.T,8,-1.0,-0.1981,-4.03,False
gasoline,8795.T,14,1.0,0.1938,3.91,False
gasoline,8830.T,23,-1.0,-0.1586,-3.14,False
gasoline,9432.T,9,-1.0,-0.1768,-3.58,False
gasoline,9531.T,2,-1.0,-0.1587,-3.23,False
gasoline,9532.T,23,1.0,0.1671,3.32,False
gasoline,9602.T,21,1.0,0.1743,3.47,False
gasoline,9735.T,1,-1.0,-0.1582,-3.22,True
gasoline,1878.T,12,1.0,0.1511,3.03,False
gasoline,2127.T,11,1.0,0.1681,3.39,False
gasoline,2327.T,22,1.0,0.1641,3.26,False
gasoline,2607.T,23,1.0,0.1708,3.39,False
gasoline,2670.T,19,1.0,0.1524,3.03,True
gasoline,2810.T,23,1.0,0.174,3.46,False
gasoline,2811.T,23,1.0,0.1552,3.08,False
gasoline,2875.T,23,1.0,0.1865,3.71,False
gasoline,2897.T,23,1.0,0.1776,3.53,False
gasoline,3105.T,23,-1.0,-0.1573,-3.12,False
gasoline,3107.T,22,1.0,0.1889,3.77,False
gasoline,3116.T,4,1.0,0.2126,4.36,False
gasoline,3391.T,23,1.0,0.1579,3.13,False
gasoline,4062.T,16,-1.0,-0.1504,-3.0,False
gasoline,4114.T,14,1.0,0.1534,3.07,False
gasoline,4118.T,9,-1.0,-0.1513,-3.05,False
gasoline,4202.T,7,1.0,0.2018,4.12,False
gasoline,4203.T,9,-1.0,-0.18,-3.65,False
gasoline,4403.T,8,-1.0,-0.1683,-3.41,False
gasoline,4666.T,9,-1.0,-0.1682,-3.4,False
gasoline,4732.T,10,1.0,0.2055,4.18,False
gasoline,4967.T,19,1.0,0.1652,3.29,False
gasoline,5105.T,11,1.0,0.1956,3.96,False
gasoline,5334.T,25,1.0,0.1649,3.26,False
gasoline,5463.T,8,-1.0,-0.1621,-3.28,False
gasoline,5938.T,6,-1.0,-0.1511,-3.06,False
gasoline,6136.T,6,-1.0,-0.1555,-3.15,False
gasoline,6268.T,2,1.0,0.1764,3.6,False
gasoline,6269.T,14,1.0,0.1595,3.2,False
gasoline,6370.T,3,-1.0,-0.1531,-3.11,False
gasoline,6436.T,9,-1.0,-0.1738,-3.52,False
gasoline,6707.T,1,1.0,0.1493,3.04,False
gasoline,6754.T,19,-1.0,-0.1522,-3.03,False
gasoline,6806.T,6,-1.0,-0.1764,-3.58,False
gasoline,6856.T,25,-1.0,-0.1661,-3.29,False
gasoline,6923.T,2,1.0,0.1794,3.67,False
gasoline,6952.T,4,1.0,0.1884,3.85,False
gasoline,7189.T,8,-1.0,-0.1523,-3.07,False
gasoline,7240.T,24,-1.0,-0.1585,-3.14,False
gasoline,7259.T,2,1.0,0.1816,3.71,False
gasoline,7276.T,4,1.0,0.1962,4.01,False
gasoline,7282.T,22,-1.0,-0.2133,-4.28,False
gasoline,7616.T,23,1.0,0.1536,3.04,False
gasoline,7729.T,19,-1.0,-0.1757,-3.51,False
gasoline,7747.T,12,1.0,0.1506,3.02,False
gasoline,7956.T,23,1.0,0.1593,3.16,False
gasoline,7988.T,6,1.0,0.1683,3.41,False
gasoline,8111.T,26,-1.0,-0.1669,-3.3,False
gasoline,8129.T,20,-1.0,-0.1858,-3.71,False
gasoline,8136.T,23,1.0,0.1571,3.11,False
gasoline,8227.T,21,1.0,0.1536,3.05,False
gasoline,8282.T,20,-1.0,-0.2027,-4.07,False
gasoline,8334.T,8,-1.0,-0.1511,-3.05,False
gasoline,8341.T,8,-1.0,-0.1747,-3.54,False
gasoline,8359.T,8,-1.0,-0.1723,-3.49,False
gasoline,8418.T,23,1.0,0.1711,3.4,False
gasoline,8595.T,23,-1.0,-0.2243,-4.51,False
gasoline,9533.T,23,1.0,0.1707,3.39,False
gasoline,9684.T,16,1.0,0.1662,3.33,False
gasoline,9962.T,5,1.0,0.1574,3.19,False
gasoline,9989.T,16,1.0,0.1743,3.5,False
gasoline,1301.T,23,1.0,0.1737,3.45,False
gasoline,1870.T,8,-1.0,-0.2078,-4.24,False
gasoline,1979.T,23,1.0,0.1632,3.24,False
gasoline,2001.T,23,1.0,0.1591,3.15,False
gasoline,2109.T,21,1.0,0.1846,3.68,False
gasoline,2146.T,11,1.0,0.2023,4.11,False
gasoline,2154.T,19,1.0,0.1556,3.1,False
gasoline,2270.T,7,1.0,0.1901,3.87,False
gasoline,2602.T,23,1.0,0.1622,3.22,False
gasoline,2664.T,9,-1.0,-0.1564,-3.16,False
gasoline,3036.T,14,1.0,0.18,3.62,False
gasoline,3050.T,12,1.0,0.169,3.4,False
gasoline,3167.T,17,1.0,0.1691,3.38,False
gasoline,3387.T,2,-1.0,-0.2105,-4.33,False
gasoline,3433.T,26,-1.0,-0.1637,-3.24,False
gasoline,3636.T,11,1.0,0.2072,3.82,False
gasoline,3778.T,13,-1.0,-0.1581,-3.17,False
gasoline,4008.T,23,1.0,0.1828,3.64,False
gasoline,4044.T,6,-1.0,-0.1815,-3.69,False
gasoline,4046.T,2,-1.0,-0.164,-3.34,False
gasoline,4078.T,4,1.0,0.1685,3.43,False
gasoline,4368.T,14,1.0,0.1945,3.93,False
gasoline,4547.T,19,1.0,0.1687,3.37,True
gasoline,4634.T,25,1.0,0.1669,3.3,False
gasoline,4686.T,13,-1.0,-0.1584,-3.18,False
gasoline,4776.T,8,1.0,0.1492,3.01,False
gasoline,4914.T,2,-1.0,-0.2085,-4.29,True
gasoline,4919.T,24,1.0,0.1536,3.04,False
gasoline,4928.T,23,1.0,0.1667,3.31,False
gasoline,4971.T,1,1.0,0.1544,3.15,False
gasoline,5331.T,2,-1.0,-0.1747,-3.57,False
gasoline,547A.T,11,1.0,0.2021,4.1,False
gasoline,5563.T,10,1.0,0.1631,3.29,False
gasoline,5703.T,22,-1.0,-0.1578,-3.13,False
gasoline,6104.T,22,-1.0,-0.1544,-3.06,False
gasoline,6222.T,15,-1.0,-0.1624,-3.25,False
gasoline,6371.T,22,-1.0,-0.1698,-3.38,False
gasoline,6458.T,25,-1.0,-0.1622,-3.21,False
gasoline,6508.T,26,-1.0,-0.2011,-4.0,False
gasoline,6516.T,1,1.0,0.152,3.09,False
gasoline,6630.T,18,-1.0,-0.1719,-3.03,False
gasoline,6651.T,25,1.0,0.1691,3.35,False
gasoline,6652.T,14,1.0,0.1659,3.33,False
gasoline,6727.T,20,-1.0,-0.1568,-3.12,True
gasoline,6744.T,1,-1.0,-0.1487,-3.03,False
gasoline,6810.T,9,-1.0,-0.2058,-4.19,False
gasoline,6859.T,21,1.0,0.165,3.28,False
gasoline,6866.T,10,1.0,0.1906,3.86,False
gasoline,6908.T,1,1.0,0.1497,3.05,False
gasoline,6995.T,4,1.0,0.1756,3.58,False
gasoline,7148.T,20,1.0,0.1865,3.14,True
gasoline,7173.T,1,1.0,0.3756,3.19,False
gasoline,7220.T,4,1.0,0.1671,3.4,False
gasoline,7246.T,8,1.0,0.1901,3.86,False
gasoline,7278.T,8,1.0,0.1866,3.79,False
gasoline,7280.T,4,1.0,0.1563,3.17,False
gasoline,7283.T,5,1.0,0.1522,3.08,False
gasoline,7296.T,13,-1.0,-0.1795,-3.62,False
gasoline,7419.T,13,-1.0,-0.1699,-3.42,False
gasoline,7433.T,16,1.0,0.1616,3.23,False
gasoline,7456.T,15,-1.0,-0.1764,-3.54,False
gasoline,7513.T,19,1.0,0.1554,3.09,False
gasoline,7516.T,21,1.0,0.1572,3.12,False
gasoline,7545.T,21,1.0,0.1545,3.07,False
gasoline,7552.T,23,1.0,0.1527,3.02,False
gasoline,7581.T,23,1.0,0.17,3.38,False
gasoline,7595.T,21,1.0,0.1725,3.44,False
gasoline,7734.T,24,1.0,0.1722,3.42,False
gasoline,7821.T,10,-1.0,-0.1823,-3.69,False
gasoline,7826.T,11,1.0,0.2428,4.97,False
gasoline,7947.T,22,1.0,0.1629,3.24,False
gasoline,7966.T,4,1.0,0.1559,3.16,True
gasoline,7981.T,2,-1.0,-0.1683,-3.43,False
gasoline,7995.T,10,1.0,0.1596,3.22,False
gasoline,8008.T,2,-1.0,-0.1625,-3.31,False
gasoline,8016.T,10,1.0,0.1508,3.03,False
gasoline,8057.T,2,-1.0,-0.1936,-3.97,False
gasoline,8061.T,23,1.0,0.1659,3.29,False
gasoline,8153.T,23,1.0,0.2071,4.14,False
gasoline,8160.T,23,1.0,0.1918,3.82,False
gasoline,8179.T,2,-1.0,-0.2079,-4.27,False
gasoline,8194.T,2,-1.0,-0.1516,-3.08,False
gasoline,8200.T,2,-1.0,-0.1562,-3.18,False
gasoline,8276.T,6,-1.0,-0.1648,-3.34,False
gasoline,8278.T,23,1.0,0.185,3.68,False
gasoline,8360.T,8,-1.0,-0.1655,-3.35,False
gasoline,8361.T,23,1.0,0.1595,3.16,False
gasoline,8381.T,8,-1.0,-0.1621,-3.28,False
gasoline,8399.T,24,1.0,0.2078,4.15,False
gasoline,8425.T,14,1.0,0.1869,3.77,False
gasoline,8522.T,8,-1.0,-0.196,-3.99,False
gasoline,8544.T,23,1.0,0.2013,4.02,False
gasoline,8706.T,1,1.0,0.1962,4.03,False
gasoline,9412.T,23,1.0,0.166,3.3,False
gasoline,9413.T,25,1.0,0.1759,3.49,False
gasoline,9418.T,9,1.0,0.4568,3.67,False
gasoline,9605.T,15,-1.0,-0.1628,-3.26,False
gasoline,9682.T,11,1.0,0.1652,3.33,False
gasoline,9699.T,5,1.0,0.1626,3.3,False
gasoline,9746.T,13,-1.0,-0.1631,-3.28,False
gasoline,9793.T,4,1.0,0.1809,3.69,False
gasoline,9830.T,7,1.0,0.1762,3.58,False
gasoline,9842.T,14,1.0,0.1901,3.83,False
gasoline,9900.T,23,1.0,0.1664,3.3,False
gasoline,9936.T,23,1.0,0.1626,3.23,False
gasoline,9956.T,23,1.0,0.1656,3.29,False
broad,1605.T,1,-1.0,-0.141,-3.12,False
broad,1801.T,8,-1.0,-0.1536,-3.38,False
broad,2502.T,19,1.0,0.1399,3.03,False
broad,2801.T,9,1.0,0.1563,3.43,False
broad,3405.T,8,1.0,0.1631,3.59,False
broad,3659.T,18,-1.0,-0.2491,-3.71,False
broad,4004.T,2,1.0,0.1444,3.19,True
broad,4061.T,21,-1.0,-0.1693,-3.68,False
broad,4452.T,23,1.0,0.1395,3.01,False
broad,5233.T,18,-1.0,-0.145,-3.15,False
broad,5406.T,14,1.0,0.145,3.16,False
broad,543A.T,2,1.0,0.1493,3.3,False
broad,5801.T,14,1.0,0.1489,3.25,False
broad,6103.T,16,-1.0,-0.142,-3.09,False
broad,6361.T,16,-1.0,-0.1602,-3.5,False
broad,6501.T,24,-1.0,-0.1544,-3.34,False
broad,6723.T,20,-1.0,-0.141,-3.06,False
broad,6841.T,8,1.0,0.1819,4.02,False
broad,6861.T,5,1.0,0.1608,3.55,False
broad,6976.T,16,-1.0,-0.1584,-3.45,False
broad,7267.T,2,1.0,0.1692,3.75,False
broad,7270.T,4,1.0,0.1477,3.26,False
broad,7532.T,21,1.0,0.1556,3.38,False
broad,7731.T,7,1.0,0.1436,3.16,False
broad,8035.T,23,-1.0,-0.1625,-3.52,False
broad,8053.T,13,-1.0,-0.1665,-3.65,False
broad,8252.T,22,-1.0,-0.1603,-3.48,False
broad,8304.T,2,1.0,0.1623,3.58,True
broad,8309.T,8,-1.0,-0.1463,-3.21,True
broad,8316.T,8,-1.0,-0.1461,-3.21,True
broad,8411.T,3,1.0,0.1447,3.19,False
broad,8591.T,14,1.0,0.1582,3.46,False
broad,8725.T,8,-1.0,-0.2019,-4.13,False
broad,8766.T,8,-1.0,-0.1884,-4.17,False
broad,8795.T,14,1.0,0.1771,3.88,False
broad,8830.T,23,-1.0,-0.1481,-3.2,False
broad,9107.T,14,1.0,0.1536,3.36,False
broad,9532.T,23,1.0,0.146,3.15,False
broad,1820.T,13,1.0,0.1624,3.56,False
broad,2607.T,21,1.0,0.1573,3.41,False
broad,2670.T,23,1.0,0.159,3.44,False
broad,2810.T,23,1.0,0.1478,3.2,False
broad,3105.T,23,-1.0,-0.2162,-4.73,False
broad,3107.T,22,1.0,0.1948,4.25,False
broad,3116.T,4,1.0,0.1618,3.58,False
broad,3941.T,6,-1.0,-0.1396,-3.07,False
broad,4114.T,20,-1.0,-0.1553,-3.37,False
broad,4118.T,26,1.0,0.1487,3.2,False
broad,4403.T,14,-1.0,-0.1488,-3.25,False
broad,4544.T,26,1.0,0.1634,3.53,False
broad,4680.T,13,-1.0,-0.1407,-3.07,False
broad,4681.T,2,-1.0,-0.1394,-3.08,False
broad,4732.T,10,1.0,0.1406,3.08,False
broad,5105.T,11,1.0,0.1566,3.43,False
broad,5232.T,18,-1.0,-0.1485,-3.23,False
broad,5938.T,6,-1.0,-0.1597,-3.52,False
broad,6269.T,13,-1.0,-0.1446,-3.16,False
broad,6323.T,25,-1.0,-0.1422,-3.07,False
broad,6436.T,9,-1.0,-0.1466,-3.22,False
broad,6460.T,23,1.0,0.141,3.05,False
broad,6707.T,19,1.0,0.1437,3.12,False
broad,6849.T,22,1.0,0.1514,3.28,False
broad,6856.T,25,-1.0,-0.1552,-3.35,False
broad,6923.T,2,1.0,0.1676,3.72,False
broad,7240.T,24,-1.0,-0.1408,-3.04,False
broad,7550.T,6,-1.0,-0.1861,-4.12,False
broad,7747.T,11,-1.0,-0.142,-3.11,False
broad,7956.T,17,1.0,0.1582,3.45,False
broad,8012.T,26,1.0,0.1424,3.07,False
broad,8111.T,20,-1.0,-0.1427,-3.09,False
broad,8129.T,20,-1.0,-0.1431,-3.1,False
broad,8242.T,21,1.0,0.1494,3.24,False
broad,8334.T,26,1.0,0.1503,3.24,False
broad,8359.T,8,-1.0,-0.1418,-3.11,False
broad,8593.T,11,1.0,0.1373,3.0,False
broad,8876.T,25,-1.0,-0.1739,-3.07,False
broad,9987.T,26,1.0,0.1578,3.4,True
broad,1515.T,13,-1.0,-0.1547,-3.38,False
broad,1833.T,1,-1.0,-0.1659,-3.68,False
broad,1870.T,8,-1.0,-0.169,-3.72,False
broad,1975.T,26,1.0,0.1401,3.01,False
broad,2109.T,21,1.0,0.1901,4.15,False
broad,2146.T,11,1.0,0.1998,4.42,False
broad,2175.T,19,1.0,0.162,3.3,False
broad,2270.T,7,1.0,0.1405,3.09,False
broad,2337.T,25,-1.0,-0.1589,-3.43,False
broad,2681.T,6,-1.0,-0.1378,-3.03,False
broad,2815.T,26,1.0,0.1404,3.02,False
broad,3167.T,17,1.0,0.1615,3.52,False
broad,3186.T,17,-1.0,-0.2636,-3.03,False
broad,3387.T,13,-1.0,-0.2051,-4.53,False
broad,3433.T,26,-1.0,-0.1628,-3.51,False
broad,3661.T,13,1.0,0.2164,3.1,False
broad,3765.T,25,-1.0,-0.169,-3.66,False
broad,4044.T,6,-1.0,-0.1874,-4.15,False
broad,4095.T,26,1.0,0.1404,3.02,False
broad,4109.T,20,-1.0,-0.1717,-3.74,False
broad,4212.T,6,-1.0,-0.1688,-3.73,False
broad,4216.T,6,-1.0,-0.1404,-3.09,False
broad,4369.T,25,-1.0,-0.1477,-3.12,False
broad,4471.T,6,-1.0,-0.1769,-3.91,False
broad,4617.T,16,-1.0,-0.1446,-3.15,False
broad,4722.T,5,1.0,0.1734,3.84,False
broad,4914.T,2,-1.0,-0.1593,-3.53,False
broad,4971.T,8,1.0,0.1401,3.07,False
broad,4985.T,23,1.0,0.1458,3.15,False
broad,5192.T,6,-1.0,-0.1427,-3.14,False
broad,5310.T,5,-1.0,-0.1457,-3.21,False
broad,5331.T,23,1.0,0.1494,3.23,False
broad,547A.T,14,1.0,0.1638,3.59,False
broad,5480.T,10,1.0,0.167,3.67,False
broad,5563.T,10,1.0,0.1624,3.57,False
broad,5857.T,13,-1.0,-0.1446,-3.16,False
broad,5970.T,5,1.0,0.1545,3.41,False
broad,6140.T,26,1.0,0.145,3.12,False
broad,6277.T,8,1.0,0.1476,3.24,False
broad,6363.T,5,1.0,0.1507,3.32,False
broad,6371.T,3,1.0,0.1396,3.08,False
broad,6376.T,24,-1.0,-0.1504,-3.25,False
broad,6395.T,6,-1.0,-0.1391,-3.06,False
broad,6407.T,24,-1.0,-0.1396,-3.01,False
broad,6419.T,23,1.0,0.1434,3.1,False
broad,6454.T,4,-1.0,-0.1627,-3.6,False
broad,6458.T,25,-1.0,-0.1553,-3.35,False
broad,6652.T,18,1.0,0.1615,3.52,True
broad,6744.T,23,1.0,0.1562,3.38,False
broad,6768.T,24,-1.0,-0.1514,-3.27,False
broad,6804.T,9,-1.0,-0.1377,-3.02,False
broad,6810.T,9,-1.0,-0.1495,-3.08,False
broad,6866.T,10,1.0,0.1823,4.02,False
broad,6908.T,17,-1.0,-0.1575,-3.43,False
broad,7220.T,4,1.0,0.1421,3.13,False
broad,7224.T,17,1.0,0.1716,3.75,False
broad,7239.T,3,1.0,0.1689,3.74,False
broad,7241.T,13,1.0,0.1466,3.2,False
broad,7278.T,8,1.0,0.1654,3.64,False
broad,7296.T,13,-1.0,-0.1653,-3.62,False
broad,7421.T,15,1.0,0.1419,3.09,False
broad,7513.T,24,-1.0,-0.143,-3.08,False
broad,7516.T,21,1.0,0.1453,3.15,False
broad,7545.T,8,1.0,0.1524,3.35,False
broad,7581.T,23,1.0,0.1527,3.3,False
broad,7595.T,21,1.0,0.1509,3.27,False
broad,7611.T,6,-1.0,-0.1429,-3.14,False
broad,7740.T,20,-1.0,-0.15,-3.25,False
broad,7826.T,11,1.0,0.1848,4.07,False
broad,7915.T,19,1.0,0.1894,4.14,False
broad,7965.T,12,-1.0,-0.1406,-3.07,False
broad,8057.T,2,-1.0,-0.1487,-3.29,False
broad,8061.T,23,1.0,0.15,3.24,False
broad,8074.T,4,1.0,0.1432,3.16,False
broad,8130.T,4,-1.0,-0.1417,-3.12,False
broad,8133.T,21,1.0,0.1391,3.01,False
broad,8160.T,23,1.0,0.1456,3.15,False
broad,8179.T,2,-1.0,-0.1474,-3.26,False
broad,8200.T,23,1.0,0.1403,3.03,False
broad,8336.T,6,-1.0,-0.1396,-3.07,False
broad,8360.T,8,-1.0,-0.1376,-3.02,True
broad,8367.T,26,1.0,0.1432,3.08,False
broad,8368.T,26,1.0,0.1412,3.04,False
broad,8386.T,26,1.0,0.1714,3.71,False
broad,8425.T,14,1.0,0.1712,3.75,False
broad,8522.T,8,-1.0,-0.1387,-3.04,False
broad,8616.T,20,-1.0,-0.1474,-3.2,False
broad,8706.T,11,1.0,0.1687,3.71,False
broad,8714.T,6,-1.0,-0.1659,-3.66,False
broad,8848.T,13,-1.0,-0.1511,-3.3,False
broad,8850.T,25,-1.0,-0.1815,-3.94,False
broad,8892.T,25,-1.0,-0.1422,-3.07,False
broad,9119.T,12,1.0,0.1387,3.03,False
broad,9412.T,23,1.0,0.1578,3.42,False
broad,9418.T,9,1.0,0.402,3.14,False
broad,9603.T,15,-1.0,-0.1481,-3.23,False
broad,9682.T,26,1.0,0.1594,3.44,False
broad,9793.T,8,1.0,0.1528,3.36,False
broad,9830.T,6,-1.0,-0.144,-3.17,False
broad,9900.T,23,1.0,0.1613,3.49,False
broad,9948.T,26,1.0,0.1638,3.54,True
broad,9974.T,21,1.0,0.1648,3.37,False
spx,1605.T,2,1.0,0.1741,3.86,False
spx,1802.T,12,1.0,0.1578,3.46,False
spx,1803.T,14,1.0,0.1385,3.02,False
spx,1808.T,14,1.0,0.1435,3.13,False
spx,1963.T,2,1.0,0.1788,3.97,False
spx,2501.T,12,-1.0,-0.1543,-3.38,False
spx,2503.T,3,1.0,0.1558,3.44,False
spx,2801.T,8,-1.0,-0.1393,-3.06,False
spx,3099.T,18,-1.0,-0.1717,-3.75,False
spx,3382.T,6,-1.0,-0.1587,-3.5,False
spx,3401.T,22,-1.0,-0.1635,-3.55,False
spx,3405.T,4,1.0,0.1986,4.42,False
spx,3407.T,1,-1.0,-0.1444,-3.19,False
spx,4004.T,2,1.0,0.1817,4.04,False
spx,4005.T,4,1.0,0.1526,3.37,False
spx,4021.T,3,-1.0,-0.2313,-5.19,False
spx,4063.T,3,-1.0,-0.2451,-5.52,False
spx,4208.T,14,1.0,0.1658,3.63,False
spx,4307.T,21,-1.0,-0.1573,-3.41,False
spx,4452.T,23,1.0,0.1512,3.27,False
spx,4502.T,2,-1.0,-0.1403,-3.1,False
spx,4503.T,15,-1.0,-0.1402,-3.05,False
spx,4507.T,3,1.0,0.1594,3.53,False
spx,4543.T,13,1.0,0.1561,3.41,False
spx,4704.T,11,-1.0,-0.1679,-3.69,False
spx,4901.T,7,-1.0,-0.1427,-3.14,False
spx,5019.T,1,1.0,0.2028,4.52,False
spx,5108.T,4,1.0,0.1382,3.04,False
spx,5201.T,4,1.0,0.2034,4.53,False
spx,5214.T,13,-1.0,-0.1676,-3.67,False
spx,543A.T,2,1.0,0.1647,3.65,False
spx,5713.T,7,-1.0,-0.1434,-3.15,False
spx,5801.T,5,-1.0,-0.1388,-3.05,False
spx,5802.T,13,-1.0,-0.177,-3.89,False
spx,5803.T,2,1.0,0.1793,3.98,False
spx,6301.T,2,1.0,0.213,4.77,False
spx,6302.T,2,1.0,0.175,3.89,False
spx,6305.T,2,1.0,0.2428,5.47,False
spx,6326.T,6,-1.0,-0.1826,-4.04,False
spx,6361.T,24,-1.0,-0.1766,-3.83,False
spx,6471.T,2,1.0,0.1723,3.82,False
spx,6473.T,2,1.0,0.152,3.36,False
spx,6479.T,2,1.0,0.1766,3.92,True
spx,6501.T,3,1.0,0.1463,3.23,False
spx,6504.T,21,1.0,0.1807,3.94,False
spx,6506.T,12,1.0,0.1604,3.52,False
spx,6594.T,6,1.0,0.1839,4.07,False
spx,6645.T,4,1.0,0.1678,3.71,False
spx,6723.T,1,1.0,0.1382,3.05,False
spx,6752.T,1,1.0,0.1688,3.75,False
spx,6762.T,21,1.0,0.1496,3.24,False
spx,6770.T,22,-1.0,-0.1824,-3.97,False
spx,6861.T,3,-1.0,-0.1592,-3.52,False
spx,6902.T,2,1.0,0.1765,3.92,False
spx,6963.T,17,-1.0,-0.1619,-3.53,False
spx,6971.T,3,-1.0,-0.1642,-3.64,False
spx,6976.T,2,1.0,0.1689,3.75,True
spx,6981.T,17,-1.0,-0.1669,-3.64,False
spx,6988.T,25,1.0,0.1497,3.23,False
spx,7201.T,10,1.0,0.1506,3.3,False
spx,7211.T,13,-1.0,-0.1743,-3.83,False
spx,7261.T,26,-1.0,-0.1491,-3.21,False
spx,7267.T,2,1.0,0.2081,4.65,False
spx,7269.T,8,1.0,0.1382,3.03,False
spx,7270.T,4,1.0,0.1801,4.0,False
spx,7272.T,16,1.0,0.182,3.99,False
spx,7453.T,7,1.0,0.2097,4.66,False
spx,7532.T,5,1.0,0.1393,3.07,False
spx,7733.T,12,1.0,0.1546,3.39,False
spx,7832.T,2,-1.0,-0.1428,-3.15,False
spx,8002.T,2,1.0,0.1673,3.71,True
spx,8031.T,2,1.0,0.1731,3.84,True
spx,8053.T,15,-1.0,-0.1384,-3.01,False
spx,8058.T,2,1.0,0.1733,3.85,False
spx,8233.T,1,1.0,0.1683,3.74,False
spx,8253.T,2,1.0,0.2236,5.02,False
spx,8306.T,24,-1.0,-0.1472,-3.18,False
spx,8308.T,2,-1.0,-0.1371,-3.03,False
spx,8316.T,6,1.0,0.1685,3.72,False
spx,8354.T,18,-1.0,-0.149,-3.24,False
spx,8411.T,3,1.0,0.1515,3.35,False
spx,8591.T,6,1.0,0.1998,4.44,False
spx,8601.T,16,-1.0,-0.1604,-3.5,False
spx,8630.T,9,1.0,0.1856,3.26,False
spx,8725.T,12,-1.0,-0.1707,-3.47,False
spx,8766.T,6,1.0,0.1624,3.58,False
spx,9101.T,2,1.0,0.1598,3.54,True
spx,9104.T,2,1.0,0.1442,3.19,False
spx,9107.T,2,1.0,0.1506,3.33,False
spx,9432.T,2,-1.0,-0.1906,-4.25,False
spx,9502.T,2,-1.0,-0.2066,-4.62,False
spx,9503.T,2,-1.0,-0.1551,-3.43,False
spx,9531.T,2,-1.0,-0.2627,-5.95,False
spx,9532.T,2,-1.0,-0.1735,-3.85,True
spx,9602.T,2,-1.0,-0.1747,-3.88,False
spx,9766.T,13,1.0,0.161,3.53,False
spx,9843.T,2,-1.0,-0.1686,-3.74,False
spx,9983.T,2,-1.0,-0.1548,-3.43,False
spx,1820.T,9,1.0,0.221,4.92,False
spx,1878.T,7,1.0,0.1392,3.06,False
spx,2127.T,2,-1.0,-0.1387,-3.06,False
spx,2201.T,2,-1.0,-0.1473,-3.26,False
spx,2212.T,15,-1.0,-0.1546,-3.38,False
spx,2371.T,2,-1.0,-0.1753,-3.89,False
spx,2607.T,2,-1.0,-0.1884,-4.2,False
spx,2670.T,2,-1.0,-0.1519,-3.36,False
spx,2811.T,2,-1.0,-0.209,-4.67,False
spx,2897.T,3,1.0,0.1388,3.06,False
spx,3048.T,9,1.0,0.211,4.27,False
spx,3088.T,1,1.0,0.1563,3.46,False
spx,3107.T,8,-1.0,-0.2213,-4.93,False
spx,3116.T,10,1.0,0.1678,3.69,False
spx,3291.T,18,-1.0,-0.1923,-3.08,False
spx,3349.T,2,-1.0,-0.1682,-3.73,False
spx,3360.T,15,-1.0,-0.1467,-3.2,False
spx,3591.T,2,-1.0,-0.1476,-3.26,False
spx,3626.T,23,1.0,0.1671,3.62,False
spx,3941.T,2,-1.0,-0.1372,-3.03,False
spx,4062.T,2,1.0,0.1727,3.83,False
spx,417A.T,15,-1.0,-0.157,-3.43,False
spx,4203.T,9,-1.0,-0.1614,-3.55,False
spx,4206.T,6,-1.0,-0.1909,-4.23,False
spx,4403.T,10,-1.0,-0.2167,-4.81,False
spx,4528.T,2,-1.0,-0.19,-4.23,False
spx,4536.T,2,-1.0,-0.1698,-3.77,False
spx,4540.T,2,-1.0,-0.1382,-3.05,False
spx,4666.T,3,1.0,0.1434,3.17,False
spx,4681.T,5,1.0,0.1546,3.41,True
spx,4912.T,2,-1.0,-0.158,-3.5,False
spx,4967.T,2,-1.0,-0.1695,-3.76,False
spx,5110.T,6,-1.0,-0.1454,-3.2,False
spx,5334.T,12,1.0,0.1387,3.03,False
spx,5471.T,9,-1.0,-0.1447,-3.17,False
spx,5947.T,2,-1.0,-0.1763,-3.92,False
spx,6269.T,13,-1.0,-0.1472,-3.22,False
spx,6448.T,5,1.0,0.1909,4.24,False
spx,6457.T,3,1.0,0.1454,3.21,False
spx,6481.T,6,1.0,0.1391,3.06,False
spx,6586.T,3,-1.0,-0.1504,-3.32,False
spx,6632.T,21,-1.0,-0.1594,-3.46,False
spx,6674.T,4,-1.0,-0.1678,-3.71,False
spx,6754.T,19,-1.0,-0.1644,-3.58,False
spx,6806.T,3,-1.0,-0.1619,-3.58,True
spx,6849.T,11,-1.0,-0.1379,-3.01,False
spx,6923.T,4,1.0,0.1752,3.88,False
spx,6952.T,16,-1.0,-0.1754,-3.84,False
spx,7003.T,13,-1.0,-0.1545,-3.38,False
spx,7240.T,10,1.0,0.1711,3.77,False
spx,7259.T,10,1.0,0.1538,3.38,False
spx,7276.T,10,1.0,0.1552,3.41,False
spx,7282.T,10,1.0,0.1404,3.07,False
spx,7313.T,20,-1.0,-0.1963,-4.29,False
spx,7476.T,1,-1.0,-0.1806,-4.02,True
spx,7616.T,2,-1.0,-0.1691,-3.75,False
spx,7649.T,22,1.0,0.1571,3.4,False
spx,7729.T,5,1.0,0.1517,3.35,False
spx,7747.T,12,1.0,0.1404,3.07,False
spx,7846.T,14,1.0,0.1433,3.13,False
spx,7867.T,5,1.0,0.155,3.42,False
spx,7936.T,12,1.0,0.1522,3.33,False
spx,7988.T,12,1.0,0.1612,3.53,False
spx,8020.T,13,-1.0,-0.1419,-3.1,False
spx,8060.T,3,-1.0,-0.2066,-4.61,False
spx,8111.T,26,-1.0,-0.1444,-3.11,False
spx,8174.T,2,-1.0,-0.1755,-3.9,False
spx,8227.T,16,1.0,0.1717,3.76,False
spx,8282.T,1,1.0,0.1403,3.1,False
spx,8418.T,25,1.0,0.1469,3.17,False
spx,8593.T,6,1.0,0.1518,3.34,False
spx,9449.T,9,-1.0,-0.1383,-3.03,False
spx,9504.T,2,-1.0,-0.1712,-3.8,False
spx,9505.T,2,-1.0,-0.1496,-3.31,False
spx,9506.T,2,-1.0,-0.1615,-3.58,False
spx,9508.T,2,-1.0,-0.1441,-3.18,False
spx,9533.T,2,-1.0,-0.1584,-3.51,False
spx,9697.T,5,1.0,0.1493,3.29,False
spx,9744.T,2,-1.0,-0.1596,-3.53,False
spx,9831.T,1,1.0,0.1778,3.95,False
spx,9989.T,2,-1.0,-0.1438,-3.18,False
spx,1301.T,2,-1.0,-0.2123,-4.75,False
spx,1377.T,2,-1.0,-0.2316,-5.21,False
spx,1515.T,13,-1.0,-0.1958,-4.31,False
spx,1662.T,13,-1.0,-0.1549,-3.39,False
spx,1852.T,2,-1.0,-0.1381,-3.05,False
spx,1870.T,19,-1.0,-0.174,-3.79,False
spx,1952.T,2,-1.0,-0.1535,-3.4,False
spx,1975.T,2,-1.0,-0.1433,-3.17,False
spx,1979.T,2,-1.0,-0.1785,-3.97,False
spx,1980.T,19,-1.0,-0.1601,-3.48,False
spx,2146.T,15,1.0,0.2161,4.77,False
spx,2270.T,7,1.0,0.1797,3.97,False
spx,2281.T,2,-1.0,-0.1671,-3.7,False
spx,2292.T,2,-1.0,-0.1559,-3.45,False
spx,2590.T,1,-1.0,-0.1414,-3.13,False
spx,2664.T,16,1.0,0.1463,3.19,False
spx,2695.T,1,1.0,0.1364,3.01,False
spx,2730.T,21,1.0,0.1728,3.76,False
spx,2815.T,5,1.0,0.1816,4.02,False
spx,2874.T,2,-1.0,-0.2169,-4.86,False
spx,2918.T,2,-1.0,-0.1496,-3.31,False
spx,3036.T,13,-1.0,-0.16,-3.26,False
spx,3050.T,7,1.0,0.1478,3.25,False
spx,3106.T,5,1.0,0.1553,3.43,False
spx,3167.T,18,-1.0,-0.1548,-3.37,False
spx,3201.T,15,-1.0,-0.227,-5.03,False
spx,3387.T,8,-1.0,-0.2136,-4.75,False
spx,4008.T,24,-1.0,-0.1525,-3.3,False
spx,4023.T,8,-1.0,-0.1627,-3.58,False
spx,4028.T,1,1.0,0.1555,3.45,False
spx,4046.T,2,-1.0,-0.1491,-3.3,False
spx,4095.T,18,-1.0,-0.1407,-3.05,False
spx,4109.T,4,1.0,0.1747,3.87,False
spx,4212.T,6,-1.0,-0.1387,-3.05,False
spx,4216.T,12,1.0,0.1384,3.02,False
spx,4368.T,22,1.0,0.1931,4.21,False
spx,4369.T,4,1.0,0.1501,3.17,False
spx,4521.T,2,-1.0,-0.1682,-3.73,False
spx,4559.T,2,-1.0,-0.1629,-3.61,False
spx,4569.T,1,1.0,0.1367,3.02,False
spx,4686.T,19,-1.0,-0.1698,-3.7,False
spx,4722.T,2,-1.0,-0.154,-3.41,False
spx,4819.T,26,1.0,0.1622,3.5,False
spx,4825.T,2,-1.0,-0.1443,-3.19,False
spx,4914.T,8,-1.0,-0.1634,-3.6,False
spx,4975.T,2,-1.0,-0.1546,-3.42,False
spx,4985.T,15,-1.0,-0.1612,-3.52,False
spx,5202.T,9,-1.0,-0.1727,-3.81,True
spx,5310.T,17,1.0,0.1388,3.02,False
spx,5331.T,13,-1.0,-0.1464,-3.2,False
spx,5384.T,1,-1.0,-0.1477,-3.2,False
spx,5482.T,13,-1.0,-0.1379,-3.01,False
spx,5563.T,1,1.0,0.2039,4.56,False
spx,5857.T,3,1.0,0.1915,4.26,False
spx,5949.T,19,-1.0,-0.1432,-3.11,False
spx,5988.T,12,1.0,0.1689,3.71,False
spx,6101.T,23,1.0,0.1628,3.53,False
spx,6258.T,10,1.0,0.1473,3.23,False
spx,6284.T,12,1.0,0.1704,3.01,False
spx,6363.T,2,1.0,0.1523,3.37,False
spx,6371.T,3,1.0,0.1834,4.08,False
spx,6412.T,6,-1.0,-0.2127,-4.74,False
spx,6419.T,2,-1.0,-0.1755,-3.9,False
spx,6420.T,5,1.0,0.1773,3.93,True
spx,6454.T,6,-1.0,-0.1438,-3.16,False
spx,6458.T,23,1.0,0.1453,3.14,False
spx,6474.T,2,1.0,0.1612,3.57,False
spx,6508.T,2,1.0,0.1759,3.91,False
spx,6588.T,4,1.0,0.1414,3.12,False
spx,6622.T,9,-1.0,-0.149,-3.27,True
spx,6727.T,20,-1.0,-0.1522,-3.3,False
spx,6737.T,15,-1.0,-0.1408,-3.07,False
spx,6787.T,11,1.0,0.1574,3.45,False
spx,6807.T,24,-1.0,-0.1435,-3.1,False
spx,6810.T,23,1.0,0.2256,4.72,False
spx,6941.T,12,1.0,0.1432,3.13,False
spx,6995.T,4,1.0,0.1663,3.68,False
spx,7224.T,9,-1.0,-0.154,-3.38,False
spx,7239.T,3,1.0,0.193,4.3,False
spx,7241.T,10,1.0,0.2642,5.94,False
spx,7246.T,13,-1.0,-0.2182,-4.83,False
spx,7278.T,10,1.0,0.1509,3.31,False
spx,7283.T,26,1.0,0.1497,3.23,False
spx,7296.T,13,-1.0,-0.1589,-3.48,False
spx,7419.T,17,-1.0,-0.1514,-3.3,False
spx,7421.T,2,-1.0,-0.1706,-3.78,False
spx,7456.T,13,-1.0,-0.1836,-4.04,False
spx,7593.T,19,1.0,0.1583,3.44,False
spx,7595.T,2,-1.0,-0.166,-3.68,False
spx,7606.T,3,1.0,0.137,3.02,False
spx,7611.T,15,-1.0,-0.1963,-4.32,False
spx,7744.T,23,1.0,0.1499,3.24,False
spx,7821.T,26,1.0,0.19,4.04,False
spx,7826.T,17,1.0,0.1605,3.5,False
spx,7860.T,2,-1.0,-0.1414,-3.12,False
spx,7915.T,3,-1.0,-0.1575,-3.48,False
spx,7947.T,15,-1.0,-0.1529,-3.34,False
spx,7981.T,6,-1.0,-0.1384,-3.04,False
spx,7995.T,23,1.0,0.153,3.31,False
spx,8016.T,1,1.0,0.2283,5.13,False
spx,8051.T,7,1.0,0.1507,3.31,False
spx,8057.T,2,-1.0,-0.1684,-3.73,False
spx,8074.T,18,-1.0,-0.1463,-3.18,False
spx,8079.T,2,-1.0,-0.1594,-3.53,False
spx,8098.T,18,-1.0,-0.144,-3.13,False
spx,8130.T,3,-1.0,-0.147,-3.25,False
spx,8133.T,13,-1.0,-0.1559,-3.41,False
spx,8153.T,2,-1.0,-0.2242,-5.03,False
spx,8160.T,2,-1.0,-0.23,-5.17,False
spx,8179.T,2,-1.0,-0.2376,-5.35,False
spx,8194.T,2,-1.0,-0.187,-4.16,False
spx,8200.T,2,-1.0,-0.1476,-3.26,False
spx,8273.T,1,1.0,0.1364,3.01,False
spx,8278.T,2,-1.0,-0.1593,-3.53,False
spx,8358.T,5,1.0,0.1372,3.02,False
spx,8388.T,2,-1.0,-0.1608,-3.56,False
spx,8511.T,4,1.0,0.1526,3.37,False
spx,8544.T,21,-1.0,-0.1419,-3.07,False
spx,8706.T,1,1.0,0.2439,5.5,False
spx,8714.T,2,-1.0,-0.1566,-3.47,False
spx,8803.T,14,1.0,0.1498,3.27,False
spx,8848.T,13,-1.0,-0.1753,-3.85,False
spx,8923.T,1,1.0,0.144,3.16,False
spx,9413.T,2,-1.0,-0.1455,-3.21,False
spx,9511.T,2,-1.0,-0.1876,-4.18,False
spx,9543.T,2,-1.0,-0.1814,-4.03,False
spx,9551.T,13,-1.0,-0.3884,-3.01,False
spx,9601.T,15,-1.0,-0.148,-3.23,False
spx,9603.T,2,-1.0,-0.1493,-3.3,False
spx,9605.T,15,-1.0,-0.1623,-3.55,False
spx,9692.T,1,1.0,0.1368,3.02,False
spx,9793.T,1,-1.0,-0.1375,-3.04,False
spx,9824.T,1,1.0,0.1594,3.53,False
spx,9832.T,15,-1.0,-0.1495,-3.26,False
spx,9869.T,2,-1.0,-0.2069,-4.62,False
spx,9887.T,2,-1.0,-0.2066,-4.62,False
spx,9900.T,2,-1.0,-0.2004,-4.47,False
spx,9956.T,6,-1.0,-0.1557,-3.43,False
spx,9960.T,2,-1.0,-0.1499,-3.31,False
spx,9974.T,13,-1.0,-0.148,-3.02,False
vix,1605.T,2,-1.0,-0.2125,-4.75,False
vix,1802.T,14,-1.0,-0.1507,-3.29,False
vix,1808.T,19,-1.0,-0.1852,-4.05,False
vix,1963.T,2,-1.0,-0.1546,-3.42,False
vix,2282.T,2,1.0,0.138,3.05,False
vix,2501.T,12,1.0,0.1797,3.95,False
vix,2502.T,24,-1.0,-0.1475,-3.18,False
vix,2768.T,4,-1.0,-0.1459,-3.22,False
vix,3099.T,11,-1.0,-0.1391,-3.04,False
vix,3382.T,6,1.0,0.141,3.1,False
vix,3405.T,4,-1.0,-0.1772,-3.93,False
vix,3861.T,8,1.0,0.141,3.09,False
vix,4004.T,2,-1.0,-0.1793,-3.99,False
vix,4005.T,4,-1.0,-0.1491,-3.29,False
vix,4021.T,3,1.0,0.1376,3.03,False
vix,4043.T,14,-1.0,-0.1568,-3.43,False
vix,4063.T,3,1.0,0.1928,4.29,False
vix,4151.T,1,-1.0,-0.1394,-3.08,False
vix,4208.T,14,-1.0,-0.1482,-3.23,False
vix,4452.T,2,1.0,0.1582,3.5,False
vix,4502.T,15,1.0,0.1613,3.52,False
vix,4503.T,2,1.0,0.169,3.75,True
vix,5108.T,1,1.0,0.1427,3.16,False
vix,5201.T,4,-1.0,-0.1692,-3.74,False
vix,543A.T,2,-1.0,-0.1583,-3.5,False
vix,5631.T,2,-1.0,-0.1408,-3.11,False
vix,5711.T,6,-1.0,-0.1565,-3.45,False
vix,5714.T,2,-1.0,-0.1436,-3.17,False
vix,5801.T,2,-1.0,-0.1518,-3.36,False
vix,5803.T,2,-1.0,-0.1737,-3.86,False
vix,6301.T,2,-1.0,-0.2169,-4.86,False
vix,6302.T,2,-1.0,-0.1805,-4.01,False
vix,6305.T,2,-1.0,-0.2223,-4.98,False
vix,6326.T,6,1.0,0.1821,4.03,False
vix,6361.T,24,1.0,0.1482,3.2,False
vix,6471.T,2,-1.0,-0.1819,-4.04,False
vix,6479.T,2,-1.0,-0.1698,-3.77,False
vix,6501.T,24,1.0,0.1516,3.27,False
vix,6504.T,21,-1.0,-0.1713,-3.73,False
vix,6506.T,2,-1.0,-0.1576,-3.49,False
vix,6594.T,6,-1.0,-0.16,-3.53,False
vix,6645.T,12,-1.0,-0.1458,-3.19,False
vix,6723.T,6,-1.0,-0.1449,-3.19,False
vix,6762.T,6,-1.0,-0.1427,-3.14,False
vix,6861.T,17,1.0,0.1394,3.03,False
vix,6902.T,2,-1.0,-0.1968,-4.39,False
vix,6963.T,2,-1.0,-0.143,-3.16,False
vix,6971.T,3,1.0,0.1546,3.42,False
vix,6976.T,2,-1.0,-0.2133,-4.77,False
vix,6988.T,25,-1.0,-0.1467,-3.16,False
vix,7013.T,17,-1.0,-0.1476,-3.21,False
vix,7201.T,10,-1.0,-0.1508,-3.31,False
vix,7261.T,2,-1.0,-0.1725,-3.83,True
vix,7267.T,2,-1.0,-0.203,-4.53,False
vix,7270.T,4,-1.0,-0.1446,-3.19,False
vix,7272.T,13,1.0,0.1555,3.4,False
vix,7453.T,7,-1.0,-0.1489,-3.27,False
vix,7532.T,2,1.0,0.1536,3.4,False
vix,7731.T,4,-1.0,-0.158,-3.49,False
vix,7751.T,15,-1.0,-0.1432,-3.12,False
vix,8002.T,2,-1.0,-0.141,-3.11,True
vix,8031.T,2,-1.0,-0.1598,-3.54,True
vix,8035.T,6,-1.0,-0.1543,-3.4,False
vix,8058.T,2,-1.0,-0.1845,-4.1,False
vix,8252.T,22,1.0,0.1442,3.12,False
vix,8253.T,2,-1.0,-0.169,-3.75,False
vix,8309.T,10,1.0,0.1375,3.01,False
vix,8316.T,10,1.0,0.1388,3.04,False
vix,8354.T,18,1.0,0.1419,3.08,False
vix,8591.T,6,-1.0,-0.1583,-3.49,False
vix,8604.T,6,-1.0,-0.1443,-3.18,False
vix,8697.T,3,1.0,0.1536,3.03,True
vix,8750.T,14,-1.0,-0.1752,-3.07,False
vix,9101.T,2,-1.0,-0.1614,-3.57,False
vix,9104.T,2,-1.0,-0.139,-3.07,False
vix,9432.T,2,1.0,0.1871,4.16,False
vix,9502.T,2,1.0,0.1786,3.97,False
vix,9531.T,2,1.0,0.218,4.88,False
vix,9532.T,2,1.0,0.1521,3.36,True
vix,9602.T,2,1.0,0.181,4.02,False
vix,9843.T,2,1.0,0.1427,3.15,False
vix,1820.T,9,-1.0,-0.2125,-4.72,False
vix,1878.T,12,-1.0,-0.1413,-3.09,False
vix,1942.T,3,-1.0,-0.1423,-3.14,False
vix,1944.T,2,1.0,0.1529,3.38,False
vix,1959.T,2,1.0,0.1364,3.01,True
vix,2127.T,2,1.0,0.1451,3.21,False
vix,2212.T,6,1.0,0.1486,3.27,False
vix,2371.T,2,1.0,0.1367,3.02,False
vix,2607.T,2,1.0,0.181,4.02,False
vix,2670.T,2,1.0,0.1439,3.18,False
vix,2811.T,2,1.0,0.1483,3.28,False
vix,3003.T,19,-1.0,-0.1712,-3.73,False
vix,3048.T,8,1.0,0.2151,4.35,True
vix,3105.T,2,-1.0,-0.1484,-3.28,False
vix,3107.T,22,-1.0,-0.1956,-4.27,False
vix,3349.T,2,1.0,0.1386,3.06,False
vix,3360.T,15,1.0,0.1545,3.37,False
vix,3591.T,6,1.0,0.1414,3.11,False
vix,3941.T,2,1.0,0.154,3.41,False
vix,4062.T,2,-1.0,-0.1573,-3.48,False
vix,417A.T,15,1.0,0.1535,3.35,False
vix,4202.T,6,1.0,0.1522,3.35,False
vix,4206.T,6,1.0,0.2089,4.65,False
vix,4403.T,10,1.0,0.1736,3.82,False
vix,4528.T,2,1.0,0.1413,3.12,False
vix,4536.T,2,1.0,0.163,3.61,False
vix,4732.T,18,1.0,0.1413,3.07,False
vix,4912.T,2,1.0,0.1607,3.56,False
vix,4967.T,2,1.0,0.1608,3.56,False
vix,5110.T,6,1.0,0.1375,3.02,False
vix,5334.T,10,-1.0,-0.1425,-3.12,False
vix,5947.T,2,1.0,0.1599,3.54,False
vix,6268.T,2,-1.0,-0.1521,-3.37,True
vix,6269.T,13,1.0,0.1596,3.49,False
vix,6436.T,10,-1.0,-0.1393,-3.05,False
vix,6448.T,5,-1.0,-0.1653,-3.65,False
vix,6465.T,15,1.0,0.1909,3.71,False
vix,6481.T,6,-1.0,-0.1426,-3.14,False
vix,6586.T,3,1.0,0.1687,3.74,False
vix,6632.T,21,1.0,0.1512,3.28,False
vix,6806.T,3,1.0,0.1369,3.02,True
vix,6849.T,11,1.0,0.1512,3.31,False
vix,6856.T,25,1.0,0.1434,3.09,False
vix,6923.T,3,1.0,0.1853,4.12,False
vix,6952.T,16,1.0,0.1715,3.75,False
vix,7259.T,4,-1.0,-0.1603,-3.54,False
vix,7282.T,10,-1.0,-0.1452,-3.18,False
vix,7313.T,20,1.0,0.1505,3.26,False
vix,7476.T,1,1.0,0.1732,3.85,True
vix,7616.T,15,1.0,0.148,3.23,False
vix,7747.T,12,-1.0,-0.1522,-3.33,False
vix,7846.T,2,1.0,0.1397,3.08,False
vix,7956.T,10,-1.0,-0.1547,-3.4,False
vix,7988.T,13,1.0,0.1638,3.59,False
vix,8060.T,3,1.0,0.1689,3.74,False
vix,8111.T,26,1.0,0.1483,3.19,False
vix,8227.T,16,-1.0,-0.1781,-3.9,False
vix,8418.T,25,-1.0,-0.1529,-3.3,False
vix,8593.T,6,-1.0,-0.1438,-3.16,False
vix,9504.T,2,1.0,0.1398,3.09,False
vix,9533.T,2,1.0,0.1589,3.52,False
vix,9697.T,10,-1.0,-0.1437,-3.15,False
vix,9744.T,2,1.0,0.1428,3.16,False
vix,9962.T,10,-1.0,-0.1458,-3.2,False
vix,9989.T,2,1.0,0.1637,3.63,False
vix,1301.T,2,1.0,0.1457,3.22,False
vix,1377.T,2,1.0,0.1897,4.22,False
vix,1515.T,13,1.0,0.1437,3.14,False
vix,1870.T,7,-1.0,-0.1575,-3.47,False
vix,1934.T,2,1.0,0.1514,3.35,True
vix,1950.T,2,1.0,0.1407,3.11,False
vix,1952.T,2,1.0,0.1511,3.34,False
vix,1979.T,2,1.0,0.1744,3.87,False
vix,2146.T,11,-1.0,-0.197,-4.35,True
vix,2281.T,2,1.0,0.1912,4.26,False
vix,2664.T,13,1.0,0.138,3.01,False
vix,2730.T,21,-1.0,-0.1954,-4.27,False
vix,2874.T,2,1.0,0.1768,3.93,False
vix,3167.T,18,1.0,0.1487,3.23,False
vix,3201.T,15,1.0,0.1631,3.56,False
vix,3387.T,8,1.0,0.1982,4.39,False
vix,3433.T,18,1.0,0.1405,3.05,False
vix,3445.T,23,1.0,0.5754,4.28,False
vix,3661.T,23,-1.0,-0.2194,-3.14,False
vix,4008.T,23,-1.0,-0.1673,-3.63,False
vix,4046.T,2,1.0,0.156,3.45,False
vix,4095.T,10,-1.0,-0.1567,-3.44,False
vix,4109.T,4,-1.0,-0.1549,-3.42,False
vix,4212.T,6,1.0,0.1447,3.18,False
vix,4368.T,22,-1.0,-0.19,-4.14,True
vix,4521.T,2,1.0,0.1461,3.23,False
vix,4722.T,2,1.0,0.1846,4.11,False
vix,4914.T,8,1.0,0.1666,3.67,False
vix,4985.T,15,1.0,0.1527,3.33,True
vix,5192.T,8,1.0,0.1521,3.34,False
vix,5202.T,2,-1.0,-0.1528,-3.38,False
vix,5351.T,2,1.0,0.168,3.72,False
vix,5482.T,13,1.0,0.1447,3.16,False
vix,5563.T,13,1.0,0.1389,3.03,False
vix,5857.T,3,-1.0,-0.1953,-4.35,False
vix,5975.T,6,1.0,0.1425,3.13,False
vix,5988.T,10,-1.0,-0.1496,-3.28,False
vix,6258.T,10,-1.0,-0.1387,-3.03,False
vix,6395.T,6,1.0,0.1615,3.56,False
vix,6412.T,6,1.0,0.1654,3.65,False
vix,6651.T,2,1.0,0.1471,3.25,False
vix,6652.T,2,1.0,0.1415,3.12,False
vix,6703.T,22,1.0,0.1432,3.1,False
vix,6768.T,23,-1.0,-0.1672,-3.62,False
vix,6787.T,11,-1.0,-0.1376,-3.01,False
vix,6810.T,23,-1.0,-0.1931,-4.01,False
vix,6866.T,10,-1.0,-0.1508,-3.31,False
vix,6995.T,2,-1.0,-0.1381,-3.05,False
vix,6996.T,12,-1.0,-0.142,-3.1,False
vix,7220.T,9,-1.0,-0.1462,-3.21,False
vix,7224.T,9,1.0,0.1747,3.85,False
vix,7239.T,3,-1.0,-0.1577,-3.49,False
vix,7241.T,10,-1.0,-0.148,-3.24,False
vix,7242.T,6,1.0,0.1433,3.15,False
vix,7246.T,13,1.0,0.1505,3.29,False
vix,7283.T,26,-1.0,-0.1681,-3.63,False
vix,7296.T,9,-1.0,-0.1979,-4.38,False
vix,7421.T,2,1.0,0.1494,3.3,False
vix,7433.T,8,1.0,0.1711,3.77,False
vix,7456.T,13,1.0,0.1483,3.24,False
vix,7593.T,19,-1.0,-0.1511,-3.28,False
vix,7611.T,15,1.0,0.1759,3.85,False
vix,7762.T,4,-1.0,-0.1421,-3.13,False
vix,7821.T,26,-1.0,-0.1504,-3.17,False
vix,7826.T,11,-1.0,-0.1541,-3.38,True
vix,7860.T,24,-1.0,-0.1407,-3.03,False
vix,7864.T,6,1.0,0.1504,3.31,False
vix,7947.T,15,1.0,0.1493,3.26,False
vix,7981.T,6,1.0,0.1649,3.64,False
vix,7995.T,23,-1.0,-0.1672,-3.62,False
vix,8016.T,1,-1.0,-0.1801,-4.01,False
vix,8051.T,2,1.0,0.1518,3.36,False
vix,8057.T,2,1.0,0.1958,4.37,False
vix,8130.T,6,1.0,0.1595,3.52,False
vix,8133.T,13,1.0,0.1457,3.18,False
vix,8153.T,2,1.0,0.1702,3.78,False
vix,8160.T,2,1.0,0.204,4.56,False
vix,8179.T,2,1.0,0.2194,4.92,False
vix,8194.T,2,1.0,0.1589,3.52,False
vix,8278.T,2,1.0,0.1367,3.02,False
vix,8361.T,2,1.0,0.164,3.63,False
vix,8367.T,15,1.0,0.1514,3.3,False
vix,8388.T,2,1.0,0.1528,3.38,False
vix,8425.T,1,-1.0,-0.1403,-3.1,True
vix,8511.T,19,-1.0,-0.1502,-3.26,False
vix,8600.T,2,1.0,0.137,3.02,False
vix,8706.T,1,-1.0,-0.1635,-3.63,False
vix,8848.T,13,1.0,0.2138,4.73,False
vix,9511.T,2,1.0,0.154,3.41,False
vix,9543.T,2,1.0,0.1705,3.78,False
vix,9601.T,15,1.0,0.1398,3.04,False
vix,9605.T,15,1.0,0.1403,3.06,False
vix,9869.T,6,1.0,0.1907,4.23,False
vix,9882.T,11,-1.0,-0.1647,-3.62,False
vix,9887.T,2,1.0,0.1592,3.53,False
vix,9889.T,10,-1.0,-0.1458,-3.2,False
vix,9900.T,2,1.0,0.15,3.32,False
vix,9956.T,6,1.0,0.1418,3.12,False
