family,src,target,w,h,half,slope,t,n,p,sign
成本,16,その他製品,1,1,H1,0.23595,0.47154,119,0.63726,-1
成本,16,その他製品,1,1,H2,-0.34689,-1.51605,119,0.12951,-1
成本,16,その他製品,1,3,H1,0.73723,0.82504,119,0.40935,-1
成本,16,その他製品,1,3,H2,-0.59811,-1.07387,117,0.28288,-1
成本,16,その他製品,1,6,H1,0.45776,0.29165,119,0.77055,-1
成本,16,その他製品,1,6,H2,-1.92127,-2.15963,114,0.0308,-1
成本,16,その他製品,3,1,H1,0.09536,0.53005,119,0.59607,-1
成本,16,その他製品,3,1,H2,-0.08637,-0.84106,119,0.40032,-1
成本,16,その他製品,3,3,H1,0.2113,0.47779,119,0.6328,-1
成本,16,その他製品,3,3,H2,-0.26197,-1.06831,117,0.28538,-1
成本,16,その他製品,3,6,H1,0.23635,0.3038,119,0.76128,-1
成本,16,その他製品,3,6,H2,-0.81255,-1.95671,114,0.05038,-1
成本,16,その他製品,6,1,H1,-0.00952,-0.09362,119,0.92541,-1
成本,16,その他製品,6,1,H2,-0.07233,-1.2392,119,0.21527,-1
成本,16,その他製品,6,3,H1,0.03686,0.13973,119,0.88887,-1
成本,16,その他製品,6,3,H2,-0.22164,-1.46846,117,0.14198,-1
成本,16,その他製品,6,6,H1,0.06528,0.12644,119,0.89939,-1
成本,16,その他製品,6,6,H2,-0.47404,-1.97631,114,0.04812,-1
成本,22,その他製品,1,1,H1,-0.08087,-0.14495,119,0.88475,-1
成本,22,その他製品,1,1,H2,0.78306,2.9233,119,0.00346,-1
成本,22,その他製品,1,3,H1,0.3876,0.27452,119,0.78369,-1
成本,22,その他製品,1,3,H2,1.13836,1.60092,117,0.10939,-1
成本,22,その他製品,1,6,H1,0.94792,0.51335,119,0.6077,-1
成本,22,その他製品,1,6,H2,0.24145,0.23675,114,0.81285,-1
成本,22,その他製品,3,1,H1,-0.03628,-0.16987,119,0.86511,-1
成本,22,その他製品,3,1,H2,0.25234,2.31448,119,0.02064,-1
成本,22,その他製品,3,3,H1,0.04588,0.10677,119,0.91497,-1
成本,22,その他製品,3,3,H2,0.24804,0.83797,117,0.40205,-1
成本,22,その他製品,3,6,H1,0.20692,0.33191,119,0.73996,-1
成本,22,その他製品,3,6,H2,-0.30401,-0.53408,114,0.59329,-1
成本,22,その他製品,6,1,H1,-0.02112,-0.21116,119,0.83277,-1
成本,22,その他製品,6,1,H2,0.10063,1.19163,119,0.23341,-1
成本,22,その他製品,6,3,H1,-0.00796,-0.03336,119,0.97339,-1
成本,22,その他製品,6,3,H2,-0.00742,-0.04063,117,0.96759,-1
成本,22,その他製品,6,6,H1,0.11549,0.29535,119,0.76773,-1
成本,22,その他製品,6,6,H2,-0.42107,-1.00947,114,0.31275,-1
成本,39,その他製品,1,1,H1,-0.59993,-0.76748,119,0.4428,-1
成本,39,その他製品,1,1,H2,0.55087,1.2378,119,0.21579,-1
成本,39,その他製品,1,3,H1,-0.66662,-0.56934,119,0.56913,-1
成本,39,その他製品,1,3,H2,0.01053,0.01289,117,0.98971,-1
成本,39,その他製品,1,6,H1,-2.07708,-1.29443,119,0.19552,-1
成本,39,その他製品,1,6,H2,-1.89391,-1.37285,114,0.1698,-1
成本,39,その他製品,3,1,H1,-0.27069,-1.3274,119,0.18438,-1
成本,39,その他製品,3,1,H2,0.0524,0.28457,119,0.77598,-1
成本,39,その他製品,3,3,H1,-0.48373,-1.25236,119,0.21044,-1
成本,39,その他製品,3,3,H2,-0.45759,-0.95791,117,0.33811,-1
成本,39,その他製品,3,6,H1,-1.13916,-1.64005,119,0.10099,-1
成本,39,その他製品,3,6,H2,-1.48964,-1.92099,114,0.05473,-1
成本,39,その他製品,6,1,H1,-0.21315,-1.75111,119,0.07993,-1
成本,39,その他製品,6,1,H2,-0.0714,-0.60445,119,0.54554,-1
成本,39,その他製品,6,3,H1,-0.45385,-1.57406,119,0.11547,-1
成本,39,その他製品,6,3,H2,-0.44645,-1.4698,117,0.14162,-1
成本,39,その他製品,6,6,H1,-0.69694,-1.35125,119,0.17661,-1
成本,39,その他製品,6,6,H2,-0.90677,-1.99013,114,0.04658,-1
成本,20,その他製品,1,1,H1,0.20176,1.11574,119,0.26453,-1
成本,20,その他製品,1,1,H2,0.32476,2.13674,119,0.03262,-1
成本,20,その他製品,1,3,H1,0.53962,1.8888,119,0.05892,-1
成本,20,その他製品,1,3,H2,1.25489,3.6617,117,0.00025,-1
成本,20,その他製品,1,6,H1,0.996,1.59335,119,0.11108,-1
成本,20,その他製品,1,6,H2,2.30218,3.9404,114,8e-05,-1
成本,20,その他製品,3,1,H1,0.08195,1.3609,119,0.17354,-1
成本,20,その他製品,3,1,H2,0.18823,4.35822,119,1e-05,-1
成本,20,その他製品,3,3,H1,0.16734,0.98757,119,0.32336,-1
成本,20,その他製品,3,3,H2,0.67005,3.28412,117,0.00102,-1
成本,20,その他製品,3,6,H1,0.27696,0.91642,119,0.35944,-1
成本,20,その他製品,3,6,H2,1.07583,3.05754,114,0.00223,-1
成本,20,その他製品,6,1,H1,0.03438,0.78348,119,0.43335,-1
成本,20,その他製品,6,1,H2,0.15786,4.80453,119,0.0,-1
成本,20,その他製品,6,3,H1,0.07446,0.64843,119,0.51671,-1
成本,20,その他製品,6,3,H2,0.44331,3.39461,117,0.00069,-1
成本,20,その他製品,6,6,H1,0.14864,0.79361,119,0.42742,-1
成本,20,その他製品,6,6,H2,0.59059,3.06954,114,0.00214,-1
成本,46,その他製品,1,1,H1,0.07777,0.89714,119,0.36965,-1
成本,46,その他製品,1,1,H2,0.13132,2.44806,119,0.01436,-1
成本,46,その他製品,1,3,H1,0.08175,0.4961,119,0.61982,-1
成本,46,その他製品,1,3,H2,0.3025,2.92787,117,0.00341,-1
成本,46,その他製品,1,6,H1,-0.0879,-0.58498,119,0.55856,-1
成本,46,その他製品,1,6,H2,0.28437,1.44068,114,0.14967,-1
成本,46,その他製品,3,1,H1,0.01683,0.44023,119,0.65977,-1
成本,46,その他製品,3,1,H2,0.06046,2.76282,119,0.00573,-1
成本,46,その他製品,3,3,H1,-0.06594,-0.86251,119,0.3884,-1
成本,46,その他製品,3,3,H2,0.10288,1.88231,117,0.05979,-1
成本,46,その他製品,3,6,H1,-0.09568,-1.19978,119,0.23023,-1
成本,46,その他製品,3,6,H2,0.05885,0.57172,114,0.56751,-1
成本,46,その他製品,6,1,H1,-0.01802,-0.90622,119,0.36482,-1
成本,46,その他製品,6,1,H2,0.02117,1.69446,119,0.09018,-1
成本,46,その他製品,6,3,H1,-0.0605,-1.38392,119,0.16638,-1
成本,46,その他製品,6,3,H2,0.02193,0.58707,117,0.55716,-1
成本,46,その他製品,6,6,H1,-0.0995,-1.3602,119,0.17377,-1
成本,46,その他製品,6,6,H2,-0.05214,-0.72624,114,0.46769,-1
成本,27,その他製品,1,1,H1,0.02286,0.35709,119,0.72103,-1
成本,27,その他製品,1,1,H2,0.05971,0.8196,119,0.41245,-1
成本,27,その他製品,1,3,H1,0.14035,1.17452,119,0.24019,-1
成本,27,その他製品,1,3,H2,0.21086,1.66197,117,0.09652,-1
成本,27,その他製品,1,6,H1,0.33448,1.68685,119,0.09163,-1
成本,27,その他製品,1,6,H2,0.5724,3.15471,114,0.00161,-1
成本,27,その他製品,3,1,H1,0.02322,0.92917,119,0.3528,-1
成本,27,その他製品,3,1,H2,0.0463,1.67809,119,0.09333,-1
成本,27,その他製品,3,3,H1,0.09408,2.05304,119,0.04007,-1
成本,27,その他製品,3,3,H2,0.17502,2.69712,117,0.00699,-1
成本,27,その他製品,3,6,H1,0.15803,1.78973,119,0.0735,-1
成本,27,その他製品,3,6,H2,0.35566,3.71756,114,0.0002,-1
成本,27,その他製品,6,1,H1,0.01694,1.15843,119,0.24669,-1
成本,27,その他製品,6,1,H2,0.05508,2.87755,119,0.00401,-1
成本,27,その他製品,6,3,H1,0.04578,1.18407,119,0.23638,-1
成本,27,その他製品,6,3,H2,0.16712,3.94484,117,8e-05,-1
成本,27,その他製品,6,6,H1,0.06072,0.87178,119,0.38333,-1
成本,27,その他製品,6,6,H2,0.28438,5.11406,114,0.0,-1
成本,28,その他製品,1,1,H1,0.95585,1.92073,119,0.05477,-1
成本,28,その他製品,1,1,H2,0.57123,2.30643,119,0.02109,-1
成本,28,その他製品,1,3,H1,1.10899,1.14733,119,0.25125,-1
成本,28,その他製品,1,3,H2,0.50254,0.91311,117,0.36118,-1
成本,28,その他製品,1,6,H1,1.55726,1.37366,119,0.16955,-1
成本,28,その他製品,1,6,H2,-0.26935,-0.3497,114,0.72657,-1
成本,28,その他製品,3,1,H1,0.21779,1.00034,119,0.31715,-1
成本,28,その他製品,3,1,H2,0.12743,1.02443,119,0.30563,-1
成本,28,その他製品,3,3,H1,0.65978,1.58583,119,0.11278,-1
成本,28,その他製品,3,3,H2,0.0755,0.27565,117,0.78282,-1
成本,28,その他製品,3,6,H1,0.43482,0.74084,119,0.45879,-1
成本,28,その他製品,3,6,H2,-0.34422,-0.69795,114,0.48521,-1
成本,28,その他製品,6,1,H1,0.09086,0.8562,119,0.39189,-1
成本,28,その他製品,6,1,H2,0.02129,0.36581,119,0.71451,-1
成本,28,その他製品,6,3,H1,0.09515,0.38376,119,0.70116,-1
成本,28,その他製品,6,3,H2,-0.06687,-0.40058,117,0.68873,-1
成本,28,その他製品,6,6,H1,0.06939,0.16807,119,0.86653,-1
成本,28,その他製品,6,6,H2,-0.32344,-0.99076,114,0.3218,-1
成本,39,その他金融業,1,1,H1,0.69536,0.31208,119,0.75498,-1
成本,39,その他金融業,1,1,H2,-0.34436,-0.70255,119,0.48234,-1
成本,39,その他金融業,1,3,H1,-7.26733,-2.09244,119,0.0364,-1
成本,39,その他金融業,1,3,H2,-0.08162,-0.09951,117,0.92073,-1
成本,39,その他金融業,1,6,H1,-5.75073,-1.03488,119,0.30072,-1
成本,39,その他金融業,1,6,H2,-1.27035,-0.95949,114,0.33731,-1
成本,39,その他金融業,3,1,H1,-1.00947,-1.67217,119,0.09449,-1
成本,39,その他金融業,3,1,H2,0.0101,0.04645,119,0.96295,-1
成本,39,その他金融業,3,3,H1,-3.20998,-2.0121,119,0.04421,-1
成本,39,その他金融業,3,3,H2,-0.45982,-0.97984,117,0.32717,-1
成本,39,その他金融業,3,6,H1,-5.32828,-2.58981,119,0.0096,-1
成本,39,その他金融業,3,6,H2,-1.25405,-1.54569,114,0.12218,-1
成本,39,その他金融業,6,1,H1,-0.45425,-1.17093,119,0.24163,-1
成本,39,その他金融業,6,1,H2,-0.09303,-0.81668,119,0.41411,-1
成本,39,その他金融業,6,3,H1,-2.49589,-2.30959,119,0.02091,-1
成本,39,その他金融業,6,3,H2,-0.39712,-1.38308,117,0.16664,-1
成本,39,その他金融業,6,6,H1,-3.61375,-2.28771,119,0.02215,-1
成本,39,その他金融業,6,6,H2,-0.96281,-1.90736,114,0.05647,-1
成本,25,ガラス・土石製品,1,1,H1,0.45405,0.73332,119,0.46336,-1
成本,25,ガラス・土石製品,1,1,H2,-0.22394,-0.49711,119,0.61911,-1
成本,25,ガラス・土石製品,1,3,H1,0.28383,0.21855,119,0.827,-1
成本,25,ガラス・土石製品,1,3,H2,0.51695,0.66204,117,0.50795,-1
成本,25,ガラス・土石製品,1,6,H1,-0.89726,-0.48856,119,0.62515,-1
成本,25,ガラス・土石製品,1,6,H2,0.98593,0.76165,114,0.44627,-1
成本,25,ガラス・土石製品,3,1,H1,0.10351,0.38478,119,0.7004,-1
成本,25,ガラス・土石製品,3,1,H2,0.06378,0.4378,119,0.66153,-1
成本,25,ガラス・土石製品,3,3,H1,-0.43912,-0.60561,119,0.54478,-1
成本,25,ガラス・土石製品,3,3,H2,0.1978,0.61047,117,0.54155,-1
成本,25,ガラス・土石製品,3,6,H1,-0.50798,-0.48336,119,0.62884,-1
成本,25,ガラス・土石製品,3,6,H2,0.64781,1.15279,114,0.249,-1
成本,25,ガラス・土石製品,6,1,H1,-0.06549,-0.35393,119,0.72339,-1
成本,25,ガラス・土石製品,6,1,H2,0.01066,0.15873,119,0.87388,-1
成本,25,ガラス・土石製品,6,3,H1,-0.144,-0.29991,119,0.76424,-1
成本,25,ガラス・土石製品,6,3,H2,0.13152,0.77115,117,0.44062,-1
成本,25,ガラス・土石製品,6,6,H1,0.1544,0.18212,119,0.85549,-1
成本,25,ガラス・土石製品,6,6,H2,0.50865,1.51953,114,0.12863,-1
成本,46,ガラス・土石製品,1,1,H1,0.0143,0.1299,119,0.89664,-1
成本,46,ガラス・土石製品,1,1,H2,-0.03809,-0.39222,119,0.6949,-1
成本,46,ガラス・土石製品,1,3,H1,-0.08884,-0.40657,119,0.68432,-1
成本,46,ガラス・土石製品,1,3,H2,-0.31308,-1.75429,117,0.07938,-1
成本,46,ガラス・土石製品,1,6,H1,-0.04832,-0.17213,119,0.86334,-1
成本,46,ガラス・土石製品,1,6,H2,-0.18934,-0.97214,114,0.33098,-1
成本,46,ガラス・土石製品,3,1,H1,-0.0081,-0.16429,119,0.8695,-1
成本,46,ガラス・土石製品,3,1,H2,-0.07591,-1.70706,119,0.08781,-1
成本,46,ガラス・土石製品,3,3,H1,-0.01417,-0.09856,119,0.92149,-1
成本,46,ガラス・土石製品,3,3,H2,-0.09888,-1.36372,117,0.17265,-1
成本,46,ガラス・土石製品,3,6,H1,-0.09881,-0.67146,119,0.50193,-1
成本,46,ガラス・土石製品,3,6,H2,-0.19106,-1.76844,114,0.07699,-1
成本,46,ガラス・土石製品,6,1,H1,0.01401,0.44884,119,0.65355,-1
成本,46,ガラス・土石製品,6,1,H2,-0.02965,-1.3999,119,0.16154,-1
成本,46,ガラス・土石製品,6,3,H1,-0.02655,-0.3353,119,0.7374,-1
成本,46,ガラス・土石製品,6,3,H2,-0.082,-1.74781,117,0.0805,-1
成本,46,ガラス・土石製品,6,6,H1,-0.20877,-1.65926,119,0.09706,-1
成本,46,ガラス・土石製品,6,6,H2,-0.13335,-1.83897,114,0.06592,-1
成本,06,ガラス・土石製品,1,1,H1,-0.05838,-1.68647,119,0.09171,-1
成本,06,ガラス・土石製品,1,1,H2,-0.01112,-0.3274,119,0.74337,-1
成本,06,ガラス・土石製品,1,3,H1,-0.18858,-3.1272,119,0.00176,-1
成本,06,ガラス・土石製品,1,3,H2,-0.08861,-1.32044,117,0.18669,-1
成本,06,ガラス・土石製品,1,6,H1,-0.26468,-2.85727,119,0.00427,-1
成本,06,ガラス・土石製品,1,6,H2,-0.0516,-0.61588,114,0.53798,-1
成本,06,ガラス・土石製品,3,1,H1,-0.03484,-2.91375,119,0.00357,-1
成本,06,ガラス・土石製品,3,1,H2,-0.01603,-1.10247,119,0.27026,-1
成本,06,ガラス・土石製品,3,3,H1,-0.0873,-3.7296,119,0.00019,-1
成本,06,ガラス・土石製品,3,3,H2,-0.03808,-1.27904,117,0.20088,-1
成本,06,ガラス・土石製品,3,6,H1,-0.08532,-2.20244,119,0.02763,-1
成本,06,ガラス・土石製品,3,6,H2,-0.00884,-0.1993,114,0.84203,-1
成本,06,ガラス・土石製品,6,1,H1,-0.01941,-2.68632,119,0.00722,-1
成本,06,ガラス・土石製品,6,1,H2,-0.00811,-1.06713,119,0.28591,-1
成本,06,ガラス・土石製品,6,3,H1,-0.03715,-1.97509,119,0.04826,-1
成本,06,ガラス・土石製品,6,3,H2,-0.00873,-0.48838,117,0.62528,-1
成本,06,ガラス・土石製品,6,6,H1,-0.02334,-0.70512,119,0.48073,-1
成本,06,ガラス・土石製品,6,6,H2,-0.01606,-0.47569,114,0.63429,-1
成本,20,ガラス・土石製品,1,1,H1,-0.09443,-0.32233,119,0.7472,-1
成本,20,ガラス・土石製品,1,1,H2,-0.13344,-0.37333,119,0.7089,-1
成本,20,ガラス・土石製品,1,3,H1,-0.9544,-2.56434,119,0.01034,-1
成本,20,ガラス・土石製品,1,3,H2,-0.61635,-1.10645,117,0.26853,-1
成本,20,ガラス・土石製品,1,6,H1,-1.51355,-2.81179,119,0.00493,-1
成本,20,ガラス・土石製品,1,6,H2,-0.35576,-0.42532,114,0.6706,-1
成本,20,ガラス・土石製品,3,1,H1,-0.16599,-1.84516,119,0.06501,-1
成本,20,ガラス・土石製品,3,1,H2,-0.12997,-1.12488,119,0.26064,-1
成本,20,ガラス・土石製品,3,3,H1,-0.4702,-2.54675,119,0.01087,-1
成本,20,ガラス・土石製品,3,3,H2,-0.2382,-1.00388,117,0.31544,-1
成本,20,ガラス・土石製品,3,6,H1,-0.39533,-1.29183,119,0.19642,-1
成本,20,ガラス・土石製品,3,6,H2,-0.0674,-0.17698,114,0.85952,-1
成本,20,ガラス・土石製品,6,1,H1,-0.06463,-1.29264,119,0.19614,-1
成本,20,ガラス・土石製品,6,1,H2,-0.09157,-1.37709,119,0.16848,-1
成本,20,ガラス・土石製品,6,3,H1,-0.08428,-0.64938,119,0.51609,-1
成本,20,ガラス・土石製品,6,3,H2,-0.12986,-0.82042,117,0.41198,-1
成本,20,ガラス・土石製品,6,6,H1,-0.04517,-0.19529,119,0.84517,-1
成本,20,ガラス・土石製品,6,6,H2,-0.24177,-0.90775,114,0.36401,-1
成本,21,ガラス・土石製品,1,1,H1,-0.07494,-1.36122,119,0.17345,-1
成本,21,ガラス・土石製品,1,1,H2,0.01928,0.29848,119,0.76533,-1
成本,21,ガラス・土石製品,1,3,H1,-0.29903,-3.82489,119,0.00013,-1
成本,21,ガラス・土石製品,1,3,H2,-0.17306,-1.64762,117,0.09943,-1
成本,21,ガラス・土石製品,1,6,H1,-0.42468,-3.70045,119,0.00022,-1
成本,21,ガラス・土石製品,1,6,H2,-0.08579,-0.65726,114,0.51101,-1
成本,21,ガラス・土石製品,3,1,H1,-0.04766,-2.81548,119,0.00487,-1
成本,21,ガラス・土石製品,3,1,H2,-0.02668,-1.04262,119,0.29712,-1
成本,21,ガラス・土石製品,3,3,H1,-0.14182,-4.27833,119,2e-05,-1
成本,21,ガラス・土石製品,3,3,H2,-0.11083,-1.58651,117,0.11262,-1
成本,21,ガラス・土石製品,3,6,H1,-0.11355,-2.05071,119,0.0403,-1
成本,21,ガラス・土石製品,3,6,H2,0.0069,0.09824,114,0.92174,-1
成本,21,ガラス・土石製品,6,1,H1,-0.02961,-2.90224,119,0.00371,-1
成本,21,ガラス・土石製品,6,1,H2,-0.01652,-0.85969,119,0.38996,-1
成本,21,ガラス・土石製品,6,3,H1,-0.04931,-1.8594,119,0.06297,-1
成本,21,ガラス・土石製品,6,3,H2,-0.01365,-0.27982,117,0.77962,-1
成本,21,ガラス・土石製品,6,6,H1,-0.01444,-0.34083,119,0.73323,-1
成本,21,ガラス・土石製品,6,6,H2,0.01658,0.23143,114,0.81698,-1
成本,16,ガラス・土石製品,1,1,H1,-0.19343,-0.42599,119,0.67012,-1
成本,16,ガラス・土石製品,1,1,H2,0.01967,0.05506,119,0.95609,-1
成本,16,ガラス・土石製品,1,3,H1,-0.99987,-0.82819,119,0.40756,-1
成本,16,ガラス・土石製品,1,3,H2,-0.03081,-0.03577,117,0.97147,-1
成本,16,ガラス・土石製品,1,6,H1,-1.79384,-1.05568,119,0.29111,-1
成本,16,ガラス・土石製品,1,6,H2,0.26875,0.21909,114,0.82658,-1
成本,16,ガラス・土石製品,3,1,H1,-0.10512,-0.44499,119,0.65633,-1
成本,16,ガラス・土石製品,3,1,H2,-0.01145,-0.07198,119,0.94261,-1
成本,16,ガラス・土石製品,3,3,H1,-0.27614,-0.41416,119,0.67876,-1
成本,16,ガラス・土石製品,3,3,H2,-0.21021,-0.54998,117,0.58234,-1
成本,16,ガラス・土石製品,3,6,H1,-0.36826,-0.38085,119,0.70331,-1
成本,16,ガラス・土石製品,3,6,H2,0.10519,0.2004,114,0.84117,-1
成本,16,ガラス・土石製品,6,1,H1,-0.02233,-0.17203,119,0.86342,-1
成本,16,ガラス・土石製品,6,1,H2,-0.0241,-0.33129,119,0.74043,-1
成本,16,ガラス・土石製品,6,3,H1,-0.06908,-0.19165,119,0.84802,-1
成本,16,ガラス・土石製品,6,3,H2,-0.03285,-0.17869,117,0.85818,-1
成本,16,ガラス・土石製品,6,6,H1,-0.30505,-0.54828,119,0.5835,-1
成本,16,ガラス・土石製品,6,6,H2,0.19288,0.69765,114,0.4854,-1
成本,22,ゴム製品,1,1,H1,-0.29248,-0.20553,119,0.83716,-1
成本,22,ゴム製品,1,1,H2,0.63891,0.80172,119,0.42272,-1
成本,22,ゴム製品,1,3,H1,-1.86885,-0.56185,119,0.57422,-1
成本,22,ゴム製品,1,3,H2,1.31596,0.76028,117,0.44709,-1
成本,22,ゴム製品,1,6,H1,1.44004,0.30967,119,0.75682,-1
成本,22,ゴム製品,1,6,H2,3.31473,1.20869,114,0.22678,-1
成本,22,ゴム製品,3,1,H1,-0.374,-0.6351,119,0.52536,-1
成本,22,ゴム製品,3,1,H2,0.10375,0.36071,119,0.71832,-1
成本,22,ゴム製品,3,3,H1,-0.01423,-0.012,119,0.99042,-1
成本,22,ゴム製品,3,3,H2,0.13145,0.15268,117,0.87865,-1
成本,22,ゴム製品,3,6,H1,1.63411,1.02614,119,0.30482,-1
成本,22,ゴム製品,3,6,H2,1.31508,0.9122,114,0.36166,-1
成本,22,ゴム製品,6,1,H1,0.16326,0.59572,119,0.55136,-1
成本,22,ゴム製品,6,1,H2,0.09983,0.54501,119,0.58575,-1
成本,22,ゴム製品,6,3,H1,0.6316,0.96354,119,0.33528,-1
成本,22,ゴム製品,6,3,H2,0.35874,0.71331,117,0.47565,-1
成本,22,ゴム製品,6,6,H1,1.36432,1.45492,119,0.14569,-1
成本,22,ゴム製品,6,6,H2,1.02723,1.24582,114,0.21283,-1
成本,20,ゴム製品,1,1,H1,1.66792,3.1996,119,0.00138,-1
成本,20,ゴム製品,1,1,H2,0.86766,2.53843,119,0.01114,-1
成本,20,ゴム製品,1,3,H1,2.0301,2.34036,119,0.01927,-1
成本,20,ゴム製品,1,3,H2,1.06113,1.37083,117,0.17043,-1
成本,20,ゴム製品,1,6,H1,2.31823,2.55923,119,0.01049,-1
成本,20,ゴム製品,1,6,H2,0.1438,0.11093,114,0.91167,-1
成本,20,ゴム製品,3,1,H1,0.44233,1.92528,119,0.05419,-1
成本,20,ゴム製品,3,1,H2,0.11347,0.93201,119,0.35133,-1
成本,20,ゴム製品,3,3,H1,0.58084,1.67941,119,0.09307,-1
成本,20,ゴム製品,3,3,H2,0.19545,0.5621,117,0.57405,-1
成本,20,ゴム製品,3,6,H1,0.73596,1.40255,119,0.16075,-1
成本,20,ゴム製品,3,6,H2,0.12527,0.20844,114,0.83489,-1
成本,20,ゴム製品,6,1,H1,0.16307,1.64565,119,0.09984,-1
成本,20,ゴム製品,6,1,H2,0.02899,0.36449,119,0.71549,-1
成本,20,ゴム製品,6,3,H1,0.25847,1.13919,119,0.25462,-1
成本,20,ゴム製品,6,3,H2,0.09839,0.42497,117,0.67086,-1
成本,20,ゴム製品,6,6,H1,0.57474,1.49035,119,0.13613,-1
成本,20,ゴム製品,6,6,H2,0.00845,0.02393,114,0.98091,-1
成本,46,ゴム製品,1,1,H1,0.22371,1.14221,119,0.25337,-1
成本,46,ゴム製品,1,1,H2,0.03266,0.28159,119,0.77826,-1
成本,46,ゴム製品,1,3,H1,0.23896,0.69153,119,0.48923,-1
成本,46,ゴム製品,1,3,H2,-0.12581,-0.50653,117,0.61249,-1
成本,46,ゴム製品,1,6,H1,0.69709,1.83305,119,0.0668,-1
成本,46,ゴム製品,1,6,H2,-0.11813,-0.23459,114,0.81453,-1
成本,46,ゴム製品,3,1,H1,0.06072,0.69841,119,0.48492,-1
成本,46,ゴム製品,3,1,H2,-0.02176,-0.38669,119,0.69899,-1
成本,46,ゴム製品,3,3,H1,0.02681,0.15042,119,0.88043,-1
成本,46,ゴム製品,3,3,H2,-0.11148,-0.72738,117,0.46699,-1
成本,46,ゴム製品,3,6,H1,0.35939,1.4171,119,0.15645,-1
成本,46,ゴム製品,3,6,H2,-0.08838,-0.32587,114,0.74452,-1
成本,46,ゴム製品,6,1,H1,0.0782,1.58372,119,0.11326,-1
成本,46,ゴム製品,6,1,H2,-0.01358,-0.40662,119,0.68428,-1
成本,46,ゴム製品,6,3,H1,0.19311,1.46279,119,0.14352,-1
成本,46,ゴム製品,6,3,H2,-0.04576,-0.47187,117,0.63702,-1
成本,46,ゴム製品,6,6,H1,0.32061,1.23566,119,0.21658,-1
成本,46,ゴム製品,6,6,H2,0.00421,0.0291,114,0.97678,-1
成本,11,サービス業,1,1,H1,-0.10029,-0.20138,119,0.8404,-1
成本,11,サービス業,1,1,H2,-0.15875,-0.23215,119,0.81642,-1
成本,11,サービス業,1,3,H1,0.3792,0.36258,119,0.71692,-1
成本,11,サービス業,1,3,H2,-3.77713,-2.65342,117,0.00797,-1
成本,11,サービス業,1,6,H1,-1.19517,-0.86381,119,0.38769,-1
成本,11,サービス業,1,6,H2,-9.33574,-4.35548,114,1e-05,-1
成本,11,サービス業,3,1,H1,0.11271,0.48938,119,0.62457,-1
成本,11,サービス業,3,1,H2,-0.73687,-1.98961,119,0.04663,-1
成本,11,サービス業,3,3,H1,0.0212,0.04358,119,0.96524,-1
成本,11,サービス業,3,3,H2,-2.92922,-3.36046,117,0.00078,-1
成本,11,サービス業,3,6,H1,-0.79892,-1.05617,119,0.29089,-1
成本,11,サービス業,3,6,H2,-6.4676,-5.01036,114,0.0,-1
成本,11,サービス業,6,1,H1,-0.12781,-0.96169,119,0.33621,-1
成本,11,サービス業,6,1,H2,-0.55232,-2.92005,119,0.0035,-1
成本,11,サービス業,6,3,H1,-0.36535,-1.08605,119,0.27746,-1
成本,11,サービス業,6,3,H2,-1.82201,-4.18407,117,3e-05,-1
成本,11,サービス業,6,6,H1,-0.72802,-1.26568,119,0.20563,-1
成本,11,サービス業,6,6,H2,-3.98871,-5.94934,114,0.0,-1
成本,35,サービス業,1,1,H1,0.08346,0.08947,119,0.92871,-1
成本,35,サービス業,1,1,H2,-0.84171,-1.0091,119,0.31293,-1
成本,35,サービス業,1,3,H1,-1.31568,-0.79028,119,0.42936,-1
成本,35,サービス業,1,3,H2,-2.09789,-0.9816,117,0.32629,-1
成本,35,サービス業,1,6,H1,-3.36172,-1.51619,119,0.12947,-1
成本,35,サービス業,1,6,H2,-6.85321,-1.92936,114,0.05369,-1
成本,35,サービス業,3,1,H1,-0.27749,-0.85291,119,0.39371,-1
成本,35,サービス業,3,1,H2,-0.43776,-0.87811,119,0.37988,-1
成本,35,サービス業,3,3,H1,-1.26549,-1.55118,119,0.12086,-1
成本,35,サービス業,3,3,H2,-2.33994,-1.65359,117,0.09821,-1
成本,35,サービス業,3,6,H1,-2.26478,-2.35537,119,0.0185,-1
成本,35,サービス業,3,6,H2,-4.79115,-2.60001,114,0.00932,-1
成本,35,サービス業,6,1,H1,-0.33621,-1.6135,119,0.10664,-1
成本,35,サービス業,6,1,H2,-0.31761,-1.15793,119,0.24689,-1
成本,35,サービス業,6,3,H1,-0.98312,-2.23377,119,0.0255,-1
成本,35,サービス業,6,3,H2,-1.42265,-2.1144,117,0.03448,-1
成本,35,サービス業,6,6,H1,-1.83484,-2.6342,119,0.00843,-1
成本,35,サービス業,6,6,H2,-3.17731,-2.65584,114,0.00791,-1
成本,46,サービス業,1,1,H1,0.03448,0.34043,119,0.73353,-1
成本,46,サービス業,1,1,H2,0.20204,2.72219,119,0.00649,-1
成本,46,サービス業,1,3,H1,0.01188,0.05867,119,0.95321,-1
成本,46,サービス業,1,3,H2,0.33433,1.71108,117,0.08707,-1
成本,46,サービス業,1,6,H1,-0.09108,-0.38303,119,0.7017,-1
成本,46,サービス業,1,6,H2,0.13555,0.37893,114,0.70474,-1
成本,46,サービス業,3,1,H1,-0.00693,-0.15164,119,0.87947,-1
成本,46,サービス業,3,1,H2,0.07339,1.76694,119,0.07724,-1
成本,46,サービス業,3,3,H1,-0.05983,-0.60126,119,0.54766,-1
成本,46,サービス業,3,3,H2,0.07865,0.72909,117,0.46594,-1
成本,46,サービス業,3,6,H1,-0.0204,-0.15153,119,0.87956,-1
成本,46,サービス業,3,6,H2,0.02426,0.12356,114,0.90166,-1
成本,46,サービス業,6,1,H1,-0.0155,-0.51508,119,0.60649,-1
成本,46,サービス業,6,1,H2,0.01698,0.68755,119,0.49173,-1
成本,46,サービス業,6,3,H1,-0.02015,-0.27392,119,0.78415,-1
成本,46,サービス業,6,3,H2,0.0117,0.18058,117,0.8567,-1
成本,46,サービス業,6,6,H1,0.04242,0.37073,119,0.71084,-1
成本,46,サービス業,6,6,H2,-0.05281,-0.3842,114,0.70083,-1
成本,16,パルプ・紙,1,1,H1,1.12204,0.59054,119,0.55483,-1
成本,16,パルプ・紙,1,1,H2,-0.31321,-0.43508,119,0.6635,-1
成本,16,パルプ・紙,1,3,H1,0.13245,0.04623,119,0.96313,-1
成本,16,パルプ・紙,1,3,H2,0.63687,0.67588,117,0.49911,-1
成本,16,パルプ・紙,1,6,H1,1.73004,0.38362,119,0.70126,-1
成本,16,パルプ・紙,1,6,H2,0.13497,0.07888,114,0.93712,-1
成本,16,パルプ・紙,3,1,H1,0.01904,0.03212,119,0.97438,-1
成本,16,パルプ・紙,3,1,H2,0.12697,0.653,119,0.51375,-1
成本,16,パルプ・紙,3,3,H1,0.17045,0.12551,119,0.90012,-1
成本,16,パルプ・紙,3,3,H2,0.54003,0.97873,117,0.32772,-1
成本,16,パルプ・紙,3,6,H1,0.43533,0.22735,119,0.82015,-1
成本,16,パルプ・紙,3,6,H2,0.06512,0.07099,114,0.94341,-1
成本,16,パルプ・紙,6,1,H1,0.02998,0.09405,119,0.92507,-1
成本,16,パルプ・紙,6,1,H2,0.01255,0.11767,119,0.90633,-1
成本,16,パルプ・紙,6,3,H1,0.03488,0.04345,119,0.96535,-1
成本,16,パルプ・紙,6,3,H2,0.03379,0.11543,117,0.90811,-1
成本,16,パルプ・紙,6,6,H1,0.3416,0.25394,119,0.79954,-1
成本,16,パルプ・紙,6,6,H2,0.06235,0.11884,114,0.90541,-1
成本,46,パルプ・紙,1,1,H1,-0.08504,-0.3878,119,0.69817,-1
成本,46,パルプ・紙,1,1,H2,-0.08274,-0.56337,119,0.57318,-1
成本,46,パルプ・紙,1,3,H1,0.31644,0.7962,119,0.42592,-1
成本,46,パルプ・紙,1,3,H2,-0.36233,-1.17717,117,0.23913,-1
成本,46,パルプ・紙,1,6,H1,0.5548,0.92433,119,0.35532,-1
成本,46,パルプ・紙,1,6,H2,-0.64826,-2.2505,114,0.02442,-1
成本,46,パルプ・紙,3,1,H1,0.05464,0.62257,119,0.53357,-1
成本,46,パルプ・紙,3,1,H2,-0.0668,-1.09867,119,0.27191,-1
成本,46,パルプ・紙,3,3,H1,0.38101,1.3647,119,0.17235,-1
成本,46,パルプ・紙,3,3,H2,-0.24662,-2.19363,117,0.02826,-1
成本,46,パルプ・紙,3,6,H1,0.22903,0.61757,119,0.53686,-1
成本,46,パルプ・紙,3,6,H2,-0.13497,-1.04039,114,0.29816,-1
成本,46,パルプ・紙,6,1,H1,0.04968,0.71611,119,0.47393,-1
成本,46,パルプ・紙,6,1,H2,-0.03512,-1.24169,119,0.21435,-1
成本,46,パルプ・紙,6,3,H1,0.1105,0.59457,119,0.55213,-1
成本,46,パルプ・紙,6,3,H2,-0.04009,-0.67755,117,0.49806,-1
成本,46,パルプ・紙,6,6,H1,-0.15842,-0.53349,119,0.59369,-1
成本,46,パルプ・紙,6,6,H2,0.0709,0.75351,114,0.45114,-1
成本,20,パルプ・紙,1,1,H1,-0.14701,-0.19212,119,0.84765,-1
成本,20,パルプ・紙,1,1,H2,0.2598,0.68409,119,0.49392,-1
成本,20,パルプ・紙,1,3,H1,1.92933,1.77923,119,0.0752,-1
成本,20,パルプ・紙,1,3,H2,-0.04368,-0.05692,117,0.95461,-1
成本,20,パルプ・紙,1,6,H1,3.28019,1.84701,119,0.06474,-1
成本,20,パルプ・紙,1,6,H2,0.31443,0.27518,114,0.78318,-1
成本,20,パルプ・紙,3,1,H1,0.40531,1.89503,119,0.05809,-1
成本,20,パルプ・紙,3,1,H2,0.04735,0.41466,119,0.67839,-1
成本,20,パルプ・紙,3,3,H1,1.55814,2.52711,119,0.0115,-1
成本,20,パルプ・紙,3,3,H2,0.1359,0.338,117,0.73536,-1
成本,20,パルプ・紙,3,6,H1,2.01721,2.54393,119,0.01096,-1
成本,20,パルプ・紙,3,6,H2,-0.18842,-0.35383,114,0.72346,-1
成本,20,パルプ・紙,6,1,H1,0.2432,1.8942,119,0.0582,-1
成本,20,パルプ・紙,6,1,H2,0.06098,0.86222,119,0.38857,-1
成本,20,パルプ・紙,6,3,H1,0.76734,2.09738,119,0.03596,-1
成本,20,パルプ・紙,6,3,H2,-0.00792,-0.03811,117,0.9696,-1
成本,20,パルプ・紙,6,6,H1,1.09091,2.43835,119,0.01475,-1
成本,20,パルプ・紙,6,6,H2,-0.34313,-1.13333,114,0.25707,-1
成本,01,パルプ・紙,1,1,H1,-0.22765,-0.69309,119,0.48825,-1
成本,01,パルプ・紙,1,1,H2,-0.01567,-0.08049,119,0.93585,-1
成本,01,パルプ・紙,1,3,H1,-0.32181,-0.72612,119,0.46776,-1
成本,01,パルプ・紙,1,3,H2,0.76249,2.70093,117,0.00691,-1
成本,01,パルプ・紙,1,6,H1,0.04915,0.09558,119,0.92386,-1
成本,01,パルプ・紙,1,6,H2,0.64795,1.99972,114,0.04553,-1
成本,01,パルプ・紙,3,1,H1,-0.1927,-0.79678,119,0.42558,-1
成本,01,パルプ・紙,3,1,H2,0.12798,1.62194,119,0.10482,-1
成本,01,パルプ・紙,3,3,H1,0.40789,0.55067,119,0.58186,-1
成本,01,パルプ・紙,3,3,H2,0.34928,2.00754,117,0.04469,-1
成本,01,パルプ・紙,3,6,H1,1.27405,1.16341,119,0.24466,-1
成本,01,パルプ・紙,3,6,H2,0.23332,0.94095,114,0.34673,-1
成本,01,パルプ・紙,6,1,H1,0.07186,0.31916,119,0.74961,-1
成本,01,パルプ・紙,6,1,H2,0.04523,1.12944,119,0.25871,-1
成本,01,パルプ・紙,6,3,H1,0.88145,1.27274,119,0.20311,-1
成本,01,パルプ・紙,6,3,H2,0.0831,0.76464,117,0.44449,-1
成本,01,パルプ・紙,6,6,H1,0.61213,0.57167,119,0.56755,-1
成本,01,パルプ・紙,6,6,H2,0.096,0.53871,114,0.59009,-1
成本,22,パルプ・紙,1,1,H1,1.87163,1.02741,119,0.30423,-1
成本,22,パルプ・紙,1,1,H2,-0.03827,-0.05288,119,0.95783,-1
成本,22,パルプ・紙,1,3,H1,6.33916,1.73768,119,0.08227,-1
成本,22,パルプ・紙,1,3,H2,0.21376,0.14477,117,0.88489,-1
成本,22,パルプ・紙,1,6,H1,6.1235,1.18237,119,0.23706,-1
成本,22,パルプ・紙,1,6,H2,-1.366,-0.64944,114,0.51605,-1
成本,22,パルプ・紙,3,1,H1,0.57409,0.72933,119,0.4658,-1
成本,22,パルプ・紙,3,1,H2,0.06925,0.27997,119,0.7795,-1
成本,22,パルプ・紙,3,3,H1,0.75943,0.47251,119,0.63657,-1
成本,22,パルプ・紙,3,3,H2,0.3051,0.36655,117,0.71396,-1
成本,22,パルプ・紙,3,6,H1,1.34549,0.59883,119,0.54928,-1
成本,22,パルプ・紙,3,6,H2,-0.79099,-0.88027,114,0.37871,-1
成本,22,パルプ・紙,6,1,H1,0.14886,0.41747,119,0.67634,-1
成本,22,パルプ・紙,6,1,H2,-0.02178,-0.14344,119,0.88594,-1
成本,22,パルプ・紙,6,3,H1,0.39935,0.47008,119,0.6383,-1
成本,22,パルプ・紙,6,3,H2,-0.17922,-0.58895,117,0.5559,-1
成本,22,パルプ・紙,6,6,H1,0.74365,0.56092,119,0.57485,-1
成本,22,パルプ・紙,6,6,H2,-0.54501,-1.00054,114,0.31705,-1
成本,39,パルプ・紙,1,1,H1,2.26419,0.97577,119,0.32918,-1
成本,39,パルプ・紙,1,1,H2,0.08691,0.08762,119,0.93018,-1
成本,39,パルプ・紙,1,3,H1,2.02132,0.44623,119,0.65543,-1
成本,39,パルプ・紙,1,3,H2,0.4575,0.27696,117,0.78181,-1
成本,39,パルプ・紙,1,6,H1,1.61261,0.25826,119,0.79621,-1
成本,39,パルプ・紙,1,6,H2,-0.09645,-0.04056,114,0.96765,-1
成本,39,パルプ・紙,3,1,H1,-0.64993,-0.73974,119,0.45946,-1
成本,39,パルプ・紙,3,1,H2,0.19325,0.48436,119,0.62813,-1
成本,39,パルプ・紙,3,3,H1,-0.11968,-0.04785,119,0.96183,-1
成本,39,パルプ・紙,3,3,H2,1.07858,0.89474,117,0.37093,-1
成本,39,パルプ・紙,3,6,H1,-0.6823,-0.27699,119,0.78179,-1
成本,39,パルプ・紙,3,6,H2,0.10057,0.0708,114,0.94355,-1
成本,39,パルプ・紙,6,1,H1,-0.35844,-0.66372,119,0.50687,-1
成本,39,パルプ・紙,6,1,H2,0.00598,0.02743,119,0.97811,-1
成本,39,パルプ・紙,6,3,H1,-0.3459,-0.29182,119,0.77043,-1
成本,39,パルプ・紙,6,3,H2,0.04721,0.08971,117,0.92852,-1
成本,39,パルプ・紙,6,6,H1,-0.01917,-0.01447,119,0.98845,-1
成本,39,パルプ・紙,6,6,H2,-0.71927,-0.71323,114,0.4757,-1
成本,28,パルプ・紙,1,1,H1,2.7057,1.67015,119,0.09489,-1
成本,28,パルプ・紙,1,1,H2,-0.09791,-0.13836,119,0.88995,-1
成本,28,パルプ・紙,1,3,H1,5.78611,1.75556,119,0.07916,-1
成本,28,パルプ・紙,1,3,H2,-1.32579,-1.25864,117,0.20816,-1
成本,28,パルプ・紙,1,6,H1,10.47988,1.69144,119,0.09075,-1
成本,28,パルプ・紙,1,6,H2,-1.22457,-0.93242,114,0.35112,-1
成本,28,パルプ・紙,3,1,H1,1.13797,1.57664,119,0.11488,-1
成本,28,パルプ・紙,3,1,H2,-0.2144,-0.85786,119,0.39097,-1
成本,28,パルプ・紙,3,3,H1,3.81965,1.88981,119,0.05878,-1
成本,28,パルプ・紙,3,3,H2,-0.07733,-0.11379,117,0.9094,-1
成本,28,パルプ・紙,3,6,H1,5.41437,1.55366,119,0.12026,-1
成本,28,パルプ・紙,3,6,H2,-0.51083,-0.63208,114,0.52733,-1
成本,28,パルプ・紙,6,1,H1,0.79345,1.71367,119,0.08659,-1
成本,28,パルプ・紙,6,1,H2,-0.07753,-0.6211,119,0.53454,-1
成本,28,パルプ・紙,6,3,H1,2.08546,1.56795,119,0.11689,-1
成本,28,パルプ・紙,6,3,H2,-0.15804,-0.53273,117,0.59422,-1
成本,28,パルプ・紙,6,6,H1,2.06325,1.07269,119,0.28341,-1
成本,28,パルプ・紙,6,6,H2,-0.45532,-0.86602,114,0.38648,-1
成本,39,保険業,1,1,H1,-1.07908,-0.61769,119,0.53678,-1
成本,39,保険業,1,1,H2,0.62239,0.60315,119,0.54641,-1
成本,39,保険業,1,3,H1,-3.20867,-1.24857,119,0.21182,-1
成本,39,保険業,1,3,H2,0.429,0.27437,117,0.7838,-1
成本,39,保険業,1,6,H1,-1.83277,-0.44666,119,0.65512,-1
成本,39,保険業,1,6,H2,1.15443,0.5042,114,0.61412,-1
成本,39,保険業,3,1,H1,-0.42354,-0.91268,119,0.36141,-1
成本,39,保険業,3,1,H2,0.01994,0.04675,119,0.96271,-1
成本,39,保険業,3,3,H1,-0.78672,-0.61583,119,0.538,-1
成本,39,保険業,3,3,H2,-0.43777,-0.48335,117,0.62885,-1
成本,39,保険業,3,6,H1,0.25595,0.13478,119,0.89278,-1
成本,39,保険業,3,6,H2,0.85252,0.59027,114,0.55501,-1
成本,39,保険業,6,1,H1,0.03919,0.13593,119,0.89188,-1
成本,39,保険業,6,1,H2,0.04897,0.2274,119,0.82011,-1
成本,39,保険業,6,3,H1,0.0764,0.09815,119,0.92181,-1
成本,39,保険業,6,3,H2,0.31568,0.60617,117,0.5444,-1
成本,39,保険業,6,6,H1,1.45974,0.96353,119,0.33528,-1
成本,39,保険業,6,6,H2,1.16688,1.07152,114,0.28393,-1
成本,20,化学,1,1,H1,-0.01959,-0.15436,119,0.87733,-1
成本,20,化学,1,1,H2,-0.07171,-0.38537,119,0.69996,-1
成本,20,化学,1,3,H1,-0.26742,-0.89014,119,0.37339,-1
成本,20,化学,1,3,H2,-0.31245,-1.3909,117,0.16426,-1
成本,20,化学,1,6,H1,-0.22161,-0.45461,119,0.64939,-1
成本,20,化学,1,6,H2,-0.07251,-0.1628,114,0.87067,-1
成本,20,化学,3,1,H1,-0.04774,-0.86631,119,0.38632,-1
成本,20,化学,3,1,H2,-0.07712,-1.57454,119,0.11536,-1
成本,20,化学,3,3,H1,-0.01332,-0.10066,119,0.91982,-1
成本,20,化学,3,3,H2,-0.08584,-0.8552,117,0.39244,-1
成本,20,化学,3,6,H1,-0.07724,-0.31008,119,0.7565,-1
成本,20,化学,3,6,H2,-0.09446,-0.41302,114,0.67959,-1
成本,20,化学,6,1,H1,-0.00948,-0.26069,119,0.79433,-1
成本,20,化学,6,1,H2,-0.03584,-1.27125,119,0.20364,-1
成本,20,化学,6,3,H1,-0.02123,-0.2127,119,0.83156,-1
成本,20,化学,6,3,H2,-0.06336,-0.8361,117,0.4031,-1
成本,20,化学,6,6,H1,-0.14041,-0.89179,119,0.37251,-1
成本,20,化学,6,6,H2,-0.15357,-1.0532,114,0.29225,-1
成本,21,化学,1,1,H1,-0.00806,-0.30428,119,0.76091,-1
成本,21,化学,1,1,H2,-0.03137,-0.81467,119,0.41526,-1
成本,21,化学,1,3,H1,0.00677,0.11929,119,0.90504,-1
成本,21,化学,1,3,H2,-0.04914,-0.99076,117,0.3218,-1
成本,21,化学,1,6,H1,0.00969,0.09389,119,0.9252,-1
成本,21,化学,1,6,H2,-0.02816,-0.37844,114,0.7051,-1
成本,21,化学,3,1,H1,0.00163,0.15046,119,0.8804,-1
成本,21,化学,3,1,H2,-0.00904,-0.58291,119,0.55995,-1
成本,21,化学,3,3,H1,0.01737,0.79607,119,0.42599,-1
成本,21,化学,3,3,H2,-0.00705,-0.22364,117,0.82304,-1
成本,21,化学,3,6,H1,-0.00269,-0.0578,119,0.95391,-1
成本,21,化学,3,6,H2,-0.0193,-0.4843,114,0.62818,-1
成本,21,化学,6,1,H1,0.00041,0.06712,119,0.94649,-1
成本,21,化学,6,1,H2,-0.0045,-0.52434,119,0.60005,-1
成本,21,化学,6,3,H1,-0.00155,-0.08106,119,0.93539,-1
成本,21,化学,6,3,H2,-0.01794,-0.66791,117,0.50419,-1
成本,21,化学,6,6,H1,-0.03307,-1.09396,119,0.27397,-1
成本,21,化学,6,6,H2,-0.02147,-0.46771,114,0.63999,-1
成本,22,化学,1,1,H1,-0.08268,-0.2418,119,0.80894,-1
成本,22,化学,1,1,H2,-0.42327,-1.2154,119,0.22421,-1
成本,22,化学,1,3,H1,-0.08751,-0.10216,119,0.91863,-1
成本,22,化学,1,3,H2,-1.53035,-3.11325,117,0.00185,-1
成本,22,化学,1,6,H1,-0.67399,-0.47759,119,0.63294,-1
成本,22,化学,1,6,H2,-2.46603,-3.12188,114,0.0018,-1
成本,22,化学,3,1,H1,0.02098,0.15406,119,0.87756,-1
成本,22,化学,3,1,H2,-0.25195,-2.64976,119,0.00805,-1
成本,22,化学,3,3,H1,0.1312,0.3505,119,0.72596,-1
成本,22,化学,3,3,H2,-0.69023,-2.48822,117,0.01284,-1
成本,22,化学,3,6,H1,0.27728,0.36117,119,0.71797,-1
成本,22,化学,3,6,H2,-1.3081,-2.67197,114,0.00754,-1
成本,22,化学,6,1,H1,0.01694,0.17197,119,0.86346,-1
成本,22,化学,6,1,H2,-0.16609,-2.84953,119,0.00438,-1
成本,22,化学,6,3,H1,0.12713,0.45136,119,0.65173,-1
成本,22,化学,6,3,H2,-0.45609,-2.65127,117,0.00802,-1
成本,22,化学,6,6,H1,0.30849,0.68738,119,0.49184,-1
成本,22,化学,6,6,H2,-0.84498,-2.92749,114,0.00342,-1
成本,46,化学,1,1,H1,-0.11961,-2.39134,119,0.01679,-1
成本,46,化学,1,1,H2,0.01368,0.26986,119,0.78727,-1
成本,46,化学,1,3,H1,-0.21173,-2.19816,119,0.02794,-1
成本,46,化学,1,3,H2,-0.0389,-0.3472,117,0.72844,-1
成本,46,化学,1,6,H1,-0.07919,-0.45277,119,0.65071,-1
成本,46,化学,1,6,H2,-0.00604,-0.03716,114,0.97036,-1
成本,46,化学,3,1,H1,-0.04268,-1.72963,119,0.0837,-1
成本,46,化学,3,1,H2,-0.0102,-0.42669,119,0.6696,-1
成本,46,化学,3,3,H1,-0.0368,-0.64978,119,0.51583,-1
成本,46,化学,3,3,H2,-0.02614,-0.52555,117,0.5992,-1
成本,46,化学,3,6,H1,-0.03502,-0.30722,119,0.75868,-1
成本,46,化学,3,6,H2,-0.06473,-0.70471,114,0.48099,-1
成本,46,化学,6,1,H1,-0.00726,-0.39641,119,0.69181,-1
成本,46,化学,6,1,H2,-0.00376,-0.32939,119,0.74186,-1
成本,46,化学,6,3,H1,-0.01689,-0.31022,119,0.75639,-1
成本,46,化学,6,3,H2,-0.02979,-0.83362,117,0.40449,-1
成本,46,化学,6,6,H1,-0.08873,-0.85325,119,0.39352,-1
成本,46,化学,6,6,H2,-0.07727,-1.1536,114,0.24867,-1
成本,16,化学,1,1,H1,0.23054,0.84241,119,0.39956,-1
成本,16,化学,1,1,H2,-0.36793,-1.68099,119,0.09277,-1
成本,16,化学,1,3,H1,0.01972,0.03511,119,0.97199,-1
成本,16,化学,1,3,H2,-0.62927,-1.36651,117,0.17178,-1
成本,16,化学,1,6,H1,0.21459,0.19518,119,0.84525,-1
成本,16,化学,1,6,H2,-1.1722,-1.70214,114,0.08873,-1
成本,16,化学,3,1,H1,0.01228,0.10622,119,0.91541,-1
成本,16,化学,3,1,H2,-0.10437,-1.30024,119,0.19352,-1
成本,16,化学,3,3,H1,-0.06079,-0.20541,119,0.83725,-1
成本,16,化学,3,3,H2,-0.31621,-2.16164,117,0.03065,-1
成本,16,化学,3,6,H1,0.1413,0.27291,119,0.78492,-1
成本,16,化学,3,6,H2,-0.50661,-1.96262,114,0.04969,-1
成本,16,化学,6,1,H1,0.02223,0.33997,119,0.73388,-1
成本,16,化学,6,1,H2,-0.07949,-2.34366,119,0.0191,-1
成本,16,化学,6,3,H1,0.06176,0.35862,119,0.71988,-1
成本,16,化学,6,3,H2,-0.18397,-2.35099,117,0.01872,-1
成本,16,化学,6,6,H1,0.22366,0.89144,119,0.37269,-1
成本,16,化学,6,6,H2,-0.35441,-2.41072,114,0.01592,-1
成本,28,化学,1,1,H1,0.00478,0.01616,119,0.9871,-1
成本,28,化学,1,1,H2,-0.5154,-2.10257,119,0.0355,-1
成本,28,化学,1,3,H1,0.70536,1.42047,119,0.15547,-1
成本,28,化学,1,3,H2,-0.82473,-2.26804,117,0.02333,-1
成本,28,化学,1,6,H1,0.85665,0.99342,119,0.32051,-1
成本,28,化学,1,6,H2,-2.23456,-3.9106,114,9e-05,-1
成本,28,化学,3,1,H1,0.15698,1.29967,119,0.19372,-1
成本,28,化学,3,1,H2,-0.17748,-2.11147,119,0.03473,-1
成本,28,化学,3,3,H1,0.4777,1.75045,119,0.08004,-1
成本,28,化学,3,3,H2,-0.62451,-3.05341,117,0.00226,-1
成本,28,化学,3,6,H1,0.68415,1.09736,119,0.27248,-1
成本,28,化学,3,6,H2,-1.27869,-3.23828,114,0.0012,-1
成本,28,化学,6,1,H1,0.08538,1.05947,119,0.28939,-1
成本,28,化学,6,1,H2,-0.1491,-3.22021,119,0.00128,-1
成本,28,化学,6,3,H1,0.26211,1.09054,119,0.27547,-1
成本,28,化学,6,3,H2,-0.42297,-2.93409,117,0.00335,-1
成本,28,化学,6,6,H1,0.309,0.69379,119,0.48781,-1
成本,28,化学,6,6,H2,-0.81238,-3.24748,114,0.00116,-1
成本,20,医薬品,1,1,H1,-0.4173,-0.94707,119,0.3436,-1
成本,20,医薬品,1,1,H2,-0.2147,-0.67573,119,0.49921,-1
成本,20,医薬品,1,3,H1,0.85458,1.08007,119,0.28011,-1
成本,20,医薬品,1,3,H2,0.22592,0.33839,117,0.73507,-1
成本,20,医薬品,1,6,H1,1.74899,1.37779,119,0.16827,-1
成本,20,医薬品,1,6,H2,1.01432,0.99478,114,0.31985,-1
成本,20,医薬品,3,1,H1,0.19706,1.15793,119,0.24689,-1
成本,20,医薬品,3,1,H2,0.03274,0.27839,119,0.78071,-1
成本,20,医薬品,3,3,H1,0.83196,1.94249,119,0.05208,-1
成本,20,医薬品,3,3,H2,0.44084,1.46986,117,0.1416,-1
成本,20,医薬品,3,6,H1,1.00357,1.64775,119,0.0994,-1
成本,20,医薬品,3,6,H2,0.64237,1.20524,114,0.22811,-1
成本,20,医薬品,6,1,H1,0.10669,0.91661,119,0.35934,-1
成本,20,医薬品,6,1,H2,0.06178,0.73613,119,0.46165,-1
成本,20,医薬品,6,3,H1,0.32038,1.1057,119,0.26886,-1
成本,20,医薬品,6,3,H2,0.20349,0.97022,117,0.33193,-1
成本,20,医薬品,6,6,H1,0.37584,0.94429,119,0.34502,-1
成本,20,医薬品,6,6,H2,0.35489,0.88632,114,0.37545,-1
成本,21,医薬品,1,1,H1,0.00773,0.091,119,0.92749,-1
成本,21,医薬品,1,1,H2,-0.11296,-1.61601,119,0.10609,-1
成本,21,医薬品,1,3,H1,0.23564,1.25424,119,0.20975,-1
成本,21,医薬品,1,3,H2,0.01224,0.07765,117,0.93811,-1
成本,21,医薬品,1,6,H1,0.51853,1.82538,119,0.06794,-1
成本,21,医薬品,1,6,H2,0.33168,1.21668,114,0.22373,-1
成本,21,医薬品,3,1,H1,0.0441,1.3414,119,0.17979,-1
成本,21,医薬品,3,1,H2,0.00808,0.24984,119,0.80271,-1
成本,21,医薬品,3,3,H1,0.16866,2.20426,119,0.02751,-1
成本,21,医薬品,3,3,H2,0.13132,2.37693,117,0.01746,-1
成本,21,医薬品,3,6,H1,0.19513,1.65039,119,0.09886,-1
成本,21,医薬品,3,6,H2,0.20523,1.73484,114,0.08277,-1
成本,21,医薬品,6,1,H1,0.04053,1.92367,119,0.0544,-1
成本,21,医薬品,6,1,H2,0.02407,1.034,119,0.30113,-1
成本,21,医薬品,6,3,H1,0.08764,1.36866,119,0.17111,-1
成本,21,医薬品,6,3,H2,0.09626,1.49199,117,0.1357,-1
成本,21,医薬品,6,6,H1,0.0812,0.92225,119,0.3564,-1
成本,21,医薬品,6,6,H2,0.16787,1.4503,114,0.14697,-1
成本,22,医薬品,1,1,H1,0.27962,0.24806,119,0.80409,-1
成本,22,医薬品,1,1,H2,-0.35599,-0.62498,119,0.53198,-1
成本,22,医薬品,1,3,H1,2.6143,1.06869,119,0.28521,-1
成本,22,医薬品,1,3,H2,0.71647,0.43064,117,0.66673,-1
成本,22,医薬品,1,6,H1,3.2243,0.94251,119,0.34593,-1
成本,22,医薬品,1,6,H2,1.07409,0.37186,114,0.71,-1
成本,22,医薬品,3,1,H1,0.4065,1.13768,119,0.25525,-1
成本,22,医薬品,3,1,H2,0.08821,0.36485,119,0.71523,-1
成本,22,医薬品,3,3,H1,1.09714,1.35868,119,0.17425,-1
成本,22,医薬品,3,3,H2,0.57872,0.71054,117,0.47737,-1
成本,22,医薬品,3,6,H1,0.99118,0.66871,119,0.50368,-1
成本,22,医薬品,3,6,H2,0.0122,0.00795,114,0.99366,-1
成本,22,医薬品,6,1,H1,0.07709,0.35395,119,0.72338,-1
成本,22,医薬品,6,1,H2,0.07247,0.47324,119,0.63604,-1
成本,22,医薬品,6,3,H1,0.243,0.4225,119,0.67266,-1
成本,22,医薬品,6,3,H2,0.06368,0.13553,117,0.89219,-1
成本,22,医薬品,6,6,H1,0.77384,0.85755,119,0.39114,-1
成本,22,医薬品,6,6,H2,-0.52544,-0.67202,114,0.50157,-1
成本,46,医薬品,1,1,H1,0.02409,0.15614,119,0.87592,-1
成本,46,医薬品,1,1,H2,0.0647,0.48793,119,0.6256,-1
成本,46,医薬品,1,3,H1,-0.04637,-0.15417,119,0.87748,-1
成本,46,医薬品,1,3,H2,0.26864,1.16252,117,0.24503,-1
成本,46,医薬品,1,6,H1,0.28758,0.63537,119,0.52519,-1
成本,46,医薬品,1,6,H2,0.08002,0.18903,114,0.85007,-1
成本,46,医薬品,3,1,H1,-0.01743,-0.25197,119,0.80107,-1
成本,46,医薬品,3,1,H2,0.05207,0.97091,119,0.33159,-1
成本,46,医薬品,3,3,H1,0.03165,0.16952,119,0.86539,-1
成本,46,医薬品,3,3,H2,0.10511,0.84383,117,0.39876,-1
成本,46,医薬品,3,6,H1,0.12531,0.50291,119,0.61503,-1
成本,46,医薬品,3,6,H2,0.06288,0.28398,114,0.77642,-1
成本,46,医薬品,6,1,H1,0.01415,0.26697,119,0.78949,-1
成本,46,医薬品,6,1,H2,0.0175,0.6197,119,0.53545,-1
成本,46,医薬品,6,3,H1,0.03904,0.27185,119,0.78574,-1
成本,46,医薬品,6,3,H2,0.0442,0.59957,117,0.54879,-1
成本,46,医薬品,6,6,H1,0.0715,0.33686,119,0.73622,-1
成本,46,医薬品,6,6,H2,0.02144,0.16505,114,0.86891,-1
成本,16,医薬品,1,1,H1,1.01424,1.61491,119,0.10633,-1
成本,16,医薬品,1,1,H2,-0.12112,-0.18149,119,0.85598,-1
成本,16,医薬品,1,3,H1,4.54341,3.02251,119,0.00251,-1
成本,16,医薬品,1,3,H2,-1.0355,-0.92119,117,0.35695,-1
成本,16,医薬品,1,6,H1,6.14531,1.96747,119,0.04913,-1
成本,16,医薬品,1,6,H2,-1.03083,-0.48191,114,0.62987,-1
成本,16,医薬品,3,1,H1,0.73442,2.49174,119,0.01271,-1
成本,16,医薬品,3,1,H2,-0.16394,-0.66264,119,0.50756,-1
成本,16,医薬品,3,3,H1,1.53618,1.50111,119,0.13333,-1
成本,16,医薬品,3,3,H2,-0.25967,-0.49147,117,0.62309,-1
成本,16,医薬品,3,6,H1,2.3123,1.53907,119,0.12379,-1
成本,16,医薬品,3,6,H2,-0.99337,-1.00737,114,0.31376,-1
成本,16,医薬品,6,1,H1,0.28868,1.40325,119,0.16054,-1
成本,16,医薬品,6,1,H2,-0.03732,-0.29448,119,0.76839,-1
成本,16,医薬品,6,3,H1,0.7538,1.32872,119,0.18394,-1
成本,16,医薬品,6,3,H2,-0.26984,-0.89383,117,0.37142,-1
成本,16,医薬品,6,6,H1,1.49173,1.87531,119,0.06075,-1
成本,16,医薬品,6,6,H2,-0.72662,-1.31827,114,0.18741,-1
成本,28,医薬品,1,1,H1,0.54691,0.86244,119,0.38844,-1
成本,28,医薬品,1,1,H2,-0.45318,-0.64591,119,0.51834,-1
成本,28,医薬品,1,3,H1,2.95156,1.98422,119,0.04723,-1
成本,28,医薬品,1,3,H2,-0.64588,-0.52879,117,0.59695,-1
成本,28,医薬品,1,6,H1,5.73045,1.45969,119,0.14437,-1
成本,28,医薬品,1,6,H2,-0.24716,-0.13807,114,0.89019,-1
成本,28,医薬品,3,1,H1,0.69994,2.36964,119,0.01781,-1
成本,28,医薬品,3,1,H2,-0.1461,-0.53565,119,0.5922,-1
成本,28,医薬品,3,3,H1,2.59064,2.78138,119,0.00541,-1
成本,28,医薬品,3,3,H2,-0.05796,-0.09903,117,0.92111,-1
成本,28,医薬品,3,6,H1,3.82996,1.6992,119,0.08928,-1
成本,28,医薬品,3,6,H2,-0.47292,-0.38589,114,0.69958,-1
成本,28,医薬品,6,1,H1,0.44029,1.54605,119,0.12209,-1
成本,28,医薬品,6,1,H2,-0.04232,-0.30334,119,0.76163,-1
成本,28,医薬品,6,3,H1,1.34306,1.62822,119,0.10348,-1
成本,28,医薬品,6,3,H2,-0.16108,-0.40907,117,0.68249,-1
成本,28,医薬品,6,6,H1,2.07682,1.70601,119,0.08801,-1
成本,28,医薬品,6,6,H2,-0.61364,-0.79109,114,0.42889,-1
成本,46,卸売業,1,1,H1,-0.06702,-0.85856,119,0.39059,-1
成本,46,卸売業,1,1,H2,0.05017,1.05957,119,0.28934,-1
成本,46,卸売業,1,3,H1,-0.21633,-1.54997,119,0.12115,-1
成本,46,卸売業,1,3,H2,0.21792,2.59888,117,0.00935,-1
成本,46,卸売業,1,6,H1,-0.00856,-0.04389,119,0.965,-1
成本,46,卸売業,1,6,H2,0.33049,2.18493,114,0.02889,-1
成本,46,卸売業,3,1,H1,-0.06041,-1.73116,119,0.08342,-1
成本,46,卸売業,3,1,H2,0.04688,2.41311,119,0.01582,-1
成本,46,卸売業,3,3,H1,-0.0763,-1.04712,119,0.29504,-1
成本,46,卸売業,3,3,H2,0.09778,2.72858,117,0.00636,-1
成本,46,卸売業,3,6,H1,0.03083,0.3173,119,0.75101,-1
成本,46,卸売業,3,6,H2,0.21087,3.05527,114,0.00225,-1
成本,46,卸売業,6,1,H1,-0.00359,-0.1608,119,0.87225,-1
成本,46,卸売業,6,1,H2,0.02578,3.01494,119,0.00257,-1
成本,46,卸売業,6,3,H1,0.01721,0.31171,119,0.75526,-1
成本,46,卸売業,6,3,H2,0.0783,3.7117,117,0.00021,-1
成本,46,卸売業,6,6,H1,0.07922,0.88029,119,0.3787,-1
成本,46,卸売業,6,6,H2,0.14109,2.91535,114,0.00355,-1
成本,46,小売業,1,1,H1,0.06605,0.52161,119,0.60194,-1
成本,46,小売業,1,1,H2,0.04978,0.53564,119,0.59221,-1
成本,46,小売業,1,3,H1,0.11442,0.38571,119,0.69971,-1
成本,46,小売業,1,3,H2,0.17935,1.38302,117,0.16666,-1
成本,46,小売業,1,6,H1,-0.11888,-0.29417,119,0.76863,-1
成本,46,小売業,1,6,H2,0.06288,0.37303,114,0.70913,-1
成本,46,小売業,3,1,H1,0.00127,0.02178,119,0.98263,-1
成本,46,小売業,3,1,H2,0.03407,1.19407,119,0.23245,-1
成本,46,小売業,3,3,H1,-0.04209,-0.25514,119,0.79862,-1
成本,46,小売業,3,3,H2,0.04301,0.76241,117,0.44582,-1
成本,46,小売業,3,6,H1,-0.05418,-0.28466,119,0.7759,-1
成本,46,小売業,3,6,H2,0.07751,1.04359,114,0.29668,-1
成本,46,小売業,6,1,H1,-0.03351,-0.78081,119,0.43492,-1
成本,46,小売業,6,1,H2,0.00887,0.5485,119,0.58335,-1
成本,46,小売業,6,3,H1,-0.04593,-0.41696,119,0.67671,-1
成本,46,小売業,6,3,H2,0.0325,1.00071,117,0.31697,-1
成本,46,小売業,6,6,H1,0.0015,0.01116,119,0.9911,-1
成本,46,小売業,6,6,H2,0.07693,1.90712,114,0.05651,-1
成本,28,建設業,1,1,H1,1.16138,1.73748,119,0.0823,-1
成本,28,建設業,1,1,H2,-0.22974,-0.52542,119,0.59929,-1
成本,28,建設業,1,3,H1,2.16197,1.85254,119,0.06395,-1
成本,28,建設業,1,3,H2,-0.41276,-0.50673,117,0.61234,-1
成本,28,建設業,1,6,H1,5.23222,2.14455,119,0.03199,-1
成本,28,建設業,1,6,H2,1.23134,1.08784,114,0.27667,-1
成本,28,建設業,3,1,H1,0.57025,2.01364,119,0.04405,-1
成本,28,建設業,3,1,H2,-0.13307,-0.7436,119,0.45712,-1
成本,28,建設業,3,3,H1,1.78809,3.00068,119,0.00269,-1
成本,28,建設業,3,3,H2,0.34443,0.68508,117,0.49329,-1
成本,28,建設業,3,6,H1,3.34398,2.48588,119,0.01292,-1
成本,28,建設業,3,6,H2,1.1414,1.6513,114,0.09868,-1
成本,28,建設業,6,1,H1,0.47771,2.84006,119,0.00451,-1
成本,28,建設業,6,1,H2,0.03044,0.33211,119,0.73981,-1
成本,28,建設業,6,3,H1,1.2662,2.66757,119,0.00764,-1
成本,28,建設業,6,3,H2,0.35554,1.41442,117,0.15724,-1
成本,28,建設業,6,6,H1,1.98841,2.2901,119,0.02202,-1
成本,28,建設業,6,6,H2,0.76915,1.98368,114,0.04729,-1
成本,25,建設業,1,1,H1,0.86183,0.98218,119,0.32601,-1
成本,25,建設業,1,1,H2,0.676,1.57035,119,0.11633,-1
成本,25,建設業,1,3,H1,2.67392,1.4786,119,0.13925,-1
成本,25,建設業,1,3,H2,2.06042,2.35341,117,0.0186,-1
成本,25,建設業,1,6,H1,3.87168,1.08512,119,0.27787,-1
成本,25,建設業,1,6,H2,4.26311,2.77385,114,0.00554,-1
成本,25,建設業,3,1,H1,0.69297,1.82403,119,0.06815,-1
成本,25,建設業,3,1,H2,0.276,2.05488,119,0.03989,-1
成本,25,建設業,3,3,H1,1.39463,1.4543,119,0.14586,-1
成本,25,建設業,3,3,H2,1.06607,2.93946,117,0.00329,-1
成本,25,建設業,3,6,H1,1.66595,0.88999,119,0.37347,-1
成本,25,建設業,3,6,H2,1.71161,2.95637,114,0.00311,-1
成本,25,建設業,6,1,H1,0.34848,1.30326,119,0.19249,-1
成本,25,建設業,6,1,H2,0.16697,2.29841,119,0.02154,-1
成本,25,建設業,6,3,H1,0.58441,0.74825,119,0.45431,-1
成本,25,建設業,6,3,H2,0.52854,2.90905,117,0.00363,-1
成本,25,建設業,6,6,H1,-0.15022,-0.11511,119,0.90836,-1
成本,25,建設業,6,6,H2,0.78719,3.86917,114,0.00011,-1
成本,16,建設業,1,1,H1,0.71971,1.18716,119,0.23516,-1
成本,16,建設業,1,1,H2,0.14661,0.41606,119,0.67737,-1
成本,16,建設業,1,3,H1,2.73092,1.9176,119,0.05516,-1
成本,16,建設業,1,3,H2,0.80159,1.14747,117,0.25119,-1
成本,16,建設業,1,6,H1,4.44969,2.22275,119,0.02623,-1
成本,16,建設業,1,6,H2,1.09839,0.77909,114,0.43593,-1
成本,16,建設業,3,1,H1,0.5446,1.73602,119,0.08256,-1
成本,16,建設業,3,1,H2,0.13455,1.04331,119,0.2968,-1
成本,16,建設業,3,3,H1,1.32979,1.80125,119,0.07166,-1
成本,16,建設業,3,3,H2,0.52835,1.59676,117,0.11032,-1
成本,16,建設業,3,6,H1,1.99619,2.09914,119,0.0358,-1
成本,16,建設業,3,6,H2,0.6437,1.05939,114,0.28942,-1
成本,16,建設業,6,1,H1,0.31152,2.24896,119,0.02452,-1
成本,16,建設業,6,1,H2,0.06175,0.82417,119,0.40984,-1
成本,16,建設業,6,3,H1,0.69318,1.8515,119,0.0641,-1
成本,16,建設業,6,3,H2,0.24459,1.31682,117,0.1879,-1
成本,16,建設業,6,6,H1,0.58667,0.84792,119,0.39648,-1
成本,16,建設業,6,6,H2,0.48506,1.85542,114,0.06354,-1
成本,26,建設業,1,1,H1,0.43993,2.05393,119,0.03998,-1
成本,26,建設業,1,1,H2,0.02788,0.15347,119,0.87803,-1
成本,26,建設業,1,3,H1,1.40468,3.21137,119,0.00132,-1
成本,26,建設業,1,3,H2,-0.44974,-1.04882,117,0.29426,-1
成本,26,建設業,1,6,H1,2.58834,3.71771,119,0.0002,-1
成本,26,建設業,1,6,H2,-0.54838,-0.72794,114,0.46665,-1
成本,26,建設業,3,1,H1,0.19313,2.38457,119,0.0171,-1
成本,26,建設業,3,1,H2,-0.06137,-0.77719,119,0.43705,-1
成本,26,建設業,3,3,H1,0.61297,3.56422,119,0.00036,-1
成本,26,建設業,3,3,H2,-0.16255,-0.79507,117,0.42657,-1
成本,26,建設業,3,6,H1,1.10465,4.60547,119,0.0,-1
成本,26,建設業,3,6,H2,-0.23204,-0.63479,114,0.52557,-1
成本,26,建設業,6,1,H1,0.12086,3.49972,119,0.00047,-1
成本,26,建設業,6,1,H2,-0.02414,-0.58221,119,0.56043,-1
成本,26,建設業,6,3,H1,0.34891,4.32176,119,2e-05,-1
成本,26,建設業,6,3,H2,-0.04956,-0.42387,117,0.67166,-1
成本,26,建設業,6,6,H1,0.55191,5.33774,119,0.0,-1
成本,26,建設業,6,6,H2,-0.0951,-0.49171,114,0.62293,-1
成本,22,建設業,1,1,H1,1.98636,2.55777,119,0.01053,-1
成本,22,建設業,1,1,H2,-0.65235,-1.1977,119,0.23103,-1
成本,22,建設業,1,3,H1,3.71945,2.06451,119,0.03897,-1
成本,22,建設業,1,3,H2,0.25445,0.20211,117,0.83983,-1
成本,22,建設業,1,6,H1,8.02174,3.03507,119,0.0024,-1
成本,22,建設業,1,6,H2,2.06241,1.25346,114,0.21004,-1
成本,22,建設業,3,1,H1,0.6015,2.35056,119,0.01875,-1
成本,22,建設業,3,1,H2,-0.1872,-0.74257,119,0.45774,-1
成本,22,建設業,3,3,H1,1.53246,2.19935,119,0.02785,-1
成本,22,建設業,3,3,H2,0.39202,0.76189,117,0.44613,-1
成本,22,建設業,3,6,H1,2.85615,2.18639,119,0.02879,-1
成本,22,建設業,3,6,H2,1.24932,1.47397,114,0.14049,-1
成本,22,建設業,6,1,H1,0.40731,2.3799,119,0.01732,-1
成本,22,建設業,6,1,H2,-0.02052,-0.15593,119,0.87609,-1
成本,22,建設業,6,3,H1,1.012,2.07233,119,0.03823,-1
成本,22,建設業,6,3,H2,0.39126,1.48858,117,0.1366,-1
成本,22,建設業,6,6,H1,1.22226,1.4073,119,0.15934,-1
成本,22,建設業,6,6,H2,0.93497,2.04355,114,0.041,-1
成本,21,建設業,1,1,H1,-0.00454,-0.06933,119,0.94473,-1
成本,21,建設業,1,1,H2,-0.03496,-0.55771,119,0.57704,-1
成本,21,建設業,1,3,H1,0.11088,1.04076,119,0.29798,-1
成本,21,建設業,1,3,H2,-0.09428,-0.58829,117,0.55634,-1
成本,21,建設業,1,6,H1,0.19884,1.05231,119,0.29266,-1
成本,21,建設業,1,6,H2,0.19133,0.87923,114,0.37928,-1
成本,21,建設業,3,1,H1,0.00916,0.42871,119,0.66813,-1
成本,21,建設業,3,1,H2,-0.01497,-0.50827,119,0.61126,-1
成本,21,建設業,3,3,H1,0.04129,0.73537,119,0.46211,-1
成本,21,建設業,3,3,H2,0.02838,0.49797,117,0.61851,-1
成本,21,建設業,3,6,H1,0.12984,1.36193,119,0.17322,-1
成本,21,建設業,3,6,H2,0.09798,0.96445,114,0.33482,-1
成本,21,建設業,6,1,H1,0.01147,0.81249,119,0.41651,-1
成本,21,建設業,6,1,H2,0.00513,0.23891,119,0.81117,-1
成本,21,建設業,6,3,H1,0.06149,1.5951,119,0.11069,-1
成本,21,建設業,6,3,H2,0.0381,0.69639,117,0.48618,-1
成本,21,建設業,6,6,H1,0.17239,2.40754,119,0.01606,-1
成本,21,建設業,6,6,H2,0.0506,0.58116,114,0.56113,-1
成本,39,情報・通信業,1,1,H1,0.65123,0.79429,119,0.42702,-1
成本,39,情報・通信業,1,1,H2,-0.86124,-1.05211,119,0.29275,-1
成本,39,情報・通信業,1,3,H1,1.47214,1.01418,119,0.3105,-1
成本,39,情報・通信業,1,3,H2,-2.47194,-1.4314,117,0.15232,-1
成本,39,情報・通信業,1,6,H1,0.35236,0.17479,119,0.86124,-1
成本,39,情報・通信業,1,6,H2,-3.53791,-1.24285,114,0.21392,-1
成本,39,情報・通信業,3,1,H1,0.1749,0.79971,119,0.42388,-1
成本,39,情報・通信業,3,1,H2,-0.16976,-0.42881,119,0.66806,-1
成本,39,情報・通信業,3,3,H1,0.15787,0.29582,119,0.76736,-1
成本,39,情報・通信業,3,3,H2,-0.54129,-0.51265,117,0.6082,-1
成本,39,情報・通信業,3,6,H1,-1.31385,-2.17076,119,0.02995,-1
成本,39,情報・通信業,3,6,H2,-1.42438,-0.84009,114,0.40086,-1
成本,39,情報・通信業,6,1,H1,-0.0512,-0.3117,119,0.75527,-1
成本,39,情報・通信業,6,1,H2,-0.09524,-0.47008,119,0.6383,-1
成本,39,情報・通信業,6,3,H1,-0.53884,-1.48074,119,0.13868,-1
成本,39,情報・通信業,6,3,H2,-0.45493,-0.91465,117,0.36038,-1
成本,39,情報・通信業,6,6,H1,-1.70216,-3.80256,119,0.00014,-1
成本,39,情報・通信業,6,6,H2,-1.61978,-1.61751,114,0.10577,-1
成本,30,機械,1,1,H1,0.16716,0.44647,119,0.65526,-1
成本,30,機械,1,1,H2,0.24337,0.80941,119,0.41828,-1
成本,30,機械,1,3,H1,-0.83289,-1.60317,119,0.1089,-1
成本,30,機械,1,3,H2,0.40679,0.96298,117,0.33556,-1
成本,30,機械,1,6,H1,-0.55821,-0.68343,119,0.49433,-1
成本,30,機械,1,6,H2,0.50412,0.99943,114,0.31759,-1
成本,30,機械,3,1,H1,-0.48349,-1.66531,119,0.09585,-1
成本,30,機械,3,1,H2,0.23764,1.24093,119,0.21463,-1
成本,30,機械,3,3,H1,-1.09847,-1.58542,119,0.11287,-1
成本,30,機械,3,3,H2,0.52731,1.17556,117,0.23977,-1
成本,30,機械,3,6,H1,-1.12115,-0.92471,119,0.35512,-1
成本,30,機械,3,6,H2,0.87166,1.2312,114,0.21825,-1
成本,30,機械,6,1,H1,-0.17644,-0.68789,119,0.49152,-1
成本,30,機械,6,1,H2,0.09617,0.63897,119,0.52285,-1
成本,30,機械,6,3,H1,-0.55273,-0.93066,119,0.35203,-1
成本,30,機械,6,3,H2,0.41473,0.94438,117,0.34498,-1
成本,30,機械,6,6,H1,-0.64618,-0.74177,119,0.45823,-1
成本,30,機械,6,6,H2,0.94929,1.15183,114,0.24939,-1
成本,29,機械,1,1,H1,-0.61554,-1.3077,119,0.19097,-1
成本,29,機械,1,1,H2,0.78457,2.25197,119,0.02432,-1
成本,29,機械,1,3,H1,-1.98048,-1.99994,119,0.04551,-1
成本,29,機械,1,3,H2,0.01471,0.026,117,0.97925,-1
成本,29,機械,1,6,H1,-1.95338,-1.33616,119,0.1815,-1
成本,29,機械,1,6,H2,-0.01226,-0.01469,114,0.98828,-1
成本,29,機械,3,1,H1,-0.55055,-1.77542,119,0.07583,-1
成本,29,機械,3,1,H2,-0.04143,-0.13834,119,0.88997,-1
成本,29,機械,3,3,H1,-0.91931,-1.27594,119,0.20198,-1
成本,29,機械,3,3,H2,-0.83393,-1.4212,117,0.15526,-1
成本,29,機械,3,6,H1,-1.15524,-1.20825,119,0.22695,-1
成本,29,機械,3,6,H2,-0.41868,-0.43353,114,0.66463,-1
成本,29,機械,6,1,H1,-0.19808,-0.87081,119,0.38386,-1
成本,29,機械,6,1,H2,-0.06718,-0.31993,119,0.74902,-1
成本,29,機械,6,3,H1,-0.51217,-1.0641,119,0.28728,-1
成本,29,機械,6,3,H2,-0.25538,-0.55383,117,0.57969,-1
成本,29,機械,6,6,H1,-0.40013,-0.59572,119,0.55136,-1
成本,29,機械,6,6,H2,0.68808,0.87068,114,0.38393,-1
成本,26,機械,1,1,H1,-0.29249,-1.73562,119,0.08263,-1
成本,26,機械,1,1,H2,-0.37052,-1.95845,119,0.05018,-1
成本,26,機械,1,3,H1,-1.29527,-2.7559,119,0.00585,-1
成本,26,機械,1,3,H2,-0.73205,-2.3589,117,0.01833,-1
成本,26,機械,1,6,H1,-2.14301,-2.18054,119,0.02922,-1
成本,26,機械,1,6,H2,-1.20559,-1.99241,114,0.04633,-1
成本,26,機械,3,1,H1,-0.19316,-2.52525,119,0.01156,-1
成本,26,機械,3,1,H2,-0.12226,-2.07299,119,0.03817,-1
成本,26,機械,3,3,H1,-0.58515,-2.5941,119,0.00948,-1
成本,26,機械,3,3,H2,-0.30543,-2.1874,117,0.02871,-1
成本,26,機械,3,6,H1,-0.85179,-2.16279,119,0.03056,-1
成本,26,機械,3,6,H2,-0.50519,-1.79422,114,0.07278,-1
成本,26,機械,6,1,H1,-0.09977,-1.93263,119,0.05328,-1
成本,26,機械,6,1,H2,-0.05632,-1.81001,119,0.07029,-1
成本,26,機械,6,3,H1,-0.26138,-1.86792,119,0.06177,-1
成本,26,機械,6,3,H2,-0.15222,-1.75235,117,0.07971,-1
成本,26,機械,6,6,H1,-0.34856,-1.82456,119,0.06807,-1
成本,26,機械,6,6,H2,-0.286,-1.67653,114,0.09363,-1
成本,28,機械,1,1,H1,-1.16929,-2.12549,119,0.03355,-1
成本,28,機械,1,1,H2,-0.17868,-0.40614,119,0.68464,-1
成本,28,機械,1,3,H1,-3.79368,-2.71731,119,0.00658,-1
成本,28,機械,1,3,H2,-0.57615,-0.89104,117,0.37291,-1
成本,28,機械,1,6,H1,-6.99502,-2.43141,119,0.01504,-1
成本,28,機械,1,6,H2,-0.85945,-0.73928,114,0.45974,-1
成本,28,機械,3,1,H1,-0.81167,-2.63486,119,0.00842,-1
成本,28,機械,3,1,H2,-0.15936,-1.01192,119,0.31158,-1
成本,28,機械,3,3,H1,-2.67432,-2.90489,119,0.00367,-1
成本,28,機械,3,3,H2,-0.60762,-1.2977,117,0.19439,-1
成本,28,機械,3,6,H1,-4.10025,-2.7024,119,0.00688,-1
成本,28,機械,3,6,H2,-0.14375,-0.18346,114,0.85444,-1
成本,28,機械,6,1,H1,-0.54657,-2.71486,119,0.00663,-1
成本,28,機械,6,1,H2,-0.07571,-0.70213,119,0.4826,-1
成本,28,機械,6,3,H1,-1.49267,-2.74057,119,0.00613,-1
成本,28,機械,6,3,H2,-0.08095,-0.28828,117,0.77313,-1
成本,28,機械,6,6,H1,-1.92893,-2.6023,119,0.00926,-1
成本,28,機械,6,6,H2,0.18806,0.51057,114,0.60965,-1
成本,27,機械,1,1,H1,0.18258,1.98147,119,0.04754,-1
成本,27,機械,1,1,H2,0.04905,0.43773,119,0.66158,-1
成本,27,機械,1,3,H1,-0.10088,-0.43811,119,0.66131,-1
成本,27,機械,1,3,H2,0.08987,0.40391,117,0.68628,-1
成本,27,機械,1,6,H1,-0.62964,-2.26836,119,0.02331,-1
成本,27,機械,1,6,H2,-0.13459,-0.53004,114,0.59608,-1
成本,27,機械,3,1,H1,-0.01724,-0.36456,119,0.71544,-1
成本,27,機械,3,1,H2,0.01216,0.25292,119,0.80033,-1
成本,27,機械,3,3,H1,-0.214,-2.76364,119,0.00572,-1
成本,27,機械,3,3,H2,-0.03329,-0.29506,117,0.76795,-1
成本,27,機械,3,6,H1,-0.44971,-3.74586,119,0.00018,-1
成本,27,機械,3,6,H2,-0.19191,-1.61308,114,0.10673,-1
成本,27,機械,6,1,H1,-0.04028,-2.00591,119,0.04487,-1
成本,27,機械,6,1,H2,-0.02556,-0.97214,119,0.33098,-1
成本,27,機械,6,3,H1,-0.16599,-3.07144,119,0.00213,-1
成本,27,機械,6,3,H2,-0.08216,-1.21786,117,0.22328,-1
成本,27,機械,6,6,H1,-0.22921,-2.77092,119,0.00559,-1
成本,27,機械,6,6,H2,-0.21311,-2.57642,114,0.00998,-1
成本,33,機械,1,1,H1,0.19479,0.34894,119,0.72713,-1
成本,33,機械,1,1,H2,-0.50817,-1.39577,119,0.16278,-1
成本,33,機械,1,3,H1,-0.5509,-0.46056,119,0.64511,-1
成本,33,機械,1,3,H2,-1.04727,-2.18141,117,0.02915,-1
成本,33,機械,1,6,H1,-1.70347,-1.21009,119,0.22624,-1
成本,33,機械,1,6,H2,-0.64079,-0.99395,114,0.32025,-1
成本,33,機械,3,1,H1,-0.03135,-0.12379,119,0.90148,-1
成本,33,機械,3,1,H2,-0.42543,-2.10631,119,0.03518,-1
成本,33,機械,3,3,H1,-0.20284,-0.32975,119,0.74159,-1
成本,33,機械,3,3,H2,-0.65948,-1.36103,117,0.1735,-1
成本,33,機械,3,6,H1,-1.37984,-1.35004,119,0.177,-1
成本,33,機械,3,6,H2,0.38167,0.61063,114,0.54145,-1
成本,33,機械,6,1,H1,-0.1228,-0.6504,119,0.51543,-1
成本,33,機械,6,1,H2,-0.18118,-1.56086,119,0.11856,-1
成本,33,機械,6,3,H1,-0.59059,-1.17821,119,0.23871,-1
成本,33,機械,6,3,H2,0.03381,0.11027,117,0.91219,-1
成本,33,機械,6,6,H1,-1.4231,-1.57262,119,0.11581,-1
成本,33,機械,6,6,H2,1.0531,2.16073,114,0.03072,-1
成本,22,機械,1,1,H1,-1.06502,-1.3805,119,0.16743,-1
成本,22,機械,1,1,H2,-0.61019,-1.39194,119,0.16394,-1
成本,22,機械,1,3,H1,-3.61871,-1.90827,119,0.05636,-1
成本,22,機械,1,3,H2,-2.01777,-2.06242,117,0.03917,-1
成本,22,機械,1,6,H1,-4.66894,-1.7526,119,0.07967,-1
成本,22,機械,1,6,H2,-0.64941,-0.38931,114,0.69705,-1
成本,22,機械,3,1,H1,-0.44448,-1.41782,119,0.15624,-1
成本,22,機械,3,1,H2,-0.41267,-2.64731,119,0.00811,-1
成本,22,機械,3,3,H1,-0.89019,-1.22687,119,0.21987,-1
成本,22,機械,3,3,H2,-0.68078,-1.19361,117,0.23263,-1
成本,22,機械,3,6,H1,-1.46826,-1.379,119,0.1679,-1
成本,22,機械,3,6,H2,-0.08102,-0.08802,114,0.92986,-1
成本,22,機械,6,1,H1,-0.18618,-1.10661,119,0.26846,-1
成本,22,機械,6,1,H2,-0.15756,-1.17388,119,0.24044,-1
成本,22,機械,6,3,H1,-0.47533,-1.17342,119,0.24063,-1
成本,22,機械,6,3,H2,-0.13379,-0.40057,117,0.68874,-1
成本,22,機械,6,6,H1,-0.95662,-1.44995,119,0.14707,-1
成本,22,機械,6,6,H2,0.13966,0.31147,114,0.75544,-1
成本,46,機械,1,1,H1,-0.07304,-0.63352,119,0.52639,-1
成本,46,機械,1,1,H2,-0.04653,-0.53046,119,0.59579,-1
成本,46,機械,1,3,H1,-0.23429,-1.06551,119,0.28665,-1
成本,46,機械,1,3,H2,-0.264,-1.51129,117,0.13071,-1
成本,46,機械,1,6,H1,-0.45406,-1.44736,119,0.1478,-1
成本,46,機械,1,6,H2,-0.04195,-0.1549,114,0.8769,-1
成本,46,機械,3,1,H1,-0.03807,-0.6948,119,0.48718,-1
成本,46,機械,3,1,H2,-0.05379,-1.40294,119,0.16063,-1
成本,46,機械,3,3,H1,-0.14855,-1.18364,119,0.23656,-1
成本,46,機械,3,3,H2,-0.05787,-0.69268,117,0.48851,-1
成本,46,機械,3,6,H1,-0.19874,-1.15754,119,0.24705,-1
成本,46,機械,3,6,H2,-0.05439,-0.36565,114,0.71463,-1
成本,46,機械,6,1,H1,-0.04672,-1.27958,119,0.20069,-1
成本,46,機械,6,1,H2,-0.00951,-0.42677,119,0.66955,-1
成本,46,機械,6,3,H1,-0.1069,-1.17213,119,0.24115,-1
成本,46,機械,6,3,H2,-0.02773,-0.46039,117,0.64524,-1
成本,46,機械,6,6,H1,-0.09884,-0.67474,119,0.49984,-1
成本,46,機械,6,6,H2,-0.05268,-0.53769,114,0.59079,-1
成本,01,水産・農林業,1,1,H1,0.08522,0.34586,119,0.72945,-1
成本,01,水産・農林業,1,1,H2,-0.20921,-1.35115,119,0.17665,-1
成本,01,水産・農林業,1,3,H1,0.03968,0.10514,119,0.91627,-1
成本,01,水産・農林業,1,3,H2,0.15739,0.59545,117,0.55155,-1
成本,01,水産・農林業,1,6,H1,0.80989,1.56241,119,0.11819,-1
成本,01,水産・農林業,1,6,H2,-0.14293,-0.40484,114,0.6856,-1
成本,01,水産・農林業,3,1,H1,-0.05508,-0.22641,119,0.82088,-1
成本,01,水産・農林業,3,1,H2,0.01865,0.32913,119,0.74206,-1
成本,01,水産・農林業,3,3,H1,0.44082,0.76804,119,0.44246,-1
成本,01,水産・農林業,3,3,H2,0.14711,1.07548,117,0.28216,-1
成本,01,水産・農林業,3,6,H1,1.582,1.74483,119,0.08101,-1
成本,01,水産・農林業,3,6,H2,-0.11791,-0.53143,114,0.59512,-1
成本,01,水産・農林業,6,1,H1,0.35738,1.68563,119,0.09187,-1
成本,01,水産・農林業,6,1,H2,-0.00083,-0.02569,119,0.9795,-1
成本,01,水産・農林業,6,3,H1,0.97944,1.80913,119,0.07043,-1
成本,01,水産・農林業,6,3,H2,-0.03521,-0.35686,117,0.7212,-1
成本,01,水産・農林業,6,6,H1,0.76788,0.79835,119,0.42467,-1
成本,01,水産・農林業,6,6,H2,-0.08969,-0.59058,114,0.5548,-1
成本,11,水産・農林業,1,1,H1,0.81206,0.66188,119,0.50805,-1
成本,11,水産・農林業,1,1,H2,-0.15331,-0.16249,119,0.87092,-1
成本,11,水産・農林業,1,3,H1,4.30444,1.48466,119,0.13763,-1
成本,11,水産・農林業,1,3,H2,-0.87185,-0.52666,117,0.59843,-1
成本,11,水産・農林業,1,6,H1,7.66554,2.04102,119,0.04125,-1
成本,11,水産・農林業,1,6,H2,-1.34535,-0.60266,114,0.54673,-1
成本,11,水産・農林業,3,1,H1,0.81559,1.40092,119,0.16124,-1
成本,11,水産・農林業,3,1,H2,-0.23128,-0.54981,119,0.58245,-1
成本,11,水産・農林業,3,3,H1,2.51233,1.85091,119,0.06418,-1
成本,11,水産・農林業,3,3,H2,-0.37499,-0.39627,117,0.69191,-1
成本,11,水産・農林業,3,6,H1,5.2907,4.15299,119,3e-05,-1
成本,11,水産・農林業,3,6,H2,-0.94742,-0.56331,114,0.57323,-1
成本,11,水産・農林業,6,1,H1,0.66154,2.56442,119,0.01033,-1
成本,11,水産・農林業,6,1,H2,-0.11566,-0.59309,119,0.55312,-1
成本,11,水産・農林業,6,3,H1,2.08175,4.88229,119,0.0,-1
成本,11,水産・農林業,6,3,H2,-0.29322,-0.56063,117,0.57505,-1
成本,11,水産・農林業,6,6,H1,3.31856,3.95953,119,8e-05,-1
成本,11,水産・農林業,6,6,H2,-0.46213,-0.49618,114,0.61977,-1
成本,20,水産・農林業,1,1,H1,-0.00577,-0.01326,119,0.98942,-1
成本,20,水産・農林業,1,1,H2,0.39855,1.23479,119,0.21691,-1
成本,20,水産・農林業,1,3,H1,1.43974,1.59943,119,0.10973,-1
成本,20,水産・農林業,1,3,H2,1.05946,1.80428,117,0.07119,-1
成本,20,水産・農林業,1,6,H1,3.4869,3.23134,119,0.00123,-1
成本,20,水産・農林業,1,6,H2,2.01008,1.99693,114,0.04583,-1
成本,20,水産・農林業,3,1,H1,0.38566,1.94196,119,0.05214,-1
成本,20,水産・農林業,3,1,H2,0.0952,0.9367,119,0.34891,-1
成本,20,水産・農林業,3,3,H1,1.09302,2.84457,119,0.00445,-1
成本,20,水産・農林業,3,3,H2,0.34955,1.2704,117,0.20394,-1
成本,20,水産・農林業,3,6,H1,1.99709,3.92312,119,9e-05,-1
成本,20,水産・農林業,3,6,H2,0.94075,1.71224,114,0.08685,-1
成本,20,水産・農林業,6,1,H1,0.2935,3.54494,119,0.00039,-1
成本,20,水産・農林業,6,1,H2,0.0891,1.14876,119,0.25066,-1
成本,20,水産・農林業,6,3,H1,0.74515,3.22414,119,0.00126,-1
成本,20,水産・農林業,6,3,H2,0.29413,1.32864,117,0.18397,-1
成本,20,水産・農林業,6,6,H1,0.79238,1.7986,119,0.07208,-1
成本,20,水産・農林業,6,6,H2,0.56344,1.3498,114,0.17708,-1
成本,16,水産・農林業,1,1,H1,0.00742,0.00759,119,0.99394,-1
成本,16,水産・農林業,1,1,H2,0.00412,0.00653,119,0.99479,-1
成本,16,水産・農林業,1,3,H1,0.34019,0.18643,119,0.85211,-1
成本,16,水産・農林業,1,3,H2,-0.8315,-0.86438,117,0.38738,-1
成本,16,水産・農林業,1,6,H1,1.9515,0.82849,119,0.40739,-1
成本,16,水産・農林業,1,6,H2,-2.03094,-1.54939,114,0.12129,-1
成本,16,水産・農林業,3,1,H1,0.13231,0.40346,119,0.68661,-1
成本,16,水産・農林業,3,1,H2,-0.15512,-0.7083,119,0.47876,-1
成本,16,水産・農林業,3,3,H1,0.49175,0.72299,119,0.46969,-1
成本,16,水産・農林業,3,3,H2,-0.4833,-1.10257,117,0.27021,-1
成本,16,水産・農林業,3,6,H1,1.05742,0.7419,119,0.45815,-1
成本,16,水産・農林業,3,6,H2,-1.40489,-1.99862,114,0.04565,-1
成本,16,水産・農林業,6,1,H1,0.10506,0.63136,119,0.5278,-1
成本,16,水産・農林業,6,1,H2,-0.1305,-1.41292,119,0.15768,-1
成本,16,水産・農林業,6,3,H1,0.43018,0.77535,119,0.43813,-1
成本,16,水産・農林業,6,3,H2,-0.46658,-1.81127,117,0.0701,-1
成本,16,水産・農林業,6,6,H1,0.43829,0.38513,119,0.70014,-1
成本,16,水産・農林業,6,6,H2,-0.93256,-1.79738,114,0.07228,-1
成本,46,水産・農林業,1,1,H1,0.21377,1.34112,119,0.17988,-1
成本,46,水産・農林業,1,1,H2,0.00047,0.00372,119,0.99704,-1
成本,46,水産・農林業,1,3,H1,-0.344,-0.81275,119,0.41636,-1
成本,46,水産・農林業,1,3,H2,0.02759,0.10934,117,0.91293,-1
成本,46,水産・農林業,1,6,H1,-0.79131,-1.21907,119,0.22282,-1
成本,46,水産・農林業,1,6,H2,-0.22269,-0.63831,114,0.52328,-1
成本,46,水産・農林業,3,1,H1,-0.0524,-0.68119,119,0.49575,-1
成本,46,水産・農林業,3,1,H2,-0.00525,-0.10547,119,0.916,-1
成本,46,水産・農林業,3,3,H1,-0.34534,-1.42673,119,0.15366,-1
成本,46,水産・農林業,3,3,H2,-0.03379,-0.32137,117,0.74793,-1
成本,46,水産・農林業,3,6,H1,-0.60131,-1.75443,119,0.07936,-1
成本,46,水産・農林業,3,6,H2,-0.02684,-0.15791,114,0.87453,-1
成本,46,水産・農林業,6,1,H1,-0.07319,-1.15341,119,0.24874,-1
成本,46,水産・農林業,6,1,H2,-0.00877,-0.31529,119,0.75254,-1
成本,46,水産・農林業,6,3,H1,-0.31061,-1.61749,119,0.10577,-1
成本,46,水産・農林業,6,3,H2,0.00266,0.03721,117,0.97032,-1
成本,46,水産・農林業,6,6,H1,-0.41783,-1.59948,119,0.10972,-1
成本,46,水産・農林業,6,6,H2,0.04152,0.3539,114,0.72341,-1
成本,21,水産・農林業,1,1,H1,-0.03055,-0.33436,119,0.73811,-1
成本,21,水産・農林業,1,1,H2,0.05576,0.86626,119,0.38635,-1
成本,21,水産・農林業,1,3,H1,0.08474,0.44988,119,0.6528,-1
成本,21,水産・農林業,1,3,H2,0.12421,0.82207,117,0.41104,-1
成本,21,水産・農林業,1,6,H1,0.70388,3.20371,119,0.00136,-1
成本,21,水産・農林業,1,6,H2,0.51589,2.67274,114,0.00752,-1
成本,21,水産・農林業,3,1,H1,0.01879,0.53705,119,0.59123,-1
成本,21,水産・農林業,3,1,H2,0.0228,0.73427,119,0.46279,-1
成本,21,水産・農林業,3,3,H1,0.14292,1.72768,119,0.08405,-1
成本,21,水産・農林業,3,3,H2,0.12924,1.66108,117,0.0967,-1
成本,21,水産・農林業,3,6,H1,0.39416,4.34658,119,1e-05,-1
成本,21,水産・農林業,3,6,H2,0.3,3.43412,114,0.00059,-1
成本,21,水産・農林業,6,1,H1,0.0536,2.73857,119,0.00617,-1
成本,21,水産・農林業,6,1,H2,0.0536,2.70096,119,0.00691,-1
成本,21,水産・農林業,6,3,H1,0.16296,4.28648,119,2e-05,-1
成本,21,水産・農林業,6,3,H2,0.1806,3.50063,117,0.00046,-1
成本,21,水産・農林業,6,6,H1,0.219,2.9149,119,0.00356,-1
成本,21,水産・農林業,6,6,H2,0.29222,3.8969,114,0.0001,-1
成本,21,海運業,1,1,H1,0.05123,0.35655,119,0.72143,-1
成本,21,海運業,1,1,H2,0.12914,0.71132,119,0.47688,-1
成本,21,海運業,1,3,H1,-0.1552,-0.47705,119,0.63333,-1
成本,21,海運業,1,3,H2,0.54708,1.55233,117,0.12058,-1
成本,21,海運業,1,6,H1,-0.23436,-0.47244,119,0.63661,-1
成本,21,海運業,1,6,H2,0.59407,0.74905,114,0.45383,-1
成本,21,海運業,3,1,H1,-0.00274,-0.05264,119,0.95802,-1
成本,21,海運業,3,1,H2,0.10067,1.42597,119,0.15388,-1
成本,21,海運業,3,3,H1,-0.06711,-0.50583,119,0.61298,-1
成本,21,海運業,3,3,H2,0.24164,1.2142,117,0.22467,-1
成本,21,海運業,3,6,H1,-0.03942,-0.16509,119,0.86888,-1
成本,21,海運業,3,6,H2,0.27092,0.58209,114,0.56051,-1
成本,21,海運業,6,1,H1,-0.00177,-0.05911,119,0.95286,-1
成本,21,海運業,6,1,H2,0.06538,0.92626,119,0.35431,-1
成本,21,海運業,6,3,H1,-0.01837,-0.17124,119,0.86403,-1
成本,21,海運業,6,3,H2,0.1926,0.80099,117,0.42314,-1
成本,21,海運業,6,6,H1,0.08791,0.51718,119,0.60503,-1
成本,21,海運業,6,6,H2,0.18239,0.418,114,0.67595,-1
成本,35,海運業,1,1,H1,1.7358,1.03765,119,0.29943,-1
成本,35,海運業,1,1,H2,-3.42603,-1.42003,119,0.1556,-1
成本,35,海運業,1,3,H1,0.17235,0.043,119,0.9657,-1
成本,35,海運業,1,3,H2,1.03741,0.188,117,0.85088,-1
成本,35,海運業,1,6,H1,-2.16131,-0.4218,119,0.67317,-1
成本,35,海運業,1,6,H2,-3.88916,-0.42001,114,0.67447,-1
成本,35,海運業,3,1,H1,0.21007,0.27542,119,0.78299,-1
成本,35,海運業,3,1,H2,0.38772,0.30929,119,0.7571,-1
成本,35,海運業,3,3,H1,-1.36561,-0.74849,119,0.45416,-1
成本,35,海運業,3,3,H2,-1.67367,-0.50789,117,0.61153,-1
成本,35,海運業,3,6,H1,-2.7155,-0.74991,119,0.45331,-1
成本,35,海運業,3,6,H2,-3.49208,-0.56337,114,0.57318,-1
成本,35,海運業,6,1,H1,-0.04141,-0.08833,119,0.92961,-1
成本,35,海運業,6,1,H2,-0.10573,-0.14076,119,0.88806,-1
成本,35,海運業,6,3,H1,-1.12859,-0.75797,119,0.44847,-1
成本,35,海運業,6,3,H2,-1.15144,-0.53792,117,0.59063,-1
成本,35,海運業,6,6,H1,-3.2311,-1.22065,119,0.22222,-1
成本,35,海運業,6,6,H2,-1.97517,-0.45215,114,0.65116,-1
成本,46,海運業,1,1,H1,-0.21422,-0.70067,119,0.48351,-1
成本,46,海運業,1,1,H2,-0.07819,-0.31115,119,0.75569,-1
成本,46,海運業,1,3,H1,-0.3179,-0.44427,119,0.65684,-1
成本,46,海運業,1,3,H2,0.25657,0.46646,117,0.64089,-1
成本,46,海運業,1,6,H1,0.24288,0.27621,119,0.78239,-1
成本,46,海運業,1,6,H2,-0.81254,-0.85664,114,0.39164,-1
成本,46,海運業,3,1,H1,-0.02517,-0.16566,119,0.86843,-1
成本,46,海運業,3,1,H2,0.07263,0.6296,119,0.52896,-1
成本,46,海運業,3,3,H1,0.01516,0.04572,119,0.96353,-1
成本,46,海運業,3,3,H2,-0.16079,-0.57065,117,0.56823,-1
成本,46,海運業,3,6,H1,0.15555,0.33738,119,0.73583,-1
成本,46,海運業,3,6,H2,-0.50466,-1.06036,114,0.28898,-1
成本,46,海運業,6,1,H1,0.06676,0.80589,119,0.42031,-1
成本,46,海運業,6,1,H2,-0.03963,-0.6201,119,0.53519,-1
成本,46,海運業,6,3,H1,0.13125,0.53348,119,0.5937,-1
成本,46,海運業,6,3,H2,-0.17178,-1.04563,117,0.29573,-1
成本,46,海運業,6,6,H1,-0.07931,-0.18338,119,0.8545,-1
成本,46,海運業,6,6,H2,-0.33729,-1.15375,114,0.2486,-1
成本,06,石油・石炭製品,1,1,H1,-0.22127,-2.65113,119,0.00802,-1
成本,06,石油・石炭製品,1,1,H2,0.07273,0.86758,119,0.38562,-1
成本,06,石油・石炭製品,1,3,H1,-0.67727,-5.03837,119,0.0,-1
成本,06,石油・石炭製品,1,3,H2,0.0203,0.14462,117,0.88501,-1
成本,06,石油・石炭製品,1,6,H1,-0.3724,-2.39132,119,0.01679,-1
成本,06,石油・石炭製品,1,6,H2,0.04136,0.12382,114,0.90146,-1
成本,06,石油・石炭製品,3,1,H1,-0.09631,-2.95156,119,0.00316,-1
成本,06,石油・石炭製品,3,1,H2,0.00726,0.28073,119,0.77891,-1
成本,06,石油・石炭製品,3,3,H1,-0.19152,-2.63314,119,0.00846,-1
成本,06,石油・石炭製品,3,3,H2,-0.0324,-0.32707,117,0.74362,-1
成本,06,石油・石炭製品,3,6,H1,0.01381,0.19939,119,0.84196,-1
成本,06,石油・石炭製品,3,6,H2,-0.06175,-0.38287,114,0.70182,-1
成本,06,石油・石炭製品,6,1,H1,-0.01708,-0.7476,119,0.4547,-1
成本,06,石油・石炭製品,6,1,H2,0.00955,0.38962,119,0.69682,-1
成本,06,石油・石炭製品,6,3,H1,-0.00074,-0.0165,119,0.98683,-1
成本,06,石油・石炭製品,6,3,H2,-0.01495,-0.2213,117,0.82486,-1
成本,06,石油・石炭製品,6,6,H1,0.15127,2.10955,119,0.0349,-1
成本,06,石油・石炭製品,6,6,H2,-0.05741,-0.54234,114,0.58758,-1
成本,21,石油・石炭製品,1,1,H1,-0.28357,-2.37913,119,0.01735,-1
成本,21,石油・石炭製品,1,1,H2,0.06332,0.45281,119,0.65068,-1
成本,21,石油・石炭製品,1,3,H1,-1.0322,-4.48084,119,1e-05,-1
成本,21,石油・石炭製品,1,3,H2,0.00415,0.01568,117,0.98749,-1
成本,21,石油・石炭製品,1,6,H1,-0.54116,-2.24688,119,0.02465,-1
成本,21,石油・石炭製品,1,6,H2,0.34985,0.6636,114,0.50695,-1
成本,21,石油・石炭製品,3,1,H1,-0.14155,-2.80596,119,0.00502,-1
成本,21,石油・石炭製品,3,1,H2,0.00775,0.15338,119,0.8781,-1
成本,21,石油・石炭製品,3,3,H1,-0.29383,-2.52713,119,0.0115,-1
成本,21,石油・石炭製品,3,3,H2,0.00204,0.01474,117,0.98824,-1
成本,21,石油・石炭製品,3,6,H1,0.00321,0.02678,119,0.97864,-1
成本,21,石油・石炭製品,3,6,H2,0.1646,0.74589,114,0.45574,-1
成本,21,石油・石炭製品,6,1,H1,-0.02589,-0.78508,119,0.43241,-1
成本,21,石油・石炭製品,6,1,H2,0.05832,1.16899,119,0.24241,-1
成本,21,石油・石炭製品,6,3,H1,-0.00559,-0.07774,119,0.93803,-1
成本,21,石油・石炭製品,6,3,H2,0.13686,1.15009,117,0.25011,-1
成本,21,石油・石炭製品,6,6,H1,0.23854,2.61668,119,0.00888,-1
成本,21,石油・石炭製品,6,6,H2,0.20571,1.32031,114,0.18673,-1
成本,32,精密機器,1,1,H1,-0.64012,-0.93509,119,0.34974,-1
成本,32,精密機器,1,1,H2,0.20808,0.34715,119,0.72848,-1
成本,32,精密機器,1,3,H1,-1.35273,-1.28914,119,0.19735,-1
成本,32,精密機器,1,3,H2,0.24831,0.20044,117,0.84113,-1
成本,32,精密機器,1,6,H1,-0.57,-0.50647,119,0.61253,-1
成本,32,精密機器,1,6,H2,0.49367,0.25786,114,0.79652,-1
成本,32,精密機器,3,1,H1,-0.45401,-1.72508,119,0.08451,-1
成本,32,精密機器,3,1,H2,0.14094,0.38956,119,0.69686,-1
成本,32,精密機器,3,3,H1,-0.56498,-0.94506,119,0.34463,-1
成本,32,精密機器,3,3,H2,0.71125,0.79217,117,0.42826,-1
成本,32,精密機器,3,6,H1,0.1786,0.1602,119,0.87272,-1
成本,32,精密機器,3,6,H2,-0.11107,-0.06295,114,0.94981,-1
成本,32,精密機器,6,1,H1,-0.08718,-0.43475,119,0.66375,-1
成本,32,精密機器,6,1,H2,0.01285,0.04598,119,0.96332,-1
成本,32,精密機器,6,3,H1,0.06779,0.12405,119,0.90127,-1
成本,32,精密機器,6,3,H2,-0.19549,-0.24697,117,0.80493,-1
成本,32,精密機器,6,6,H1,0.08585,0.11084,119,0.91175,-1
成本,32,精密機器,6,6,H2,-0.15044,-0.10248,114,0.91838,-1
成本,31,精密機器,1,1,H1,0.06869,0.16341,119,0.8702,-1
成本,31,精密機器,1,1,H2,0.7906,1.83104,119,0.06709,-1
成本,31,精密機器,1,3,H1,-0.10038,-0.15539,119,0.87652,-1
成本,31,精密機器,1,3,H2,0.60537,0.73409,117,0.46289,-1
成本,31,精密機器,1,6,H1,0.19734,0.32375,119,0.74613,-1
成本,31,精密機器,1,6,H2,-0.57138,-0.52836,114,0.59725,-1
成本,31,精密機器,3,1,H1,0.01021,0.0497,119,0.96036,-1
成本,31,精密機器,3,1,H2,0.2198,0.66649,119,0.5051,-1
成本,31,精密機器,3,3,H1,-0.20914,-0.65592,119,0.51188,-1
成本,31,精密機器,3,3,H2,-0.50381,-0.63855,117,0.52312,-1
成本,31,精密機器,3,6,H1,0.40725,0.75765,119,0.44866,-1
成本,31,精密機器,3,6,H2,-1.53084,-1.40872,114,0.15892,-1
成本,31,精密機器,6,1,H1,0.05473,0.29653,119,0.76682,-1
成本,31,精密機器,6,1,H2,-0.12608,-0.5116,119,0.60893,-1
成本,31,精密機器,6,3,H1,0.28346,0.7996,119,0.42394,-1
成本,31,精密機器,6,3,H2,-0.77683,-1.19077,117,0.23374,-1
成本,31,精密機器,6,6,H1,0.40665,0.93008,119,0.35233,-1
成本,31,精密機器,6,6,H2,-1.53833,-1.44491,114,0.14848,-1
成本,27,精密機器,1,1,H1,0.19783,1.68222,119,0.09253,-1
成本,27,精密機器,1,1,H2,-0.02187,-0.22247,119,0.82395,-1
成本,27,精密機器,1,3,H1,0.10607,0.36919,119,0.71198,-1
成本,27,精密機器,1,3,H2,0.31868,1.53561,117,0.12464,-1
成本,27,精密機器,1,6,H1,-0.08126,-0.18523,119,0.85305,-1
成本,27,精密機器,1,6,H2,0.3157,0.93665,114,0.34894,-1
成本,27,精密機器,3,1,H1,0.01406,0.23981,119,0.81048,-1
成本,27,精密機器,3,1,H2,0.06362,1.4655,119,0.14278,-1
成本,27,精密機器,3,3,H1,-0.04302,-0.33652,119,0.73648,-1
成本,27,精密機器,3,3,H2,0.2127,1.87928,117,0.06021,-1
成本,27,精密機器,3,6,H1,-0.19813,-1.10295,119,0.27005,-1
成本,27,精密機器,3,6,H2,0.14513,0.79562,114,0.42625,-1
成本,27,精密機器,6,1,H1,-0.01101,-0.3433,119,0.73137,-1
成本,27,精密機器,6,1,H2,0.02394,0.77483,119,0.43844,-1
成本,27,精密機器,6,3,H1,-0.08596,-1.16646,119,0.24343,-1
成本,27,精密機器,6,3,H2,0.07803,0.95504,117,0.33956,-1
成本,27,精密機器,6,6,H1,-0.16033,-1.88072,119,0.06001,-1
成本,27,精密機器,6,6,H2,0.01237,0.10134,114,0.91928,-1
成本,22,精密機器,1,1,H1,-1.47689,-2.08968,119,0.03665,-1
成本,22,精密機器,1,1,H2,-0.56366,-1.08682,119,0.27712,-1
成本,22,精密機器,1,3,H1,-3.29996,-2.30779,119,0.02101,-1
成本,22,精密機器,1,3,H2,-1.97421,-1.97212,117,0.0486,-1
成本,22,精密機器,1,6,H1,-4.42533,-2.06086,119,0.03932,-1
成本,22,精密機器,1,6,H2,-3.82348,-2.37852,114,0.01738,-1
成本,22,精密機器,3,1,H1,-0.47843,-2.03817,119,0.04153,-1
成本,22,精密機器,3,1,H2,-0.29522,-2.18967,119,0.02855,-1
成本,22,精密機器,3,3,H1,-0.97445,-1.76485,119,0.07759,-1
成本,22,精密機器,3,3,H2,-0.95098,-1.95003,117,0.05117,-1
成本,22,精密機器,3,6,H1,-0.81865,-0.77055,119,0.44097,-1
成本,22,精密機器,3,6,H2,-2.01641,-2.65232,114,0.00799,-1
成本,22,精密機器,6,1,H1,-0.18184,-1.2163,119,0.22387,-1
成本,22,精密機器,6,1,H2,-0.22159,-2.33001,119,0.01981,-1
成本,22,精密機器,6,3,H1,-0.26824,-0.71939,119,0.4719,-1
成本,22,精密機器,6,3,H2,-0.66214,-2.48712,117,0.01288,-1
成本,22,精密機器,6,6,H1,-0.18071,-0.2937,119,0.76899,-1
成本,22,精密機器,6,6,H2,-1.25756,-3.06959,114,0.00214,-1
成本,28,精密機器,1,1,H1,0.39123,0.72397,119,0.46908,-1
成本,28,精密機器,1,1,H2,-0.51723,-1.22152,119,0.22189,-1
成本,28,精密機器,1,3,H1,-0.6855,-0.76765,119,0.44269,-1
成本,28,精密機器,1,3,H2,-0.83689,-1.12272,117,0.26155,-1
成本,28,精密機器,1,6,H1,-4.31715,-2.01719,119,0.04368,-1
成本,28,精密機器,1,6,H2,-3.10408,-2.52623,114,0.01153,-1
成本,28,精密機器,3,1,H1,-0.16124,-0.75524,119,0.45011,-1
成本,28,精密機器,3,1,H2,-0.20208,-1.2732,119,0.20295,-1
成本,28,精密機器,3,3,H1,-1.32197,-2.15463,119,0.03119,-1
成本,28,精密機器,3,3,H2,-0.92728,-2.63284,117,0.00847,-1
成本,28,精密機器,3,6,H1,-2.8705,-2.13327,119,0.0329,-1
成本,28,精密機器,3,6,H2,-1.84965,-3.17519,114,0.0015,-1
成本,28,精密機器,6,1,H1,-0.30419,-1.6524,119,0.09845,-1
成本,28,精密機器,6,1,H2,-0.20853,-2.40412,119,0.01621,-1
成本,28,精密機器,6,3,H1,-1.06829,-2.03959,119,0.04139,-1
成本,28,精密機器,6,3,H2,-0.61819,-2.77428,117,0.00553,-1
成本,28,精密機器,6,6,H1,-1.60326,-2.0345,119,0.0419,-1
成本,28,精密機器,6,6,H2,-1.0582,-3.27623,114,0.00105,-1
成本,26,精密機器,1,1,H1,-0.24644,-1.68516,119,0.09196,-1
成本,26,精密機器,1,1,H2,-0.24492,-1.51943,119,0.12865,-1
成本,26,精密機器,1,3,H1,-0.93218,-1.70608,119,0.08799,-1
成本,26,精密機器,1,3,H2,-0.216,-0.45738,117,0.6474,-1
成本,26,精密機器,1,6,H1,-1.78414,-2.65335,119,0.00797,-1
成本,26,精密機器,1,6,H2,-0.46464,-0.60559,114,0.54479,-1
成本,26,精密機器,3,1,H1,-0.12347,-1.56024,119,0.1187,-1
成本,26,精密機器,3,1,H2,-0.04502,-0.54986,119,0.58241,-1
成本,26,精密機器,3,3,H1,-0.40401,-1.99292,119,0.04627,-1
成本,26,精密機器,3,3,H2,-0.13621,-0.635,117,0.52543,-1
成本,26,精密機器,3,6,H1,-0.75094,-2.81167,119,0.00493,-1
成本,26,精密機器,3,6,H2,-0.26509,-0.82165,114,0.41128,-1
成本,26,精密機器,6,1,H1,-0.07177,-1.72847,119,0.0839,-1
成本,26,精密機器,6,1,H2,-0.02308,-0.54443,119,0.58614,-1
成本,26,精密機器,6,3,H1,-0.22206,-1.99267,119,0.0463,-1
成本,26,精密機器,6,3,H2,-0.08767,-0.82514,117,0.40929,-1
成本,26,精密機器,6,6,H1,-0.29088,-1.94985,119,0.05119,-1
成本,26,精密機器,6,6,H2,-0.18708,-1.08701,114,0.27703,-1
成本,33,精密機器,1,1,H1,-0.00788,-0.01522,119,0.98786,-1
成本,33,精密機器,1,1,H2,-0.26719,-0.93334,119,0.35064,-1
成本,33,精密機器,1,3,H1,0.09932,0.1112,119,0.91146,-1
成本,33,精密機器,1,3,H2,-0.64598,-1.4448,117,0.14851,-1
成本,33,精密機器,1,6,H1,0.23759,0.17815,119,0.85861,-1
成本,33,精密機器,1,6,H2,-1.33765,-2.4369,114,0.01481,-1
成本,33,精密機器,3,1,H1,-0.04739,-0.23293,119,0.81581,-1
成本,33,精密機器,3,1,H2,-0.26178,-1.49499,119,0.13492,-1
成本,33,精密機器,3,3,H1,0.05426,0.11617,119,0.90752,-1
成本,33,精密機器,3,3,H2,-0.80346,-2.00589,117,0.04487,-1
成本,33,精密機器,3,6,H1,0.66896,0.79129,119,0.42877,-1
成本,33,精密機器,3,6,H2,-1.46476,-2.72036,114,0.00652,-1
成本,33,精密機器,6,1,H1,0.11309,0.73517,119,0.46224,-1
成本,33,精密機器,6,1,H2,-0.22018,-2.48312,119,0.01302,-1
成本,33,精密機器,6,3,H1,0.38429,0.96084,119,0.33663,-1
成本,33,精密機器,6,3,H2,-0.60926,-2.30901,117,0.02094,-1
成本,33,精密機器,6,6,H1,0.27818,0.39355,119,0.69391,-1
成本,33,精密機器,6,6,H2,-1.12376,-1.88197,114,0.05984,-1
成本,20,精密機器,1,1,H1,-0.10926,-0.40803,119,0.68325,-1
成本,20,精密機器,1,1,H2,-0.01393,-0.05627,119,0.95513,-1
成本,20,精密機器,1,3,H1,-0.74468,-1.09517,119,0.27344,-1
成本,20,精密機器,1,3,H2,0.08162,0.16772,117,0.86681,-1
成本,20,精密機器,1,6,H1,-1.226,-1.28779,119,0.19782,-1
成本,20,精密機器,1,6,H2,0.05569,0.07974,114,0.93644,-1
成本,20,精密機器,3,1,H1,-0.19184,-1.52831,119,0.12644,-1
成本,20,精密機器,3,1,H2,0.00885,0.10878,119,0.91338,-1
成本,20,精密機器,3,3,H1,-0.51445,-1.25756,119,0.20855,-1
成本,20,精密機器,3,3,H2,0.06973,0.28584,117,0.775,-1
成本,20,精密機器,3,6,H1,-0.76631,-1.73931,119,0.08198,-1
成本,20,精密機器,3,6,H2,0.07887,0.24504,114,0.80643,-1
成本,20,精密機器,6,1,H1,-0.1103,-1.52808,119,0.12649,-1
成本,20,精密機器,6,1,H2,-0.00795,-0.16501,119,0.86894,-1
成本,20,精密機器,6,3,H1,-0.28859,-1.46782,119,0.14215,-1
成本,20,精密機器,6,3,H2,-0.00654,-0.05102,117,0.95931,-1
成本,20,精密機器,6,6,H1,-0.42348,-1.91581,119,0.05539,-1
成本,20,精密機器,6,6,H2,-0.11298,-0.49845,114,0.61817,-1
成本,25,精密機器,1,1,H1,-0.11431,-0.16148,119,0.87172,-1
成本,25,精密機器,1,1,H2,-0.92595,-2.3097,119,0.0209,-1
成本,25,精密機器,1,3,H1,-1.17284,-0.64816,119,0.51688,-1
成本,25,精密機器,1,3,H2,-1.00823,-1.15284,117,0.24898,-1
成本,25,精密機器,1,6,H1,-4.29541,-1.32107,119,0.18648,-1
成本,25,精密機器,1,6,H2,-1.15475,-0.8327,114,0.40501,-1
成本,25,精密機器,3,1,H1,-0.19572,-0.57682,119,0.56406,-1
成本,25,精密機器,3,1,H2,-0.16567,-1.14854,119,0.25075,-1
成本,25,精密機器,3,3,H1,-1.21586,-1.23107,119,0.21829,-1
成本,25,精密機器,3,3,H2,-0.29258,-0.84142,117,0.40011,-1
成本,25,精密機器,3,6,H1,-1.19053,-0.64475,119,0.51909,-1
成本,25,精密機器,3,6,H2,-0.27081,-0.44005,114,0.6599,-1
成本,25,精密機器,6,1,H1,-0.19674,-0.7376,119,0.46076,-1
成本,25,精密機器,6,1,H2,-0.06054,-0.81844,119,0.41311,-1
成本,25,精密機器,6,3,H1,-0.36885,-0.47456,119,0.6351,-1
成本,25,精密機器,6,3,H2,-0.09785,-0.47072,117,0.63784,-1
成本,25,精密機器,6,6,H1,-0.1578,-0.1679,119,0.86666,-1
成本,25,精密機器,6,6,H2,-0.02893,-0.06961,114,0.9445,-1
成本,29,精密機器,1,1,H1,2e-05,5e-05,119,0.99996,-1
成本,29,精密機器,1,1,H2,-0.26057,-0.69396,119,0.48771,-1
成本,29,精密機器,1,3,H1,-0.84769,-1.28414,119,0.19909,-1
成本,29,精密機器,1,3,H2,-0.75365,-1.32614,117,0.18479,-1
成本,29,精密機器,1,6,H1,-2.02219,-2.04663,119,0.04069,-1
成本,29,精密機器,1,6,H2,-1.48843,-2.04709,114,0.04065,-1
成本,29,精密機器,3,1,H1,-0.27733,-1.36906,119,0.17098,-1
成本,29,精密機器,3,1,H2,-0.45092,-1.71629,119,0.08611,-1
成本,29,精密機器,3,3,H1,-0.88388,-1.60573,119,0.10833,-1
成本,29,精密機器,3,3,H2,-1.53466,-2.49838,117,0.01248,-1
成本,29,精密機器,3,6,H1,-0.70727,-0.83492,119,0.40377,-1
成本,29,精密機器,3,6,H2,-2.57194,-2.86397,114,0.00418,-1
成本,29,精密機器,6,1,H1,-0.23294,-1.22314,119,0.22128,-1
成本,29,精密機器,6,1,H2,-0.41845,-2.27956,119,0.02263,-1
成本,29,精密機器,6,3,H1,-0.33346,-0.71552,119,0.47429,-1
成本,29,精密機器,6,3,H2,-1.18781,-2.46933,117,0.01354,-1
成本,29,精密機器,6,6,H1,0.09894,0.16948,119,0.86542,-1
成本,29,精密機器,6,6,H2,-2.08254,-2.31313,114,0.02072,-1
成本,46,精密機器,1,1,H1,-0.07237,-0.68527,119,0.49317,-1
成本,46,精密機器,1,1,H2,-0.04682,-0.52296,119,0.60101,-1
成本,46,精密機器,1,3,H1,-0.17171,-0.72994,119,0.46543,-1
成本,46,精密機器,1,3,H2,-0.08882,-0.49078,117,0.62358,-1
成本,46,精密機器,1,6,H1,-0.28244,-0.92888,119,0.35295,-1
成本,46,精密機器,1,6,H2,-0.13495,-0.56831,114,0.56983,-1
成本,46,精密機器,3,1,H1,-0.03494,-0.7224,119,0.47005,-1
成本,46,精密機器,3,1,H2,-0.0173,-0.49595,119,0.61993,-1
成本,46,精密機器,3,3,H1,-0.06649,-0.47096,119,0.63767,-1
成本,46,精密機器,3,3,H2,-0.01994,-0.24675,117,0.8051,-1
成本,46,精密機器,3,6,H1,-0.12995,-0.7702,119,0.44118,-1
成本,46,精密機器,3,6,H2,-0.14106,-1.38581,114,0.1658,-1
成本,46,精密機器,6,1,H1,-0.02207,-0.58624,119,0.55772,-1
成本,46,精密機器,6,1,H2,-0.01288,-0.68177,119,0.49538,-1
成本,46,精密機器,6,3,H1,-0.05809,-0.58341,119,0.55962,-1
成本,46,精密機器,6,3,H2,-0.06155,-1.45105,117,0.14677,-1
成本,46,精密機器,6,6,H1,-0.05789,-0.5505,119,0.58198,-1
成本,46,精密機器,6,6,H2,-0.15873,-2.71083,114,0.00671,-1
成本,15,繊維製品,1,1,H1,-0.73061,-1.6821,119,0.09255,-1
成本,15,繊維製品,1,1,H2,0.06185,0.25232,119,0.80079,-1
成本,15,繊維製品,1,3,H1,0.25084,0.28439,119,0.77611,-1
成本,15,繊維製品,1,3,H2,0.35212,0.85919,117,0.39024,-1
成本,15,繊維製品,1,6,H1,0.30749,0.27047,119,0.7868,-1
成本,15,繊維製品,1,6,H2,0.61404,1.02751,114,0.30418,-1
成本,15,繊維製品,3,1,H1,0.04798,0.21366,119,0.83081,-1
成本,15,繊維製品,3,1,H2,0.12459,0.90449,119,0.36574,-1
成本,15,繊維製品,3,3,H1,0.68366,1.53254,119,0.12539,-1
成本,15,繊維製品,3,3,H2,0.2361,0.74547,117,0.45599,-1
成本,15,繊維製品,3,6,H1,0.42337,0.70636,119,0.47996,-1
成本,15,繊維製品,3,6,H2,0.33877,0.89862,114,0.36885,-1
成本,15,繊維製品,6,1,H1,0.1099,0.68343,119,0.49434,-1
成本,15,繊維製品,6,1,H2,0.19728,1.06308,119,0.28775,-1
成本,15,繊維製品,6,3,H1,0.40998,0.98946,119,0.32244,-1
成本,15,繊維製品,6,3,H2,0.35207,0.91832,117,0.35845,-1
成本,15,繊維製品,6,6,H1,1.15953,1.78773,119,0.07382,-1
成本,15,繊維製品,6,6,H2,0.20515,0.36397,114,0.71588,-1
成本,20,繊維製品,1,1,H1,0.25149,0.99581,119,0.31934,-1
成本,20,繊維製品,1,1,H2,0.46362,2.01923,119,0.04346,-1
成本,20,繊維製品,1,3,H1,-0.11519,-0.27084,119,0.78652,-1
成本,20,繊維製品,1,3,H2,1.12953,1.89788,117,0.05771,-1
成本,20,繊維製品,1,6,H1,-0.34014,-0.49156,119,0.62303,-1
成本,20,繊維製品,1,6,H2,2.56488,2.21189,114,0.02697,-1
成本,20,繊維製品,3,1,H1,0.01739,0.1627,119,0.87075,-1
成本,20,繊維製品,3,1,H2,0.15783,1.63664,119,0.10171,-1
成本,20,繊維製品,3,3,H1,-0.16127,-0.87857,119,0.37963,-1
成本,20,繊維製品,3,3,H2,0.60777,2.02008,117,0.04337,-1
成本,20,繊維製品,3,6,H1,-0.24389,-0.68777,119,0.4916,-1
成本,20,繊維製品,3,6,H2,1.44655,2.38552,114,0.01706,-1
成本,20,繊維製品,6,1,H1,-0.01783,-0.35188,119,0.72493,-1
成本,20,繊維製品,6,1,H2,0.15038,1.98277,119,0.04739,-1
成本,20,繊維製品,6,3,H1,-0.08584,-0.6612,119,0.50849,-1
成本,20,繊維製品,6,3,H2,0.48665,2.05286,117,0.04009,-1
成本,20,繊維製品,6,6,H1,0.00731,0.03535,119,0.9718,-1
成本,20,繊維製品,6,6,H2,0.91227,2.52031,114,0.01173,-1
成本,46,繊維製品,1,1,H1,-0.01828,-0.14785,119,0.88246,-1
成本,46,繊維製品,1,1,H2,0.15629,1.79007,119,0.07344,-1
成本,46,繊維製品,1,3,H1,-0.16783,-0.82092,119,0.41169,-1
成本,46,繊維製品,1,3,H2,0.27406,1.69705,117,0.08969,-1
成本,46,繊維製品,1,6,H1,0.16551,0.63403,119,0.52606,-1
成本,46,繊維製品,1,6,H2,0.61086,1.97594,114,0.04816,-1
成本,46,繊維製品,3,1,H1,-0.04073,-0.84002,119,0.40089,-1
成本,46,繊維製品,3,1,H2,0.05109,1.50123,119,0.1333,-1
成本,46,繊維製品,3,3,H1,-0.02342,-0.23598,119,0.81345,-1
成本,46,繊維製品,3,3,H2,0.11038,1.19499,117,0.23209,-1
成本,46,繊維製品,3,6,H1,0.15237,1.24353,119,0.21367,-1
成本,46,繊維製品,3,6,H2,0.29364,1.71763,114,0.08586,-1
成本,46,繊維製品,6,1,H1,0.01768,0.55549,119,0.57856,-1
成本,46,繊維製品,6,1,H2,0.0399,1.91381,119,0.05564,-1
成本,46,繊維製品,6,3,H1,0.08996,1.31502,119,0.1885,-1
成本,46,繊維製品,6,3,H2,0.10622,1.76845,117,0.07699,-1
成本,46,繊維製品,6,6,H1,0.17379,1.78314,119,0.07456,-1
成本,46,繊維製品,6,6,H2,0.20891,1.76599,114,0.0774,-1
成本,39,繊維製品,1,1,H1,0.41602,0.42209,119,0.67296,-1
成本,39,繊維製品,1,1,H2,0.56946,1.11136,119,0.26641,-1
成本,39,繊維製品,1,3,H1,0.24269,0.15929,119,0.87344,-1
成本,39,繊維製品,1,3,H2,0.9252,0.76146,117,0.44638,-1
成本,39,繊維製品,1,6,H1,0.57847,0.32714,119,0.74356,-1
成本,39,繊維製品,1,6,H2,1.92212,1.03261,114,0.30178,-1
成本,39,繊維製品,3,1,H1,-0.07291,-0.26855,119,0.78828,-1
成本,39,繊維製品,3,1,H2,0.20065,0.72037,119,0.47129,-1
成本,39,繊維製品,3,3,H1,-0.21847,-0.45015,119,0.6526,-1
成本,39,繊維製品,3,3,H2,0.66266,0.8896,117,0.37368,-1
成本,39,繊維製品,3,6,H1,0.42445,0.51249,119,0.60831,-1
成本,39,繊維製品,3,6,H2,0.46982,0.39189,114,0.69514,-1
成本,39,繊維製品,6,1,H1,0.03318,0.19005,119,0.84927,-1
成本,39,繊維製品,6,1,H2,0.09845,0.61574,119,0.53807,-1
成本,39,繊維製品,6,3,H1,0.15468,0.36488,119,0.7152,-1
成本,39,繊維製品,6,3,H2,0.14546,0.3577,117,0.72057,-1
成本,39,繊維製品,6,6,H1,0.8352,1.11085,119,0.26663,-1
成本,39,繊維製品,6,6,H2,0.13046,0.19994,114,0.84153,-1
成本,39,証券、商品先物取引業,1,1,H1,1.86332,0.81904,119,0.41276,-1
成本,39,証券、商品先物取引業,1,1,H2,0.69918,0.82728,119,0.40808,-1
成本,39,証券、商品先物取引業,1,3,H1,-8.80459,-2.40338,119,0.01624,-1
成本,39,証券、商品先物取引業,1,3,H2,1.78446,0.83626,117,0.40301,-1
成本,39,証券、商品先物取引業,1,6,H1,-6.21686,-1.13392,119,0.25683,-1
成本,39,証券、商品先物取引業,1,6,H2,2.57005,0.60641,114,0.54425,-1
成本,39,証券、商品先物取引業,3,1,H1,-1.34719,-2.10724,119,0.0351,-1
成本,39,証券、商品先物取引業,3,1,H2,0.46712,0.99299,119,0.32071,-1
成本,39,証券、商品先物取引業,3,3,H1,-4.06433,-1.96661,119,0.04923,-1
成本,39,証券、商品先物取引業,3,3,H2,0.2344,0.14807,117,0.88229,-1
成本,39,証券、商品先物取引業,3,6,H1,-2.7799,-0.89125,119,0.37279,-1
成本,39,証券、商品先物取引業,3,6,H2,1.67061,0.6277,114,0.5302,-1
成本,39,証券、商品先物取引業,6,1,H1,-0.11813,-0.22843,119,0.81931,-1
成本,39,証券、商品先物取引業,6,1,H2,0.2451,0.77864,119,0.43619,-1
成本,39,証券、商品先物取引業,6,3,H1,-1.28401,-0.85925,119,0.3902,-1
成本,39,証券、商品先物取引業,6,3,H2,0.59438,0.67346,117,0.50066,-1
成本,39,証券、商品先物取引業,6,6,H1,0.72175,0.29135,119,0.77078,-1
成本,39,証券、商品先物取引業,6,6,H2,2.12978,1.43786,114,0.15047,-1
成本,35,輸送用機器,1,1,H1,-3.77585,-2.22886,119,0.02582,-1
成本,35,輸送用機器,1,1,H2,-1.04533,-0.82431,119,0.40976,-1
成本,35,輸送用機器,1,3,H1,-2.29906,-0.99393,119,0.32026,-1
成本,35,輸送用機器,1,3,H2,1.24876,0.76423,117,0.44473,-1
成本,35,輸送用機器,1,6,H1,0.27855,0.07607,119,0.93936,-1
成本,35,輸送用機器,1,6,H2,0.04053,0.01261,114,0.98994,-1
成本,35,輸送用機器,3,1,H1,-0.3469,-0.39826,119,0.69044,-1
成本,35,輸送用機器,3,1,H2,0.16491,0.39251,119,0.69468,-1
成本,35,輸送用機器,3,3,H1,0.55269,0.37942,119,0.70437,-1
成本,35,輸送用機器,3,3,H2,-0.39822,-0.35666,117,0.72135,-1
成本,35,輸送用機器,3,6,H1,1.95084,0.73423,119,0.46281,-1
成本,35,輸送用機器,3,6,H2,-0.61362,-0.29651,114,0.76684,-1
成本,35,輸送用機器,6,1,H1,-0.02917,-0.06069,119,0.95161,-1
成本,35,輸送用機器,6,1,H2,-0.07673,-0.29527,119,0.76778,-1
成本,35,輸送用機器,6,3,H1,0.56687,0.52748,119,0.59786,-1
成本,35,輸送用機器,6,3,H2,-0.22962,-0.33372,117,0.73859,-1
成本,35,輸送用機器,6,6,H1,1.0651,0.57232,119,0.5671,-1
成本,35,輸送用機器,6,6,H2,0.42024,0.32627,114,0.74422,-1
成本,26,輸送用機器,1,1,H1,-0.33127,-1.02204,119,0.30676,-1
成本,26,輸送用機器,1,1,H2,-0.21475,-0.81461,119,0.4153,-1
成本,26,輸送用機器,1,3,H1,-1.63868,-1.68217,119,0.09254,-1
成本,26,輸送用機器,1,3,H2,-0.18684,-0.46569,117,0.64144,-1
成本,26,輸送用機器,1,6,H1,-3.45248,-2.03894,119,0.04146,-1
成本,26,輸送用機器,1,6,H2,0.10011,0.21438,114,0.83025,-1
成本,26,輸送用機器,3,1,H1,-0.2422,-1.67599,119,0.09374,-1
成本,26,輸送用機器,3,1,H2,-0.02123,-0.26339,119,0.79225,-1
成本,26,輸送用機器,3,3,H1,-0.83711,-1.87859,119,0.0603,-1
成本,26,輸送用機器,3,3,H2,-0.03851,-0.2722,117,0.78547,-1
成本,26,輸送用機器,3,6,H1,-1.48657,-2.20297,119,0.0276,-1
成本,26,輸送用機器,3,6,H2,0.20214,0.9388,114,0.34783,-1
成本,26,輸送用機器,6,1,H1,-0.15899,-1.61327,119,0.10669,-1
成本,26,輸送用機器,6,1,H2,0.00119,0.0392,119,0.96873,-1
成本,26,輸送用機器,6,3,H1,-0.46855,-1.83095,119,0.06711,-1
成本,26,輸送用機器,6,3,H2,0.05611,0.80815,117,0.419,-1
成本,26,輸送用機器,6,6,H1,-0.58469,-1.91639,119,0.05532,-1
成本,26,輸送用機器,6,6,H2,0.20365,1.25074,114,0.21103,-1
成本,22,輸送用機器,1,1,H1,-2.49325,-1.61978,119,0.10528,-1
成本,22,輸送用機器,1,1,H2,-0.36918,-0.4064,119,0.68445,-1
成本,22,輸送用機器,1,3,H1,-5.30475,-1.85656,119,0.06337,-1
成本,22,輸送用機器,1,3,H2,-0.48661,-0.48959,117,0.62443,-1
成本,22,輸送用機器,1,6,H1,-7.00222,-1.72726,119,0.08412,-1
成本,22,輸送用機器,1,6,H2,1.13773,0.57337,114,0.5664,-1
成本,22,輸送用機器,3,1,H1,-0.65565,-1.34202,119,0.17959,-1
成本,22,輸送用機器,3,1,H2,-0.08098,-0.3942,119,0.69343,-1
成本,22,輸送用機器,3,3,H1,-1.3981,-1.50855,119,0.13141,-1
成本,22,輸送用機器,3,3,H2,-0.22409,-0.3918,117,0.69521,-1
成本,22,輸送用機器,3,6,H1,-1.5397,-0.87943,119,0.37917,-1
成本,22,輸送用機器,3,6,H2,0.72134,0.57121,114,0.56786,-1
成本,22,輸送用機器,6,1,H1,-0.29394,-0.9675,119,0.3333,-1
成本,22,輸送用機器,6,1,H2,0.00117,0.00905,119,0.99278,-1
成本,22,輸送用機器,6,3,H1,-0.65226,-0.99115,119,0.32161,-1
成本,22,輸送用機器,6,3,H2,0.16809,0.4144,117,0.67858,-1
成本,22,輸送用機器,6,6,H1,-0.59532,-0.61247,119,0.54023,-1
成本,22,輸送用機器,6,6,H2,0.84594,1.06493,114,0.28691,-1
成本,33,輸送用機器,1,1,H1,0.00308,0.00372,119,0.99703,-1
成本,33,輸送用機器,1,1,H2,-0.30422,-0.55918,119,0.57604,-1
成本,33,輸送用機器,1,3,H1,-1.71849,-1.23735,119,0.21596,-1
成本,33,輸送用機器,1,3,H2,-0.1314,-0.20015,117,0.84137,-1
成本,33,輸送用機器,1,6,H1,-1.77092,-0.83259,119,0.40507,-1
成本,33,輸送用機器,1,6,H2,-0.03417,-0.03685,114,0.97061,-1
成本,33,輸送用機器,3,1,H1,-0.39169,-1.27693,119,0.20163,-1
成本,33,輸送用機器,3,1,H2,-0.11523,-0.42664,119,0.66964,-1
成本,33,輸送用機器,3,3,H1,-0.73489,-0.96536,119,0.33437,-1
成本,33,輸送用機器,3,3,H2,-0.33681,-0.56854,117,0.56967,-1
成本,33,輸送用機器,3,6,H1,-0.94422,-0.64418,119,0.51946,-1
成本,33,輸送用機器,3,6,H2,0.51807,0.64101,114,0.52152,-1
成本,33,輸送用機器,6,1,H1,-0.13731,-0.51533,119,0.60633,-1
成本,33,輸送用機器,6,1,H2,-0.10377,-0.63543,119,0.52515,-1
成本,33,輸送用機器,6,3,H1,-0.52123,-0.79408,119,0.42715,-1
成本,33,輸送用機器,6,3,H2,0.11226,0.29075,117,0.77125,-1
成本,33,輸送用機器,6,6,H1,-0.91055,-0.82935,119,0.40691,-1
成本,33,輸送用機器,6,6,H2,1.21931,2.25703,114,0.02401,-1
成本,27,輸送用機器,1,1,H1,0.17592,0.79063,119,0.42916,-1
成本,27,輸送用機器,1,1,H2,0.16026,1.08749,119,0.27682,-1
成本,27,輸送用機器,1,3,H1,-0.24159,-0.53212,119,0.59464,-1
成本,27,輸送用機器,1,3,H2,-0.13051,-0.55306,117,0.58022,-1
成本,27,輸送用機器,1,6,H1,-0.82032,-1.09117,119,0.2752,-1
成本,27,輸送用機器,1,6,H2,0.05998,0.18195,114,0.85562,-1
成本,27,輸送用機器,3,1,H1,-0.03756,-0.34841,119,0.72753,-1
成本,27,輸送用機器,3,1,H2,-0.02031,-0.37673,119,0.70638,-1
成本,27,輸送用機器,3,3,H1,-0.24625,-1.17589,119,0.23964,-1
成本,27,輸送用機器,3,3,H2,-0.21723,-1.84754,117,0.06467,-1
成本,27,輸送用機器,3,6,H1,-0.49447,-1.40781,119,0.15919,-1
成本,27,輸送用機器,3,6,H2,-0.00302,-0.01681,114,0.98658,-1
成本,27,輸送用機器,6,1,H1,-0.03474,-0.60304,119,0.54648,-1
成本,27,輸送用機器,6,1,H2,-0.00418,-0.11613,119,0.90755,-1
成本,27,輸送用機器,6,3,H1,-0.16049,-1.15341,119,0.24874,-1
成本,27,輸送用機器,6,3,H2,-0.02988,-0.35152,117,0.7252,-1
成本,27,輸送用機器,6,6,H1,-0.2881,-1.4293,119,0.15292,-1
成本,27,輸送用機器,6,6,H2,0.15279,0.92446,114,0.35525,-1
成本,46,輸送用機器,1,1,H1,-0.12486,-0.67133,119,0.50201,-1
成本,46,輸送用機器,1,1,H2,-0.12596,-1.21085,119,0.22595,-1
成本,46,輸送用機器,1,3,H1,-0.22712,-0.5567,119,0.57773,-1
成本,46,輸送用機器,1,3,H2,-0.21487,-1.01506,117,0.31008,-1
成本,46,輸送用機器,1,6,H1,-0.49534,-0.89306,119,0.37182,-1
成本,46,輸送用機器,1,6,H2,0.12393,0.3252,114,0.74503,-1
成本,46,輸送用機器,3,1,H1,-0.05815,-0.65543,119,0.51219,-1
成本,46,輸送用機器,3,1,H2,-0.03206,-0.78668,119,0.43147,-1
成本,46,輸送用機器,3,3,H1,-0.12719,-0.5072,119,0.61201,-1
成本,46,輸送用機器,3,3,H2,-0.01596,-0.16355,117,0.87008,-1
成本,46,輸送用機器,3,6,H1,-0.15569,-0.52538,119,0.59932,-1
成本,46,輸送用機器,3,6,H2,0.1562,0.77468,114,0.43853,-1
成本,46,輸送用機器,6,1,H1,-0.05499,-0.76004,119,0.44723,-1
成本,46,輸送用機器,6,1,H2,0.00474,0.20592,119,0.83686,-1
成本,46,輸送用機器,6,3,H1,-0.09554,-0.50475,119,0.61374,-1
成本,46,輸送用機器,6,3,H2,0.05468,0.80247,117,0.42228,-1
成本,46,輸送用機器,6,6,H1,0.0154,0.06965,119,0.94447,-1
成本,46,輸送用機器,6,6,H2,0.14799,1.18406,114,0.23639,-1
成本,20,輸送用機器,1,1,H1,0.27556,0.4822,119,0.62966,-1
成本,20,輸送用機器,1,1,H2,0.1608,0.39165,119,0.69532,-1
成本,20,輸送用機器,1,3,H1,-2.00638,-1.88229,119,0.0598,-1
成本,20,輸送用機器,1,3,H2,-0.23637,-0.43321,117,0.66486,-1
成本,20,輸送用機器,1,6,H1,-3.09423,-1.58887,119,0.11209,-1
成本,20,輸送用機器,1,6,H2,0.12306,0.17286,114,0.86276,-1
成本,20,輸送用機器,3,1,H1,-0.42514,-1.79232,119,0.07308,-1
成本,20,輸送用機器,3,1,H2,-0.03765,-0.35243,119,0.72452,-1
成本,20,輸送用機器,3,3,H1,-1.31346,-1.90971,119,0.05617,-1
成本,20,輸送用機器,3,3,H2,-0.10134,-0.39965,117,0.68941,-1
成本,20,輸送用機器,3,6,H1,-1.49357,-1.78595,119,0.07411,-1
成本,20,輸送用機器,3,6,H2,-0.11074,-0.39922,114,0.68973,-1
成本,20,輸送用機器,6,1,H1,-0.19838,-1.29353,119,0.19583,-1
成本,20,輸送用機器,6,1,H2,-0.00996,-0.17352,119,0.86224,-1
成本,20,輸送用機器,6,3,H1,-0.56425,-1.47963,119,0.13897,-1
成本,20,輸送用機器,6,3,H2,-0.08726,-0.75751,117,0.44874,-1
成本,20,輸送用機器,6,6,H1,-0.74641,-1.80126,119,0.07166,-1
成本,20,輸送用機器,6,6,H2,-0.05884,-0.26562,114,0.79054,-1
成本,28,輸送用機器,1,1,H1,-0.71853,-0.78555,119,0.43213,-1
成本,28,輸送用機器,1,1,H2,-0.10582,-0.16169,119,0.87155,-1
成本,28,輸送用機器,1,3,H1,-3.27621,-1.90831,119,0.05635,-1
成本,28,輸送用機器,1,3,H2,0.32788,0.3915,117,0.69543,-1
成本,28,輸送用機器,1,6,H1,-8.74017,-1.71131,119,0.08702,-1
成本,28,輸送用機器,1,6,H2,1.79637,1.08003,114,0.28013,-1
成本,28,輸送用機器,3,1,H1,-0.75249,-1.80027,119,0.07182,-1
成本,28,輸送用機器,3,1,H2,0.03365,0.16615,119,0.86804,-1
成本,28,輸送用機器,3,3,H1,-3.01694,-2.21603,119,0.02669,-1
成本,28,輸送用機器,3,3,H2,0.27231,0.54612,117,0.58498,-1
成本,28,輸送用機器,3,6,H1,-5.58344,-1.84177,119,0.06551,-1
成本,28,輸送用機器,3,6,H2,1.32229,1.35562,114,0.17522,-1
成本,28,輸送用機器,6,1,H1,-0.65774,-1.57411,119,0.11546,-1
成本,28,輸送用機器,6,1,H2,0.09638,0.75826,119,0.44829,-1
成本,28,輸送用機器,6,3,H1,-2.04266,-1.75776,119,0.07879,-1
成本,28,輸送用機器,6,3,H2,0.40865,1.2315,117,0.21814,-1
成本,28,輸送用機器,6,6,H1,-2.86367,-1.94909,119,0.05129,-1
成本,28,輸送用機器,6,6,H2,0.9856,1.6421,114,0.10057,-1
成本,32,輸送用機器,1,1,H1,0.79955,1.00756,119,0.31367,-1
成本,32,輸送用機器,1,1,H2,1.22159,1.24705,119,0.21238,-1
成本,32,輸送用機器,1,3,H1,-1.10464,-0.80995,119,0.41797,-1
成本,32,輸送用機器,1,3,H2,2.78657,1.81989,117,0.06878,-1
成本,32,輸送用機器,1,6,H1,-1.32545,-0.70295,119,0.48209,-1
成本,32,輸送用機器,1,6,H2,2.92964,1.43402,114,0.15157,-1
成本,32,輸送用機器,3,1,H1,-0.44874,-1.07415,119,0.28276,-1
成本,32,輸送用機器,3,1,H2,0.6527,1.21247,119,0.22533,-1
成本,32,輸送用機器,3,3,H1,-0.81895,-0.94247,119,0.34595,-1
成本,32,輸送用機器,3,3,H2,0.19867,0.1436,117,0.88581,-1
成本,32,輸送用機器,3,6,H1,-1.18761,-0.78053,119,0.43508,-1
成本,32,輸送用機器,3,6,H2,-0.68436,-0.32285,114,0.74681,-1
成本,32,輸送用機器,6,1,H1,-0.18792,-0.74545,119,0.456,-1
成本,32,輸送用機器,6,1,H2,0.17529,0.51061,119,0.60962,-1
成本,32,輸送用機器,6,3,H1,-0.54701,-0.81253,119,0.41649,-1
成本,32,輸送用機器,6,3,H2,-0.42717,-0.43534,117,0.66331,-1
成本,32,輸送用機器,6,6,H1,-0.99042,-0.91127,119,0.36215,-1
成本,32,輸送用機器,6,6,H2,-0.35327,-0.22641,114,0.82089,-1
成本,26,金属製品,1,1,H1,-0.06893,-0.41674,119,0.67687,-1
成本,26,金属製品,1,1,H2,-0.10595,-0.75647,119,0.44937,-1
成本,26,金属製品,1,3,H1,-0.09216,-0.3538,119,0.72349,-1
成本,26,金属製品,1,3,H2,-0.11999,-0.46093,117,0.64485,-1
成本,26,金属製品,1,6,H1,0.15802,0.29069,119,0.77129,-1
成本,26,金属製品,1,6,H2,-0.37131,-0.81543,114,0.41483,-1
成本,26,金属製品,3,1,H1,-0.02109,-0.39882,119,0.69003,-1
成本,26,金属製品,3,1,H2,-0.02422,-0.41585,119,0.67752,-1
成本,26,金属製品,3,3,H1,0.01717,0.15755,119,0.87481,-1
成本,26,金属製品,3,3,H2,-0.11388,-0.94727,117,0.3435,-1
成本,26,金属製品,3,6,H1,0.15982,0.71445,119,0.47495,-1
成本,26,金属製品,3,6,H2,-0.18813,-0.83994,114,0.40094,-1
成本,26,金属製品,6,1,H1,0.00473,0.19068,119,0.84877,-1
成本,26,金属製品,6,1,H2,-0.02456,-0.85146,119,0.39451,-1
成本,26,金属製品,6,3,H1,0.05425,0.72111,119,0.47084,-1
成本,26,金属製品,6,3,H2,-0.0658,-0.93073,117,0.35199,-1
成本,26,金属製品,6,6,H1,0.14241,1.03012,119,0.30295,-1
成本,26,金属製品,6,6,H2,-0.11734,-0.86394,114,0.38762,-1
成本,28,金属製品,1,1,H1,0.49997,0.99749,119,0.31853,-1
成本,28,金属製品,1,1,H2,-0.28505,-0.7191,119,0.47208,-1
成本,28,金属製品,1,3,H1,-0.78481,-1.03851,119,0.29903,-1
成本,28,金属製品,1,3,H2,-0.11383,-0.17632,117,0.86004,-1
成本,28,金属製品,1,6,H1,-1.08064,-0.78119,119,0.43469,-1
成本,28,金属製品,1,6,H2,-1.1842,-1.1961,114,0.23166,-1
成本,28,金属製品,3,1,H1,-0.17256,-0.88139,119,0.37811,-1
成本,28,金属製品,3,1,H2,-0.08034,-0.49655,119,0.61951,-1
成本,28,金属製品,3,3,H1,-0.60797,-1.37979,119,0.16765,-1
成本,28,金属製品,3,3,H2,-0.25811,-0.80672,117,0.41983,-1
成本,28,金属製品,3,6,H1,-0.31988,-0.34223,119,0.73218,-1
成本,28,金属製品,3,6,H2,-0.67528,-1.28355,114,0.1993,-1
成本,28,金属製品,6,1,H1,-0.10677,-0.97214,119,0.33098,-1
成本,28,金属製品,6,1,H2,-0.09511,-1.10983,119,0.26707,-1
成本,28,金属製品,6,3,H1,-0.08853,-0.26034,119,0.79461,-1
成本,28,金属製品,6,3,H2,-0.23566,-1.26161,117,0.20709,-1
成本,28,金属製品,6,6,H1,0.11681,0.16916,119,0.86567,-1
成本,28,金属製品,6,6,H2,-0.34058,-0.89137,114,0.37273,-1
成本,27,金属製品,1,1,H1,-0.15861,-1.58665,119,0.11259,-1
成本,27,金属製品,1,1,H2,0.06471,0.83915,119,0.40139,-1
成本,27,金属製品,1,3,H1,-0.26675,-1.34876,119,0.17741,-1
成本,27,金属製品,1,3,H2,0.23146,1.52998,117,0.12602,-1
成本,27,金属製品,1,6,H1,-0.39968,-2.17222,119,0.02984,-1
成本,27,金属製品,1,6,H2,0.41596,2.07755,114,0.03775,-1
成本,27,金属製品,3,1,H1,-0.04887,-1.21576,119,0.22408,-1
成本,27,金属製品,3,1,H2,0.05187,1.31861,119,0.1873,-1
成本,27,金属製品,3,3,H1,-0.10087,-1.27327,119,0.20292,-1
成本,27,金属製品,3,3,H2,0.13879,1.41861,117,0.15601,-1
成本,27,金属製品,3,6,H1,-0.16833,-1.94024,119,0.05235,-1
成本,27,金属製品,3,6,H2,0.11656,0.97339,114,0.33036,-1
成本,27,金属製品,6,1,H1,-0.02892,-1.31952,119,0.187,-1
成本,27,金属製品,6,1,H2,0.02496,1.15327,119,0.2488,-1
成本,27,金属製品,6,3,H1,-0.06634,-1.58918,119,0.11202,-1
成本,27,金属製品,6,3,H2,0.06233,1.05044,117,0.29352,-1
成本,27,金属製品,6,6,H1,-0.09728,-1.60447,119,0.10861,-1
成本,27,金属製品,6,6,H2,0.03903,0.38667,114,0.699,-1
成本,46,金属製品,1,1,H1,-0.16317,-2.05712,119,0.03968,-1
成本,46,金属製品,1,1,H2,-0.10479,-1.41787,119,0.15623,-1
成本,46,金属製品,1,3,H1,-0.22731,-1.20288,119,0.22902,-1
成本,46,金属製品,1,3,H2,-0.20901,-1.6131,117,0.10672,-1
成本,46,金属製品,1,6,H1,0.07418,0.29441,119,0.76844,-1
成本,46,金属製品,1,6,H2,-0.22805,-1.12208,114,0.26183,-1
成本,46,金属製品,3,1,H1,-0.05627,-1.1985,119,0.23072,-1
成本,46,金属製品,3,1,H2,-0.04585,-1.59718,119,0.11023,-1
成本,46,金属製品,3,3,H1,0.01684,0.12832,119,0.8979,-1
成本,46,金属製品,3,3,H2,-0.07016,-1.35615,117,0.17505,-1
成本,46,金属製品,3,6,H1,0.11357,0.77168,119,0.4403,-1
成本,46,金属製品,3,6,H2,-0.16683,-1.53428,114,0.12496,-1
成本,46,金属製品,6,1,H1,0.00895,0.25289,119,0.80035,-1
成本,46,金属製品,6,1,H2,-0.02386,-1.70806,119,0.08763,-1
成本,46,金属製品,6,3,H1,0.06695,0.85423,119,0.39298,-1
成本,46,金属製品,6,3,H2,-0.07414,-1.92174,117,0.05464,-1
成本,46,金属製品,6,6,H1,0.04151,0.34498,119,0.73011,-1
成本,46,金属製品,6,6,H2,-0.15006,-2.17731,114,0.02946,-1
成本,26,鉄鋼,1,1,H1,-0.08539,-0.30126,119,0.76322,-1
成本,26,鉄鋼,1,1,H2,-0.17799,-0.61905,119,0.53589,-1
成本,26,鉄鋼,1,3,H1,-0.42363,-0.57215,119,0.56722,-1
成本,26,鉄鋼,1,3,H2,0.46192,0.58749,117,0.55688,-1
成本,26,鉄鋼,1,6,H1,-0.62243,-0.51342,119,0.60765,-1
成本,26,鉄鋼,1,6,H2,0.66177,0.56301,114,0.57343,-1
成本,26,鉄鋼,3,1,H1,-0.05899,-0.49694,119,0.61923,-1
成本,26,鉄鋼,3,1,H2,0.09612,0.74549,119,0.45598,-1
成本,26,鉄鋼,3,3,H1,-0.17021,-0.54962,119,0.58258,-1
成本,26,鉄鋼,3,3,H2,0.23553,0.70993,117,0.47775,-1
成本,26,鉄鋼,3,6,H1,-0.18919,-0.44808,119,0.65409,-1
成本,26,鉄鋼,3,6,H2,0.50595,0.95635,114,0.33889,-1
成本,26,鉄鋼,6,1,H1,-0.02656,-0.3897,119,0.69676,-1
成本,26,鉄鋼,6,1,H2,0.03492,0.56284,119,0.57354,-1
成本,26,鉄鋼,6,3,H1,-0.04453,-0.27517,119,0.78319,-1
成本,26,鉄鋼,6,3,H2,0.1391,0.83164,117,0.40561,-1
成本,26,鉄鋼,6,6,H1,0.02737,0.14379,119,0.88567,-1
成本,26,鉄鋼,6,6,H2,0.35803,1.23623,114,0.21637,-1
成本,06,鉄鋼,1,1,H1,-0.02315,-0.44473,119,0.65652,-1
成本,06,鉄鋼,1,1,H2,0.05206,1.15354,119,0.24869,-1
成本,06,鉄鋼,1,3,H1,-0.24623,-2.34101,119,0.01923,-1
成本,06,鉄鋼,1,3,H2,-0.00398,-0.04509,117,0.96404,-1
成本,06,鉄鋼,1,6,H1,-0.48944,-2.30877,119,0.02096,-1
成本,06,鉄鋼,1,6,H2,-0.04807,-0.29548,114,0.76763,-1
成本,06,鉄鋼,3,1,H1,-0.04157,-1.96313,119,0.04963,-1
成本,06,鉄鋼,3,1,H2,-0.00115,-0.06072,119,0.95158,-1
成本,06,鉄鋼,3,3,H1,-0.16888,-3.39976,119,0.00067,-1
成本,06,鉄鋼,3,3,H2,-0.04148,-1.00958,117,0.3127,-1
成本,06,鉄鋼,3,6,H1,-0.16677,-2.11772,119,0.0342,-1
成本,06,鉄鋼,3,6,H2,-0.00733,-0.08065,114,0.93572,-1
成本,06,鉄鋼,6,1,H1,-0.03383,-2.28508,119,0.02231,-1
成本,06,鉄鋼,6,1,H2,-0.00118,-0.09711,119,0.92264,-1
成本,06,鉄鋼,6,3,H1,-0.07026,-1.63218,119,0.10264,-1
成本,06,鉄鋼,6,3,H2,-0.00169,-0.04862,117,0.96122,-1
成本,06,鉄鋼,6,6,H1,-0.03691,-0.72412,119,0.46899,-1
成本,06,鉄鋼,6,6,H2,-0.0071,-0.09347,114,0.92553,-1
成本,46,鉄鋼,1,1,H1,-0.10935,-0.58612,119,0.55779,-1
成本,46,鉄鋼,1,1,H2,0.07338,0.54685,119,0.58448,-1
成本,46,鉄鋼,1,3,H1,0.02447,0.06116,119,0.95123,-1
成本,46,鉄鋼,1,3,H2,0.04152,0.12345,117,0.90175,-1
成本,46,鉄鋼,1,6,H1,-0.09438,-0.21912,119,0.82655,-1
成本,46,鉄鋼,1,6,H2,-0.01586,-0.02344,114,0.9813,-1
成本,46,鉄鋼,3,1,H1,0.02541,0.25904,119,0.7956,-1
成本,46,鉄鋼,3,1,H2,0.00949,0.13754,119,0.8906,-1
成本,46,鉄鋼,3,3,H1,0.10405,0.49649,119,0.61955,-1
成本,46,鉄鋼,3,3,H2,-0.08866,-0.42897,117,0.66794,-1
成本,46,鉄鋼,3,6,H1,-0.00456,-0.02405,119,0.98082,-1
成本,46,鉄鋼,3,6,H2,0.07859,0.23146,114,0.81696,-1
成本,46,鉄鋼,6,1,H1,0.01185,0.22984,119,0.81821,-1
成本,46,鉄鋼,6,1,H2,0.0003,0.00655,119,0.99477,-1
成本,46,鉄鋼,6,3,H1,0.03395,0.32068,119,0.74845,-1
成本,46,鉄鋼,6,3,H2,0.02868,0.24646,117,0.80532,-1
成本,46,鉄鋼,6,6,H1,-0.08999,-0.66536,119,0.50582,-1
成本,46,鉄鋼,6,6,H2,0.18948,0.93896,114,0.34775,-1
成本,21,鉄鋼,1,1,H1,-0.00541,-0.07085,119,0.94352,-1
成本,21,鉄鋼,1,1,H2,0.0611,0.85792,119,0.39093,-1
成本,21,鉄鋼,1,3,H1,-0.44388,-2.42287,119,0.0154,-1
成本,21,鉄鋼,1,3,H2,0.01026,0.06595,117,0.94741,-1
成本,21,鉄鋼,1,6,H1,-0.73283,-2.83306,119,0.00461,-1
成本,21,鉄鋼,1,6,H2,-0.01787,-0.09809,114,0.92186,-1
成本,21,鉄鋼,3,1,H1,-0.06717,-1.87342,119,0.06101,-1
成本,21,鉄鋼,3,1,H2,-0.00299,-0.10214,119,0.91865,-1
成本,21,鉄鋼,3,3,H1,-0.24979,-4.21294,119,3e-05,-1
成本,21,鉄鋼,3,3,H2,-0.06321,-0.93642,117,0.34906,-1
成本,21,鉄鋼,3,6,H1,-0.23171,-2.26499,119,0.02351,-1
成本,21,鉄鋼,3,6,H2,-0.04336,-0.47793,114,0.6327,-1
成本,21,鉄鋼,6,1,H1,-0.04729,-2.41483,119,0.01574,-1
成本,21,鉄鋼,6,1,H2,-0.0006,-0.03019,119,0.97592,-1
成本,21,鉄鋼,6,3,H1,-0.0984,-1.74236,119,0.08144,-1
成本,21,鉄鋼,6,3,H2,-0.00509,-0.1005,117,0.91994,-1
成本,21,鉄鋼,6,6,H1,-0.02374,-0.35851,119,0.71996,-1
成本,21,鉄鋼,6,6,H2,-0.04528,-0.53411,114,0.59327,-1
成本,46,鉱業,1,1,H1,0.02972,0.13508,119,0.89255,-1
成本,46,鉱業,1,1,H2,-0.0114,-0.05395,119,0.95697,-1
成本,46,鉱業,1,3,H1,-0.14908,-0.41651,119,0.67703,-1
成本,46,鉱業,1,3,H2,0.15249,0.35729,117,0.72088,-1
成本,46,鉱業,1,6,H1,0.2014,0.40696,119,0.68404,-1
成本,46,鉱業,1,6,H2,0.29502,0.54068,114,0.58873,-1
成本,46,鉱業,3,1,H1,-0.01153,-0.10596,119,0.91561,-1
成本,46,鉱業,3,1,H2,0.06315,0.67549,119,0.49936,-1
成本,46,鉱業,3,3,H1,-0.10382,-0.54425,119,0.58627,-1
成本,46,鉱業,3,3,H2,0.01215,0.06158,117,0.95089,-1
成本,46,鉱業,3,6,H1,0.28515,0.9837,119,0.32526,-1
成本,46,鉱業,3,6,H2,0.37755,1.37864,114,0.168,-1
成本,46,鉱業,6,1,H1,0.03585,0.5986,119,0.54944,-1
成本,46,鉱業,6,1,H2,0.04215,0.93441,119,0.35009,-1
成本,46,鉱業,6,3,H1,0.17447,1.15301,119,0.24891,-1
成本,46,鉱業,6,3,H2,0.15694,1.41981,117,0.15566,-1
成本,46,鉱業,6,6,H1,0.43331,1.51767,119,0.1291,-1
成本,46,鉱業,6,6,H2,0.35167,1.8747,114,0.06083,-1
成本,21,鉱業,1,1,H1,-0.16205,-1.20798,119,0.22706,-1
成本,21,鉱業,1,1,H2,-0.16727,-1.21254,119,0.2253,-1
成本,21,鉱業,1,3,H1,-0.55493,-2.74608,119,0.00603,-1
成本,21,鉱業,1,3,H2,-0.17379,-0.63359,117,0.52635,-1
成本,21,鉱業,1,6,H1,-0.47151,-2.09789,119,0.03591,-1
成本,21,鉱業,1,6,H2,0.10447,0.21829,114,0.8272,-1
成本,21,鉱業,3,1,H1,-0.08224,-1.73552,119,0.08265,-1
成本,21,鉱業,3,1,H2,-0.01347,-0.23075,119,0.81751,-1
成本,21,鉱業,3,3,H1,-0.15962,-2.08596,119,0.03698,-1
成本,21,鉱業,3,3,H2,0.06754,0.45252,117,0.65089,-1
成本,21,鉱業,3,6,H1,-0.15236,-1.79165,119,0.07319,-1
成本,21,鉱業,3,6,H2,0.10407,0.44134,114,0.65897,-1
成本,21,鉱業,6,1,H1,-0.03246,-1.34387,119,0.17899,-1
成本,21,鉱業,6,1,H2,0.03267,0.63603,119,0.52476,-1
成本,21,鉱業,6,3,H1,-0.06996,-1.53642,119,0.12443,-1
成本,21,鉱業,6,3,H2,0.07848,0.57966,117,0.56214,-1
成本,21,鉱業,6,6,H1,-0.07027,-1.27095,119,0.20375,-1
成本,21,鉱業,6,6,H2,0.15858,0.81813,114,0.41328,-1
成本,28,鉱業,1,1,H1,-0.77773,-0.8116,119,0.41702,-1
成本,28,鉱業,1,1,H2,0.43811,0.41941,119,0.67492,-1
成本,28,鉱業,1,3,H1,-0.60454,-0.37499,119,0.70767,-1
成本,28,鉱業,1,3,H2,1.78039,0.83425,117,0.40414,-1
成本,28,鉱業,1,6,H1,-0.80418,-0.26842,119,0.78838,-1
成本,28,鉱業,1,6,H2,3.25908,1.0756,114,0.28211,-1
成本,28,鉱業,3,1,H1,-0.10065,-0.25886,119,0.79574,-1
成本,28,鉱業,3,1,H2,0.42942,0.95847,119,0.33783,-1
成本,28,鉱業,3,3,H1,-0.68572,-0.55005,119,0.58229,-1
成本,28,鉱業,3,3,H2,0.5861,0.41019,117,0.68167,-1
成本,28,鉱業,3,6,H1,0.64073,0.32656,119,0.744,-1
成本,28,鉱業,3,6,H2,2.4177,2.22985,114,0.02576,-1
成本,28,鉱業,6,1,H1,-0.09232,-0.3064,119,0.7593,-1
成本,28,鉱業,6,1,H2,0.20659,0.8875,119,0.37481,-1
成本,28,鉱業,6,3,H1,0.19237,0.23545,119,0.81386,-1
成本,28,鉱業,6,3,H2,0.67937,1.42916,117,0.15296,-1
成本,28,鉱業,6,6,H1,1.40425,1.12458,119,0.26077,-1
成本,28,鉱業,6,6,H2,1.49393,3.2877,114,0.00101,-1
成本,39,銀行業,1,1,H1,2.98072,2.00718,119,0.04473,-1
成本,39,銀行業,1,1,H2,2.8896,2.60877,119,0.00909,-1
成本,39,銀行業,1,3,H1,3.77359,1.61356,119,0.10662,-1
成本,39,銀行業,1,3,H2,6.01049,2.44833,117,0.01435,-1
成本,39,銀行業,1,6,H1,6.38508,1.88932,119,0.05885,-1
成本,39,銀行業,1,6,H2,9.36165,2.94661,114,0.00321,-1
成本,39,銀行業,3,1,H1,0.58082,1.34879,119,0.1774,-1
成本,39,銀行業,3,1,H2,1.27267,2.42636,119,0.01525,-1
成本,39,銀行業,3,3,H1,1.81996,1.79503,119,0.07265,-1
成本,39,銀行業,3,3,H2,3.17078,2.559,117,0.0105,-1
成本,39,銀行業,3,6,H1,2.80897,2.35759,119,0.01839,-1
成本,39,銀行業,3,6,H2,5.86016,3.495,114,0.00047,-1
成本,39,銀行業,6,1,H1,0.57365,2.6219,119,0.00874,-1
成本,39,銀行業,6,1,H2,0.7397,2.81455,119,0.00488,-1
成本,39,銀行業,6,3,H1,1.24351,2.40504,119,0.01617,-1
成本,39,銀行業,6,3,H2,1.977,3.58743,117,0.00033,-1
成本,39,銀行業,6,6,H1,1.11731,1.4923,119,0.13562,-1
成本,39,銀行業,6,6,H2,4.03846,3.77981,114,0.00016,-1
成本,06,電気・ガス業,1,1,H1,0.05657,0.70632,119,0.47999,-1
成本,06,電気・ガス業,1,1,H2,0.04138,0.71865,119,0.47236,-1
成本,06,電気・ガス業,1,3,H1,0.32529,1.42442,119,0.15433,-1
成本,06,電気・ガス業,1,3,H2,0.11427,1.06996,117,0.28464,-1
成本,06,電気・ガス業,1,6,H1,0.93205,2.29684,119,0.02163,-1
成本,06,電気・ガス業,1,6,H2,0.13846,0.74066,114,0.4589,-1
成本,06,電気・ガス業,3,1,H1,0.05653,1.33216,119,0.18281,-1
成本,06,電気・ガス業,3,1,H2,0.0206,0.91874,119,0.35823,-1
成本,06,電気・ガス業,3,3,H1,0.2399,2.12691,119,0.03343,-1
成本,06,電気・ガス業,3,3,H2,0.03394,0.57109,117,0.56794,-1
成本,06,電気・ガス業,3,6,H1,0.48871,2.95456,119,0.00313,-1
成本,06,電気・ガス業,3,6,H2,0.00094,0.00962,114,0.99232,-1
成本,06,電気・ガス業,6,1,H1,0.06877,2.96018,119,0.00307,-1
成本,06,電気・ガス業,6,1,H2,0.01241,0.85761,119,0.39111,-1
成本,06,電気・ガス業,6,3,H1,0.21519,2.90839,119,0.00363,-1
成本,06,電気・ガス業,6,3,H2,0.00604,0.15996,117,0.87291,-1
成本,06,電気・ガス業,6,6,H1,0.28313,2.62741,119,0.0086,-1
成本,06,電気・ガス業,6,6,H2,-0.02744,-0.50283,114,0.61508,-1
成本,46,電気・ガス業,1,1,H1,0.02975,0.133,119,0.8942,-1
成本,46,電気・ガス業,1,1,H2,-0.03416,-0.25884,119,0.79576,-1
成本,46,電気・ガス業,1,3,H1,0.10667,0.19781,119,0.8432,-1
成本,46,電気・ガス業,1,3,H2,0.15007,0.56061,117,0.57506,-1
成本,46,電気・ガス業,1,6,H1,0.40724,0.44553,119,0.65594,-1
成本,46,電気・ガス業,1,6,H2,-0.36582,-1.05478,114,0.29153,-1
成本,46,電気・ガス業,3,1,H1,-0.04837,-0.40415,119,0.68611,-1
成本,46,電気・ガス業,3,1,H2,0.03797,0.7329,119,0.46362,-1
成本,46,電気・ガス業,3,3,H1,0.05969,0.17205,119,0.8634,-1
成本,46,電気・ガス業,3,3,H2,-0.0405,-0.35327,117,0.72389,-1
成本,46,電気・ガス業,3,6,H1,0.05045,0.11066,119,0.91189,-1
成本,46,電気・ガス業,3,6,H2,-0.12923,-0.76636,114,0.44346,-1
成本,46,電気・ガス業,6,1,H1,0.00911,0.10467,119,0.91664,-1
成本,46,電気・ガス業,6,1,H2,-0.00827,-0.31263,119,0.75456,-1
成本,46,電気・ガス業,6,3,H1,0.02208,0.09334,119,0.92564,-1
成本,46,電気・ガス業,6,3,H2,-0.02842,-0.40693,117,0.68406,-1
成本,46,電気・ガス業,6,6,H1,-0.13322,-0.50573,119,0.61304,-1
成本,46,電気・ガス業,6,6,H2,-0.06925,-0.55881,114,0.57629,-1
成本,21,電気・ガス業,1,1,H1,0.12657,0.95449,119,0.33984,-1
成本,21,電気・ガス業,1,1,H2,0.00668,0.0713,119,0.94316,-1
成本,21,電気・ガス業,1,3,H1,0.59575,1.60421,119,0.10867,-1
成本,21,電気・ガス業,1,3,H2,0.33361,1.87854,117,0.06031,-1
成本,21,電気・ガス業,1,6,H1,1.42505,2.64868,119,0.00808,-1
成本,21,電気・ガス業,1,6,H2,0.47369,1.498,114,0.13413,-1
成本,21,電気・ガス業,3,1,H1,0.0939,1.49244,119,0.13558,-1
成本,21,電気・ガス業,3,1,H2,0.06366,1.91564,119,0.05541,-1
成本,21,電気・ガス業,3,3,H1,0.3519,2.41792,119,0.01561,-1
成本,21,電気・ガス業,3,3,H2,0.22727,2.40726,117,0.01607,-1
成本,21,電気・ガス業,3,6,H1,0.64361,2.92037,119,0.0035,-1
成本,21,電気・ガス業,3,6,H2,0.19948,1.35153,114,0.17652,-1
成本,21,電気・ガス業,6,1,H1,0.09825,3.22913,119,0.00124,-1
成本,21,電気・ガス業,6,1,H2,0.04896,1.6043,119,0.10865,-1
成本,21,電気・ガス業,6,3,H1,0.28103,2.80691,119,0.005,-1
成本,21,電気・ガス業,6,3,H2,0.12268,1.43906,117,0.15013,-1
成本,21,電気・ガス業,6,6,H1,0.34813,2.31346,119,0.0207,-1
成本,21,電気・ガス業,6,6,H2,0.08016,0.62866,114,0.52957,-1
成本,32,電気機器,1,1,H1,-0.07413,-0.12523,119,0.90034,-1
成本,32,電気機器,1,1,H2,0.12712,0.15826,119,0.87425,-1
成本,32,電気機器,1,3,H1,-0.31949,-0.28641,119,0.77456,-1
成本,32,電気機器,1,3,H2,0.1673,0.10881,117,0.91335,-1
成本,32,電気機器,1,6,H1,0.39403,0.26118,119,0.79395,-1
成本,32,電気機器,1,6,H2,0.30183,0.13243,114,0.89464,-1
成本,32,電気機器,3,1,H1,-0.00063,-0.00202,119,0.99839,-1
成本,32,電気機器,3,1,H2,0.09507,0.18007,119,0.8571,-1
成本,32,電気機器,3,3,H1,-0.00929,-0.01458,119,0.98837,-1
成本,32,電気機器,3,3,H2,-0.42862,-0.38736,117,0.69849,-1
成本,32,電気機器,3,6,H1,0.88186,0.67627,119,0.49887,-1
成本,32,電気機器,3,6,H2,-0.19623,-0.0943,114,0.92487,-1
成本,32,電気機器,6,1,H1,0.04517,0.21475,119,0.82997,-1
成本,32,電気機器,6,1,H2,-0.09095,-0.26505,119,0.79097,-1
成本,32,電気機器,6,3,H1,0.38457,0.62067,119,0.53482,-1
成本,32,電気機器,6,3,H2,-0.37564,-0.41363,117,0.67915,-1
成本,32,電気機器,6,6,H1,1.01135,0.7858,119,0.43199,-1
成本,32,電気機器,6,6,H2,-0.46383,-0.27314,114,0.78474,-1
成本,33,電気機器,1,1,H1,0.02052,0.03634,119,0.97101,-1
成本,33,電気機器,1,1,H2,-0.54305,-1.3773,119,0.16842,-1
成本,33,電気機器,1,3,H1,0.1501,0.1282,119,0.89799,-1
成本,33,電気機器,1,3,H2,-1.12151,-1.84398,117,0.06519,-1
成本,33,電気機器,1,6,H1,-0.46955,-0.34415,119,0.73074,-1
成本,33,電気機器,1,6,H2,-1.61601,-2.31487,114,0.02062,-1
成本,33,電気機器,3,1,H1,0.13771,0.59857,119,0.54946,-1
成本,33,電気機器,3,1,H2,-0.40119,-1.61666,119,0.10595,-1
成本,33,電気機器,3,3,H1,0.30234,0.59697,119,0.55053,-1
成本,33,電気機器,3,3,H2,-1.30507,-2.90377,117,0.00369,-1
成本,33,電気機器,3,6,H1,-0.03457,-0.04048,119,0.96771,-1
成本,33,電気機器,3,6,H2,-1.26246,-2.09047,114,0.03658,-1
成本,33,電気機器,6,1,H1,0.07679,0.51415,119,0.60715,-1
成本,33,電気機器,6,1,H2,-0.31369,-2.72389,119,0.00645,-1
成本,33,電気機器,6,3,H1,0.02511,0.06815,119,0.94566,-1
成本,33,電気機器,6,3,H2,-0.5965,-2.28511,117,0.02231,-1
成本,33,電気機器,6,6,H1,0.10139,0.16257,119,0.87085,-1
成本,33,電気機器,6,6,H2,-0.73489,-1.65319,114,0.09829,-1
成本,27,電気機器,1,1,H1,-0.00195,-0.02278,119,0.98183,-1
成本,27,電気機器,1,1,H2,-0.13406,-0.97977,119,0.3272,-1
成本,27,電気機器,1,3,H1,-0.27074,-1.25821,119,0.20831,-1
成本,27,電気機器,1,3,H2,0.20326,0.68456,117,0.49362,-1
成本,27,電気機器,1,6,H1,-0.84664,-2.5105,119,0.01206,-1
成本,27,電気機器,1,6,H2,0.37287,0.81615,114,0.41442,-1
成本,27,電気機器,3,1,H1,-0.05502,-1.2737,119,0.20277,-1
成本,27,電気機器,3,1,H2,0.05176,0.72023,119,0.47138,-1
成本,27,電気機器,3,3,H1,-0.2421,-2.95579,119,0.00312,-1
成本,27,電気機器,3,3,H2,0.16404,0.91238,117,0.36157,-1
成本,27,電気機器,3,6,H1,-0.45783,-3.45289,119,0.00055,-1
成本,27,電気機器,3,6,H2,0.1045,0.47304,114,0.63619,-1
成本,27,電気機器,6,1,H1,-0.05467,-2.44037,119,0.01467,-1
成本,27,電気機器,6,1,H2,0.0251,0.53436,119,0.5931,-1
成本,27,電気機器,6,3,H1,-0.16531,-2.99622,119,0.00273,-1
成本,27,電気機器,6,3,H2,0.0653,0.56949,117,0.56903,-1
成本,27,電気機器,6,6,H1,-0.22778,-2.48975,119,0.01278,-1
成本,27,電気機器,6,6,H2,-0.07503,-0.5022,114,0.61552,-1
成本,22,電気機器,1,1,H1,-0.55915,-0.7377,119,0.4607,-1
成本,22,電気機器,1,1,H2,-0.92668,-1.54314,119,0.1228,-1
成本,22,電気機器,1,3,H1,-0.99364,-0.5464,119,0.58479,-1
成本,22,電気機器,1,3,H2,-4.12498,-3.83618,117,0.00012,-1
成本,22,電気機器,1,6,H1,-0.57201,-0.23551,119,0.81381,-1
成本,22,電気機器,1,6,H2,-5.46734,-2.9785,114,0.0029,-1
成本,22,電気機器,3,1,H1,-0.04086,-0.15416,119,0.87748,-1
成本,22,電気機器,3,1,H2,-0.66395,-4.37968,119,1e-05,-1
成本,22,電気機器,3,3,H1,0.00739,0.01337,119,0.98933,-1
成本,22,電気機器,3,3,H2,-1.79202,-2.8714,117,0.00409,-1
成本,22,電気機器,3,6,H1,0.40014,0.44718,119,0.65474,-1
成本,22,電気機器,3,6,H2,-2.37977,-2.12532,114,0.03356,-1
成本,22,電気機器,6,1,H1,0.06307,0.5068,119,0.6123,-1
成本,22,電気機器,6,1,H2,-0.38462,-2.59578,119,0.00944,-1
成本,22,電気機器,6,3,H1,0.15834,0.51055,119,0.60966,-1
成本,22,電気機器,6,3,H2,-0.85063,-2.05395,117,0.03998,-1
成本,22,電気機器,6,6,H1,0.28212,0.52239,119,0.6014,-1
成本,22,電気機器,6,6,H2,-1.17393,-2.06384,114,0.03903,-1
成本,28,電気機器,1,1,H1,-0.07734,-0.14021,119,0.88849,-1
成本,28,電気機器,1,1,H2,-0.63067,-0.85632,119,0.39182,-1
成本,28,電気機器,1,3,H1,-0.94183,-0.78691,119,0.43134,-1
成本,28,電気機器,1,3,H2,-0.92524,-1.08807,117,0.27656,-1
成本,28,電気機器,1,6,H1,-3.07548,-1.18941,119,0.23428,-1
成本,28,電気機器,1,6,H2,-3.89913,-3.18937,114,0.00143,-1
成本,28,電気機器,3,1,H1,-0.18728,-0.70112,119,0.48323,-1
成本,28,電気機器,3,1,H2,-0.20712,-1.06625,119,0.28631,-1
成本,28,電気機器,3,3,H1,-1.18104,-1.38964,119,0.16464,-1
成本,28,電気機器,3,3,H2,-1.21535,-2.80439,117,0.00504,-1
成本,28,電気機器,3,6,H1,-1.77873,-1.15363,119,0.24865,-1
成本,28,電気機器,3,6,H2,-2.34713,-2.4022,114,0.0163,-1
成本,28,電気機器,6,1,H1,-0.17718,-0.92949,119,0.35264,-1
成本,28,電気機器,6,1,H2,-0.26328,-2.20805,119,0.02724,-1
成本,28,電気機器,6,3,H1,-0.64238,-1.12316,119,0.26137,-1
成本,28,電気機器,6,3,H2,-0.77911,-2.01839,117,0.04355,-1
成本,28,電気機器,6,6,H1,-0.52712,-0.67399,119,0.50032,-1
成本,28,電気機器,6,6,H2,-1.25583,-2.04953,114,0.04041,-1
成本,26,電気機器,1,1,H1,-0.2183,-1.25111,119,0.21089,-1
成本,26,電気機器,1,1,H2,-0.47088,-1.72918,119,0.08378,-1
成本,26,電気機器,1,3,H1,-0.7778,-1.54338,119,0.12274,-1
成本,26,電気機器,1,3,H2,-0.70281,-1.69039,117,0.09095,-1
成本,26,電気機器,1,6,H1,-1.30928,-1.47615,119,0.1399,-1
成本,26,電気機器,1,6,H2,-1.20516,-1.56295,114,0.11806,-1
成本,26,電気機器,3,1,H1,-0.10436,-1.50875,119,0.13136,-1
成本,26,電気機器,3,1,H2,-0.12883,-1.53085,119,0.12581,-1
成本,26,電気機器,3,3,H1,-0.34451,-1.66489,119,0.09593,-1
成本,26,電気機器,3,3,H2,-0.32404,-1.68377,117,0.09223,-1
成本,26,電気機器,3,6,H1,-0.46178,-1.3454,119,0.17849,-1
成本,26,電気機器,3,6,H2,-0.63089,-1.78517,114,0.07423,-1
成本,26,電気機器,6,1,H1,-0.0464,-1.08644,119,0.27728,-1
成本,26,電気機器,6,1,H2,-0.0663,-1.52781,119,0.12656,-1
成本,26,電気機器,6,3,H1,-0.13986,-1.11527,119,0.26474,-1
成本,26,電気機器,6,3,H2,-0.19627,-1.78493,117,0.07427,-1
成本,26,電気機器,6,6,H1,-0.11482,-0.70455,119,0.48109,-1
成本,26,電気機器,6,6,H2,-0.42475,-2.22701,114,0.02595,-1
成本,25,電気機器,1,1,H1,0.33019,0.53525,119,0.59248,-1
成本,25,電気機器,1,1,H2,-1.15259,-1.87357,119,0.06099,-1
成本,25,電気機器,1,3,H1,-0.39921,-0.21017,119,0.83354,-1
成本,25,電気機器,1,3,H2,-1.78324,-1.59559,117,0.11058,-1
成本,25,電気機器,1,6,H1,-3.09512,-0.91383,119,0.36081,-1
成本,25,電気機器,1,6,H2,-2.30738,-1.48673,114,0.13709,-1
成本,25,電気機器,3,1,H1,0.11972,0.35864,119,0.71987,-1
成本,25,電気機器,3,1,H2,-0.30953,-1.62574,119,0.104,-1
成本,25,電気機器,3,3,H1,-0.51231,-0.45076,119,0.65216,-1
成本,25,電気機器,3,3,H2,-0.79229,-1.64702,117,0.09955,-1
成本,25,電気機器,3,6,H1,-0.98099,-0.58789,119,0.55661,-1
成本,25,電気機器,3,6,H2,-0.70163,-1.12823,114,0.25922,-1
成本,25,電気機器,6,1,H1,-0.06649,-0.25403,119,0.79947,-1
成本,25,電気機器,6,1,H2,-0.12621,-1.46021,119,0.14423,-1
成本,25,電気機器,6,3,H1,-0.3507,-0.49112,119,0.62334,-1
成本,25,電気機器,6,3,H2,-0.24738,-1.28933,117,0.19729,-1
成本,25,電気機器,6,6,H1,0.25954,0.27009,119,0.78709,-1
成本,25,電気機器,6,6,H2,-0.15052,-0.3996,114,0.68945,-1
成本,46,電気機器,1,1,H1,-0.11468,-1.11543,119,0.26467,-1
成本,46,電気機器,1,1,H2,-0.12802,-0.87392,119,0.38216,-1
成本,46,電気機器,1,3,H1,-0.05964,-0.26734,119,0.78921,-1
成本,46,電気機器,1,3,H2,-0.36632,-1.34436,117,0.17883,-1
成本,46,電気機器,1,6,H1,-0.13989,-0.42935,119,0.66767,-1
成本,46,電気機器,1,6,H2,-0.01881,-0.06377,114,0.94915,-1
成本,46,電気機器,3,1,H1,-0.00156,-0.02955,119,0.97643,-1
成本,46,電気機器,3,1,H2,-0.08032,-1.25795,119,0.20841,-1
成本,46,電気機器,3,3,H1,0.00731,0.06093,119,0.95142,-1
成本,46,電気機器,3,3,H2,-0.04699,-0.45183,117,0.65139,-1
成本,46,電気機器,3,6,H1,-0.00856,-0.05005,119,0.96008,-1
成本,46,電気機器,3,6,H2,-0.10406,-0.67692,114,0.49846,-1
成本,46,電気機器,6,1,H1,-0.00071,-0.0194,119,0.98452,-1
成本,46,電気機器,6,1,H2,-0.01846,-0.58647,119,0.55756,-1
成本,46,電気機器,6,3,H1,-0.00214,-0.02169,119,0.98269,-1
成本,46,電気機器,6,3,H2,-0.05571,-0.8056,117,0.42047,-1
成本,46,電気機器,6,6,H1,0.07555,0.4884,119,0.62527,-1
成本,46,電気機器,6,6,H2,-0.11864,-1.28819,114,0.19768,-1
成本,20,電気機器,1,1,H1,-0.15305,-0.61985,119,0.53535,-1
成本,20,電気機器,1,1,H2,-0.14349,-0.35851,119,0.71996,-1
成本,20,電気機器,1,3,H1,-1.42615,-2.71982,119,0.00653,-1
成本,20,電気機器,1,3,H2,-0.85452,-1.65146,117,0.09864,-1
成本,20,電気機器,1,6,H1,-1.92515,-1.66365,119,0.09618,-1
成本,20,電気機器,1,6,H2,-2.04583,-2.70887,114,0.00675,-1
成本,20,電気機器,3,1,H1,-0.28435,-2.71729,119,0.00658,-1
成本,20,電気機器,3,1,H2,-0.16341,-1.66213,119,0.09649,-1
成本,20,電気機器,3,3,H1,-0.76507,-2.67492,119,0.00747,-1
成本,20,電気機器,3,3,H2,-0.50173,-2.56186,117,0.01041,-1
成本,20,電気機器,3,6,H1,-0.73504,-1.33007,119,0.1835,-1
成本,20,電気機器,3,6,H2,-1.16077,-3.29363,114,0.00099,-1
成本,20,電気機器,6,1,H1,-0.13295,-1.6682,119,0.09528,-1
成本,20,電気機器,6,1,H2,-0.16512,-3.5161,119,0.00044,-1
成本,20,電気機器,6,3,H1,-0.2617,-1.15858,119,0.24663,-1
成本,20,電気機器,6,3,H2,-0.47198,-3.66462,117,0.00025,-1
成本,20,電気機器,6,6,H1,-0.17343,-0.52248,119,0.60134,-1
成本,20,電気機器,6,6,H2,-0.88171,-3.89579,114,0.0001,-1
成本,27,非鉄金属,1,1,H1,-0.01907,-0.14404,119,0.88547,-1
成本,27,非鉄金属,1,1,H2,0.01495,0.07143,119,0.94305,-1
成本,27,非鉄金属,1,3,H1,-0.28448,-0.93194,119,0.35137,-1
成本,27,非鉄金属,1,3,H2,0.44036,0.92048,117,0.35732,-1
成本,27,非鉄金属,1,6,H1,-0.80177,-1.37566,119,0.16893,-1
成本,27,非鉄金属,1,6,H2,0.4365,0.77517,114,0.43824,-1
成本,27,非鉄金属,3,1,H1,-0.06332,-0.96995,119,0.33207,-1
成本,27,非鉄金属,3,1,H2,0.07969,0.89461,119,0.371,-1
成本,27,非鉄金属,3,3,H1,-0.22084,-1.4491,119,0.14731,-1
成本,27,非鉄金属,3,3,H2,0.09594,0.43494,117,0.6636,-1
成本,27,非鉄金属,3,6,H1,-0.43568,-1.69848,119,0.08942,-1
成本,27,非鉄金属,3,6,H2,0.16877,0.75809,114,0.4484,-1
成本,27,非鉄金属,6,1,H1,-0.05722,-1.38951,119,0.16468,-1
成本,27,非鉄金属,6,1,H2,0.00915,0.18123,119,0.85619,-1
成本,27,非鉄金属,6,3,H1,-0.14882,-1.34266,119,0.17938,-1
成本,27,非鉄金属,6,3,H2,0.03946,0.35396,117,0.72337,-1
成本,27,非鉄金属,6,6,H1,-0.15368,-0.8352,119,0.4036,-1
成本,27,非鉄金属,6,6,H2,0.0812,0.48694,114,0.6263,-1
成本,06,非鉄金属,1,1,H1,-0.02173,-0.43923,119,0.6605,-1
成本,06,非鉄金属,1,1,H2,-0.06748,-1.01644,119,0.30942,-1
成本,06,非鉄金属,1,3,H1,-0.30437,-2.9675,119,0.003,-1
成本,06,非鉄金属,1,3,H2,-0.13607,-0.92581,117,0.35454,-1
成本,06,非鉄金属,1,6,H1,-0.59478,-3.19222,119,0.00141,-1
成本,06,非鉄金属,1,6,H2,-0.07712,-0.38099,114,0.70321,-1
成本,06,非鉄金属,3,1,H1,-0.05587,-2.42929,119,0.01513,-1
成本,06,非鉄金属,3,1,H2,-0.0209,-0.6933,119,0.48812,-1
成本,06,非鉄金属,3,3,H1,-0.19134,-4.21109,119,3e-05,-1
成本,06,非鉄金属,3,3,H2,-0.04773,-0.58465,117,0.55878,-1
成本,06,非鉄金属,3,6,H1,-0.2526,-3.2584,119,0.00112,-1
成本,06,非鉄金属,3,6,H2,-0.06942,-0.64445,114,0.51928,-1
成本,06,非鉄金属,6,1,H1,-0.04396,-3.74955,119,0.00018,-1
成本,06,非鉄金属,6,1,H2,-0.01042,-0.61224,119,0.54038,-1
成本,06,非鉄金属,6,3,H1,-0.10771,-2.65633,119,0.0079,-1
成本,06,非鉄金属,6,3,H2,-0.03556,-0.79193,117,0.4284,-1
成本,06,非鉄金属,6,6,H1,-0.11428,-1.73572,119,0.08261,-1
成本,06,非鉄金属,6,6,H2,-0.11271,-1.37045,114,0.17055,-1
成本,39,非鉄金属,1,1,H1,-2.83067,-1.93234,119,0.05332,-1
成本,39,非鉄金属,1,1,H2,2.0146,1.49481,119,0.13496,-1
成本,39,非鉄金属,1,3,H1,-3.94479,-1.35511,119,0.17538,-1
成本,39,非鉄金属,1,3,H2,1.03601,0.45984,117,0.64563,-1
成本,39,非鉄金属,1,6,H1,-4.16914,-1.17441,119,0.24023,-1
成本,39,非鉄金属,1,6,H2,2.01714,0.61955,114,0.53555,-1
成本,39,非鉄金属,3,1,H1,-0.17612,-0.32243,119,0.74713,-1
成本,39,非鉄金属,3,1,H2,0.08363,0.1741,119,0.86179,-1
成本,39,非鉄金属,3,3,H1,-1.64659,-1.29995,119,0.19362,-1
成本,39,非鉄金属,3,3,H2,-0.43184,-0.40533,117,0.68523,-1
成本,39,非鉄金属,3,6,H1,-2.4661,-1.87695,119,0.06053,-1
成本,39,非鉄金属,3,6,H2,0.80325,0.4287,114,0.66814,-1
成本,39,非鉄金属,6,1,H1,-0.3184,-1.03309,119,0.30156,-1
成本,39,非鉄金属,6,1,H2,0.07964,0.33928,119,0.7344,-1
成本,39,非鉄金属,6,3,H1,-1.15812,-1.56209,119,0.11827,-1
成本,39,非鉄金属,6,3,H2,0.23896,0.39658,117,0.69168,-1
成本,39,非鉄金属,6,6,H1,-1.6184,-1.2807,119,0.2003,-1
成本,39,非鉄金属,6,6,H2,1.36671,0.95371,114,0.34023,-1
成本,46,非鉄金属,1,1,H1,-0.00734,-0.03752,119,0.97007,-1
成本,46,非鉄金属,1,1,H2,-0.31628,-1.8651,119,0.06217,-1
成本,46,非鉄金属,1,3,H1,-0.09001,-0.26304,119,0.79252,-1
成本,46,非鉄金属,1,3,H2,-0.43307,-1.79353,117,0.07289,-1
成本,46,非鉄金属,1,6,H1,-0.40359,-0.77936,119,0.43577,-1
成本,46,非鉄金属,1,6,H2,-0.43103,-1.03994,114,0.29837,-1
成本,46,非鉄金属,3,1,H1,0.01601,0.18682,119,0.8518,-1
成本,46,非鉄金属,3,1,H2,-0.08469,-1.59828,119,0.10998,-1
成本,46,非鉄金属,3,3,H1,-0.05408,-0.2703,119,0.78693,-1
成本,46,非鉄金属,3,3,H2,-0.13534,-1.23251,117,0.21776,-1
成本,46,非鉄金属,3,6,H1,-0.3634,-1.468,119,0.1421,-1
成本,46,非鉄金属,3,6,H2,-0.22016,-1.17627,114,0.23949,-1
成本,46,非鉄金属,6,1,H1,-0.01369,-0.257,119,0.79718,-1
成本,46,非鉄金属,6,1,H2,-0.03422,-1.22251,119,0.22152,-1
成本,46,非鉄金属,6,3,H1,-0.16761,-1.29438,119,0.19553,-1
成本,46,非鉄金属,6,3,H2,-0.07003,-1.17078,117,0.24169,-1
成本,46,非鉄金属,6,6,H1,-0.39175,-2.35438,119,0.01855,-1
成本,46,非鉄金属,6,6,H2,-0.13207,-1.41409,114,0.15734,-1
成本,11,食料品,1,1,H1,0.61728,0.66505,119,0.50602,-1
成本,11,食料品,1,1,H2,1.09421,1.14713,119,0.25133,-1
成本,11,食料品,1,3,H1,3.55485,1.24289,119,0.21391,-1
成本,11,食料品,1,3,H2,-0.06534,-0.04994,117,0.96017,-1
成本,11,食料品,1,6,H1,6.92729,1.494,119,0.13518,-1
成本,11,食料品,1,6,H2,-0.02989,-0.01709,114,0.98636,-1
成本,11,食料品,3,1,H1,0.74995,1.41406,119,0.15734,-1
成本,11,食料品,3,1,H2,0.02845,0.08283,119,0.93399,-1
成本,11,食料品,3,3,H1,2.49199,1.77507,119,0.07589,-1
成本,11,食料品,3,3,H2,-0.01151,-0.01782,117,0.98578,-1
成本,11,食料品,3,6,H1,4.36132,2.02897,119,0.04246,-1
成本,11,食料品,3,6,H2,-0.12268,-0.11306,114,0.90998,-1
成本,11,食料品,6,1,H1,0.51132,1.80702,119,0.07076,-1
成本,11,食料品,6,1,H2,0.07675,0.49359,119,0.6216,-1
成本,11,食料品,6,3,H1,1.56217,2.0779,119,0.03772,-1
成本,11,食料品,6,3,H2,0.05266,0.14893,117,0.88161,-1
成本,11,食料品,6,6,H1,2.55696,1.93881,119,0.05252,-1
成本,11,食料品,6,6,H2,0.10894,0.18539,114,0.85292,-1
成本,01,食料品,1,1,H1,0.06232,0.32671,119,0.74389,-1
成本,01,食料品,1,1,H2,-0.12817,-0.87201,119,0.3832,-1
成本,01,食料品,1,3,H1,0.5076,1.95246,119,0.05088,-1
成本,01,食料品,1,3,H2,-0.31263,-1.7001,117,0.08911,-1
成本,01,食料品,1,6,H1,0.84643,1.85696,119,0.06332,-1
成本,01,食料品,1,6,H2,-0.21742,-1.03414,114,0.30107,-1
成本,01,食料品,3,1,H1,0.34441,1.95903,119,0.05011,-1
成本,01,食料品,3,1,H2,-0.04696,-1.10104,119,0.27088,-1
成本,01,食料品,3,3,H1,1.07236,2.31335,119,0.0207,-1
成本,01,食料品,3,3,H2,-0.05217,-0.71806,117,0.47272,-1
成本,01,食料品,3,6,H1,1.69094,2.12472,119,0.03361,-1
成本,01,食料品,3,6,H2,-0.18108,-1.57122,114,0.11613,-1
成本,01,食料品,6,1,H1,0.37401,2.01614,119,0.04379,-1
成本,01,食料品,6,1,H2,-0.0038,-0.17346,119,0.86229,-1
成本,01,食料品,6,3,H1,1.1204,2.43426,119,0.01492,-1
成本,01,食料品,6,3,H2,-0.06594,-1.25884,117,0.20809,-1
成本,01,食料品,6,6,H1,0.84501,1.08981,119,0.2758,-1
成本,01,食料品,6,6,H2,-0.18681,-2.24807,114,0.02457,-1
成本,22,食料品,1,1,H1,0.93483,0.88384,119,0.37678,-1
成本,22,食料品,1,1,H2,0.62276,1.32282,119,0.1859,-1
成本,22,食料品,1,3,H1,3.90657,1.49007,119,0.13621,-1
成本,22,食料品,1,3,H2,1.97579,2.11416,117,0.0345,-1
成本,22,食料品,1,6,H1,3.91228,0.96923,119,0.33243,-1
成本,22,食料品,1,6,H2,2.78497,2.13156,114,0.03304,-1
成本,22,食料品,3,1,H1,0.45308,1.12211,119,0.26182,-1
成本,22,食料品,3,1,H2,0.31767,1.93891,119,0.05251,-1
成本,22,食料品,3,3,H1,1.04368,1.09941,119,0.27159,-1
成本,22,食料品,3,3,H2,1.15137,2.0184,117,0.04355,-1
成本,22,食料品,3,6,H1,0.86665,0.53687,119,0.59136,-1
成本,22,食料品,3,6,H2,1.33537,1.68679,114,0.09164,-1
成本,22,食料品,6,1,H1,0.1245,0.64672,119,0.51781,-1
成本,22,食料品,6,1,H2,0.20084,1.89588,119,0.05798,-1
成本,22,食料品,6,3,H1,0.22803,0.38274,119,0.70191,-1
成本,22,食料品,6,3,H2,0.50047,1.78351,117,0.0745,-1
成本,22,食料品,6,6,H1,0.4711,0.42499,119,0.67084,-1
成本,22,食料品,6,6,H2,0.65443,1.74488,114,0.08101,-1
成本,16,食料品,1,1,H1,1.24653,1.85238,119,0.06397,-1
成本,16,食料品,1,1,H2,0.26733,0.44208,119,0.65843,-1
成本,16,食料品,1,3,H1,3.32069,1.63169,119,0.10274,-1
成本,16,食料品,1,3,H2,0.71469,0.96058,117,0.33676,-1
成本,16,食料品,1,6,H1,3.17473,0.97034,119,0.33188,-1
成本,16,食料品,1,6,H2,1.27903,1.33182,114,0.18292,-1
成本,16,食料品,3,1,H1,0.50857,1.53592,119,0.12456,-1
成本,16,食料品,3,1,H2,0.15792,0.85703,119,0.39143,-1
成本,16,食料品,3,3,H1,0.82489,0.78164,119,0.43443,-1
成本,16,食料品,3,3,H2,0.69069,2.17577,117,0.02957,-1
成本,16,食料品,3,6,H1,0.94086,0.49881,119,0.61791,-1
成本,16,食料品,3,6,H2,0.76775,1.65025,114,0.09889,-1
成本,16,食料品,6,1,H1,0.09246,0.40313,119,0.68685,-1
成本,16,食料品,6,1,H2,0.10279,1.30153,119,0.19308,-1
成本,16,食料品,6,3,H1,0.2835,0.3922,119,0.69491,-1
成本,16,食料品,6,3,H2,0.29382,1.82543,117,0.06794,-1
成本,16,食料品,6,6,H1,0.73041,0.54645,119,0.58476,-1
成本,16,食料品,6,6,H2,0.33449,1.20814,114,0.227,-1
成本,46,食料品,1,1,H1,0.10081,0.65219,119,0.51428,-1
成本,46,食料品,1,1,H2,0.02253,0.18474,119,0.85344,-1
成本,46,食料品,1,3,H1,-0.19774,-0.59026,119,0.55501,-1
成本,46,食料品,1,3,H2,0.25666,1.25038,117,0.21116,-1
成本,46,食料品,1,6,H1,-0.26416,-0.53008,119,0.59605,-1
成本,46,食料品,1,6,H2,0.04042,0.15564,114,0.87632,-1
成本,46,食料品,3,1,H1,-0.06772,-0.88864,119,0.3742,-1
成本,46,食料品,3,1,H2,0.04596,1.02269,119,0.30646,-1
成本,46,食料品,3,3,H1,-0.21347,-1.1929,119,0.23291,-1
成本,46,食料品,3,3,H2,0.10884,1.05305,117,0.29232,-1
成本,46,食料品,3,6,H1,-0.22556,-0.98385,119,0.32519,-1
成本,46,食料品,3,6,H2,0.0872,0.85489,114,0.39261,-1
成本,46,食料品,6,1,H1,-0.04888,-0.85787,119,0.39097,-1
成本,46,食料品,6,1,H2,0.01261,0.47349,119,0.63586,-1
成本,46,食料品,6,3,H1,-0.13425,-0.95265,119,0.34076,-1
成本,46,食料品,6,3,H2,0.04254,0.85493,117,0.39259,-1
成本,46,食料品,6,6,H1,-0.14447,-0.72246,119,0.47001,-1
成本,46,食料品,6,6,H2,0.08639,1.8877,114,0.05907,-1
成本,28,食料品,1,1,H1,1.09508,1.48331,119,0.13799,-1
成本,28,食料品,1,1,H2,-0.01602,-0.02796,119,0.9777,-1
成本,28,食料品,1,3,H1,3.99601,1.80315,119,0.07136,-1
成本,28,食料品,1,3,H2,0.37857,0.49139,117,0.62315,-1
成本,28,食料品,1,6,H1,7.56182,1.91156,119,0.05593,-1
成本,28,食料品,1,6,H2,1.86699,1.8018,114,0.07158,-1
成本,28,食料品,3,1,H1,0.84749,1.90107,119,0.05729,-1
成本,28,食料品,3,1,H2,0.13206,0.74657,119,0.45533,-1
成本,28,食料品,3,3,H1,3.00263,2.21601,119,0.02669,-1
成本,28,食料品,3,3,H2,0.92014,1.9392,117,0.05248,-1
成本,28,食料品,3,6,H1,4.40276,2.34091,119,0.01924,-1
成本,28,食料品,3,6,H2,1.12335,1.82499,114,0.068,-1
成本,28,食料品,6,1,H1,0.59333,2.15086,119,0.03149,-1
成本,28,食料品,6,1,H2,0.12865,1.28358,119,0.19929,-1
成本,28,食料品,6,3,H1,1.60705,2.28658,119,0.02222,-1
成本,28,食料品,6,3,H2,0.39494,1.75449,117,0.07935,-1
成本,28,食料品,6,6,H1,2.01159,2.34095,119,0.01923,-1
成本,28,食料品,6,6,H2,0.54334,1.81982,114,0.06879,-1
成本,32,半導体（日経225 半导体组）,1,1,H1,0.26039,0.18544,119,0.85288,-1
成本,32,半導体（日経225 半导体组）,1,1,H2,1.45179,0.71633,119,0.47379,-1
成本,32,半導体（日経225 半导体组）,1,3,H1,-1.54057,-0.64916,119,0.51624,-1
成本,32,半導体（日経225 半导体组）,1,3,H2,1.92684,0.50933,117,0.61052,-1
成本,32,半導体（日経225 半导体组）,1,6,H1,0.88241,0.28262,119,0.77747,-1
成本,32,半導体（日経225 半导体组）,1,6,H2,4.26542,0.69177,114,0.48908,-1
成本,32,半導体（日経225 半导体组）,3,1,H1,-0.35307,-0.47764,119,0.63291,-1
成本,32,半導体（日経225 半导体组）,3,1,H2,1.10634,0.7943,119,0.42702,-1
成本,32,半導体（日経225 半导体组）,3,3,H1,0.16282,0.08103,119,0.93542,-1
成本,32,半導体（日経225 半导体组）,3,3,H2,0.9133,0.31604,117,0.75198,-1
成本,32,半導体（日経225 半导体组）,3,6,H1,2.47418,0.79891,119,0.42434,-1
成本,32,半導体（日経225 半导体组）,3,6,H2,3.66301,0.66995,114,0.50289,-1
成本,32,半導体（日経225 半导体组）,6,1,H1,0.23765,0.4555,119,0.64875,-1
成本,32,半導体（日経225 半导体组）,6,1,H2,0.49438,0.52725,119,0.59802,-1
成本,32,半導体（日経225 半导体组）,6,3,H1,1.0799,0.7549,119,0.45031,-1
成本,32,半導体（日経225 半导体组）,6,3,H2,1.07675,0.45084,117,0.6521,-1
成本,32,半導体（日経225 半导体组）,6,6,H1,2.91607,1.28621,119,0.19837,-1
成本,32,半導体（日経225 半导体组）,6,6,H2,2.04764,0.50738,114,0.61189,-1
成本,27,半導体（日経225 半导体组）,1,1,H1,-0.1093,-0.5604,119,0.5752,-1
成本,27,半導体（日経225 半导体组）,1,1,H2,-0.47173,-1.35863,119,0.17426,-1
成本,27,半導体（日経225 半导体组）,1,3,H1,-0.68302,-1.57468,119,0.11533,-1
成本,27,半導体（日経225 半导体组）,1,3,H2,0.08787,0.11483,117,0.90858,-1
成本,27,半導体（日経225 半导体组）,1,6,H1,-1.75446,-3.15892,119,0.00158,-1
成本,27,半導体（日経225 半导体组）,1,6,H2,-0.15585,-0.12344,114,0.90176,-1
成本,27,半導体（日経225 半导体组）,3,1,H1,-0.1272,-1.70246,119,0.08867,-1
成本,27,半導体（日経225 半导体组）,3,1,H2,0.0312,0.17621,119,0.86013,-1
成本,27,半導体（日経225 半导体组）,3,3,H1,-0.50656,-3.41406,119,0.00064,-1
成本,27,半導体（日経225 半导体组）,3,3,H2,0.10923,0.2353,117,0.81398,-1
成本,27,半導体（日経225 半导体组）,3,6,H1,-1.02026,-4.84125,119,0.0,-1
成本,27,半導体（日経225 半导体组）,3,6,H2,-0.27817,-0.47231,114,0.6367,-1
成本,27,半導体（日経225 半导体组）,6,1,H1,-0.11428,-2.95078,119,0.00317,-1
成本,27,半導体（日経225 半导体组）,6,1,H2,-0.00259,-0.01939,119,0.98453,-1
成本,27,半導体（日経225 半导体组）,6,3,H1,-0.39073,-3.91985,119,9e-05,-1
成本,27,半導体（日経225 半导体组）,6,3,H2,-0.05498,-0.17829,117,0.8585,-1
成本,27,半導体（日経225 半导体组）,6,6,H1,-0.65644,-4.36799,119,1e-05,-1
成本,27,半導体（日経225 半导体组）,6,6,H2,-0.56706,-1.41798,114,0.1562,-1
成本,25,半導体（日経225 半导体组）,1,1,H1,0.08384,0.05821,119,0.95358,-1
成本,25,半導体（日経225 半导体组）,1,1,H2,-1.13492,-0.70374,119,0.48159,-1
成本,25,半導体（日経225 半导体组）,1,3,H1,0.21936,0.05922,119,0.95277,-1
成本,25,半導体（日経225 半导体组）,1,3,H2,0.17744,0.06402,117,0.94895,-1
成本,25,半導体（日経225 半导体组）,1,6,H1,-2.84958,-0.40119,119,0.68828,-1
成本,25,半導体（日経225 半导体组）,1,6,H2,4.00048,1.09058,114,0.27546,-1
成本,25,半導体（日経225 半导体组）,3,1,H1,0.25705,0.36027,119,0.71864,-1
成本,25,半導体（日経225 半导体组）,3,1,H2,-0.05476,-0.11636,119,0.90737,-1
成本,25,半導体（日経225 半导体组）,3,3,H1,0.57905,0.24372,119,0.80745,-1
成本,25,半導体（日経225 半导体组）,3,3,H2,0.11376,0.10437,117,0.91687,-1
成本,25,半導体（日経225 半导体组）,3,6,H1,0.82642,0.2101,119,0.83359,-1
成本,25,半導体（日経225 半导体组）,3,6,H2,2.58318,1.81354,114,0.06975,-1
成本,25,半導体（日経225 半导体组）,6,1,H1,0.1391,0.22543,119,0.82164,-1
成本,25,半導体（日経225 半导体组）,6,1,H2,0.11036,0.53952,119,0.58953,-1
成本,25,半導体（日経225 半导体组）,6,3,H1,0.6848,0.42496,119,0.67087,-1
成本,25,半導体（日経225 半导体组）,6,3,H2,0.64837,1.45802,117,0.14484,-1
成本,25,半導体（日経225 半导体组）,6,6,H1,2.06776,0.96479,119,0.33465,-1
成本,25,半導体（日経225 半导体组）,6,6,H2,1.8919,2.2834,114,0.02241,-1
成本,46,半導体（日経225 半导体组）,1,1,H1,-0.45999,-2.05132,119,0.04024,-1
成本,46,半導体（日経225 半导体组）,1,1,H2,-0.29102,-0.82356,119,0.41019,-1
成本,46,半導体（日経225 半导体组）,1,3,H1,-0.68833,-1.4224,119,0.15491,-1
成本,46,半導体（日経225 半导体组）,1,3,H2,-1.3595,-2.19642,117,0.02806,-1
成本,46,半導体（日経225 半导体组）,1,6,H1,-0.63845,-0.94094,119,0.34674,-1
成本,46,半導体（日経225 半导体组）,1,6,H2,-0.72521,-0.90228,114,0.36691,-1
成本,46,半導体（日経225 半导体组）,3,1,H1,-0.15466,-1.19018,119,0.23397,-1
成本,46,半導体（日経225 半导体组）,3,1,H2,-0.28316,-1.94155,119,0.05219,-1
成本,46,半導体（日経225 半导体组）,3,3,H1,-0.25017,-1.01534,119,0.30994,-1
成本,46,半導体（日経225 半导体组）,3,3,H2,-0.3937,-1.54814,117,0.12159,-1
成本,46,半導体（日経225 半导体组）,3,6,H1,-0.04062,-0.10347,119,0.91759,-1
成本,46,半導体（日経225 半导体组）,3,6,H2,-0.44089,-1.04403,114,0.29647,-1
成本,46,半導体（日経225 半导体组）,6,1,H1,-0.05841,-0.70092,119,0.48335,-1
成本,46,半導体（日経225 半导体组）,6,1,H2,-0.08226,-1.1526,119,0.24907,-1
成本,46,半導体（日経225 半导体组）,6,3,H1,-0.00462,-0.02248,119,0.98206,-1
成本,46,半導体（日経225 半导体组）,6,3,H2,-0.19579,-1.0995,117,0.27155,-1
成本,46,半導体（日経225 半导体组）,6,6,H1,0.11978,0.33883,119,0.73474,-1
成本,46,半導体（日経225 半导体组）,6,6,H2,-0.20695,-0.85752,114,0.39116,-1
成本,28,半導体（日経225 半导体组）,1,1,H1,-1.61069,-1.41398,119,0.15737,-1
成本,28,半導体（日経225 半导体组）,1,1,H2,-1.67169,-1.01357,119,0.31079,-1
成本,28,半導体（日経225 半导体组）,1,3,H1,-4.12733,-1.87534,119,0.06075,-1
成本,28,半導体（日経225 半导体组）,1,3,H2,-0.86262,-0.44046,117,0.6596,-1
成本,28,半導体（日経225 半导体组）,1,6,H1,-7.55856,-1.57734,119,0.11472,-1
成本,28,半導体（日経225 半导体组）,1,6,H2,-5.03084,-1.30818,114,0.19081,-1
成本,28,半導体（日経225 半导体组）,3,1,H1,-0.83397,-1.62106,119,0.10501,-1
成本,28,半導体（日経225 半导体组）,3,1,H2,-0.11942,-0.24315,119,0.80789,-1
成本,28,半導体（日経225 半导体组）,3,3,H1,-2.61783,-1.52121,119,0.12821,-1
成本,28,半導体（日経225 半导体组）,3,3,H2,-1.75915,-1.32187,117,0.18621,-1
成本,28,半導体（日経225 半导体组）,3,6,H1,-2.81519,-0.82853,119,0.40737,-1
成本,28,半導体（日経225 半导体组）,3,6,H2,-2.56424,-0.87885,114,0.37948,-1
成本,28,半導体（日経225 半导体组）,6,1,H1,-0.47765,-1.1826,119,0.23697,-1
成本,28,半導体（日経225 半导体组）,6,1,H2,-0.34463,-1.07012,119,0.28456,-1
成本,28,半導体（日経225 半导体组）,6,3,H1,-0.9358,-0.78539,119,0.43222,-1
成本,28,半導体（日経225 半导体组）,6,3,H2,-0.87295,-0.85073,117,0.39492,-1
成本,28,半導体（日経225 半导体组）,6,6,H1,-0.22974,-0.11182,119,0.91097,-1
成本,28,半導体（日経225 半导体组）,6,6,H2,-0.95452,-0.55619,114,0.57808,-1
成本,22,半導体（日経225 半导体组）,1,1,H1,-2.40459,-1.39994,119,0.16153,-1
成本,22,半導体（日経225 半导体组）,1,1,H2,-1.6879,-0.82293,119,0.41055,-1
成本,22,半導体（日経225 半导体组）,1,3,H1,-3.19562,-0.88274,119,0.37738,-1
成本,22,半導体（日経225 半导体组）,1,3,H2,-9.18535,-2.97192,117,0.00296,-1
成本,22,半導体（日経225 半导体组）,1,6,H1,-4.70712,-0.80721,119,0.41955,-1
成本,22,半導体（日経225 半导体组）,1,6,H2,-9.8847,-1.73555,114,0.08264,-1
成本,22,半導体（日経225 半导体组）,3,1,H1,-0.25943,-0.45282,119,0.65068,-1
成本,22,半導体（日経225 半导体组）,3,1,H2,-1.34394,-3.34203,119,0.00083,-1
成本,22,半導体（日経225 半导体组）,3,3,H1,0.15829,0.10276,119,0.91815,-1
成本,22,半導体（日経225 半导体组）,3,3,H2,-3.57906,-2.05828,117,0.03956,-1
成本,22,半導体（日経225 半导体组）,3,6,H1,0.77498,0.27246,119,0.78527,-1
成本,22,半導体（日経225 半导体组）,3,6,H2,-3.17428,-0.98628,114,0.324,-1
成本,22,半導体（日経225 半导体组）,6,1,H1,0.00386,0.01048,119,0.99164,-1
成本,22,半導体（日経225 半导体组）,6,1,H2,-0.70646,-1.87696,119,0.06052,-1
成本,22,半導体（日経225 半导体组）,6,3,H1,0.39341,0.39563,119,0.69238,-1
成本,22,半導体（日経225 半导体组）,6,3,H2,-1.24796,-1.09966,117,0.27148,-1
成本,22,半導体（日経225 半导体组）,6,6,H1,0.77302,0.44453,119,0.65666,-1
成本,22,半導体（日経225 半导体组）,6,6,H2,-0.85963,-0.53592,114,0.59201,-1
成本,20,半導体（日経225 半导体组）,1,1,H1,-0.68886,-1.69238,119,0.09057,-1
成本,20,半導体（日経225 半导体组）,1,1,H2,-0.83222,-0.78089,119,0.43487,-1
成本,20,半導体（日経225 半导体组）,1,3,H1,-3.52747,-3.1845,119,0.00145,-1
成本,20,半導体（日経225 半导体组）,1,3,H2,-2.4204,-1.98155,117,0.04753,-1
成本,20,半導体（日経225 半导体组）,1,6,H1,-4.49991,-1.92828,119,0.05382,-1
成本,20,半導体（日経225 半导体组）,1,6,H2,-6.9796,-4.61649,114,0.0,-1
成本,20,半導体（日経225 半导体组）,3,1,H1,-0.71297,-3.00385,119,0.00267,-1
成本,20,半導体（日経225 半导体组）,3,1,H2,-0.28021,-0.96321,119,0.33544,-1
成本,20,半導体（日経225 半导体组）,3,3,H1,-1.64605,-2.8688,119,0.00412,-1
成本,20,半導体（日経225 半导体组）,3,3,H2,-1.15294,-1.98324,117,0.04734,-1
成本,20,半導体（日経225 半导体组）,3,6,H1,-1.9457,-1.78321,119,0.07455,-1
成本,20,半導体（日経225 半导体组）,3,6,H2,-3.44748,-5.76765,114,0.0,-1
成本,20,半導体（日経225 半导体组）,6,1,H1,-0.31232,-1.93959,119,0.05243,-1
成本,20,半導体（日経225 半导体组）,6,1,H2,-0.40882,-3.11294,119,0.00185,-1
成本,20,半導体（日経225 半导体组）,6,3,H1,-0.68981,-1.6678,119,0.09536,-1
成本,20,半導体（日経225 半导体组）,6,3,H2,-1.32766,-4.60182,117,0.0,-1
成本,20,半導体（日経225 半导体组）,6,6,H1,-1.01292,-1.5195,119,0.12864,-1
成本,20,半導体（日経225 半导体组）,6,6,H2,-2.6189,-4.3481,114,1e-05,-1
上游股价,パルプ・紙,その他製品,1,1,H1,-0.02049,-0.64989,119,0.51576,1
上游股价,パルプ・紙,その他製品,1,1,H2,-0.06111,-1.52539,119,0.12716,1
上游股价,パルプ・紙,その他製品,1,3,H1,0.06011,1.27822,119,0.20117,1
上游股价,パルプ・紙,その他製品,1,3,H2,-0.03641,-0.55,117,0.58232,1
上游股价,パルプ・紙,その他製品,1,6,H1,-0.00767,-0.11341,119,0.9097,1
上游股价,パルプ・紙,その他製品,1,6,H2,0.01651,0.17632,114,0.86004,1
上游股价,パルプ・紙,その他製品,3,1,H1,0.01958,0.99738,119,0.31858,1
上游股价,パルプ・紙,その他製品,3,1,H2,-0.01112,-0.45094,119,0.65204,1
上游股价,パルプ・紙,その他製品,3,3,H1,0.02459,0.50855,119,0.61106,1
上游股价,パルプ・紙,その他製品,3,3,H2,0.01047,0.15695,117,0.87529,1
上游股价,パルプ・紙,その他製品,3,6,H1,-0.01814,-0.2777,119,0.78124,1
上游股价,パルプ・紙,その他製品,3,6,H2,0.06657,0.68812,114,0.49138,1
上游股价,パルプ・紙,その他製品,6,1,H1,-0.00242,-0.21104,119,0.83285,1
上游股价,パルプ・紙,その他製品,6,1,H2,0.00028,0.01363,119,0.98913,1
上游股价,パルプ・紙,その他製品,6,3,H1,-0.01351,-0.44541,119,0.65602,1
上游股价,パルプ・紙,その他製品,6,3,H2,0.02935,0.5295,117,0.59646,1
上游股价,パルプ・紙,その他製品,6,6,H1,-0.02864,-0.57943,119,0.5623,1
上游股价,パルプ・紙,その他製品,6,6,H2,0.03141,0.43403,114,0.66427,1
上游股价,ゴム製品,その他製品,1,1,H1,-0.00857,-0.26538,119,0.79072,1
上游股价,ゴム製品,その他製品,1,1,H2,0.03255,0.79806,119,0.42484,1
上游股价,ゴム製品,その他製品,1,3,H1,-0.09735,-1.58379,119,0.11324,1
上游股价,ゴム製品,その他製品,1,3,H2,0.09037,1.29301,117,0.19601,1
上游股价,ゴム製品,その他製品,1,6,H1,-0.09297,-1.33916,119,0.18052,1
上游股价,ゴム製品,その他製品,1,6,H2,0.07878,0.79116,114,0.42885,1
上游股价,ゴム製品,その他製品,3,1,H1,-0.03325,-2.03696,119,0.04165,1
上游股价,ゴム製品,その他製品,3,1,H2,0.02513,1.0228,119,0.3064,1
上游股价,ゴム製品,その他製品,3,3,H1,-0.05983,-1.34241,119,0.17946,1
上游股价,ゴム製品,その他製品,3,3,H2,0.00442,0.06791,117,0.94586,1
上游股价,ゴム製品,その他製品,3,6,H1,-0.07972,-1.30878,119,0.19061,1
上游股价,ゴム製品,その他製品,3,6,H2,0.00972,0.10738,114,0.91449,1
上游股价,ゴム製品,その他製品,6,1,H1,-0.0252,-1.78756,119,0.07385,1
上游股价,ゴム製品,その他製品,6,1,H2,0.0037,0.23317,119,0.81563,1
上游股价,ゴム製品,その他製品,6,3,H1,-0.05395,-1.46577,119,0.14271,1
上游股价,ゴム製品,その他製品,6,3,H2,-0.0011,-0.02656,117,0.97881,1
上游股价,ゴム製品,その他製品,6,6,H1,-0.08316,-1.45853,119,0.14469,1
上游股价,ゴム製品,その他製品,6,6,H2,-0.01084,-0.15468,114,0.87707,1
上游股价,サービス業,その他製品,1,1,H1,0.02906,0.39072,119,0.69601,1
上游股价,サービス業,その他製品,1,1,H2,0.03562,0.59207,119,0.5538,1
上游股价,サービス業,その他製品,1,3,H1,0.05452,0.47962,119,0.6315,1
上游股价,サービス業,その他製品,1,3,H2,0.04679,0.46615,117,0.64111,1
上游股价,サービス業,その他製品,1,6,H1,-0.14875,-0.95554,119,0.33931,1
上游股价,サービス業,その他製品,1,6,H2,0.07175,0.44962,114,0.65299,1
上游股价,サービス業,その他製品,3,1,H1,0.01476,0.42751,119,0.66901,1
上游股价,サービス業,その他製品,3,1,H2,0.02196,0.67777,119,0.49792,1
上游股价,サービス業,その他製品,3,3,H1,0.03816,0.60105,119,0.5478,1
上游股价,サービス業,その他製品,3,3,H2,0.01596,0.23356,117,0.81532,1
上游股价,サービス業,その他製品,3,6,H1,-0.1604,-1.07284,119,0.28334,1
上游股价,サービス業,その他製品,3,6,H2,0.06641,0.60234,114,0.54695,1
上游股价,サービス業,その他製品,6,1,H1,-0.01786,-0.70501,119,0.48081,1
上游股价,サービス業,その他製品,6,1,H2,0.00992,0.51262,119,0.60822,1
上游股价,サービス業,その他製品,6,3,H1,-0.06684,-0.8852,119,0.37605,1
上游股价,サービス業,その他製品,6,3,H2,0.0161,0.31942,117,0.74941,1
上游股价,サービス業,その他製品,6,6,H1,-0.18943,-1.28591,119,0.19847,1
上游股价,サービス業,その他製品,6,6,H2,0.07236,0.79997,114,0.42373,1
上游股价,卸売業,その他製品,1,1,H1,0.10366,0.83054,119,0.40623,1
上游股价,卸売業,その他製品,1,1,H2,-0.08377,-0.64689,119,0.51771,1
上游股价,卸売業,その他製品,1,3,H1,-0.05356,-0.28996,119,0.77184,1
上游股价,卸売業,その他製品,1,3,H2,-0.14029,-0.6402,117,0.52204,1
上游股价,卸売業,その他製品,1,6,H1,-8e-05,-0.00042,119,0.99966,1
上游股价,卸売業,その他製品,1,6,H2,-0.34859,-1.03006,114,0.30298,1
上游股价,卸売業,その他製品,3,1,H1,-0.01935,-0.32382,119,0.74607,1
上游股价,卸売業,その他製品,3,1,H2,-0.02076,-0.29821,119,0.76554,1
上游股价,卸売業,その他製品,3,3,H1,-0.05282,-0.44476,119,0.65649,1
上游股价,卸売業,その他製品,3,3,H2,-0.11299,-0.64728,117,0.51745,1
上游股价,卸売業,その他製品,3,6,H1,-0.11538,-0.96877,119,0.33266,1
上游股价,卸売業,その他製品,3,6,H2,-0.36645,-1.00362,114,0.31556,1
上游股价,卸売業,その他製品,6,1,H1,0.00038,0.0106,119,0.99155,1
上游股价,卸売業,その他製品,6,1,H2,-0.05857,-1.04294,119,0.29698,1
上游股价,卸売業,その他製品,6,3,H1,-0.05164,-0.74358,119,0.45713,1
上游股价,卸売業,その他製品,6,3,H2,-0.16394,-0.96479,117,0.33465,1
上游股价,卸売業,その他製品,6,6,H1,-0.12558,-1.70259,119,0.08865,1
上游股价,卸売業,その他製品,6,6,H2,-0.33227,-1.12828,114,0.2592,1
上游股价,小売業,その他製品,1,1,H1,-0.04393,-0.6589,119,0.50996,1
上游股价,小売業,その他製品,1,1,H2,-0.04639,-0.69927,119,0.48438,1
上游股价,小売業,その他製品,1,3,H1,-0.10078,-0.80145,119,0.42287,1
上游股价,小売業,その他製品,1,3,H2,-0.05723,-0.51852,117,0.6041,1
上游股价,小売業,その他製品,1,6,H1,-0.23898,-1.36258,119,0.17301,1
上游股价,小売業,その他製品,1,6,H2,-0.20418,-1.21201,114,0.22551,1
上游股价,小売業,その他製品,3,1,H1,-0.03775,-1.15405,119,0.24848,1
上游股价,小売業,その他製品,3,1,H2,-8e-05,-0.0019,119,0.99849,1
上游股价,小売業,その他製品,3,3,H1,-0.12725,-2.12086,119,0.03393,1
上游股价,小売業,その他製品,3,3,H2,-0.08637,-0.91569,117,0.35983,1
上游股价,小売業,その他製品,3,6,H1,-0.2216,-2.46167,119,0.01383,1
上游股价,小売業,その他製品,3,6,H2,-0.17923,-1.20005,114,0.23012,1
上游股价,小売業,その他製品,6,1,H1,-0.03533,-1.89925,119,0.05753,1
上游股价,小売業,その他製品,6,1,H2,-0.03368,-1.26026,119,0.20758,1
上游股价,小売業,その他製品,6,3,H1,-0.09961,-2.39802,119,0.01648,1
上游股价,小売業,その他製品,6,3,H2,-0.1159,-1.72072,117,0.0853,1
上游股价,小売業,その他製品,6,6,H1,-0.17528,-2.50713,119,0.01217,1
上游股价,小売業,その他製品,6,6,H2,-0.22834,-2.04713,114,0.04065,1
上游股价,電気・ガス業,その他製品,1,1,H1,0.01039,0.28327,119,0.77697,1
上游股价,電気・ガス業,その他製品,1,1,H2,0.01792,0.39406,119,0.69353,1
上游股价,電気・ガス業,その他製品,1,3,H1,0.04121,0.71666,119,0.47358,1
上游股价,電気・ガス業,その他製品,1,3,H2,-0.00574,-0.07201,117,0.94259,1
上游股价,電気・ガス業,その他製品,1,6,H1,-0.00891,-0.09361,119,0.92542,1
上游股价,電気・ガス業,その他製品,1,6,H2,0.0457,0.40508,114,0.68542,1
上游股价,電気・ガス業,その他製品,3,1,H1,0.0069,0.35382,119,0.72348,1
上游股价,電気・ガス業,その他製品,3,1,H2,-0.00187,-0.0691,119,0.94491,1
上游股价,電気・ガス業,その他製品,3,3,H1,0.01339,0.29091,119,0.77112,1
上游股价,電気・ガス業,その他製品,3,3,H2,0.02459,0.5224,117,0.60139,1
上游股价,電気・ガス業,その他製品,3,6,H1,-0.02671,-0.367,119,0.71362,1
上游股价,電気・ガス業,その他製品,3,6,H2,-0.01237,-0.16461,114,0.86925,1
上游股价,電気・ガス業,その他製品,6,1,H1,-0.00554,-0.52809,119,0.59744,1
上游股价,電気・ガス業,その他製品,6,1,H2,0.00192,0.11081,119,0.91177,1
上游股价,電気・ガス業,その他製品,6,3,H1,-0.01787,-0.6256,119,0.53158,1
上游股价,電気・ガス業,その他製品,6,3,H2,-0.00499,-0.14141,117,0.88754,1
上游股价,電気・ガス業,その他製品,6,6,H1,-0.01016,-0.20321,119,0.83897,1
上游股价,電気・ガス業,その他製品,6,6,H2,-0.01936,-0.37493,114,0.70771,1
上游股价,サービス業,その他金融業,1,1,H1,-0.35314,-1.44315,119,0.14898,1
上游股价,サービス業,その他金融業,1,1,H2,0.21768,3.37069,119,0.00075,1
上游股价,サービス業,その他金融業,1,3,H1,-0.15722,-0.37504,119,0.70763,1
上游股价,サービス業,その他金融業,1,3,H2,0.32857,3.90283,117,0.0001,1
上游股价,サービス業,その他金融業,1,6,H1,0.17327,0.328,119,0.74291,1
上游股价,サービス業,その他金融業,1,6,H2,0.38779,3.07035,114,0.00214,1
上游股价,サービス業,その他金融業,3,1,H1,-0.05562,-0.38374,119,0.70117,1
上游股价,サービス業,その他金融業,3,1,H2,0.0939,2.77792,119,0.00547,1
上游股价,サービス業,その他金融業,3,3,H1,-0.09475,-0.2616,119,0.79363,1
上游股价,サービス業,その他金融業,3,3,H2,0.26147,4.97592,117,0.0,1
上游股价,サービス業,その他金融業,3,6,H1,0.38653,1.03201,119,0.30207,1
上游股价,サービス業,その他金融業,3,6,H2,0.29534,2.45384,114,0.01413,1
上游股价,サービス業,その他金融業,6,1,H1,0.03304,0.3862,119,0.69935,1
上游股价,サービス業,その他金融業,6,1,H2,0.04972,2.62622,119,0.00863,1
上游股价,サービス業,その他金融業,6,3,H1,0.20411,1.04166,119,0.29757,1
上游股价,サービス業,その他金融業,6,3,H2,0.12904,2.78448,117,0.00536,1
上游股价,サービス業,その他金融業,6,6,H1,0.50952,1.39975,119,0.16159,1
上游股价,サービス業,その他金融業,6,6,H2,0.21308,2.15115,114,0.03146,1
上游股价,情報・通信業,その他金融業,1,1,H1,-0.22823,-1.01769,119,0.30883,1
上游股价,情報・通信業,その他金融業,1,1,H2,0.12287,1.93217,119,0.05334,1
上游股价,情報・通信業,その他金融業,1,3,H1,0.14756,0.31565,119,0.75227,1
上游股价,情報・通信業,その他金融業,1,3,H2,0.24998,3.10447,117,0.00191,1
上游股价,情報・通信業,その他金融業,1,6,H1,1.15505,1.74766,119,0.08052,1
上游股价,情報・通信業,その他金融業,1,6,H2,0.31721,2.47779,114,0.01322,1
上游股价,情報・通信業,その他金融業,3,1,H1,0.06323,0.49127,119,0.62324,1
上游股价,情報・通信業,その他金融業,3,1,H2,0.06169,2.23495,119,0.02542,1
上游股价,情報・通信業,その他金融業,3,3,H1,0.45493,1.4828,119,0.13813,1
上游股价,情報・通信業,その他金融業,3,3,H2,0.16312,2.68284,117,0.0073,1
上游股价,情報・通信業,その他金融業,3,6,H1,0.99861,2.17963,119,0.02928,1
上游股价,情報・通信業,その他金融業,3,6,H2,0.16629,1.54265,114,0.12292,1
上游股价,情報・通信業,その他金融業,6,1,H1,0.15412,1.76623,119,0.07736,1
上游股价,情報・通信業,その他金融業,6,1,H2,0.02888,1.83753,119,0.06613,1
上游股价,情報・通信業,その他金融業,6,3,H1,0.50895,2.2278,119,0.02589,1
上游股价,情報・通信業,その他金融業,6,3,H2,0.07035,1.97186,117,0.04863,1
上游股价,情報・通信業,その他金融業,6,6,H1,0.65837,1.75965,119,0.07847,1
上游股价,情報・通信業,その他金融業,6,6,H2,0.12891,1.96887,114,0.04897,1
上游股价,不動産業,その他金融業,1,1,H1,0.06465,0.55089,119,0.58171,1
上游股价,不動産業,その他金融業,1,1,H2,0.11147,1.62465,119,0.10424,1
上游股价,不動産業,その他金融業,1,3,H1,0.24032,1.38469,119,0.16615,1
上游股价,不動産業,その他金融業,1,3,H2,0.0803,0.8026,117,0.4222,1
上游股价,不動産業,その他金融業,1,6,H1,0.27305,0.81121,119,0.41724,1
上游股价,不動産業,その他金融業,1,6,H2,0.23629,1.65815,114,0.09729,1
上游股价,不動産業,その他金融業,3,1,H1,0.06636,0.98948,119,0.32243,1
上游股价,不動産業,その他金融業,3,1,H2,0.02608,0.65147,119,0.51474,1
上游股价,不動産業,その他金融業,3,3,H1,0.05665,0.31733,119,0.75099,1
上游股价,不動産業,その他金融業,3,3,H2,0.14192,1.99959,117,0.04554,1
上游股价,不動産業,その他金融業,3,6,H1,0.27571,1.09591,119,0.27312,1
上游股价,不動産業,その他金融業,3,6,H2,0.24304,2.81651,114,0.00485,1
上游股价,不動産業,その他金融業,6,1,H1,0.0363,0.84445,119,0.39842,1
上游股价,不動産業,その他金融業,6,1,H2,0.05146,2.04338,119,0.04102,1
上游股价,不動産業,その他金融業,6,3,H1,0.1535,1.47402,119,0.14048,1
上游股价,不動産業,その他金融業,6,3,H2,0.12486,2.8509,117,0.00436,1
上游股价,不動産業,その他金融業,6,6,H1,0.26721,1.67053,119,0.09482,1
上游股价,不動産業,その他金融業,6,6,H2,0.12686,1.55655,114,0.11958,1
上游股价,その他製品,その他金融業,1,1,H1,0.19879,0.66553,119,0.50571,1
上游股价,その他製品,その他金融業,1,1,H2,0.03483,0.32585,119,0.74453,1
上游股价,その他製品,その他金融業,1,3,H1,0.38532,0.89162,119,0.37259,1
上游股价,その他製品,その他金融業,1,3,H2,0.29631,2.10566,117,0.03523,1
上游股价,その他製品,その他金融業,1,6,H1,-0.12377,-0.21952,119,0.82625,1
上游股价,その他製品,その他金融業,1,6,H2,0.21756,0.74643,114,0.45541,1
上游股价,その他製品,その他金融業,3,1,H1,0.07728,0.54015,119,0.58909,1
上游股价,その他製品,その他金融業,3,1,H2,0.07778,1.23698,119,0.21609,1
上游股价,その他製品,その他金融業,3,3,H1,-0.11405,-0.38639,119,0.69921,1
上游股价,その他製品,その他金融業,3,3,H2,0.17507,1.25354,117,0.21001,1
上游股价,その他製品,その他金融業,3,6,H1,-0.36046,-0.77985,119,0.43548,1
上游股价,その他製品,その他金融業,3,6,H2,0.20879,0.76097,114,0.44667,1
上游股价,その他製品,その他金融業,6,1,H1,-0.06356,-0.69179,119,0.48907,1
上游股价,その他製品,その他金融業,6,1,H2,0.02749,0.64318,119,0.52011,1
上游股价,その他製品,その他金融業,6,3,H1,-0.22904,-0.99965,119,0.31748,1
上游股价,その他製品,その他金融業,6,3,H2,0.08967,0.78462,117,0.43268,1
上游股价,その他製品,その他金融業,6,6,H1,-0.55627,-2.06387,119,0.03903,1
上游股价,その他製品,その他金融業,6,6,H2,0.10827,0.57191,114,0.56738,1
上游股价,サービス業,ガラス・土石製品,1,1,H1,-0.06198,-0.59184,119,0.55396,1
上游股价,サービス業,ガラス・土石製品,1,1,H2,-0.01494,-0.13991,119,0.88873,1
上游股价,サービス業,ガラス・土石製品,1,3,H1,-0.23074,-1.24517,119,0.21307,1
上游股价,サービス業,ガラス・土石製品,1,3,H2,-0.08483,-0.54972,117,0.58251,1
上游股价,サービス業,ガラス・土石製品,1,6,H1,0.18326,0.77121,119,0.44058,1
上游股价,サービス業,ガラス・土石製品,1,6,H2,0.02767,0.13327,114,0.89398,1
上游股价,サービス業,ガラス・土石製品,3,1,H1,-0.05524,-1.13995,119,0.25431,1
上游股价,サービス業,ガラス・土石製品,3,1,H2,-0.05719,-1.18779,119,0.23492,1
上游股价,サービス業,ガラス・土石製品,3,3,H1,-0.03132,-0.28009,119,0.77941,1
上游股价,サービス業,ガラス・土石製品,3,3,H2,-0.12558,-1.0147,117,0.31025,1
上游股价,サービス業,ガラス・土石製品,3,6,H1,0.28439,1.69892,119,0.08933,1
上游股价,サービス業,ガラス・土石製品,3,6,H2,-0.12126,-0.72508,114,0.4684,1
上游股价,サービス業,ガラス・土石製品,6,1,H1,0.0223,0.56449,119,0.57242,1
上游股价,サービス業,ガラス・土石製品,6,1,H2,-0.02091,-0.59735,119,0.55028,1
上游股价,サービス業,ガラス・土石製品,6,3,H1,0.12958,1.16299,119,0.24483,1
上游股价,サービス業,ガラス・土石製品,6,3,H2,-0.05788,-0.79637,117,0.42582,1
上游股价,サービス業,ガラス・土石製品,6,6,H1,0.2519,1.78606,119,0.07409,1
上游股价,サービス業,ガラス・土石製品,6,6,H2,-0.11843,-1.19109,114,0.23362,1
上游股价,電気・ガス業,ガラス・土石製品,1,1,H1,0.09753,2.75634,119,0.00585,1
上游股价,電気・ガス業,ガラス・土石製品,1,1,H2,-0.02475,-0.32746,119,0.74332,1
上游股价,電気・ガス業,ガラス・土石製品,1,3,H1,0.06619,0.87749,119,0.38022,1
上游股价,電気・ガス業,ガラス・土石製品,1,3,H2,0.23793,1.88652,117,0.05923,1
上游股价,電気・ガス業,ガラス・土石製品,1,6,H1,0.21156,2.12239,119,0.03381,1
上游股价,電気・ガス業,ガラス・土石製品,1,6,H2,0.05596,0.36683,114,0.71375,1
上游股价,電気・ガス業,ガラス・土石製品,3,1,H1,0.02155,1.14222,119,0.25336,1
上游股价,電気・ガス業,ガラス・土石製品,3,1,H2,0.07039,1.78802,119,0.07377,1
上游股价,電気・ガス業,ガラス・土石製品,3,3,H1,0.0603,1.37971,119,0.16768,1
上游股价,電気・ガス業,ガラス・土石製品,3,3,H2,0.11053,1.27888,117,0.20094,1
上游股价,電気・ガス業,ガラス・土石製品,3,6,H1,0.14922,2.46811,119,0.01358,1
上游股价,電気・ガス業,ガラス・土石製品,3,6,H2,-0.04089,-0.32153,114,0.74781,1
上游股价,電気・ガス業,ガラス・土石製品,6,1,H1,0.03105,2.49752,119,0.01251,1
上游股价,電気・ガス業,ガラス・土石製品,6,1,H2,0.01489,0.54192,119,0.58787,1
上游股价,電気・ガス業,ガラス・土石製品,6,3,H1,0.07571,2.84102,119,0.0045,1
上游股价,電気・ガス業,ガラス・土石製品,6,3,H2,-0.01395,-0.19279,117,0.84712,1
上游股价,電気・ガス業,ガラス・土石製品,6,6,H1,0.10732,2.20206,119,0.02766,1
上游股价,電気・ガス業,ガラス・土石製品,6,6,H2,-0.12632,-1.13474,114,0.25649,1
上游股价,鉱業,ガラス・土石製品,1,1,H1,-0.04338,-0.97434,119,0.32989,1
上游股价,鉱業,ガラス・土石製品,1,1,H2,0.01449,0.24006,119,0.81028,1
上游股价,鉱業,ガラス・土石製品,1,3,H1,0.06068,0.77337,119,0.43931,1
上游股价,鉱業,ガラス・土石製品,1,3,H2,0.09213,0.91204,117,0.36175,1
上游股价,鉱業,ガラス・土石製品,1,6,H1,-0.08468,-0.89158,119,0.37262,1
上游股价,鉱業,ガラス・土石製品,1,6,H2,-0.00723,-0.05311,114,0.95764,1
上游股价,鉱業,ガラス・土石製品,3,1,H1,0.01942,0.72305,119,0.46965,1
上游股价,鉱業,ガラス・土石製品,3,1,H2,0.0205,0.7896,119,0.42976,1
上游股价,鉱業,ガラス・土石製品,3,3,H1,0.02524,0.41465,119,0.6784,1
上游股价,鉱業,ガラス・土石製品,3,3,H2,0.06973,0.79175,117,0.4285,1
上游股价,鉱業,ガラス・土石製品,3,6,H1,-0.14249,-1.87025,119,0.06145,1
上游股价,鉱業,ガラス・土石製品,3,6,H2,-0.02811,-0.28244,114,0.77761,1
上游股价,鉱業,ガラス・土石製品,6,1,H1,-0.01365,-0.7625,119,0.44576,1
上游股价,鉱業,ガラス・土石製品,6,1,H2,0.02046,0.70934,119,0.47811,1
上游股价,鉱業,ガラス・土石製品,6,3,H1,-0.05685,-1.43824,119,0.15037,1
上游股价,鉱業,ガラス・土石製品,6,3,H2,0.02217,0.35456,117,0.72292,1
上游股价,鉱業,ガラス・土石製品,6,6,H1,-0.1945,-3.20209,119,0.00136,1
上游股价,鉱業,ガラス・土石製品,6,6,H2,0.02383,0.31931,114,0.74949,1
上游股价,石油・石炭製品,ガラス・土石製品,1,1,H1,0.04083,0.90602,119,0.36493,1
上游股价,石油・石炭製品,ガラス・土石製品,1,1,H2,0.03777,0.77862,119,0.43621,1
上游股价,石油・石炭製品,ガラス・土石製品,1,3,H1,0.11166,1.68464,119,0.09206,1
上游股价,石油・石炭製品,ガラス・土石製品,1,3,H2,0.01239,0.14777,117,0.88253,1
上游股价,石油・石炭製品,ガラス・土石製品,1,6,H1,-0.07216,-0.66119,119,0.50849,1
上游股价,石油・石炭製品,ガラス・土石製品,1,6,H2,-0.04295,-0.40091,114,0.68849,1
上游股价,石油・石炭製品,ガラス・土石製品,3,1,H1,0.03768,1.91402,119,0.05562,1
上游股价,石油・石炭製品,ガラス・土石製品,3,1,H2,0.00107,0.05265,119,0.95801,1
上游股价,石油・石炭製品,ガラス・土石製品,3,3,H1,0.02877,0.62523,119,0.53182,1
上游股价,石油・石炭製品,ガラス・土石製品,3,3,H2,-0.03693,-0.67823,117,0.49763,1
上游股价,石油・石炭製品,ガラス・土石製品,3,6,H1,-0.07806,-1.14253,119,0.25324,1
上游股价,石油・石炭製品,ガラス・土石製品,3,6,H2,-0.02934,-0.47396,114,0.63553,1
上游股价,石油・石炭製品,ガラス・土石製品,6,1,H1,0.00647,0.3658,119,0.71452,1
上游股价,石油・石炭製品,ガラス・土石製品,6,1,H2,0.00165,0.09656,119,0.92308,1
上游股价,石油・石炭製品,ガラス・土石製品,6,3,H1,-0.01986,-0.4177,119,0.67617,1
上游股价,石油・石炭製品,ガラス・土石製品,6,3,H2,-0.00705,-0.19705,117,0.84378,1
上游股价,石油・石炭製品,ガラス・土石製品,6,6,H1,-0.06183,-0.8446,119,0.39833,1
上游股价,石油・石炭製品,ガラス・土石製品,6,6,H2,0.00035,0.00828,114,0.99339,1
上游股价,パルプ・紙,ガラス・土石製品,1,1,H1,-0.00954,-0.2386,119,0.81142,1
上游股价,パルプ・紙,ガラス・土石製品,1,1,H2,-0.01665,-0.30769,119,0.75832,1
上游股价,パルプ・紙,ガラス・土石製品,1,3,H1,0.00071,0.00941,119,0.99249,1
上游股价,パルプ・紙,ガラス・土石製品,1,3,H2,-0.01136,-0.13003,117,0.89654,1
上游股价,パルプ・紙,ガラス・土石製品,1,6,H1,-0.06019,-0.67975,119,0.49666,1
上游股价,パルプ・紙,ガラス・土石製品,1,6,H2,0.0101,0.10232,114,0.91851,1
上游股价,パルプ・紙,ガラス・土石製品,3,1,H1,0.0067,0.28979,119,0.77198,1
上游股价,パルプ・紙,ガラス・土石製品,3,1,H2,-0.0185,-0.58155,119,0.56087,1
上游股价,パルプ・紙,ガラス・土石製品,3,3,H1,-0.01968,-0.28171,119,0.77817,1
上游股价,パルプ・紙,ガラス・土石製品,3,3,H2,-0.03586,-0.48508,117,0.62762,1
上游股价,パルプ・紙,ガラス・土石製品,3,6,H1,-0.02863,-0.29776,119,0.76588,1
上游股价,パルプ・紙,ガラス・土石製品,3,6,H2,-0.03158,-0.28333,114,0.77692,1
上游股价,パルプ・紙,ガラス・土石製品,6,1,H1,-0.00648,-0.39825,119,0.69045,1
上游股价,パルプ・紙,ガラス・土石製品,6,1,H2,0.01108,0.478,119,0.63265,1
上游股价,パルプ・紙,ガラス・土石製品,6,3,H1,-0.01715,-0.40315,119,0.68684,1
上游股价,パルプ・紙,ガラス・土石製品,6,3,H2,0.02379,0.35085,117,0.7257,1
上游股价,パルプ・紙,ガラス・土石製品,6,6,H1,-0.01601,-0.22463,119,0.82227,1
上游股价,パルプ・紙,ガラス・土石製品,6,6,H2,0.03184,0.24245,114,0.80843,1
上游股价,化学,ゴム製品,1,1,H1,0.03979,0.11754,119,0.90643,1
上游股价,化学,ゴム製品,1,1,H2,0.15932,0.64714,119,0.51754,1
上游股价,化学,ゴム製品,1,3,H1,0.02371,0.04094,119,0.96735,1
上游股价,化学,ゴム製品,1,3,H2,-0.3716,-0.86057,117,0.38948,1
上游股价,化学,ゴム製品,1,6,H1,-0.7516,-1.27008,119,0.20406,1
上游股价,化学,ゴム製品,1,6,H2,-0.08476,-0.15646,114,0.87567,1
上游股价,化学,ゴム製品,3,1,H1,-0.04954,-0.26336,119,0.79227,1
上游股价,化学,ゴム製品,3,1,H2,-0.03119,-0.18356,119,0.85435,1
上游股价,化学,ゴム製品,3,3,H1,-0.34567,-0.90532,119,0.36529,1
上游股价,化学,ゴム製品,3,3,H2,-0.23464,-0.76553,117,0.44395,1
上游股价,化学,ゴム製品,3,6,H1,-0.97616,-1.80508,119,0.07106,1
上游股价,化学,ゴム製品,3,6,H2,-0.12136,-0.27653,114,0.78214,1
上游股价,化学,ゴム製品,6,1,H1,-0.14997,-1.41491,119,0.1571,1
上游股价,化学,ゴム製品,6,1,H2,0.0775,0.99852,119,0.31803,1
上游股价,化学,ゴム製品,6,3,H1,-0.45006,-1.78452,119,0.07434,1
上游股价,化学,ゴム製品,6,3,H2,-0.02792,-0.15078,117,0.88015,1
上游股价,化学,ゴム製品,6,6,H1,-0.72119,-1.90631,119,0.05661,1
上游股价,化学,ゴム製品,6,6,H2,-0.30703,-0.72713,114,0.46715,1
上游股价,医薬品,ゴム製品,1,1,H1,0.05157,0.37619,119,0.70678,1
上游股价,医薬品,ゴム製品,1,1,H2,0.00302,0.03053,119,0.97564,1
上游股价,医薬品,ゴム製品,1,3,H1,-0.14173,-0.54622,119,0.58492,1
上游股价,医薬品,ゴム製品,1,3,H2,-0.20892,-1.61393,117,0.10654,1
上游股价,医薬品,ゴム製品,1,6,H1,-0.43485,-1.76888,119,0.07691,1
上游股价,医薬品,ゴム製品,1,6,H2,-0.35178,-2.29192,114,0.02191,1
上游股价,医薬品,ゴム製品,3,1,H1,-0.04457,-0.48652,119,0.6266,1
上游股价,医薬品,ゴム製品,3,1,H2,-0.08331,-1.65613,119,0.0977,1
上游股价,医薬品,ゴム製品,3,3,H1,-0.30036,-2.1321,119,0.033,1
上游股价,医薬品,ゴム製品,3,3,H2,-0.2309,-2.32802,117,0.01991,1
上游股价,医薬品,ゴム製品,3,6,H1,-0.29518,-1.49713,119,0.13436,1
上游股价,医薬品,ゴム製品,3,6,H2,-0.40166,-2.14027,114,0.03233,1
上游股价,医薬品,ゴム製品,6,1,H1,-0.07197,-1.37716,119,0.16846,1
上游股价,医薬品,ゴム製品,6,1,H2,-0.05942,-1.95801,119,0.05023,1
上游股价,医薬品,ゴム製品,6,3,H1,-0.15414,-1.50263,119,0.13294,1
上游股价,医薬品,ゴム製品,6,3,H2,-0.1896,-2.05176,117,0.04019,1
上游股价,医薬品,ゴム製品,6,6,H1,-0.07008,-0.41804,119,0.67592,1
上游股价,医薬品,ゴム製品,6,6,H2,-0.31271,-1.92302,114,0.05448,1
上游股价,サービス業,ゴム製品,1,1,H1,0.06795,0.30458,119,0.76069,1
上游股价,サービス業,ゴム製品,1,1,H2,-0.04496,-0.32907,119,0.7421,1
上游股价,サービス業,ゴム製品,1,3,H1,-0.5268,-1.6118,119,0.107,1
上游股价,サービス業,ゴム製品,1,3,H2,-0.08619,-0.37476,117,0.70784,1
上游股价,サービス業,ゴム製品,1,6,H1,-0.67326,-2.15372,119,0.03126,1
上游股价,サービス業,ゴム製品,1,6,H2,-0.07786,-0.23713,114,0.81255,1
上游股价,サービス業,ゴム製品,3,1,H1,-0.15834,-1.55577,119,0.11976,1
上游股价,サービス業,ゴム製品,3,1,H2,-0.05636,-0.82251,119,0.41078,1
上游股价,サービス業,ゴム製品,3,3,H1,-0.5664,-2.74573,119,0.00604,1
上游股价,サービス業,ゴム製品,3,3,H2,-0.06313,-0.38333,117,0.70147,1
上游股价,サービス業,ゴム製品,3,6,H1,-0.31431,-1.13872,119,0.25482,1
上游股价,サービス業,ゴム製品,3,6,H2,0.00443,0.01599,114,0.98724,1
上游股价,サービス業,ゴム製品,6,1,H1,-0.105,-1.87227,119,0.06117,1
上游股价,サービス業,ゴム製品,6,1,H2,-0.03018,-0.72914,119,0.46592,1
上游股价,サービス業,ゴム製品,6,3,H1,-0.146,-0.92642,119,0.35423,1
上游股价,サービス業,ゴム製品,6,3,H2,-0.01286,-0.11519,117,0.9083,1
上游股价,サービス業,ゴム製品,6,6,H1,0.10757,0.433,119,0.66501,1
上游股价,サービス業,ゴム製品,6,6,H2,0.00802,0.04062,114,0.9676,1
上游股价,卸売業,ゴム製品,1,1,H1,0.1201,0.42089,119,0.67383,1
上游股价,卸売業,ゴム製品,1,1,H2,0.04243,0.14814,119,0.88223,1
上游股价,卸売業,ゴム製品,1,3,H1,-0.14868,-0.29209,119,0.77022,1
上游股价,卸売業,ゴム製品,1,3,H2,-0.12186,-0.27418,117,0.78395,1
上游股价,卸売業,ゴム製品,1,6,H1,-0.14625,-0.2626,119,0.79286,1
上游股价,卸売業,ゴム製品,1,6,H2,0.74103,1.0029,114,0.31591,1
上游股价,卸売業,ゴム製品,3,1,H1,-0.07455,-0.54408,119,0.58639,1
上游股价,卸売業,ゴム製品,3,1,H2,-0.11982,-0.63797,119,0.5235,1
上游股价,卸売業,ゴム製品,3,3,H1,-0.23771,-0.68906,119,0.49078,1
上游股价,卸売業,ゴム製品,3,3,H2,-0.15968,-0.33664,117,0.73639,1
上游股价,卸売業,ゴム製品,3,6,H1,-0.02657,-0.0748,119,0.94037,1
上游股价,卸売業,ゴム製品,3,6,H2,0.32681,0.43183,114,0.66586,1
上游股价,卸売業,ゴム製品,6,1,H1,-0.02994,-0.32197,119,0.74748,1
上游股价,卸売業,ゴム製品,6,1,H2,0.05163,0.41103,119,0.68105,1
上游股价,卸売業,ゴム製品,6,3,H1,-0.01819,-0.0949,119,0.92439,1
上游股价,卸売業,ゴム製品,6,3,H2,0.08749,0.26313,117,0.79245,1
上游股价,卸売業,ゴム製品,6,6,H1,0.27751,1.35046,119,0.17687,1
上游股价,卸売業,ゴム製品,6,6,H2,0.34924,0.62453,114,0.53228,1
上游股价,小売業,ゴム製品,1,1,H1,0.27521,1.84408,119,0.06517,1
上游股价,小売業,ゴム製品,1,1,H2,0.16473,1.14622,119,0.2517,1
上游股价,小売業,ゴム製品,1,3,H1,-0.22569,-0.71857,119,0.47241,1
上游股价,小売業,ゴム製品,1,3,H2,-0.06964,-0.292,117,0.77029,1
上游股价,小売業,ゴム製品,1,6,H1,-0.64857,-1.89484,119,0.05811,1
上游股价,小売業,ゴム製品,1,6,H2,0.13842,0.36218,114,0.71722,1
上游股价,小売業,ゴム製品,3,1,H1,-0.09081,-0.76084,119,0.44675,1
上游股价,小売業,ゴム製品,3,1,H2,-0.10923,-1.02788,119,0.30401,1
上游股价,小売業,ゴム製品,3,3,H1,-0.48301,-2.88373,119,0.00393,1
上游股价,小売業,ゴム製品,3,3,H2,-0.07263,-0.2893,117,0.77235,1
上游股价,小売業,ゴム製品,3,6,H1,-0.44668,-1.98484,119,0.04716,1
上游股价,小売業,ゴム製品,3,6,H2,0.04479,0.10685,114,0.91491,1
上游股价,小売業,ゴム製品,6,1,H1,-0.08264,-1.47512,119,0.14018,1
上游股价,小売業,ゴム製品,6,1,H2,-0.0106,-0.13738,119,0.89073,1
上游股价,小売業,ゴム製品,6,3,H1,-0.18738,-1.62947,119,0.10321,1
上游股价,小売業,ゴム製品,6,3,H2,-0.0047,-0.02213,117,0.98235,1
上游股价,小売業,ゴム製品,6,6,H1,-0.05224,-0.27277,119,0.78503,1
上游股价,小売業,ゴム製品,6,6,H2,0.1886,0.62386,114,0.53272,1
上游股价,電気・ガス業,ゴム製品,1,1,H1,0.1231,1.5778,119,0.11461,1
上游股价,電気・ガス業,ゴム製品,1,1,H2,0.00026,0.00289,119,0.9977,1
上游股价,電気・ガス業,ゴム製品,1,3,H1,-0.0162,-0.10247,119,0.91839,1
上游股价,電気・ガス業,ゴム製品,1,3,H2,-0.02939,-0.17546,117,0.86072,1
上游股价,電気・ガス業,ゴム製品,1,6,H1,-0.1333,-0.76277,119,0.4456,1
上游股价,電気・ガス業,ゴム製品,1,6,H2,0.06161,0.24792,114,0.80419,1
上游股价,電気・ガス業,ゴム製品,3,1,H1,-0.0294,-0.49821,119,0.61834,1
上游股价,電気・ガス業,ゴム製品,3,1,H2,-0.01337,-0.28347,119,0.77682,1
上游股价,電気・ガス業,ゴム製品,3,3,H1,-0.13948,-1.62547,119,0.10406,1
上游股价,電気・ガス業,ゴム製品,3,3,H2,0.01568,0.12704,117,0.89891,1
上游股价,電気・ガス業,ゴム製品,3,6,H1,-0.15435,-1.17528,119,0.23988,1
上游股价,電気・ガス業,ゴム製品,3,6,H2,-0.06101,-0.32893,114,0.74221,1
上游股价,電気・ガス業,ゴム製品,6,1,H1,-0.01988,-0.6744,119,0.50006,1
上游股价,電気・ガス業,ゴム製品,6,1,H2,-0.00044,-0.01166,119,0.9907,1
上游股价,電気・ガス業,ゴム製品,6,3,H1,-0.06118,-0.96933,119,0.33238,1
上游股价,電気・ガス業,ゴム製品,6,3,H2,-0.03691,-0.39217,117,0.69493,1
上游股价,電気・ガス業,ゴム製品,6,6,H1,-0.08294,-0.97979,119,0.32719,1
上游股价,電気・ガス業,ゴム製品,6,6,H2,-0.11774,-0.80865,114,0.41872,1
上游股价,情報・通信業,サービス業,1,1,H1,-0.04548,-0.49599,119,0.6199,1
上游股价,情報・通信業,サービス業,1,1,H2,0.13632,1.60971,119,0.10746,1
上游股价,情報・通信業,サービス業,1,3,H1,-0.22127,-0.97145,119,0.33132,1
上游股价,情報・通信業,サービス業,1,3,H2,0.23541,1.54243,117,0.12297,1
上游股价,情報・通信業,サービス業,1,6,H1,-0.23542,-0.83268,119,0.40503,1
上游股价,情報・通信業,サービス業,1,6,H2,0.31989,1.38697,114,0.16545,1
上游股价,情報・通信業,サービス業,3,1,H1,-0.07738,-1.197,119,0.23131,1
上游股价,情報・通信業,サービス業,3,1,H2,0.06844,1.72296,119,0.0849,1
上游股价,情報・通信業,サービス業,3,3,H1,-0.22745,-1.43006,119,0.1527,1
上游股价,情報・通信業,サービス業,3,3,H2,0.12434,1.19622,117,0.23161,1
上游股价,情報・通信業,サービス業,3,6,H1,-0.10925,-0.58927,119,0.55568,1
上游股价,情報・通信業,サービス業,3,6,H2,0.19351,1.17367,114,0.24053,1
上游股价,情報・通信業,サービス業,6,1,H1,-0.04511,-0.88627,119,0.37547,1
上游股价,情報・通信業,サービス業,6,1,H2,0.02941,0.99463,119,0.31992,1
上游股价,情報・通信業,サービス業,6,3,H1,-0.05834,-0.5475,119,0.58403,1
上游股价,情報・通信業,サービス業,6,3,H2,0.06577,0.9821,117,0.32605,1
上游股价,情報・通信業,サービス業,6,6,H1,0.15604,1.11726,119,0.26388,1
上游股价,情報・通信業,サービス業,6,6,H2,0.14031,1.39511,114,0.16298,1
上游股价,食料品,サービス業,1,1,H1,-0.05712,-0.8714,119,0.38353,1
上游股价,食料品,サービス業,1,1,H2,0.02373,0.2692,119,0.78777,1
上游股价,食料品,サービス業,1,3,H1,-0.19662,-1.62751,119,0.10363,1
上游股价,食料品,サービス業,1,3,H2,0.21393,1.76615,117,0.07737,1
上游股价,食料品,サービス業,1,6,H1,-0.50395,-3.63373,119,0.00028,1
上游股价,食料品,サービス業,1,6,H2,0.18743,0.90488,114,0.36553,1
上游股价,食料品,サービス業,3,1,H1,-0.06125,-1.48502,119,0.13754,1
上游股价,食料品,サービス業,3,1,H2,0.11943,2.61987,119,0.0088,1
上游股价,食料品,サービス業,3,3,H1,-0.24332,-2.71172,119,0.00669,1
上游股价,食料品,サービス業,3,3,H2,0.28033,2.59409,117,0.00948,1
上游股价,食料品,サービス業,3,6,H1,-0.3985,-4.2116,119,3e-05,1
上游股价,食料品,サービス業,3,6,H2,0.19745,0.84347,114,0.39897,1
上游股价,食料品,サービス業,6,1,H1,-0.06802,-2.96065,119,0.00307,1
上游股价,食料品,サービス業,6,1,H2,0.06297,1.3149,119,0.18854,1
上游股价,食料品,サービス業,6,3,H1,-0.19196,-4.07904,119,5e-05,1
上游股价,食料品,サービス業,6,3,H2,0.1289,0.86174,117,0.38883,1
上游股价,食料品,サービス業,6,6,H1,-0.23125,-2.98656,119,0.00282,1
上游股价,食料品,サービス業,6,6,H2,0.12625,0.51135,114,0.60911,1
上游股价,不動産業,サービス業,1,1,H1,0.07085,1.42974,119,0.15279,1
上游股价,不動産業,サービス業,1,1,H2,-0.0263,-0.24363,119,0.80751,1
上游股价,不動産業,サービス業,1,3,H1,0.08693,0.8295,119,0.40682,1
上游股价,不動産業,サービス業,1,3,H2,-0.19525,-1.15863,117,0.24661,1
上游股价,不動産業,サービス業,1,6,H1,0.24105,1.76871,119,0.07694,1
上游股价,不動産業,サービス業,1,6,H2,-0.10698,-0.41611,114,0.67733,1
上游股价,不動産業,サービス業,3,1,H1,0.03261,1.05159,119,0.29299,1
上游股价,不動産業,サービス業,3,1,H2,-0.06006,-0.99162,119,0.32138,1
上游股价,不動産業,サービス業,3,3,H1,0.08778,1.25884,119,0.20809,1
上游股价,不動産業,サービス業,3,3,H2,-0.0515,-0.38933,117,0.69703,1
上游股价,不動産業,サービス業,3,6,H1,0.17871,1.7451,119,0.08097,1
上游股价,不動産業,サービス業,3,6,H2,-0.21174,-0.96654,114,0.33377,1
上游股价,不動産業,サービス業,6,1,H1,0.03402,1.77502,119,0.07589,1
上游股价,不動産業,サービス業,6,1,H2,-0.03898,-0.88629,119,0.37546,1
上游股价,不動産業,サービス業,6,3,H1,0.07884,1.72684,119,0.0842,1
上游股价,不動産業,サービス業,6,3,H2,-0.13551,-1.2461,117,0.21273,1
上游股价,不動産業,サービス業,6,6,H1,0.15248,2.14135,119,0.03225,1
上游股价,不動産業,サービス業,6,6,H2,-0.35976,-2.38402,114,0.01712,1
上游股价,卸売業,サービス業,1,1,H1,0.04518,0.32994,119,0.74145,1
上游股价,卸売業,サービス業,1,1,H2,-0.01617,-0.07806,119,0.93778,1
上游股价,卸売業,サービス業,1,3,H1,-0.43096,-1.65891,119,0.09713,1
上游股价,卸売業,サービス業,1,3,H2,-0.27226,-0.70401,117,0.48142,1
上游股价,卸売業,サービス業,1,6,H1,-0.60048,-1.61136,119,0.1071,1
上游股价,卸売業,サービス業,1,6,H2,0.08641,0.17397,114,0.86189,1
上游股价,卸売業,サービス業,3,1,H1,-0.13914,-1.94887,119,0.05131,1
上游股价,卸売業,サービス業,3,1,H2,-0.05209,-0.44329,119,0.65756,1
上游股价,卸売業,サービス業,3,3,H1,-0.32729,-1.51168,119,0.13061,1
上游股价,卸売業,サービス業,3,3,H2,-0.07855,-0.26717,117,0.78934,1
上游股价,卸売業,サービス業,3,6,H1,-0.43126,-1.12338,119,0.26127,1
上游股价,卸売業,サービス業,3,6,H2,-0.05368,-0.09302,114,0.92588,1
上游股价,卸売業,サービス業,6,1,H1,-0.09254,-1.83608,119,0.06635,1
上游股价,卸売業,サービス業,6,1,H2,-0.0194,-0.19795,119,0.84308,1
上游股价,卸売業,サービス業,6,3,H1,-0.20505,-1.1623,119,0.24511,1
上游股价,卸売業,サービス業,6,3,H2,-0.06663,-0.267,117,0.78947,1
上游股价,卸売業,サービス業,6,6,H1,-0.14858,-0.44911,119,0.65335,1
上游股价,卸売業,サービス業,6,6,H2,-0.18731,-0.36094,114,0.71815,1
上游股价,小売業,サービス業,1,1,H1,-0.03848,-0.42508,119,0.67078,1
上游股价,小売業,サービス業,1,1,H2,0.15309,1.35413,119,0.1757,1
上游股价,小売業,サービス業,1,3,H1,-0.10904,-0.69619,119,0.48631,1
上游股价,小売業,サービス業,1,3,H2,0.25957,1.2763,117,0.20185,1
上游股价,小売業,サービス業,1,6,H1,-0.39523,-1.52772,119,0.12658,1
上游股价,小売業,サービス業,1,6,H2,0.41425,1.27972,114,0.20064,1
上游股价,小売業,サービス業,3,1,H1,-0.04542,-0.95279,119,0.3407,1
上游股价,小売業,サービス業,3,1,H2,0.14712,1.94841,119,0.05137,1
上游股价,小売業,サービス業,3,3,H1,-0.21961,-1.88761,119,0.05908,1
上游股价,小売業,サービス業,3,3,H2,0.391,2.3754,117,0.01753,1
上游股价,小売業,サービス業,3,6,H1,-0.32309,-1.51035,119,0.13095,1
上游股价,小売業,サービス業,3,6,H2,0.33551,1.1166,114,0.26417,1
上游股价,小売業,サービス業,6,1,H1,-0.06098,-1.62121,119,0.10497,1
上游股价,小売業,サービス業,6,1,H2,0.07686,1.26501,119,0.20587,1
上游股价,小売業,サービス業,6,3,H1,-0.14983,-1.36823,119,0.17124,1
上游股价,小売業,サービス業,6,3,H2,0.13501,0.96854,117,0.33277,1
上游股价,小売業,サービス業,6,6,H1,-0.07032,-0.398,119,0.69063,1
上游股价,小売業,サービス業,6,6,H2,0.05676,0.23531,114,0.81397,1
上游股价,輸送用機器,サービス業,1,1,H1,-0.01388,-0.23582,119,0.81358,1
上游股价,輸送用機器,サービス業,1,1,H2,-0.05302,-0.63109,119,0.52798,1
上游股价,輸送用機器,サービス業,1,3,H1,0.14955,1.28555,119,0.1986,1
上游股价,輸送用機器,サービス業,1,3,H2,-0.0874,-0.63594,117,0.52481,1
上游股价,輸送用機器,サービス業,1,6,H1,0.33044,2.04713,119,0.04065,1
上游股价,輸送用機器,サービス業,1,6,H2,-0.04942,-0.26752,114,0.78907,1
上游股价,輸送用機器,サービス業,3,1,H1,0.05023,1.73497,119,0.08275,1
上游股价,輸送用機器,サービス業,3,1,H2,-0.06841,-1.32347,119,0.18568,1
上游股价,輸送用機器,サービス業,3,3,H1,0.20356,3.70715,119,0.00021,1
上游股价,輸送用機器,サービス業,3,3,H2,-0.10005,-0.94962,117,0.34231,1
上游股价,輸送用機器,サービス業,3,6,H1,0.23791,2.32558,119,0.02004,1
上游股价,輸送用機器,サービス業,3,6,H2,-0.05595,-0.28254,114,0.77753,1
上游股价,輸送用機器,サービス業,6,1,H1,0.04765,2.63727,119,0.00836,1
上游股价,輸送用機器,サービス業,6,1,H2,-0.03507,-0.89855,119,0.36889,1
上游股价,輸送用機器,サービス業,6,3,H1,0.11655,2.21801,119,0.02655,1
上游股价,輸送用機器,サービス業,6,3,H2,-0.0487,-0.46984,117,0.63847,1
上游股价,輸送用機器,サービス業,6,6,H1,0.07969,0.84708,119,0.39695,1
上游股价,輸送用機器,サービス業,6,6,H2,-0.10622,-0.6725,114,0.50126,1
上游股价,機械,サービス業,1,1,H1,0.06713,0.80838,119,0.41887,1
上游股价,機械,サービス業,1,1,H2,-0.0828,-0.6294,119,0.52909,1
上游股价,機械,サービス業,1,3,H1,0.18853,1.26954,119,0.20425,1
上游股价,機械,サービス業,1,3,H2,-0.29064,-1.57502,117,0.11525,1
上游股价,機械,サービス業,1,6,H1,0.41911,1.99467,119,0.04608,1
上游股价,機械,サービス業,1,6,H2,-0.32102,-1.11683,114,0.26407,1
上游股价,機械,サービス業,3,1,H1,0.06078,1.235,119,0.21683,1
上游股价,機械,サービス業,3,1,H2,-0.11169,-1.80948,119,0.07038,1
上游股价,機械,サービス業,3,3,H1,0.21044,1.89942,119,0.05751,1
上游股价,機械,サービス業,3,3,H2,-0.32136,-2.14544,117,0.03192,1
上游股价,機械,サービス業,3,6,H1,0.28206,1.65741,119,0.09744,1
上游股价,機械,サービス業,3,6,H2,-0.27099,-0.9966,114,0.31896,1
上游股价,機械,サービス業,6,1,H1,0.05891,1.87118,119,0.06132,1
上游股价,機械,サービス業,6,1,H2,-0.04759,-1.01825,119,0.30856,1
上游股价,機械,サービス業,6,3,H1,0.13961,1.71339,119,0.08664,1
上游股价,機械,サービス業,6,3,H2,-0.11891,-0.91879,117,0.35821,1
上游股价,機械,サービス業,6,6,H1,0.09251,0.65537,119,0.51223,1
上游股价,機械,サービス業,6,6,H2,-0.15255,-0.64125,114,0.52136,1
上游股价,電気・ガス業,パルプ・紙,1,1,H1,0.07559,0.85335,119,0.39346,1
上游股价,電気・ガス業,パルプ・紙,1,1,H2,-0.07481,-0.77172,119,0.44028,1
上游股价,電気・ガス業,パルプ・紙,1,3,H1,0.21713,1.12705,119,0.25972,1
上游股价,電気・ガス業,パルプ・紙,1,3,H2,-0.13962,-0.85329,117,0.3935,1
上游股价,電気・ガス業,パルプ・紙,1,6,H1,0.00519,0.02215,119,0.98233,1
上游股价,電気・ガス業,パルプ・紙,1,6,H2,0.04149,0.18098,114,0.85638,1
上游股价,電気・ガス業,パルプ・紙,3,1,H1,0.06313,1.11695,119,0.26402,1
上游股价,電気・ガス業,パルプ・紙,3,1,H2,-0.06861,-1.23839,119,0.21557,1
上游股价,電気・ガス業,パルプ・紙,3,3,H1,-0.01461,-0.12145,119,0.90333,1
上游股价,電気・ガス業,パルプ・紙,3,3,H2,-0.00848,-0.06828,117,0.94556,1
上游股价,電気・ガス業,パルプ・紙,3,6,H1,-0.07377,-0.56549,119,0.57174,1
上游股价,電気・ガス業,パルプ・紙,3,6,H2,-0.02509,-0.12185,114,0.90301,1
上游股价,電気・ガス業,パルプ・紙,6,1,H1,-0.00356,-0.09684,119,0.92285,1
上游股价,電気・ガス業,パルプ・紙,6,1,H2,-0.01529,-0.34671,119,0.72881,1
上游股价,電気・ガス業,パルプ・紙,6,3,H1,-0.04646,-0.64471,119,0.51912,1
上游股价,電気・ガス業,パルプ・紙,6,3,H2,-0.01993,-0.19023,117,0.84913,1
上游股价,電気・ガス業,パルプ・紙,6,6,H1,0.02263,0.15253,119,0.87877,1
上游股价,電気・ガス業,パルプ・紙,6,6,H2,-0.03298,-0.22778,114,0.81982,1
上游股价,卸売業,パルプ・紙,1,1,H1,0.18331,0.50304,119,0.61494,1
上游股价,卸売業,パルプ・紙,1,1,H2,-0.53042,-1.73077,119,0.08349,1
上游股价,卸売業,パルプ・紙,1,3,H1,-0.28577,-0.46895,119,0.6391,1
上游股价,卸売業,パルプ・紙,1,3,H2,-0.79988,-1.55614,117,0.11967,1
上游股价,卸売業,パルプ・紙,1,6,H1,-0.49552,-0.57165,119,0.56756,1
上游股价,卸売業,パルプ・紙,1,6,H2,-0.29324,-0.53161,114,0.595,1
上游股价,卸売業,パルプ・紙,3,1,H1,-0.09021,-0.53436,119,0.5931,1
上游股价,卸売業,パルプ・紙,3,1,H2,-0.31574,-1.83091,119,0.06711,1
上游股价,卸売業,パルプ・紙,3,3,H1,-0.55136,-1.0914,119,0.2751,1
上游股价,卸売業,パルプ・紙,3,3,H2,-0.05131,-0.13513,117,0.89251,1
上游股价,卸売業,パルプ・紙,3,6,H1,-1.02303,-1.48711,119,0.13698,1
上游股价,卸売業,パルプ・紙,3,6,H2,-0.06448,-0.12525,114,0.90033,1
上游股价,卸売業,パルプ・紙,6,1,H1,-0.05095,-0.43516,119,0.66345,1
上游股价,卸売業,パルプ・紙,6,1,H2,-0.10052,-1.0563,119,0.29083,1
上游股价,卸売業,パルプ・紙,6,3,H1,-0.4887,-1.32132,119,0.18639,1
上游股价,卸売業,パルプ・紙,6,3,H2,-0.09304,-0.42951,117,0.66755,1
上游股价,卸売業,パルプ・紙,6,6,H1,-0.83242,-1.87154,119,0.06127,1
上游股价,卸売業,パルプ・紙,6,6,H2,-0.13846,-0.4214,114,0.67347,1
上游股价,小売業,パルプ・紙,1,1,H1,0.36223,1.72272,119,0.08494,1
上游股价,小売業,パルプ・紙,1,1,H2,-0.50282,-3.52582,119,0.00042,1
上游股价,小売業,パルプ・紙,1,3,H1,0.406,0.92771,119,0.35356,1
上游股价,小売業,パルプ・紙,1,3,H2,-0.72693,-2.92107,117,0.00349,1
上游股价,小売業,パルプ・紙,1,6,H1,0.13008,0.30415,119,0.76102,1
上游股价,小売業,パルプ・紙,1,6,H2,-0.6955,-2.08249,114,0.0373,1
上游股价,小売業,パルプ・紙,3,1,H1,0.12155,0.98428,119,0.32498,1
上游股价,小売業,パルプ・紙,3,1,H2,-0.34025,-3.02178,119,0.00251,1
上游股价,小売業,パルプ・紙,3,3,H1,0.17785,0.72638,119,0.46761,1
上游股价,小売業,パルプ・紙,3,3,H2,-0.28605,-1.06377,117,0.28743,1
上游股价,小売業,パルプ・紙,3,6,H1,-0.24994,-1.08483,119,0.278,1
上游股价,小売業,パルプ・紙,3,6,H2,-0.16709,-0.5951,114,0.55177,1
上游股价,小売業,パルプ・紙,6,1,H1,0.01489,0.22184,119,0.82444,1
上游股价,小売業,パルプ・紙,6,1,H2,-0.17661,-2.44145,119,0.01463,1
上游股价,小売業,パルプ・紙,6,3,H1,-0.13808,-1.05538,119,0.29125,1
上游股价,小売業,パルプ・紙,6,3,H2,-0.09904,-0.70885,117,0.47842,1
上游股价,小売業,パルプ・紙,6,6,H1,-0.4234,-2.35339,119,0.0186,1
上游股价,小売業,パルプ・紙,6,6,H2,0.06108,0.34896,114,0.72712,1
上游股价,水産・農林業,パルプ・紙,1,1,H1,0.16313,1.23119,119,0.21825,1
上游股价,水産・農林業,パルプ・紙,1,1,H2,-0.17424,-1.43323,119,0.15179,1
上游股价,水産・農林業,パルプ・紙,1,3,H1,0.30918,1.4714,119,0.14118,1
上游股价,水産・農林業,パルプ・紙,1,3,H2,-0.35965,-2.02306,117,0.04307,1
上游股价,水産・農林業,パルプ・紙,1,6,H1,0.44918,1.26748,119,0.20498,1
上游股价,水産・農林業,パルプ・紙,1,6,H2,-0.32939,-1.20195,114,0.22938,1
上游股价,水産・農林業,パルプ・紙,3,1,H1,0.09925,1.67579,119,0.09378,1
上游股价,水産・農林業,パルプ・紙,3,1,H2,-0.13815,-2.05983,119,0.03942,1
上游股价,水産・農林業,パルプ・紙,3,3,H1,0.14499,1.01921,119,0.3081,1
上游股价,水産・農林業,パルプ・紙,3,3,H2,-0.13194,-0.79967,117,0.4239,1
上游股价,水産・農林業,パルプ・紙,3,6,H1,0.28885,1.22503,119,0.22056,1
上游股价,水産・農林業,パルプ・紙,3,6,H2,-0.35076,-1.68806,114,0.0914,1
上游股价,水産・農林業,パルプ・紙,6,1,H1,0.08037,1.77917,119,0.07521,1
上游股价,水産・農林業,パルプ・紙,6,1,H2,-0.07583,-1.32819,119,0.18412,1
上游股价,水産・農林業,パルプ・紙,6,3,H1,0.15144,1.31026,119,0.19011,1
上游股价,水産・農林業,パルプ・紙,6,3,H2,-0.23085,-1.75665,117,0.07898,1
上游股价,水産・農林業,パルプ・紙,6,6,H1,0.18536,1.01268,119,0.31121,1
上游股价,水産・農林業,パルプ・紙,6,6,H2,-0.35345,-2.14267,114,0.03214,1
上游股价,サービス業,パルプ・紙,1,1,H1,0.40158,1.7475,119,0.08055,1
上游股价,サービス業,パルプ・紙,1,1,H2,0.07657,0.53289,119,0.59411,1
上游股价,サービス業,パルプ・紙,1,3,H1,0.52323,1.28885,119,0.19745,1
上游股价,サービス業,パルプ・紙,1,3,H2,0.20568,0.95448,117,0.33984,1
上游股价,サービス業,パルプ・紙,1,6,H1,-0.0237,-0.04164,119,0.96679,1
上游股价,サービス業,パルプ・紙,1,6,H2,0.02201,0.07443,114,0.94067,1
上游股价,サービス業,パルプ・紙,3,1,H1,0.16287,1.19963,119,0.23028,1
上游股价,サービス業,パルプ・紙,3,1,H2,0.07437,1.02345,119,0.30609,1
上游股价,サービス業,パルプ・紙,3,3,H1,0.0522,0.19744,119,0.84348,1
上游股价,サービス業,パルプ・紙,3,3,H2,0.16109,0.90955,117,0.36306,1
上游股价,サービス業,パルプ・紙,3,6,H1,-0.08176,-0.17709,119,0.85944,1
上游股价,サービス業,パルプ・紙,3,6,H2,0.16329,0.63836,114,0.52324,1
上游股价,サービス業,パルプ・紙,6,1,H1,0.01216,0.15919,119,0.87352,1
上游股价,サービス業,パルプ・紙,6,1,H2,0.00167,0.04213,119,0.9664,1
上游股价,サービス業,パルプ・紙,6,3,H1,-0.03639,-0.15261,119,0.87871,1
上游股价,サービス業,パルプ・紙,6,3,H2,0.06601,0.5716,117,0.56759,1
上游股价,サービス業,パルプ・紙,6,6,H1,-0.10889,-0.27094,119,0.78644,1
上游股价,サービス業,パルプ・紙,6,6,H2,0.23048,1.29496,114,0.19533,1
上游股价,ゴム製品,パルプ・紙,1,1,H1,0.05527,0.47205,119,0.63689,1
上游股价,ゴム製品,パルプ・紙,1,1,H2,0.08012,0.86669,119,0.38611,1
上游股价,ゴム製品,パルプ・紙,1,3,H1,0.29007,1.23378,119,0.21729,1
上游股价,ゴム製品,パルプ・紙,1,3,H2,-0.14356,-0.98579,117,0.32423,1
上游股价,ゴム製品,パルプ・紙,1,6,H1,0.16541,0.52985,119,0.59622,1
上游股价,ゴム製品,パルプ・紙,1,6,H2,-0.08253,-0.52957,114,0.59641,1
上游股价,ゴム製品,パルプ・紙,3,1,H1,0.08442,1.0409,119,0.29792,1
上游股价,ゴム製品,パルプ・紙,3,1,H2,-0.03738,-0.73888,119,0.45998,1
上游股价,ゴム製品,パルプ・紙,3,3,H1,0.20136,1.36726,119,0.17154,1
上游股价,ゴム製品,パルプ・紙,3,3,H2,-0.12684,-1.37987,117,0.16763,1
上游股价,ゴム製品,パルプ・紙,3,6,H1,-0.01247,-0.06574,119,0.94758,1
上游股价,ゴム製品,パルプ・紙,3,6,H2,-0.03531,-0.24018,114,0.81019,1
上游股价,ゴム製品,パルプ・紙,6,1,H1,0.02389,0.48164,119,0.63006,1
上游股价,ゴム製品,パルプ・紙,6,1,H2,-0.00087,-0.0224,119,0.98213,1
上游股价,ゴム製品,パルプ・紙,6,3,H1,-0.01203,-0.12192,119,0.90296,1
上游股价,ゴム製品,パルプ・紙,6,3,H2,0.00568,0.06998,117,0.94421,1
上游股价,ゴム製品,パルプ・紙,6,6,H1,-0.22237,-1.26199,119,0.20695,1
上游股价,ゴム製品,パルプ・紙,6,6,H2,-0.00025,-0.00181,114,0.99856,1
上游股价,化学,パルプ・紙,1,1,H1,0.00477,0.01276,119,0.98982,1
上游股价,化学,パルプ・紙,1,1,H2,0.37904,1.6931,119,0.09044,1
上游股价,化学,パルプ・紙,1,3,H1,0.10847,0.1883,119,0.85064,1
上游股价,化学,パルプ・紙,1,3,H2,0.30522,0.81614,117,0.41442,1
上游股价,化学,パルプ・紙,1,6,H1,0.42907,0.50881,119,0.61088,1
上游股价,化学,パルプ・紙,1,6,H2,0.49946,0.98918,114,0.32257,1
上游股价,化学,パルプ・紙,3,1,H1,-0.00877,-0.04578,119,0.96349,1
上游股价,化学,パルプ・紙,3,1,H2,0.12782,0.87434,119,0.38193,1
上游股价,化学,パルプ・紙,3,3,H1,0.2926,0.61283,119,0.53999,1
上游股价,化学,パルプ・紙,3,3,H2,-0.08422,-0.24577,117,0.80586,1
上游股价,化学,パルプ・紙,3,6,H1,0.18592,0.22203,119,0.82429,1
上游股价,化学,パルプ・紙,3,6,H2,0.18995,0.49249,114,0.62237,1
上游股价,化学,パルプ・紙,6,1,H1,0.05898,0.44829,119,0.65395,1
上游股价,化学,パルプ・紙,6,1,H2,0.08258,0.99705,119,0.31874,1
上游股价,化学,パルプ・紙,6,3,H1,0.06586,0.16877,119,0.86598,1
上游股价,化学,パルプ・紙,6,3,H2,0.03739,0.19664,117,0.84411,1
上游股价,化学,パルプ・紙,6,6,H1,0.05326,0.06896,119,0.94502,1
上游股价,化学,パルプ・紙,6,6,H2,0.22163,0.83775,114,0.40217,1
上游股价,医薬品,パルプ・紙,1,1,H1,0.08812,0.52449,119,0.59994,1
上游股价,医薬品,パルプ・紙,1,1,H2,0.09441,0.97138,119,0.33136,1
上游股价,医薬品,パルプ・紙,1,3,H1,0.17204,0.61662,119,0.53748,1
上游股价,医薬品,パルプ・紙,1,3,H2,-0.17509,-1.09556,117,0.27327,1
上游股价,医薬品,パルプ・紙,1,6,H1,0.18929,0.61419,119,0.53909,1
上游股价,医薬品,パルプ・紙,1,6,H2,-0.08744,-0.36556,114,0.7147,1
上游股价,医薬品,パルプ・紙,3,1,H1,0.0368,0.35387,119,0.72344,1
上游股价,医薬品,パルプ・紙,3,1,H2,-0.06363,-1.07834,119,0.28088,1
上游股价,医薬品,パルプ・紙,3,3,H1,0.20552,1.06617,119,0.28635,1
上游股价,医薬品,パルプ・紙,3,3,H2,-0.13815,-0.94235,117,0.34602,1
上游股价,医薬品,パルプ・紙,3,6,H1,-0.07041,-0.3317,119,0.74012,1
上游股价,医薬品,パルプ・紙,3,6,H2,-0.13544,-0.49567,114,0.62012,1
上游股价,医薬品,パルプ・紙,6,1,H1,0.01834,0.28903,119,0.77255,1
上游股价,医薬品,パルプ・紙,6,1,H2,-0.03108,-0.6604,119,0.509,1
上游股价,医薬品,パルプ・紙,6,3,H1,-0.06975,-0.50805,119,0.61142,1
上游股价,医薬品,パルプ・紙,6,3,H2,-0.08559,-0.65001,117,0.51569,1
上游股价,医薬品,パルプ・紙,6,6,H1,-0.35483,-2.10354,119,0.03542,1
上游股价,医薬品,パルプ・紙,6,6,H2,-0.0481,-0.26387,114,0.79188,1
上游股价,サービス業,不動産業,1,1,H1,-0.1806,-0.7838,119,0.43316,1
上游股价,サービス業,不動産業,1,1,H2,0.08006,0.92588,119,0.35451,1
上游股价,サービス業,不動産業,1,3,H1,-0.11648,-0.31034,119,0.7563,1
上游股价,サービス業,不動産業,1,3,H2,0.209,1.4526,117,0.14633,1
上游股价,サービス業,不動産業,1,6,H1,0.23113,0.49976,119,0.61725,1
上游股价,サービス業,不動産業,1,6,H2,0.32146,1.46208,114,0.14372,1
上游股价,サービス業,不動産業,3,1,H1,0.00084,0.00668,119,0.99467,1
上游股价,サービス業,不動産業,3,1,H2,0.05502,1.10669,119,0.26843,1
上游股价,サービス業,不動産業,3,3,H1,-0.20556,-0.71283,119,0.47595,1
上游股价,サービス業,不動産業,3,3,H2,0.18897,1.54928,117,0.12131,1
上游股价,サービス業,不動産業,3,6,H1,0.50905,1.35314,119,0.17601,1
上游股价,サービス業,不動産業,3,6,H2,0.2912,1.57256,114,0.11582,1
上游股价,サービス業,不動産業,6,1,H1,0.03937,0.57132,119,0.56778,1
上游股价,サービス業,不動産業,6,1,H2,0.04174,1.39241,119,0.1638,1
上游股价,サービス業,不動産業,6,3,H1,0.23979,1.49199,119,0.1357,1
上游股价,サービス業,不動産業,6,3,H2,0.1477,1.71567,117,0.08622,1
上游股价,サービス業,不動産業,6,6,H1,0.8056,2.18862,119,0.02862,1
上游股价,サービス業,不動産業,6,6,H2,0.18732,1.24117,114,0.21454,1
上游股价,その他金融業,不動産業,1,1,H1,-0.05341,-0.56051,119,0.57513,1
上游股价,その他金融業,不動産業,1,1,H2,-0.16379,-1.77351,119,0.07614,1
上游股价,その他金融業,不動産業,1,3,H1,-0.01469,-0.08486,119,0.93237,1
上游股价,その他金融業,不動産業,1,3,H2,-0.11972,-0.70408,117,0.48139,1
上游股价,その他金融業,不動産業,1,6,H1,0.2022,0.78975,119,0.42967,1
上游股价,その他金融業,不動産業,1,6,H2,-0.0774,-0.2964,114,0.76692,1
上游股价,その他金融業,不動産業,3,1,H1,-0.023,-0.38675,119,0.69894,1
上游股价,その他金融業,不動産業,3,1,H2,-0.06679,-0.87794,119,0.37998,1
上游股价,その他金融業,不動産業,3,3,H1,0.03153,0.18765,119,0.85115,1
上游股价,その他金融業,不動産業,3,3,H2,0.01147,0.06156,117,0.95091,1
上游股价,その他金融業,不動産業,3,6,H1,0.199,0.79147,119,0.42867,1
上游股价,その他金融業,不動産業,3,6,H2,-0.16769,-0.58954,114,0.5555,1
上游股价,その他金融業,不動産業,6,1,H1,0.03693,0.84545,119,0.39786,1
上游股价,その他金融業,不動産業,6,1,H2,-0.04521,-0.78194,119,0.43425,1
上游股价,その他金融業,不動産業,6,3,H1,0.11066,0.93162,119,0.35153,1
上游股价,その他金融業,不動産業,6,3,H2,-0.05099,-0.32553,117,0.74478,1
上游股价,その他金融業,不動産業,6,6,H1,0.25965,1.29903,119,0.19393,1
上游股价,その他金融業,不動産業,6,6,H2,-0.12599,-0.47747,114,0.63302,1
上游股价,保険業,不動産業,1,1,H1,-0.09963,-0.85585,119,0.39208,1
上游股价,保険業,不動産業,1,1,H2,-0.01,-0.15442,119,0.87728,1
上游股价,保険業,不動産業,1,3,H1,-0.07128,-0.39336,119,0.69406,1
上游股价,保険業,不動産業,1,3,H2,-0.11992,-1.14873,117,0.25067,1
上游股价,保険業,不動産業,1,6,H1,-0.17991,-0.62602,119,0.5313,1
上游股价,保険業,不動産業,1,6,H2,-0.08888,-0.69678,114,0.48594,1
上游股价,保険業,不動産業,3,1,H1,-0.00413,-0.05918,119,0.95281,1
上游股价,保険業,不動産業,3,1,H2,-0.05807,-1.3671,119,0.17159,1
上游股价,保険業,不動産業,3,3,H1,0.0382,0.21122,119,0.83272,1
上游股价,保険業,不動産業,3,3,H2,-0.08794,-1.00178,117,0.31645,1
上游股价,保険業,不動産業,3,6,H1,-0.15156,-0.41027,119,0.6816,1
上游股价,保険業,不動産業,3,6,H2,-0.12118,-1.16176,114,0.24533,1
上游股价,保険業,不動産業,6,1,H1,-0.04813,-0.84257,119,0.39947,1
上游股价,保険業,不動産業,6,1,H2,-0.04422,-1.25631,119,0.209,1
上游股价,保険業,不動産業,6,3,H1,-0.05183,-0.36725,119,0.71344,1
上游股价,保険業,不動産業,6,3,H2,-0.10499,-1.48059,117,0.13872,1
上游股价,保険業,不動産業,6,6,H1,-0.16449,-0.59327,119,0.553,1
上游股价,保険業,不動産業,6,6,H2,-0.03359,-0.25772,114,0.79662,1
上游股价,証券、商品先物取引業,不動産業,1,1,H1,-0.03951,-0.4126,119,0.6799,1
上游股价,証券、商品先物取引業,不動産業,1,1,H2,-0.02514,-0.37411,119,0.70832,1
上游股价,証券、商品先物取引業,不動産業,1,3,H1,0.06111,0.298,119,0.7657,1
上游股价,証券、商品先物取引業,不動産業,1,3,H2,-0.01634,-0.12547,117,0.90015,1
上游股价,証券、商品先物取引業,不動産業,1,6,H1,0.10411,0.41326,119,0.67941,1
上游股价,証券、商品先物取引業,不動産業,1,6,H2,-0.02786,-0.14303,114,0.88626,1
上游股价,証券、商品先物取引業,不動産業,3,1,H1,0.00356,0.06171,119,0.95079,1
上游股价,証券、商品先物取引業,不動産業,3,1,H2,-0.0071,-0.21903,119,0.82663,1
上游股价,証券、商品先物取引業,不動産業,3,3,H1,0.06582,0.49668,119,0.61941,1
上游股价,証券、商品先物取引業,不動産業,3,3,H2,-0.00543,-0.06555,117,0.94774,1
上游股价,証券、商品先物取引業,不動産業,3,6,H1,0.1034,0.67426,119,0.50015,1
上游股价,証券、商品先物取引業,不動産業,3,6,H2,-0.01052,-0.08178,114,0.93482,1
上游股价,証券、商品先物取引業,不動産業,6,1,H1,0.02227,0.62877,119,0.5295,1
上游股价,証券、商品先物取引業,不動産業,6,1,H2,-0.00769,-0.3137,119,0.75375,1
上游股价,証券、商品先物取引業,不動産業,6,3,H1,0.06067,0.87383,119,0.38221,1
上游股价,証券、商品先物取引業,不動産業,6,3,H2,0.00777,0.11476,117,0.90864,1
上游股价,証券、商品先物取引業,不動産業,6,6,H1,0.10762,1.07968,119,0.28029,1
上游股价,証券、商品先物取引業,不動産業,6,6,H2,0.01899,0.18102,114,0.85635,1
上游股价,銀行業,不動産業,1,1,H1,-0.12385,-1.03165,119,0.30224,1
上游股价,銀行業,不動産業,1,1,H2,-0.03456,-0.76557,119,0.44393,1
上游股价,銀行業,不動産業,1,3,H1,-0.25381,-1.38804,119,0.16513,1
上游股价,銀行業,不動産業,1,3,H2,-0.08667,-0.97657,117,0.32878,1
上游股价,銀行業,不動産業,1,6,H1,-0.00984,-0.03489,119,0.97217,1
上游股价,銀行業,不動産業,1,6,H2,-0.19086,-1.15278,114,0.249,1
上游股价,銀行業,不動産業,3,1,H1,-0.09683,-1.3179,119,0.18754,1
上游股价,銀行業,不動産業,3,1,H2,-0.02504,-0.86973,119,0.38445,1
上游股价,銀行業,不動産業,3,3,H1,-0.23077,-1.21944,119,0.22268,1
上游股价,銀行業,不動産業,3,3,H2,-0.1325,-1.84998,117,0.06432,1
上游股价,銀行業,不動産業,3,6,H1,0.18727,0.55346,119,0.57995,1
上游股价,銀行業,不動産業,3,6,H2,-0.19549,-1.74974,114,0.08016,1
上游股价,銀行業,不動産業,6,1,H1,-0.0008,-0.01523,119,0.98785,1
上游股价,銀行業,不動産業,6,1,H2,-0.03177,-1.46919,119,0.14178,1
上游股价,銀行業,不動産業,6,3,H1,0.09814,0.6337,119,0.52628,1
上游股价,銀行業,不動産業,6,3,H2,-0.1098,-1.98548,117,0.04709,1
上游股价,銀行業,不動産業,6,6,H1,0.26839,0.96374,119,0.33518,1
上游股价,銀行業,不動産業,6,6,H2,-0.15503,-1.636,114,0.10184,1
上游股价,建設業,不動産業,1,1,H1,-0.22327,-1.42159,119,0.15514,1
上游股价,建設業,不動産業,1,1,H2,0.055,0.54808,119,0.58364,1
上游股价,建設業,不動産業,1,3,H1,-0.34105,-1.25,119,0.2113,1
上游股价,建設業,不動産業,1,3,H2,0.0313,0.1568,117,0.8754,1
上游股价,建設業,不動産業,1,6,H1,-0.2564,-0.77428,119,0.43877,1
上游股价,建設業,不動産業,1,6,H2,-0.38755,-1.49181,114,0.13575,1
上游股价,建設業,不動産業,3,1,H1,-0.14249,-1.34021,119,0.18018,1
上游股价,建設業,不動産業,3,1,H2,0.00993,0.17372,119,0.86209,1
上游股价,建設業,不動産業,3,3,H1,-0.22058,-1.01977,119,0.30784,1
上游股价,建設業,不動産業,3,3,H2,-0.07721,-0.64095,117,0.52156,1
上游股价,建設業,不動産業,3,6,H1,0.00184,0.00704,119,0.99438,1
上游股价,建設業,不動産業,3,6,H2,-0.19774,-0.78803,114,0.43068,1
上游股价,建設業,不動産業,6,1,H1,-0.03421,-0.55563,119,0.57847,1
上游股价,建設業,不動産業,6,1,H2,-0.02839,-0.70102,119,0.48329,1
上游股价,建設業,不動産業,6,3,H1,0.03087,0.20349,119,0.83875,1
上游股价,建設業,不動産業,6,3,H2,-0.08852,-0.83816,117,0.40194,1
上游股价,建設業,不動産業,6,6,H1,0.23002,1.06107,119,0.28866,1
上游股价,建設業,不動産業,6,6,H2,-0.1366,-0.69765,114,0.48539,1
上游股价,サービス業,保険業,1,1,H1,-0.23296,-1.36769,119,0.17141,1
上游股价,サービス業,保険業,1,1,H2,-0.14553,-1.07509,119,0.28233,1
上游股价,サービス業,保険業,1,3,H1,-0.08328,-0.30844,119,0.75775,1
上游股价,サービス業,保険業,1,3,H2,0.14315,0.77415,117,0.43884,1
上游股价,サービス業,保険業,1,6,H1,-0.04558,-0.11725,119,0.90667,1
上游股价,サービス業,保険業,1,6,H2,-0.25176,-1.18295,114,0.23683,1
上游股价,サービス業,保険業,3,1,H1,-0.00359,-0.03719,119,0.97033,1
上游股价,サービス業,保険業,3,1,H2,0.02608,0.36942,119,0.71182,1
上游股价,サービス業,保険業,3,3,H1,0.072,0.42316,119,0.67218,1
上游股价,サービス業,保険業,3,3,H2,0.03373,0.28842,117,0.77302,1
上游股价,サービス業,保険業,3,6,H1,-0.03649,-0.12516,119,0.9004,1
上游股价,サービス業,保険業,3,6,H2,-0.20901,-1.48928,114,0.13641,1
上游股价,サービス業,保険業,6,1,H1,0.00845,0.12205,119,0.90286,1
上游股价,サービス業,保険業,6,1,H2,-0.03524,-1.18388,119,0.23646,1
上游股价,サービス業,保険業,6,3,H1,-0.02101,-0.13204,119,0.89495,1
上游股价,サービス業,保険業,6,3,H2,-0.07331,-1.13812,117,0.25507,1
上游股价,サービス業,保険業,6,6,H1,-0.21831,-0.89496,119,0.37081,1
上游股价,サービス業,保険業,6,6,H2,-0.20681,-1.41813,114,0.15615,1
上游股价,情報・通信業,保険業,1,1,H1,0.01081,0.05445,119,0.95658,1
上游股价,情報・通信業,保険業,1,1,H2,-0.07912,-0.64154,119,0.52117,1
上游股价,情報・通信業,保険業,1,3,H1,0.0771,0.27542,119,0.78299,1
上游股价,情報・通信業,保険業,1,3,H2,0.18203,0.92755,117,0.35364,1
上游股价,情報・通信業,保険業,1,6,H1,0.24962,0.49106,119,0.62339,1
上游股价,情報・通信業,保険業,1,6,H2,-0.01432,-0.08112,114,0.93535,1
上游股价,情報・通信業,保険業,3,1,H1,0.03123,0.29033,119,0.77156,1
上游股价,情報・通信業,保険業,3,1,H2,0.05045,0.8179,119,0.41341,1
上游股价,情報・通信業,保険業,3,3,H1,0.14548,0.62733,119,0.53044,1
上游股价,情報・通信業,保険業,3,3,H2,0.09468,1.02134,117,0.30709,1
上游股价,情報・通信業,保険業,3,6,H1,0.10962,0.26721,119,0.78931,1
上游股价,情報・通信業,保険業,3,6,H2,-0.10598,-0.88516,114,0.37607,1
上游股价,情報・通信業,保険業,6,1,H1,0.02518,0.34301,119,0.73159,1
上游股价,情報・通信業,保険業,6,1,H2,-0.00679,-0.26722,119,0.7893,1
上游股价,情報・通信業,保険業,6,3,H1,0.05999,0.30572,119,0.75982,1
上游股价,情報・通信業,保険業,6,3,H2,-0.02928,-0.58224,117,0.56041,1
上游股价,情報・通信業,保険業,6,6,H1,-0.02588,-0.08661,119,0.93098,1
上游股价,情報・通信業,保険業,6,6,H2,-0.16089,-1.5568,114,0.11952,1
上游股价,不動産業,保険業,1,1,H1,-0.12997,-1.44962,119,0.14716,1
上游股价,不動産業,保険業,1,1,H2,-0.25906,-2.16708,119,0.03023,1
上游股价,不動産業,保険業,1,3,H1,-0.17171,-1.22593,119,0.22023,1
上游股价,不動産業,保険業,1,3,H2,-0.02813,-0.15048,117,0.88039,1
上游股价,不動産業,保険業,1,6,H1,-0.02043,-0.13371,119,0.89363,1
上游股价,不動産業,保険業,1,6,H2,0.11446,0.49237,114,0.62245,1
上游股价,不動産業,保険業,3,1,H1,-0.0385,-0.71598,119,0.47401,1
上游股价,不動産業,保険業,3,1,H2,-0.02506,-0.35681,119,0.72123,1
上游股价,不動産業,保険業,3,3,H1,0.05037,0.56138,119,0.57454,1
上游股价,不動産業,保険業,3,3,H2,0.13798,0.87069,117,0.38392,1
上游股价,不動産業,保険業,3,6,H1,0.13658,1.05681,119,0.2906,1
上游股价,不動産業,保険業,3,6,H2,0.35771,1.87445,114,0.06087,1
上游股价,不動産業,保険業,6,1,H1,-0.00384,-0.14234,119,0.88681,1
上游股价,不動産業,保険業,6,1,H2,0.02836,0.68515,119,0.49325,1
上游股价,不動産業,保険業,6,3,H1,0.05711,1.01952,119,0.30795,1
上游股价,不動産業,保険業,6,3,H2,0.19718,1.89056,117,0.05868,1
上游股价,不動産業,保険業,6,6,H1,0.08111,0.72836,119,0.46639,1
上游股价,不動産業,保険業,6,6,H2,0.3464,1.72028,114,0.08538,1
上游股价,その他製品,保険業,1,1,H1,0.11734,0.54364,119,0.58669,1
上游股价,その他製品,保険業,1,1,H2,0.05089,0.22738,119,0.82013,1
上游股价,その他製品,保険業,1,3,H1,0.39725,1.11511,119,0.2648,1
上游股价,その他製品,保険業,1,3,H2,-0.13815,-0.41938,117,0.67494,1
上游股价,その他製品,保険業,1,6,H1,0.79771,1.35222,119,0.17631,1
上游股价,その他製品,保険業,1,6,H2,-0.32115,-0.74585,114,0.45576,1
上游股价,その他製品,保険業,3,1,H1,0.10677,0.84813,119,0.39637,1
上游股价,その他製品,保険業,3,1,H2,-0.07481,-0.60801,119,0.54318,1
上游股价,その他製品,保険業,3,3,H1,0.27709,1.08422,119,0.27827,1
上游股价,その他製品,保険業,3,3,H2,-0.29483,-1.42897,117,0.15301,1
上游股价,その他製品,保険業,3,6,H1,0.53351,1.22076,119,0.22218,1
上游股价,その他製品,保険業,3,6,H2,-0.27461,-0.77284,114,0.43962,1
上游股价,その他製品,保険業,6,1,H1,0.11335,1.20781,119,0.22712,1
上游股价,その他製品,保険業,6,1,H2,-0.0424,-0.6998,119,0.48405,1
上游股价,その他製品,保険業,6,3,H1,0.26102,1.26322,119,0.20651,1
上游股价,その他製品,保険業,6,3,H2,-0.11216,-0.73896,117,0.45993,1
上游股价,その他製品,保険業,6,6,H1,0.62676,2.36621,119,0.01797,1
上游股价,その他製品,保険業,6,6,H2,-0.09284,-0.40308,114,0.68689,1
上游股价,サービス業,化学,1,1,H1,0.04526,0.86882,119,0.38495,1
上游股价,サービス業,化学,1,1,H2,0.03369,0.60908,119,0.54247,1
上游股价,サービス業,化学,1,3,H1,0.06201,0.7911,119,0.42888,1
上游股价,サービス業,化学,1,3,H2,0.06403,0.79005,117,0.4295,1
上游股价,サービス業,化学,1,6,H1,0.04585,0.40805,119,0.68324,1
上游股价,サービス業,化学,1,6,H2,0.08061,0.77216,114,0.44002,1
上游股价,サービス業,化学,3,1,H1,0.01936,0.71622,119,0.47385,1
上游股价,サービス業,化学,3,1,H2,0.02126,0.85067,119,0.39495,1
上游股价,サービス業,化学,3,3,H1,0.0545,0.86087,119,0.38931,1
上游股价,サービス業,化学,3,3,H2,-0.04105,-0.59804,117,0.54981,1
上游股价,サービス業,化学,3,6,H1,-0.01961,-0.24526,119,0.80625,1
上游股价,サービス業,化学,3,6,H2,-0.00425,-0.04168,114,0.96675,1
上游股价,サービス業,化学,6,1,H1,0.00945,0.53495,119,0.59268,1
上游股价,サービス業,化学,6,1,H2,0.01155,0.67314,119,0.50086,1
上游股价,サービス業,化学,6,3,H1,-0.00694,-0.1536,119,0.87793,1
上游股价,サービス業,化学,6,3,H2,-0.00915,-0.20229,117,0.83969,1
上游股价,サービス業,化学,6,6,H1,-0.06682,-0.84905,119,0.39585,1
上游股价,サービス業,化学,6,6,H2,-0.01009,-0.13483,114,0.89275,1
上游股价,石油・石炭製品,化学,1,1,H1,-0.02091,-0.88779,119,0.37465,1
上游股价,石油・石炭製品,化学,1,1,H2,-0.01537,-0.56332,119,0.57321,1
上游股价,石油・石炭製品,化学,1,3,H1,-0.04511,-1.35891,119,0.17418,1
上游股价,石油・石炭製品,化学,1,3,H2,-0.05291,-1.26343,117,0.20643,1
上游股价,石油・石炭製品,化学,1,6,H1,0.01616,0.35442,119,0.72303,1
上游股价,石油・石炭製品,化学,1,6,H2,-0.04479,-0.71047,114,0.47741,1
上游股价,石油・石炭製品,化学,3,1,H1,-0.01077,-1.10079,119,0.27099,1
上游股价,石油・石炭製品,化学,3,1,H2,-0.01082,-0.84374,119,0.39882,1
上游股价,石油・石炭製品,化学,3,3,H1,-0.00033,-0.01369,119,0.98907,1
上游股价,石油・石炭製品,化学,3,3,H2,-0.02499,-1.01425,117,0.31046,1
上游股价,石油・石炭製品,化学,3,6,H1,0.04017,1.52747,119,0.12664,1
上游股价,石油・石炭製品,化学,3,6,H2,-0.01431,-0.43748,114,0.66177,1
上游股价,石油・石炭製品,化学,6,1,H1,0.00734,0.99846,119,0.31806,1
上游股价,石油・石炭製品,化学,6,1,H2,-0.00543,-0.76536,119,0.44406,1
上游股价,石油・石炭製品,化学,6,3,H1,0.02929,1.80703,119,0.07076,1
上游股价,石油・石炭製品,化学,6,3,H2,-0.00612,-0.38915,117,0.69717,1
上游股价,石油・石炭製品,化学,6,6,H1,0.05161,2.07023,119,0.03843,1
上游股价,石油・石炭製品,化学,6,6,H2,0.00326,0.12904,114,0.89732,1
上游股价,ゴム製品,化学,1,1,H1,-0.061,-2.73059,119,0.00632,1
上游股价,ゴム製品,化学,1,1,H2,-0.05441,-1.74549,119,0.0809,1
上游股价,ゴム製品,化学,1,3,H1,-0.01813,-0.39126,119,0.6956,1
上游股价,ゴム製品,化学,1,3,H2,-0.09104,-2.02998,117,0.04236,1
上游股价,ゴム製品,化学,1,6,H1,-0.05726,-1.16829,119,0.24269,1
上游股价,ゴム製品,化学,1,6,H2,0.01398,0.18211,114,0.8555,1
上游股价,ゴム製品,化学,3,1,H1,-0.00367,-0.23522,119,0.81404,1
上游股价,ゴム製品,化学,3,1,H2,-0.03477,-2.16686,119,0.03025,1
上游股价,ゴム製品,化学,3,3,H1,0.00988,0.29106,119,0.771,1
上游股价,ゴム製品,化学,3,3,H2,-0.03158,-0.89726,117,0.36958,1
上游股价,ゴム製品,化学,3,6,H1,-0.05147,-1.00791,119,0.3135,1
上游股价,ゴム製品,化学,3,6,H2,0.05624,0.79952,114,0.42399,1
上游股价,ゴム製品,化学,6,1,H1,-0.01132,-1.03101,119,0.30254,1
上游股价,ゴム製品,化学,6,1,H2,-0.0003,-0.0233,119,0.98141,1
上游股价,ゴム製品,化学,6,3,H1,-0.03163,-0.97111,119,0.3315,1
上游股价,ゴム製品,化学,6,3,H2,0.0182,0.5291,117,0.59674,1
上游股价,ゴム製品,化学,6,6,H1,-0.09872,-2.01436,119,0.04397,1
上游股价,ゴム製品,化学,6,6,H2,0.07706,1.27423,114,0.20258,1
上游股价,電気・ガス業,化学,1,1,H1,0.01614,0.76306,119,0.44543,1
上游股价,電気・ガス業,化学,1,1,H2,-0.00477,-0.13754,119,0.8906,1
上游股价,電気・ガス業,化学,1,3,H1,0.03053,0.84731,119,0.39682,1
上游股价,電気・ガス業,化学,1,3,H2,0.07879,1.59303,117,0.11115,1
上游股价,電気・ガス業,化学,1,6,H1,0.00837,0.15533,119,0.87656,1
上游股价,電気・ガス業,化学,1,6,H2,0.08897,1.31162,114,0.18965,1
上游股价,電気・ガス業,化学,3,1,H1,0.01022,0.98555,119,0.32435,1
上游股价,電気・ガス業,化学,3,1,H2,0.02566,1.53649,119,0.12442,1
上游股价,電気・ガス業,化学,3,3,H1,0.01166,0.44476,119,0.65649,1
上游股价,電気・ガス業,化学,3,3,H2,0.0703,2.0968,117,0.03601,1
上游股价,電気・ガス業,化学,3,6,H1,0.01476,0.41259,119,0.67991,1
上游股价,電気・ガス業,化学,3,6,H2,0.02657,0.53515,114,0.59255,1
上游股价,電気・ガス業,化学,6,1,H1,0.00245,0.35561,119,0.72214,1
上游股价,電気・ガス業,化学,6,1,H2,0.01412,1.17829,119,0.23868,1
上游股价,電気・ガス業,化学,6,3,H1,0.00721,0.45861,119,0.64651,1
上游股价,電気・ガス業,化学,6,3,H2,0.01925,0.6258,117,0.53145,1
上游股价,電気・ガス業,化学,6,6,H1,0.03203,1.19454,119,0.23227,1
上游股价,電気・ガス業,化学,6,6,H2,0.00202,0.04257,114,0.96604,1
上游股价,卸売業,化学,1,1,H1,0.01334,0.14961,119,0.88107,1
上游股价,卸売業,化学,1,1,H2,-0.06055,-0.53169,119,0.59494,1
上游股价,卸売業,化学,1,3,H1,-0.08367,-0.71483,119,0.47471,1
上游股价,卸売業,化学,1,3,H2,0.0409,0.25865,117,0.7959,1
上游股价,卸売業,化学,1,6,H1,-0.22528,-1.15981,119,0.24612,1
上游股价,卸売業,化学,1,6,H2,0.00964,0.04112,114,0.9672,1
上游股价,卸売業,化学,3,1,H1,-0.02055,-0.56163,119,0.57437,1
上游股价,卸売業,化学,3,1,H2,-0.00065,-0.01016,119,0.9919,1
上游股价,卸売業,化学,3,3,H1,-0.12094,-1.05913,119,0.28954,1
上游股价,卸売業,化学,3,3,H2,0.10161,0.64121,117,0.52139,1
上游股价,卸売業,化学,3,6,H1,-0.12812,-0.73775,119,0.46067,1
上游股价,卸売業,化学,3,6,H2,-0.12303,-0.50721,114,0.61201,1
上游股价,卸売業,化学,6,1,H1,-0.02433,-0.86961,119,0.38451,1
上游股价,卸売業,化学,6,1,H2,0.00385,0.08363,119,0.93335,1
上游股价,卸売業,化学,6,3,H1,-0.04667,-0.60186,119,0.54727,1
上游股价,卸売業,化学,6,3,H2,-0.05245,-0.46925,117,0.63889,1
上游股价,卸売業,化学,6,6,H1,-0.09571,-0.5659,119,0.57146,1
上游股价,卸売業,化学,6,6,H2,-0.25144,-1.41124,114,0.15817,1
上游股价,小売業,化学,1,1,H1,0.0649,1.33697,119,0.18123,1
上游股价,小売業,化学,1,1,H2,-0.06424,-0.97147,119,0.33132,1
上游股价,小売業,化学,1,3,H1,0.02561,0.33683,119,0.73625,1
上游股价,小売業,化学,1,3,H2,0.08128,1.08575,117,0.27759,1
上游股价,小売業,化学,1,6,H1,-0.08827,-0.72226,119,0.47014,1
上游股价,小売業,化学,1,6,H2,-0.00827,-0.06653,114,0.94696,1
上游股价,小売業,化学,3,1,H1,0.00954,0.49369,119,0.62152,1
上游股价,小売業,化学,3,1,H2,0.0354,0.92317,119,0.35592,1
上游股价,小売業,化学,3,3,H1,0.01716,0.29865,119,0.76521,1
上游股价,小売業,化学,3,3,H2,0.0046,0.04628,117,0.96308,1
上游股价,小売業,化学,3,6,H1,-0.0913,-1.08164,119,0.27941,1
上游股价,小売業,化学,3,6,H2,-0.11884,-0.75131,114,0.45247,1
上游股价,小売業,化学,6,1,H1,-0.00818,-0.51786,119,0.60455,1
上游股价,小売業,化学,6,1,H2,-0.00059,-0.01998,119,0.98406,1
上游股价,小売業,化学,6,3,H1,-0.0426,-1.20502,119,0.2282,1
上游股价,小売業,化学,6,3,H2,-0.0605,-0.81405,117,0.41562,1
上游股价,小売業,化学,6,6,H1,-0.0941,-1.34474,119,0.17871,1
上游股价,小売業,化学,6,6,H2,-0.1525,-1.41997,114,0.15562,1
上游股价,パルプ・紙,化学,1,1,H1,0.01858,0.94765,119,0.34331,1
上游股价,パルプ・紙,化学,1,1,H2,0.0082,0.25748,119,0.79681,1
上游股价,パルプ・紙,化学,1,3,H1,0.03866,1.09923,119,0.27167,1
上游股价,パルプ・紙,化学,1,3,H2,0.00791,0.17023,117,0.86483,1
上游股价,パルプ・紙,化学,1,6,H1,-0.01117,-0.18164,119,0.85586,1
上游股价,パルプ・紙,化学,1,6,H2,0.01463,0.24765,114,0.8044,1
上游股价,パルプ・紙,化学,3,1,H1,0.01368,1.04671,119,0.29523,1
上游股价,パルプ・紙,化学,3,1,H2,0.0036,0.19029,119,0.84908,1
上游股价,パルプ・紙,化学,3,3,H1,-0.00919,-0.26442,119,0.79146,1
上游股价,パルプ・紙,化学,3,3,H2,0.01035,0.27526,117,0.78312,1
上游股价,パルプ・紙,化学,3,6,H1,-0.03,-0.48186,119,0.6299,1
上游股价,パルプ・紙,化学,3,6,H2,-0.01442,-0.32811,114,0.74283,1
上游股价,パルプ・紙,化学,6,1,H1,-0.00195,-0.20665,119,0.83628,1
上游股价,パルプ・紙,化学,6,1,H2,0.00197,0.13799,119,0.89025,1
上游股价,パルプ・紙,化学,6,3,H1,-0.01257,-0.48602,119,0.62695,1
上游股价,パルプ・紙,化学,6,3,H2,0.00316,0.11111,117,0.91153,1
上游股价,パルプ・紙,化学,6,6,H1,0.00334,0.08849,119,0.92948,1
上游股价,パルプ・紙,化学,6,6,H2,0.00952,0.21132,114,0.83264,1
上游股价,サービス業,医薬品,1,1,H1,0.38014,2.66216,119,0.00776,1
上游股价,サービス業,医薬品,1,1,H2,-0.13253,-1.18865,119,0.23458,1
上游股价,サービス業,医薬品,1,3,H1,0.4556,1.37825,119,0.16813,1
上游股价,サービス業,医薬品,1,3,H2,-0.02317,-0.12992,117,0.89663,1
上游股价,サービス業,医薬品,1,6,H1,0.08643,0.22745,119,0.82007,1
上游股价,サービス業,医薬品,1,6,H2,0.11715,0.3293,114,0.74193,1
上游股价,サービス業,医薬品,3,1,H1,0.11358,1.16532,119,0.24389,1
上游股价,サービス業,医薬品,3,1,H2,0.00655,0.10998,119,0.91242,1
上游股价,サービス業,医薬品,3,3,H1,0.16167,0.73766,119,0.46072,1
上游股价,サービス業,医薬品,3,3,H2,0.05814,0.35667,117,0.72134,1
上游股价,サービス業,医薬品,3,6,H1,-0.2592,-1.27193,119,0.2034,1
上游股价,サービス業,医薬品,3,6,H2,0.2768,1.01762,114,0.30886,1
上游股价,サービス業,医薬品,6,1,H1,-0.00196,-0.04427,119,0.96469,1
上游股价,サービス業,医薬品,6,1,H2,0.02399,0.52156,119,0.60197,1
上游股价,サービス業,医薬品,6,3,H1,-0.12935,-1.395,119,0.16302,1
上游股价,サービス業,医薬品,6,3,H2,0.14188,1.3268,117,0.18457,1
上游股价,サービス業,医薬品,6,6,H1,-0.4074,-2.25502,119,0.02413,1
上游股价,サービス業,医薬品,6,6,H2,0.44115,2.49788,114,0.01249,1
上游股价,石油・石炭製品,医薬品,1,1,H1,-0.01713,-0.23863,119,0.81139,1
上游股价,石油・石炭製品,医薬品,1,1,H2,0.04932,0.86517,119,0.38695,1
上游股价,石油・石炭製品,医薬品,1,3,H1,-0.08165,-0.60147,119,0.54753,1
上游股价,石油・石炭製品,医薬品,1,3,H2,0.11674,1.1952,117,0.23201,1
上游股价,石油・石炭製品,医薬品,1,6,H1,0.12525,0.75632,119,0.44945,1
上游股价,石油・石炭製品,医薬品,1,6,H2,0.2279,1.43018,114,0.15266,1
上游股价,石油・石炭製品,医薬品,3,1,H1,-0.04081,-0.99482,119,0.31982,1
上游股价,石油・石炭製品,医薬品,3,1,H2,0.03232,1.40025,119,0.16144,1
上游股价,石油・石炭製品,医薬品,3,3,H1,-0.05402,-0.67309,119,0.50089,1
上游股价,石油・石炭製品,医薬品,3,3,H2,0.08164,1.40038,117,0.1614,1
上游股价,石油・石炭製品,医薬品,3,6,H1,0.07703,0.7724,119,0.43988,1
上游股价,石油・石炭製品,医薬品,3,6,H2,0.11133,1.15224,114,0.24922,1
上游股价,石油・石炭製品,医薬品,6,1,H1,0.00778,0.3073,119,0.75862,1
上游股价,石油・石炭製品,医薬品,6,1,H2,0.03267,1.71973,119,0.08548,1
上游股价,石油・石炭製品,医薬品,6,3,H1,0.02991,0.59682,119,0.55063,1
上游股价,石油・石炭製品,医薬品,6,3,H2,0.05643,1.1244,117,0.26084,1
上游股价,石油・石炭製品,医薬品,6,6,H1,0.06152,0.85043,119,0.39509,1
上游股价,石油・石炭製品,医薬品,6,6,H2,0.0631,0.71826,114,0.47259,1
上游股价,ゴム製品,医薬品,1,1,H1,-0.00926,-0.13162,119,0.89529,1
上游股价,ゴム製品,医薬品,1,1,H2,0.04593,0.53843,119,0.59028,1
上游股价,ゴム製品,医薬品,1,3,H1,0.26229,1.54939,119,0.12129,1
上游股价,ゴム製品,医薬品,1,3,H2,-0.01722,-0.13181,117,0.89514,1
上游股价,ゴム製品,医薬品,1,6,H1,0.31431,1.65543,119,0.09784,1
上游股价,ゴム製品,医薬品,1,6,H2,-0.15833,-1.04322,114,0.29685,1
上游股价,ゴム製品,医薬品,3,1,H1,0.1011,1.92221,119,0.05458,1
上游股价,ゴム製品,医薬品,3,1,H2,-0.00393,-0.07518,119,0.94007,1
上游股价,ゴム製品,医薬品,3,3,H1,0.25783,2.25303,119,0.02426,1
上游股价,ゴム製品,医薬品,3,3,H2,-0.02281,-0.22104,117,0.82506,1
上游股价,ゴム製品,医薬品,3,6,H1,0.20859,1.58089,119,0.1139,1
上游股价,ゴム製品,医薬品,3,6,H2,-0.20689,-1.33381,114,0.18227,1
上游股价,ゴム製品,医薬品,6,1,H1,0.05126,1.38724,119,0.16537,1
上游股价,ゴム製品,医薬品,6,1,H2,0.00946,0.28956,119,0.77216,1
上游股价,ゴム製品,医薬品,6,3,H1,0.10132,1.27919,119,0.20083,1
上游股价,ゴム製品,医薬品,6,3,H2,-0.03245,-0.42651,117,0.66974,1
上游股价,ゴム製品,医薬品,6,6,H1,-0.01164,-0.09906,119,0.92109,1
上游股价,ゴム製品,医薬品,6,6,H2,-0.17964,-1.0674,114,0.28579,1
上游股价,電気・ガス業,医薬品,1,1,H1,-0.03712,-0.58883,119,0.55598,1
上游股价,電気・ガス業,医薬品,1,1,H2,0.00124,0.0146,119,0.98835,1
上游股价,電気・ガス業,医薬品,1,3,H1,-0.00164,-0.01331,119,0.98938,1
上游股价,電気・ガス業,医薬品,1,3,H2,0.17257,1.34157,117,0.17974,1
上游股价,電気・ガス業,医薬品,1,6,H1,-0.10284,-0.72445,119,0.46879,1
上游股价,電気・ガス業,医薬品,1,6,H2,0.28352,1.32487,114,0.18521,1
上游股价,電気・ガス業,医薬品,3,1,H1,0.00564,0.14794,119,0.88239,1
上游股价,電気・ガス業,医薬品,3,1,H2,0.05512,1.53283,119,0.12532,1
上游股价,電気・ガス業,医薬品,3,3,H1,0.02456,0.30181,119,0.76279,1
上游股价,電気・ガス業,医薬品,3,3,H2,0.2323,2.44268,117,0.01458,1
上游股价,電気・ガス業,医薬品,3,6,H1,-0.06561,-0.94025,119,0.34709,1
上游股价,電気・ガス業,医薬品,3,6,H2,0.27764,1.57541,114,0.11516,1
上游股价,電気・ガス業,医薬品,6,1,H1,-0.01589,-0.63294,119,0.52677,1
上游股价,電気・ガス業,医薬品,6,1,H2,0.04692,1.57057,119,0.11628,1
上游股价,電気・ガス業,医薬品,6,3,H1,-0.03592,-0.76009,119,0.4472,1
上游股价,電気・ガス業,医薬品,6,3,H2,0.13543,1.72607,117,0.08433,1
上游股价,電気・ガス業,医薬品,6,6,H1,0.00602,0.09758,119,0.92226,1
上游股价,電気・ガス業,医薬品,6,6,H2,0.07521,0.533,114,0.59404,1
上游股价,卸売業,医薬品,1,1,H1,0.26707,0.95414,119,0.34001,1
上游股价,卸売業,医薬品,1,1,H2,-0.12236,-0.46384,119,0.64276,1
上游股价,卸売業,医薬品,1,3,H1,0.02384,0.04929,119,0.96069,1
上游股价,卸売業,医薬品,1,3,H2,-0.09427,-0.2274,117,0.82012,1
上游股价,卸売業,医薬品,1,6,H1,0.17058,0.25999,119,0.79487,1
上游股价,卸売業,医薬品,1,6,H2,-0.86458,-1.47346,114,0.14063,1
上游股价,卸売業,医薬品,3,1,H1,-0.04225,-0.30885,119,0.75743,1
上游股价,卸売業,医薬品,3,1,H2,0.04818,0.30677,119,0.75902,1
上游股价,卸売業,医薬品,3,3,H1,-0.08864,-0.30366,119,0.76139,1
上游股价,卸売業,医薬品,3,3,H2,-0.1335,-0.46061,117,0.64508,1
上游股价,卸売業,医薬品,3,6,H1,0.136,0.36308,119,0.71655,1
上游股价,卸売業,医薬品,3,6,H2,-0.70242,-1.26093,114,0.20733,1
上游股价,卸売業,医薬品,6,1,H1,-0.01133,-0.12412,119,0.90122,1
上游股价,卸売業,医薬品,6,1,H2,-0.05476,-0.52577,119,0.59905,1
上游股价,卸売業,医薬品,6,3,H1,0.06575,0.36834,119,0.71262,1
上游股价,卸売業,医薬品,6,3,H2,-0.26524,-1.19127,117,0.23355,1
上游股价,卸売業,医薬品,6,6,H1,0.29848,1.33343,119,0.18239,1
上游股价,卸売業,医薬品,6,6,H2,-0.63613,-1.3361,114,0.18152,1
上游股价,小売業,医薬品,1,1,H1,0.29633,2.08854,119,0.03675,1
上游股价,小売業,医薬品,1,1,H2,-0.1871,-1.1857,119,0.23574,1
上游股价,小売業,医薬品,1,3,H1,0.52814,1.93836,119,0.05258,1
上游股价,小売業,医薬品,1,3,H2,-0.17626,-0.90883,117,0.36344,1
上游股价,小売業,医薬品,1,6,H1,0.19109,0.70846,119,0.47866,1
上游股价,小売業,医薬品,1,6,H2,-0.42841,-1.20455,114,0.22838,1
上游股价,小売業,医薬品,3,1,H1,0.12239,1.71655,119,0.08606,1
上游股价,小売業,医薬品,3,1,H2,-0.02727,-0.30644,119,0.75927,1
上游股价,小売業,医薬品,3,3,H1,0.17337,1.28323,119,0.19941,1
上游股价,小売業,医薬品,3,3,H2,-0.10351,-0.51009,117,0.60999,1
上游股价,小売業,医薬品,3,6,H1,-0.13759,-0.85221,119,0.3941,1
上游股价,小売業,医薬品,3,6,H2,-0.26347,-0.70732,114,0.47937,1
上游股价,小売業,医薬品,6,1,H1,-0.00095,-0.02178,119,0.98262,1
上游股价,小売業,医薬品,6,1,H2,-0.07209,-0.92972,119,0.35252,1
上游股价,小売業,医薬品,6,3,H1,-0.05867,-0.60294,119,0.54655,1
上游股价,小売業,医薬品,6,3,H2,-0.09936,-0.49468,117,0.62083,1
上游股价,小売業,医薬品,6,6,H1,-0.15061,-1.01781,119,0.30877,1
上游股价,小売業,医薬品,6,6,H2,-0.13459,-0.36433,114,0.71561,1
上游股价,パルプ・紙,医薬品,1,1,H1,0.0128,0.22015,119,0.82575,1
上游股价,パルプ・紙,医薬品,1,1,H2,0.10751,1.27106,119,0.20371,1
上游股价,パルプ・紙,医薬品,1,3,H1,0.21699,1.80244,119,0.07148,1
上游股价,パルプ・紙,医薬品,1,3,H2,0.06609,0.45011,117,0.65263,1
上游股价,パルプ・紙,医薬品,1,6,H1,0.17472,0.93278,119,0.35093,1
上游股价,パルプ・紙,医薬品,1,6,H2,-0.09859,-0.48314,114,0.62899,1
上游股价,パルプ・紙,医薬品,3,1,H1,0.07175,1.93663,119,0.05279,1
上游股价,パルプ・紙,医薬品,3,1,H2,0.04359,0.76251,119,0.44576,1
上游股价,パルプ・紙,医薬品,3,3,H1,0.14434,1.31676,119,0.18792,1
上游股价,パルプ・紙,医薬品,3,3,H2,-0.00899,-0.07937,117,0.93674,1
上游股价,パルプ・紙,医薬品,3,6,H1,0.03776,0.25266,119,0.80053,1
上游股价,パルプ・紙,医薬品,3,6,H2,-0.09699,-0.57435,114,0.56573,1
上游股价,パルプ・紙,医薬品,6,1,H1,0.02552,0.84938,119,0.39567,1
上游股价,パルプ・紙,医薬品,6,1,H2,-0.02458,-0.55619,119,0.57808,1
上游股价,パルプ・紙,医薬品,6,3,H1,0.02116,0.28418,119,0.77628,1
上游股价,パルプ・紙,医薬品,6,3,H2,-0.08627,-0.88305,117,0.37721,1
上游股价,パルプ・紙,医薬品,6,6,H1,-0.00942,-0.12607,119,0.89967,1
上游股价,パルプ・紙,医薬品,6,6,H2,-0.04475,-0.27076,114,0.78657,1
上游股价,サービス業,卸売業,1,1,H1,0.09096,1.19614,119,0.23164,1
上游股价,サービス業,卸売業,1,1,H2,0.02733,0.59742,119,0.55023,1
上游股价,サービス業,卸売業,1,3,H1,0.07287,0.50952,119,0.61039,1
上游股价,サービス業,卸売業,1,3,H2,-0.03305,-0.4371,117,0.66204,1
上游股价,サービス業,卸売業,1,6,H1,-0.06389,-0.44489,119,0.6564,1
上游股价,サービス業,卸売業,1,6,H2,-0.04535,-0.46947,114,0.63873,1
上游股价,サービス業,卸売業,3,1,H1,0.02268,0.50066,119,0.61661,1
上游股价,サービス業,卸売業,3,1,H2,-0.00522,-0.22451,119,0.82236,1
上游股价,サービス業,卸売業,3,3,H1,0.03159,0.33904,119,0.73458,1
上游股价,サービス業,卸売業,3,3,H2,-0.01163,-0.21039,117,0.83336,1
上游股价,サービス業,卸売業,3,6,H1,-0.08155,-1.10649,119,0.26852,1
上游股价,サービス業,卸売業,3,6,H2,-0.02172,-0.27896,114,0.78028,1
上游股价,サービス業,卸売業,6,1,H1,-0.01098,-0.61702,119,0.53722,1
上游股价,サービス業,卸売業,6,1,H2,-0.00316,-0.20977,119,0.83385,1
上游股价,サービス業,卸売業,6,3,H1,-0.04608,-1.14449,119,0.25242,1
上游股价,サービス業,卸売業,6,3,H2,-0.01131,-0.33963,117,0.73413,1
上游股价,サービス業,卸売業,6,6,H1,-0.0738,-0.92752,119,0.35366,1
上游股价,サービス業,卸売業,6,6,H2,0.03016,0.48518,114,0.62755,1
上游股价,情報・通信業,卸売業,1,1,H1,0.12412,2.49514,119,0.01259,1
上游股价,情報・通信業,卸売業,1,1,H2,-0.01357,-0.32697,119,0.74369,1
上游股价,情報・通信業,卸売業,1,3,H1,-0.03707,-0.32077,119,0.74839,1
上游股价,情報・通信業,卸売業,1,3,H2,-0.00744,-0.11325,117,0.90984,1
上游股价,情報・通信業,卸売業,1,6,H1,-0.1857,-1.22632,119,0.22008,1
上游股价,情報・通信業,卸売業,1,6,H2,-0.00301,-0.03089,114,0.97536,1
上游股价,情報・通信業,卸売業,3,1,H1,-0.00473,-0.13259,119,0.89452,1
上游股价,情報・通信業,卸売業,3,1,H2,-0.00279,-0.15024,119,0.88057,1
上游股价,情報・通信業,卸売業,3,3,H1,-0.08012,-0.98775,119,0.32327,1
上游股价,情報・通信業,卸売業,3,3,H2,0.00375,0.07978,117,0.93641,1
上游股价,情報・通信業,卸売業,3,6,H1,-0.21569,-1.87722,119,0.06049,1
上游股价,情報・通信業,卸売業,3,6,H2,-0.03137,-0.442,114,0.65849,1
上游股价,情報・通信業,卸売業,6,1,H1,-0.02069,-0.86212,119,0.38862,1
上游股价,情報・通信業,卸売業,6,1,H2,-0.00093,-0.07932,119,0.93678,1
上游股价,情報・通信業,卸売業,6,3,H1,-0.11058,-1.69533,119,0.09001,1
上游股价,情報・通信業,卸売業,6,3,H2,-0.01133,-0.40411,117,0.68613,1
上游股价,情報・通信業,卸売業,6,6,H1,-0.17683,-1.63005,119,0.10309,1
上游股价,情報・通信業,卸売業,6,6,H2,-0.03623,-0.54016,114,0.58909,1
上游股价,不動産業,卸売業,1,1,H1,0.01528,0.39941,119,0.68959,1
上游股价,不動産業,卸売業,1,1,H2,0.04835,1.18925,119,0.23434,1
上游股价,不動産業,卸売業,1,3,H1,0.01097,0.14184,119,0.8872,1
上游股价,不動産業,卸売業,1,3,H2,-0.04697,-0.77402,117,0.43892,1
上游股价,不動産業,卸売業,1,6,H1,-0.11496,-0.97986,119,0.32716,1
上游股价,不動産業,卸売業,1,6,H2,-0.07295,-0.79574,114,0.42618,1
上游股价,不動産業,卸売業,3,1,H1,-0.00201,-0.07873,119,0.93725,1
上游股价,不動産業,卸売業,3,1,H2,-0.00758,-0.31196,119,0.75507,1
上游股价,不動産業,卸売業,3,3,H1,-0.02806,-0.47714,119,0.63326,1
上游股价,不動産業,卸売業,3,3,H2,-0.03766,-0.79541,117,0.42638,1
上游股价,不動産業,卸売業,3,6,H1,-0.1495,-1.73294,119,0.08311,1
上游股价,不動産業,卸売業,3,6,H2,0.01274,0.14145,114,0.88751,1
上游股价,不動産業,卸売業,6,1,H1,-0.01692,-1.09841,119,0.27203,1
上游股价,不動産業,卸売業,6,1,H2,-0.01473,-0.94607,119,0.34411,1
上游股价,不動産業,卸売業,6,3,H1,-0.06609,-1.94754,119,0.05147,1
上游股价,不動産業,卸売業,6,3,H2,-0.00658,-0.14104,117,0.88784,1
上游股价,不動産業,卸売業,6,6,H1,-0.1314,-2.23313,119,0.02554,1
上游股价,不動産業,卸売業,6,6,H2,0.05493,0.63716,114,0.52402,1
上游股价,電気・ガス業,卸売業,1,1,H1,-0.00285,-0.10175,119,0.91896,1
上游股价,電気・ガス業,卸売業,1,1,H2,0.02743,0.84036,119,0.40071,1
上游股价,電気・ガス業,卸売業,1,3,H1,-0.03608,-0.81537,119,0.41486,1
上游股价,電気・ガス業,卸売業,1,3,H2,-0.06358,-1.51664,117,0.12936,1
上游股价,電気・ガス業,卸売業,1,6,H1,-0.07824,-1.26025,119,0.20758,1
上游股价,電気・ガス業,卸売業,1,6,H2,0.00489,0.07959,114,0.93656,1
上游股价,電気・ガス業,卸売業,3,1,H1,-0.00446,-0.30527,119,0.76016,1
上游股价,電気・ガス業,卸売業,3,1,H2,-0.0244,-1.71942,119,0.08554,1
上游股价,電気・ガス業,卸売業,3,3,H1,-0.00119,-0.03157,119,0.97481,1
上游股价,電気・ガス業,卸売業,3,3,H2,-0.0287,-0.98364,117,0.32529,1
上游股价,電気・ガス業,卸売業,3,6,H1,-0.03098,-0.62466,119,0.53219,1
上游股价,電気・ガス業,卸売業,3,6,H2,-0.00033,-0.00621,114,0.99505,1
上游股价,電気・ガス業,卸売業,6,1,H1,-0.00779,-0.67262,119,0.50119,1
上游股价,電気・ガス業,卸売業,6,1,H2,-0.00087,-0.09844,119,0.92158,1
上游股价,電気・ガス業,卸売業,6,3,H1,-0.01834,-0.67699,119,0.49841,1
上游股价,電気・ガス業,卸売業,6,3,H2,-0.00521,-0.20937,117,0.83416,1
上游股价,電気・ガス業,卸売業,6,6,H1,0.00449,0.10006,119,0.9203,1
上游股价,電気・ガス業,卸売業,6,6,H2,-0.03915,-0.83596,114,0.40318,1
上游股价,サービス業,小売業,1,1,H1,0.11387,1.01447,119,0.31036,1
上游股价,サービス業,小売業,1,1,H2,-0.04431,-0.55265,119,0.5805,1
上游股价,サービス業,小売業,1,3,H1,0.10547,0.53059,119,0.5957,1
上游股价,サービス業,小売業,1,3,H2,-0.01207,-0.09588,117,0.92361,1
上游股价,サービス業,小売業,1,6,H1,-0.25622,-0.89885,119,0.36873,1
上游股价,サービス業,小売業,1,6,H2,-0.06327,-0.40709,114,0.68394,1
上游股价,サービス業,小売業,3,1,H1,0.0452,0.80385,119,0.42148,1
上游股价,サービス業,小売業,3,1,H2,-0.00218,-0.05939,119,0.95264,1
上游股价,サービス業,小売業,3,3,H1,-0.02006,-0.14964,119,0.88105,1
上游股价,サービス業,小売業,3,3,H2,0.04649,0.55761,117,0.57711,1
上游股价,サービス業,小売業,3,6,H1,-0.39772,-2.07751,119,0.03775,1
上游股价,サービス業,小売業,3,6,H2,-0.00247,-0.01698,114,0.98645,1
上游股价,サービス業,小売業,6,1,H1,-0.02802,-0.69746,119,0.48552,1
上游股价,サービス業,小売業,6,1,H2,-0.01023,-0.40518,119,0.68534,1
上游股价,サービス業,小売業,6,3,H1,-0.19732,-1.83031,119,0.0672,1
上游股价,サービス業,小売業,6,3,H2,-0.00505,-0.08026,117,0.93603,1
上游股价,サービス業,小売業,6,6,H1,-0.43114,-2.38192,119,0.01722,1
上游股价,サービス業,小売業,6,6,H2,0.05726,0.59765,114,0.55008,1
上游股价,情報・通信業,小売業,1,1,H1,0.16681,1.58972,119,0.1119,1
上游股价,情報・通信業,小売業,1,1,H2,-0.06312,-0.86853,119,0.3851,1
上游股价,情報・通信業,小売業,1,3,H1,-0.25037,-1.43083,119,0.15248,1
上游股价,情報・通信業,小売業,1,3,H2,0.20128,1.92258,117,0.05453,1
上游股价,情報・通信業,小売業,1,6,H1,-0.60136,-1.82451,119,0.06808,1
上游股价,情報・通信業,小売業,1,6,H2,0.15753,0.89549,114,0.37053,1
上游股价,情報・通信業,小売業,3,1,H1,-0.06573,-1.19582,119,0.23177,1
上游股价,情報・通信業,小売業,3,1,H2,0.06153,2.02463,119,0.04291,1
上游股价,情報・通信業,小売業,3,3,H1,-0.35112,-2.16143,119,0.03066,1
上游股价,情報・通信業,小売業,3,3,H2,0.16113,2.59419,117,0.00948,1
上游股价,情報・通信業,小売業,3,6,H1,-0.61392,-2.53548,119,0.01123,1
上游股价,情報・通信業,小売業,3,6,H2,0.11888,1.15293,114,0.24894,1
上游股价,情報・通信業,小売業,6,1,H1,-0.08018,-1.66824,119,0.09527,1
上游股价,情報・通信業,小売業,6,1,H2,0.01317,0.67357,119,0.50058,1
上游股价,情報・通信業,小売業,6,3,H1,-0.32257,-2.22013,119,0.02641,1
上游股价,情報・通信業,小売業,6,3,H2,0.04815,1.17604,117,0.23958,1
上游股价,情報・通信業,小売業,6,6,H1,-0.32814,-2.10576,119,0.03522,1
上游股价,情報・通信業,小売業,6,6,H2,0.03134,0.46877,114,0.63923,1
上游股价,不動産業,小売業,1,1,H1,-0.02781,-0.50698,119,0.61217,1
上游股价,不動産業,小売業,1,1,H2,-0.08097,-1.23814,119,0.21567,1
上游股价,不動産業,小売業,1,3,H1,-0.11047,-0.76238,119,0.44583,1
上游股价,不動産業,小売業,1,3,H2,-0.19727,-1.91671,117,0.05527,1
上游股价,不動産業,小売業,1,6,H1,-0.19849,-0.96027,119,0.33692,1
上游股价,不動産業,小売業,1,6,H2,-0.14933,-1.24371,114,0.21361,1
上游股价,不動産業,小売業,3,1,H1,-0.02349,-0.6456,119,0.51854,1
上游股价,不動産業,小売業,3,1,H2,-0.07451,-1.94939,119,0.05125,1
上游股价,不動産業,小売業,3,3,H1,-0.09677,-0.88413,119,0.37662,1
上游股价,不動産業,小売業,3,3,H2,-0.08707,-1.1144,117,0.26511,1
上游股价,不動産業,小売業,3,6,H1,-0.23319,-1.92862,119,0.05378,1
上游股价,不動産業,小売業,3,6,H2,0.04832,0.64129,114,0.52134,1
上游股价,不動産業,小売業,6,1,H1,-0.03111,-1.3287,119,0.18395,1
上游股价,不動産業,小売業,6,1,H2,-0.03351,-1.25929,119,0.20793,1
上游股价,不動産業,小売業,6,3,H1,-0.11412,-2.09785,119,0.03592,1
上游股价,不動産業,小売業,6,3,H2,0.01201,0.31281,117,0.75442,1
上游股价,不動産業,小売業,6,6,H1,-0.22824,-3.36799,119,0.00076,1
上游股价,不動産業,小売業,6,6,H2,0.16673,3.10999,114,0.00187,1
上游股价,電気・ガス業,小売業,1,1,H1,-0.01718,-0.3915,119,0.69543,1
上游股价,電気・ガス業,小売業,1,1,H2,-0.01135,-0.22898,119,0.81888,1
上游股价,電気・ガス業,小売業,1,3,H1,-0.01961,-0.18084,119,0.85649,1
上游股价,電気・ガス業,小売業,1,3,H2,-0.10182,-1.28393,117,0.19917,1
上游股价,電気・ガス業,小売業,1,6,H1,-0.24221,-1.89666,119,0.05787,1
上游股价,電気・ガス業,小売業,1,6,H2,-0.08498,-0.65008,114,0.51564,1
上游股价,電気・ガス業,小売業,3,1,H1,-0.00509,-0.19203,119,0.84772,1
上游股价,電気・ガス業,小売業,3,1,H2,-0.03092,-1.20328,119,0.22887,1
上游股价,電気・ガス業,小売業,3,3,H1,-0.05757,-0.8116,119,0.41702,1
上游股价,電気・ガス業,小売業,3,3,H2,-0.03926,-0.66922,117,0.50335,1
上游股价,電気・ガス業,小売業,3,6,H1,-0.1938,-2.6056,119,0.00917,1
上游股价,電気・ガス業,小売業,3,6,H2,0.01886,0.18054,114,0.85673,1
上游股价,電気・ガス業,小売業,6,1,H1,-0.03145,-1.68054,119,0.09285,1
上游股价,電気・ガス業,小売業,6,1,H2,-0.01488,-0.67534,119,0.49946,1
上游股价,電気・ガス業,小売業,6,3,H1,-0.09434,-2.30345,119,0.02125,1
上游股价,電気・ガス業,小売業,6,3,H2,0.00521,0.09624,117,0.92333,1
上游股价,電気・ガス業,小売業,6,6,H1,-0.10591,-1.85572,119,0.06349,1
上游股价,電気・ガス業,小売業,6,6,H2,0.00178,0.02904,114,0.97683,1
上游股价,サービス業,建設業,1,1,H1,0.21447,1.59083,119,0.11165,1
上游股价,サービス業,建設業,1,1,H2,-0.03152,-0.32913,119,0.74206,1
上游股价,サービス業,建設業,1,3,H1,0.64428,3.26875,119,0.00108,1
上游股价,サービス業,建設業,1,3,H2,0.02406,0.15232,117,0.87894,1
上游股价,サービス業,建設業,1,6,H1,0.65763,1.92045,119,0.0548,1
上游股价,サービス業,建設業,1,6,H2,-0.02014,-0.08752,114,0.93025,1
上游股价,サービス業,建設業,3,1,H1,0.18194,3.15182,119,0.00162,1
上游股价,サービス業,建設業,3,1,H2,-0.00437,-0.08533,119,0.932,1
上游股价,サービス業,建設業,3,3,H1,0.30849,3.11094,119,0.00186,1
上游股价,サービス業,建設業,3,3,H2,0.03567,0.26872,117,0.78815,1
上游股价,サービス業,建設業,3,6,H1,0.56181,2.48755,119,0.01286,1
上游股价,サービス業,建設業,3,6,H2,0.02671,0.1894,114,0.84978,1
上游股价,サービス業,建設業,6,1,H1,0.08705,1.98501,119,0.04714,1
上游股价,サービス業,建設業,6,1,H2,0.00641,0.18553,119,0.85281,1
上游股价,サービス業,建設業,6,3,H1,0.26583,2.45826,119,0.01396,1
上游股价,サービス業,建設業,6,3,H2,0.05794,0.63831,117,0.52327,1
上游股价,サービス業,建設業,6,6,H1,0.33721,1.8404,119,0.06571,1
上游股价,サービス業,建設業,6,6,H2,0.07136,0.58409,114,0.55916,1
上游股价,金属製品,建設業,1,1,H1,-0.12685,-0.95629,119,0.33893,1
上游股价,金属製品,建設業,1,1,H2,-0.02975,-0.3358,119,0.73702,1
上游股价,金属製品,建設業,1,3,H1,-0.39398,-2.5747,119,0.01003,1
上游股价,金属製品,建設業,1,3,H2,-0.11557,-0.58791,117,0.55659,1
上游股价,金属製品,建設業,1,6,H1,-0.41511,-2.27194,119,0.02309,1
上游股价,金属製品,建設業,1,6,H2,0.24917,1.43296,114,0.15187,1
上游股价,金属製品,建設業,3,1,H1,-0.169,-2.71828,119,0.00656,1
上游股价,金属製品,建設業,3,1,H2,-0.03837,-0.61141,119,0.54093,1
上游股价,金属製品,建設業,3,3,H1,-0.35913,-3.41401,119,0.00064,1
上游股价,金属製品,建設業,3,3,H2,-0.04548,-0.39202,117,0.69505,1
上游股价,金属製品,建設業,3,6,H1,-0.3636,-2.11961,119,0.03404,1
上游股价,金属製品,建設業,3,6,H2,0.14502,0.73505,114,0.46231,1
上游股价,金属製品,建設業,6,1,H1,-0.09359,-2.10243,119,0.03552,1
上游股价,金属製品,建設業,6,1,H2,0.00998,0.29476,119,0.76818,1
上游股价,金属製品,建設業,6,3,H1,-0.226,-2.31696,119,0.02051,1
上游股价,金属製品,建設業,6,3,H2,0.02934,0.33217,117,0.73976,1
上游股价,金属製品,建設業,6,6,H1,-0.32329,-1.52192,119,0.12803,1
上游股价,金属製品,建設業,6,6,H2,-0.00297,-0.02333,114,0.98139,1
上游股价,ガラス・土石製品,建設業,1,1,H1,0.07637,0.54473,119,0.58594,1
上游股价,ガラス・土石製品,建設業,1,1,H2,0.04763,0.47978,119,0.63139,1
上游股价,ガラス・土石製品,建設業,1,3,H1,-0.05849,-0.35358,119,0.72365,1
上游股价,ガラス・土石製品,建設業,1,3,H2,-0.16429,-0.96527,117,0.33441,1
上游股价,ガラス・土石製品,建設業,1,6,H1,-0.22437,-0.88941,119,0.37378,1
上游股价,ガラス・土石製品,建設業,1,6,H2,-0.05294,-0.18769,114,0.85112,1
上游股价,ガラス・土石製品,建設業,3,1,H1,-0.03598,-0.79228,119,0.4282,1
上游股价,ガラス・土石製品,建設業,3,1,H2,-0.03767,-0.63138,119,0.52779,1
上游股价,ガラス・土石製品,建設業,3,3,H1,-0.15485,-1.58934,119,0.11198,1
上游股价,ガラス・土石製品,建設業,3,3,H2,-0.09018,-0.60974,117,0.54203,1
上游股价,ガラス・土石製品,建設業,3,6,H1,-0.48684,-2.84291,119,0.00447,1
上游股价,ガラス・土石製品,建設業,3,6,H2,-0.06983,-0.28986,114,0.77192,1
上游股价,ガラス・土石製品,建設業,6,1,H1,-0.0576,-1.67542,119,0.09385,1
上游股价,ガラス・土石製品,建設業,6,1,H2,-0.02214,-0.40069,119,0.68865,1
上游股价,ガラス・土石製品,建設業,6,3,H1,-0.24719,-2.52252,119,0.01165,1
上游股价,ガラス・土石製品,建設業,6,3,H2,-0.09333,-0.62112,117,0.53452,1
上游股价,ガラス・土石製品,建設業,6,6,H1,-0.37451,-2.09761,119,0.03594,1
上游股价,ガラス・土石製品,建設業,6,6,H2,-0.12162,-0.58617,114,0.55776,1
上游股价,パルプ・紙,建設業,1,1,H1,0.08546,1.79531,119,0.0726,1
上游股价,パルプ・紙,建設業,1,1,H2,-0.0785,-1.39563,119,0.16283,1
上游股价,パルプ・紙,建設業,1,3,H1,0.03976,0.4429,119,0.65784,1
上游股价,パルプ・紙,建設業,1,3,H2,0.0334,0.40892,117,0.6826,1
上游股价,パルプ・紙,建設業,1,6,H1,0.13525,0.94301,119,0.34568,1
上游股价,パルプ・紙,建設業,1,6,H2,-0.13883,-1.08709,114,0.277,1
上游股价,パルプ・紙,建設業,3,1,H1,0.01569,0.4728,119,0.63636,1
上游股价,パルプ・紙,建設業,3,1,H2,0.01118,0.32053,119,0.74857,1
上游股价,パルプ・紙,建設業,3,3,H1,0.06143,0.80145,119,0.42287,1
上游股价,パルプ・紙,建設業,3,3,H2,0.02581,0.3687,117,0.71235,1
上游股价,パルプ・紙,建設業,3,6,H1,0.09779,0.81639,119,0.41428,1
上游股价,パルプ・紙,建設業,3,6,H2,-0.08923,-0.87412,114,0.38205,1
上游股价,パルプ・紙,建設業,6,1,H1,0.01996,0.88194,119,0.37781,1
上游股价,パルプ・紙,建設業,6,1,H2,-0.02771,-0.93234,119,0.35116,1
上游股价,パルプ・紙,建設業,6,3,H1,0.04014,0.74625,119,0.45552,1
上游股价,パルプ・紙,建設業,6,3,H2,-0.06946,-1.19262,117,0.23302,1
上游股价,パルプ・紙,建設業,6,6,H1,0.07088,0.96652,119,0.33378,1
上游股价,パルプ・紙,建設業,6,6,H2,-0.1839,-2.61382,114,0.00895,1
上游股价,卸売業,建設業,1,1,H1,-0.10694,-0.49735,119,0.61894,1
上游股价,卸売業,建設業,1,1,H2,-0.10728,-0.52909,119,0.59674,1
上游股价,卸売業,建設業,1,3,H1,-0.09361,-0.26826,119,0.7885,1
上游股价,卸売業,建設業,1,3,H2,0.13314,0.39041,117,0.69623,1
上游股价,卸売業,建設業,1,6,H1,0.18061,0.32326,119,0.7465,1
上游股价,卸売業,建設業,1,6,H2,-0.63701,-1.80199,114,0.07155,1
上游股价,卸売業,建設業,3,1,H1,-0.0093,-0.08347,119,0.93348,1
上游股价,卸売業,建設業,3,1,H2,0.01931,0.19839,119,0.84274,1
上游股价,卸売業,建設業,3,3,H1,0.03338,0.11617,119,0.90752,1
上游股价,卸売業,建設業,3,3,H2,-0.06127,-0.29517,117,0.76786,1
上游股价,卸売業,建設業,3,6,H1,0.09371,0.2707,119,0.78662,1
上游股价,卸売業,建設業,3,6,H2,-0.30057,-0.81176,114,0.41693,1
上游股价,卸売業,建設業,6,1,H1,0.00924,0.1083,119,0.91376,1
上游股价,卸売業,建設業,6,1,H2,-0.02228,-0.26013,119,0.79476,1
上游股价,卸売業,建設業,6,3,H1,0.0126,0.07294,119,0.94186,1
上游股价,卸売業,建設業,6,3,H2,-0.0199,-0.09799,117,0.92194,1
上游股价,卸売業,建設業,6,6,H1,-0.17268,-0.7478,119,0.45458,1
上游股价,卸売業,建設業,6,6,H2,-0.19894,-0.51415,114,0.60715,1
上游股价,小売業,建設業,1,1,H1,0.09494,0.76159,119,0.4463,1
上游股价,小売業,建設業,1,1,H2,-0.10442,-0.89754,119,0.36943,1
上游股价,小売業,建設業,1,3,H1,0.4264,2.0447,119,0.04088,1
上游股价,小売業,建設業,1,3,H2,-0.1111,-0.60962,117,0.54212,1
上游股价,小売業,建設業,1,6,H1,0.52187,2.17394,119,0.02971,1
上游股价,小売業,建設業,1,6,H2,-0.35756,-1.252,114,0.21057,1
上游股价,小売業,建設業,3,1,H1,0.13082,2.33033,119,0.01979,1
上游股价,小売業,建設業,3,1,H2,-0.07392,-0.98328,119,0.32547,1
上游股价,小売業,建設業,3,3,H1,0.22379,2.00361,119,0.04511,1
上游股价,小売業,建設業,3,3,H2,-0.17401,-0.90763,117,0.36407,1
上游股价,小売業,建設業,3,6,H1,0.271,2.16609,119,0.0303,1
上游股价,小売業,建設業,3,6,H2,-0.13006,-0.49152,114,0.62306,1
上游股价,小売業,建設業,6,1,H1,0.06494,2.04394,119,0.04096,1
上游股价,小売業,建設業,6,1,H2,-0.04756,-0.72355,119,0.46934,1
上游股价,小売業,建設業,6,3,H1,0.12791,1.98802,119,0.04681,1
上游股价,小売業,建設業,6,3,H2,0.02037,0.11591,117,0.90773,1
上游股价,小売業,建設業,6,6,H1,0.01917,0.17359,119,0.86219,1
上游股价,小売業,建設業,6,6,H2,0.12117,0.45829,114,0.64675,1
上游股价,サービス業,情報・通信業,1,1,H1,-0.00184,-0.0236,119,0.98117,1
上游股价,サービス業,情報・通信業,1,1,H2,0.08104,0.66103,119,0.50859,1
上游股价,サービス業,情報・通信業,1,3,H1,0.16533,1.09523,119,0.27341,1
上游股价,サービス業,情報・通信業,1,3,H2,0.10563,0.48885,117,0.62495,1
上游股价,サービス業,情報・通信業,1,6,H1,0.22868,0.96897,119,0.33256,1
上游股价,サービス業,情報・通信業,1,6,H2,0.12662,0.32739,114,0.74338,1
上游股价,サービス業,情報・通信業,3,1,H1,0.04281,1.04589,119,0.29561,1
上游股价,サービス業,情報・通信業,3,1,H2,0.05552,0.87762,119,0.38015,1
上游股价,サービス業,情報・通信業,3,3,H1,0.11582,1.1237,119,0.26114,1
上游股价,サービス業,情報・通信業,3,3,H2,0.0808,0.42793,117,0.6687,1
上游股价,サービス業,情報・通信業,3,6,H1,0.08285,0.47316,119,0.6361,1
上游股价,サービス業,情報・通信業,3,6,H2,0.14498,0.42423,114,0.6714,1
上游股价,サービス業,情報・通信業,6,1,H1,0.04004,1.08231,119,0.27912,1
上游股价,サービス業,情報・通信業,6,1,H2,0.01925,0.41548,119,0.67779,1
上游股价,サービス業,情報・通信業,6,3,H1,0.05701,0.62193,119,0.53398,1
上游股价,サービス業,情報・通信業,6,3,H2,0.05131,0.38457,117,0.70055,1
上游股价,サービス業,情報・通信業,6,6,H1,-0.01589,-0.11306,119,0.90998,1
上游股价,サービス業,情報・通信業,6,6,H2,0.19851,0.84118,114,0.40025,1
上游股价,不動産業,情報・通信業,1,1,H1,-0.01002,-0.305,119,0.76037,1
上游股价,不動産業,情報・通信業,1,1,H2,0.07169,0.56129,119,0.5746,1
上游股价,不動産業,情報・通信業,1,3,H1,0.04678,0.64764,119,0.51722,1
上游股价,不動産業,情報・通信業,1,3,H2,-0.13944,-0.77098,117,0.44072,1
上游股价,不動産業,情報・通信業,1,6,H1,0.03615,0.37535,119,0.7074,1
上游股价,不動産業,情報・通信業,1,6,H2,0.00191,0.0068,114,0.99457,1
上游股价,不動産業,情報・通信業,3,1,H1,0.00956,0.46587,119,0.64131,1
上游股价,不動産業,情報・通信業,3,1,H2,-0.02521,-0.38231,119,0.70223,1
上游股价,不動産業,情報・通信業,3,3,H1,0.04717,0.97631,119,0.32891,1
上游股价,不動産業,情報・通信業,3,3,H2,-0.06327,-0.42642,117,0.6698,1
上游股价,不動産業,情報・通信業,3,6,H1,0.01861,0.26062,119,0.79438,1
上游股价,不動産業,情報・通信業,3,6,H2,0.09708,0.41502,114,0.67813,1
上游股价,不動産業,情報・通信業,6,1,H1,0.00359,0.25916,119,0.79551,1
上游股价,不動産業,情報・通信業,6,1,H2,-0.01324,-0.30426,119,0.76093,1
上游股价,不動産業,情報・通信業,6,3,H1,0.00506,0.15869,119,0.87391,1
上游股价,不動産業,情報・通信業,6,3,H2,0.01069,0.09666,117,0.923,1
上游股价,不動産業,情報・通信業,6,6,H1,0.01165,0.23994,119,0.81037,1
上游股价,不動産業,情報・通信業,6,6,H2,0.12822,0.6849,114,0.49341,1
上游股价,その他製品,情報・通信業,1,1,H1,0.03612,0.30442,119,0.76081,1
上游股价,その他製品,情報・通信業,1,1,H2,0.08199,0.48826,119,0.62537,1
上游股价,その他製品,情報・通信業,1,3,H1,0.00503,0.02415,119,0.98073,1
上游股价,その他製品,情報・通信業,1,3,H2,0.4638,1.25124,117,0.21085,1
上游股价,その他製品,情報・通信業,1,6,H1,0.45133,1.89644,119,0.0579,1
上游股价,その他製品,情報・通信業,1,6,H2,1.06808,1.49984,114,0.13366,1
上游股价,その他製品,情報・通信業,3,1,H1,-0.01147,-0.1967,119,0.84407,1
上游股价,その他製品,情報・通信業,3,1,H2,0.14329,1.27163,119,0.2035,1
上游股价,その他製品,情報・通信業,3,3,H1,0.18285,1.49387,119,0.13521,1
上游股价,その他製品,情報・通信業,3,3,H2,0.50386,1.52992,117,0.12604,1
上游股价,その他製品,情報・通信業,3,6,H1,0.23759,1.30296,119,0.19259,1
上游股价,その他製品,情報・通信業,3,6,H2,0.87131,1.37222,114,0.17,1
上游股价,その他製品,情報・通信業,6,1,H1,0.05781,1.19452,119,0.23228,1
上游股价,その他製品,情報・通信業,6,1,H2,0.13039,1.45729,119,0.14504,1
上游股价,その他製品,情報・通信業,6,3,H1,0.10809,0.92118,119,0.35695,1
上游股价,その他製品,情報・通信業,6,3,H2,0.33693,1.36909,117,0.17097,1
上游股价,その他製品,情報・通信業,6,6,H1,-0.1251,-0.69305,119,0.48828,1
上游股价,その他製品,情報・通信業,6,6,H2,0.49779,1.09192,114,0.27487,1
上游股价,鉄鋼,機械,1,1,H1,0.12382,2.26584,119,0.02346,1
上游股价,鉄鋼,機械,1,1,H2,0.02966,0.50602,119,0.61284,1
上游股价,鉄鋼,機械,1,3,H1,0.16814,1.8086,119,0.07051,1
上游股价,鉄鋼,機械,1,3,H2,0.14824,1.57712,117,0.11477,1
上游股价,鉄鋼,機械,1,6,H1,0.02347,0.15896,119,0.8737,1
上游股价,鉄鋼,機械,1,6,H2,0.14697,1.21456,114,0.22453,1
上游股价,鉄鋼,機械,3,1,H1,0.04716,1.67873,119,0.0932,1
上游股价,鉄鋼,機械,3,1,H2,0.05174,1.64958,119,0.09903,1
上游股价,鉄鋼,機械,3,3,H1,0.09921,1.49237,119,0.1356,1
上游股价,鉄鋼,機械,3,3,H2,0.13432,2.28904,117,0.02208,1
上游股价,鉄鋼,機械,3,6,H1,-0.10065,-0.87308,119,0.38262,1
上游股价,鉄鋼,機械,3,6,H2,0.13465,1.27632,114,0.20184,1
上游股价,鉄鋼,機械,6,1,H1,-0.00015,-0.00551,119,0.9956,1
上游股价,鉄鋼,機械,6,1,H2,0.03828,1.50713,119,0.13178,1
上游股价,鉄鋼,機械,6,3,H1,-0.0622,-0.7823,119,0.43404,1
上游股价,鉄鋼,機械,6,3,H2,0.08511,1.35674,117,0.17486,1
上游股价,鉄鋼,機械,6,6,H1,-0.19406,-1.53449,119,0.12491,1
上游股价,鉄鋼,機械,6,6,H2,0.07319,0.70825,114,0.47879,1
上游股价,サービス業,機械,1,1,H1,-0.19198,-1.69746,119,0.08961,1
上游股价,サービス業,機械,1,1,H2,0.00858,0.09037,119,0.92799,1
上游股价,サービス業,機械,1,3,H1,-0.34213,-1.90488,119,0.0568,1
上游股价,サービス業,機械,1,3,H2,0.01491,0.12057,117,0.90403,1
上游股价,サービス業,機械,1,6,H1,-0.02213,-0.09053,119,0.92787,1
上游股价,サービス業,機械,1,6,H2,-0.00704,-0.03656,114,0.97083,1
上游股价,サービス業,機械,3,1,H1,-0.10534,-1.88273,119,0.05974,1
上游股价,サービス業,機械,3,1,H2,-0.01285,-0.34956,119,0.72667,1
上游股价,サービス業,機械,3,3,H1,-0.12996,-1.13581,119,0.25604,1
上游股价,サービス業,機械,3,3,H2,-0.05913,-0.59597,117,0.5512,1
上游股价,サービス業,機械,3,6,H1,0.17057,0.96125,119,0.33642,1
上游股价,サービス業,機械,3,6,H2,-0.07919,-0.43211,114,0.66566,1
上游股价,サービス業,機械,6,1,H1,-0.00668,-0.19229,119,0.84752,1
上游股价,サービス業,機械,6,1,H2,-0.00514,-0.17977,119,0.85733,1
上游股价,サービス業,機械,6,3,H1,0.08616,0.88934,119,0.37382,1
上游股价,サービス業,機械,6,3,H2,-0.03583,-0.45623,117,0.64823,1
上游股价,サービス業,機械,6,6,H1,0.27741,1.48637,119,0.13718,1
上游股价,サービス業,機械,6,6,H2,-0.16287,-1.34038,114,0.18012,1
上游股价,電気機器,機械,1,1,H1,0.11873,1.0996,119,0.2715,1
上游股价,電気機器,機械,1,1,H2,-0.0322,-0.4544,119,0.64954,1
上游股价,電気機器,機械,1,3,H1,0.23961,1.38186,119,0.16702,1
上游股价,電気機器,機械,1,3,H2,-0.09415,-0.74316,117,0.45739,1
上游股价,電気機器,機械,1,6,H1,0.03582,0.19279,119,0.84712,1
上游股价,電気機器,機械,1,6,H2,-0.14588,-1.00678,114,0.31404,1
上游股价,電気機器,機械,3,1,H1,0.06842,1.34249,119,0.17944,1
上游股价,電気機器,機械,3,1,H2,-0.01874,-0.42391,119,0.67163,1
上游股价,電気機器,機械,3,3,H1,-0.03231,-0.42046,119,0.67415,1
上游股价,電気機器,機械,3,3,H2,-0.01206,-0.12788,117,0.89824,1
上游股价,電気機器,機械,3,6,H1,-0.18748,-1.45828,119,0.14476,1
上游股价,電気機器,機械,3,6,H2,-0.08008,-0.47721,114,0.63321,1
上游股价,電気機器,機械,6,1,H1,-0.00788,-0.26547,119,0.79065,1
上游股价,電気機器,機械,6,1,H2,-0.04205,-1.32678,119,0.18458,1
上游股价,電気機器,機械,6,3,H1,-0.0953,-1.3872,119,0.16538,1
上游股价,電気機器,機械,6,3,H2,-0.06835,-0.86551,117,0.38676,1
上游股价,電気機器,機械,6,6,H1,-0.15181,-1.27781,119,0.20132,1
上游股价,電気機器,機械,6,6,H2,-0.26267,-2.36093,114,0.01823,1
上游股价,金属製品,機械,1,1,H1,0.23047,2.95528,119,0.00312,1
上游股价,金属製品,機械,1,1,H2,0.04103,0.43314,119,0.66491,1
上游股价,金属製品,機械,1,3,H1,0.0801,0.46344,119,0.64305,1
上游股价,金属製品,機械,1,3,H2,-0.06233,-0.3484,117,0.72754,1
上游股价,金属製品,機械,1,6,H1,-0.03162,-0.11871,119,0.90551,1
上游股价,金属製品,機械,1,6,H2,-0.00504,-0.02495,114,0.98009,1
上游股价,金属製品,機械,3,1,H1,0.03164,0.50549,119,0.61321,1
上游股价,金属製品,機械,3,1,H2,-0.01214,-0.19098,119,0.84854,1
上游股价,金属製品,機械,3,3,H1,-0.0909,-0.62639,119,0.53106,1
上游股价,金属製品,機械,3,3,H2,0.00088,0.00655,117,0.99478,1
上游股价,金属製品,機械,3,6,H1,-0.21902,-0.87499,119,0.38158,1
上游股价,金属製品,機械,3,6,H2,-0.09963,-0.5401,114,0.58913,1
上游股价,金属製品,機械,6,1,H1,-0.01868,-0.2831,119,0.7771,1
上游股价,金属製品,機械,6,1,H2,-0.01046,-0.27283,119,0.78498,1
上游股价,金属製品,機械,6,3,H1,-0.16296,-1.03384,119,0.30121,1
上游股价,金属製品,機械,6,3,H2,-0.06369,-0.68121,117,0.49574,1
上游股价,金属製品,機械,6,6,H1,-0.06069,-0.25854,119,0.79599,1
上游股价,金属製品,機械,6,6,H2,-0.1813,-1.27443,114,0.20251,1
上游股价,非鉄金属,機械,1,1,H1,0.00873,0.1153,119,0.9082,1
上游股价,非鉄金属,機械,1,1,H2,0.02502,0.36485,119,0.71522,1
上游股价,非鉄金属,機械,1,3,H1,0.05335,0.43874,119,0.66085,1
上游股价,非鉄金属,機械,1,3,H2,0.05417,0.55039,117,0.58205,1
上游股价,非鉄金属,機械,1,6,H1,-0.0427,-0.31863,119,0.75001,1
上游股价,非鉄金属,機械,1,6,H2,0.13798,0.79111,114,0.42888,1
上游股价,非鉄金属,機械,3,1,H1,0.01959,0.52542,119,0.59929,1
上游股价,非鉄金属,機械,3,1,H2,0.03605,1.51277,119,0.13034,1
上游股价,非鉄金属,機械,3,3,H1,0.02707,0.35595,119,0.72187,1
上游股价,非鉄金属,機械,3,3,H2,0.07388,1.34883,117,0.17739,1
上游股价,非鉄金属,機械,3,6,H1,-0.08823,-0.84804,119,0.39642,1
上游股价,非鉄金属,機械,3,6,H2,0.12696,1.04719,114,0.29501,1
上游股价,非鉄金属,機械,6,1,H1,-0.01618,-0.68325,119,0.49445,1
上游股价,非鉄金属,機械,6,1,H2,0.0166,1.06486,119,0.28694,1
上游股价,非鉄金属,機械,6,3,H1,-0.04895,-0.89016,119,0.37338,1
上游股价,非鉄金属,機械,6,3,H2,0.04403,1.04416,117,0.29641,1
上游股价,非鉄金属,機械,6,6,H1,-0.00548,-0.05419,119,0.95679,1
上游股价,非鉄金属,機械,6,6,H2,0.08464,1.08299,114,0.27881,1
上游股价,卸売業,機械,1,1,H1,-0.23014,-1.26807,119,0.20477,1
上游股价,卸売業,機械,1,1,H2,0.09684,0.5717,119,0.56752,1
上游股价,卸売業,機械,1,3,H1,0.0059,0.01807,119,0.98559,1
上游股价,卸売業,機械,1,3,H2,0.26996,0.9255,117,0.35471,1
上游股价,卸売業,機械,1,6,H1,0.01212,0.03172,119,0.9747,1
上游股价,卸売業,機械,1,6,H2,0.53108,1.5189,114,0.12879,1
上游股价,卸売業,機械,3,1,H1,-0.00641,-0.07371,119,0.94124,1
上游股价,卸売業,機械,3,1,H2,0.05699,0.67191,119,0.50164,1
上游股价,卸売業,機械,3,3,H1,0.0408,0.22105,119,0.82505,1
上游股价,卸売業,機械,3,3,H2,0.18011,0.92453,117,0.35521,1
上游股价,卸売業,機械,3,6,H1,0.11636,0.52508,119,0.59953,1
上游股价,卸売業,機械,3,6,H2,0.35024,1.15102,114,0.24973,1
上游股价,卸売業,機械,6,1,H1,0.00259,0.04728,119,0.96229,1
上游股价,卸売業,機械,6,1,H2,0.09776,1.52453,119,0.12738,1
上游股价,卸売業,機械,6,3,H1,0.06713,0.60288,119,0.54659,1
上游股价,卸売業,機械,6,3,H2,0.16799,1.21285,117,0.22519,1
上游股价,卸売業,機械,6,6,H1,0.02827,0.16388,119,0.86983,1
上游股价,卸売業,機械,6,6,H2,0.29182,1.28246,114,0.19968,1
上游股价,小売業,機械,1,1,H1,-0.17234,-1.87354,119,0.06099,1
上游股价,小売業,機械,1,1,H2,0.07891,0.73598,119,0.46174,1
上游股价,小売業,機械,1,3,H1,-0.34657,-1.79061,119,0.07336,1
上游股价,小売業,機械,1,3,H2,0.1162,0.68881,117,0.49094,1
上游股价,小売業,機械,1,6,H1,-0.13461,-0.58615,119,0.55777,1
上游股价,小売業,機械,1,6,H2,0.33599,1.53666,114,0.12438,1
上游股价,小売業,機械,3,1,H1,-0.09274,-2.11277,119,0.03462,1
上游股价,小売業,機械,3,1,H2,0.01524,0.25216,119,0.80092,1
上游股价,小売業,機械,3,3,H1,-0.12019,-1.24934,119,0.21154,1
上游股价,小売業,機械,3,3,H2,0.0531,0.41374,117,0.67906,1
上游股价,小売業,機械,3,6,H1,0.07166,0.44004,119,0.65991,1
上游股价,小売業,機械,3,6,H2,0.22198,0.96932,114,0.33239,1
上游股价,小売業,機械,6,1,H1,-0.0094,-0.27538,119,0.78302,1
上游股价,小売業,機械,6,1,H2,0.06644,1.36355,119,0.17271,1
上游股价,小売業,機械,6,3,H1,0.02776,0.32722,119,0.7435,1
上游股价,小売業,機械,6,3,H2,0.12178,1.02847,117,0.30373,1
上游股价,小売業,機械,6,6,H1,0.096,0.70988,119,0.47778,1
上游股价,小売業,機械,6,6,H2,0.28674,1.39749,114,0.16227,1
上游股价,ゴム製品,機械,1,1,H1,0.00091,0.01626,119,0.98702,1
上游股价,ゴム製品,機械,1,1,H2,-0.1327,-2.21854,119,0.02652,1
上游股价,ゴム製品,機械,1,3,H1,-0.22308,-2.10271,119,0.03549,1
上游股价,ゴム製品,機械,1,3,H2,-0.03063,-0.28524,117,0.77546,1
上游股价,ゴム製品,機械,1,6,H1,-0.23954,-2.1977,119,0.02797,1
上游股价,ゴム製品,機械,1,6,H2,0.05843,0.43662,114,0.66239,1
上游股价,ゴム製品,機械,3,1,H1,-0.07457,-2.31906,119,0.02039,1
上游股价,ゴム製品,機械,3,1,H2,-0.01551,-0.42635,119,0.66986,1
上游股价,ゴム製品,機械,3,3,H1,-0.21259,-3.63707,119,0.00028,1
上游股价,ゴム製品,機械,3,3,H2,0.05719,0.78834,117,0.4305,1
上游股价,ゴム製品,機械,3,6,H1,-0.14086,-1.77535,119,0.07584,1
上游股价,ゴム製品,機械,3,6,H2,0.16882,1.49132,114,0.13588,1
上游股价,ゴム製品,機械,6,1,H1,-0.04993,-2.17389,119,0.02971,1
上游股价,ゴム製品,機械,6,1,H2,0.01089,0.48716,119,0.62615,1
上游股价,ゴム製品,機械,6,3,H1,-0.0858,-2.10969,119,0.03488,1
上游股价,ゴム製品,機械,6,3,H2,0.08165,1.58067,117,0.11395,1
上游股价,ゴム製品,機械,6,6,H1,0.03219,0.30818,119,0.75795,1
上游股价,ゴム製品,機械,6,6,H2,0.16725,1.84152,114,0.06555,1
上游股价,食料品,水産・農林業,1,1,H1,0.19286,1.57423,119,0.11543,1
上游股价,食料品,水産・農林業,1,1,H2,-0.17203,-1.83295,119,0.06681,1
上游股价,食料品,水産・農林業,1,3,H1,0.19765,0.81729,119,0.41376,1
上游股价,食料品,水産・農林業,1,3,H2,-0.23447,-1.68463,117,0.09206,1
上游股价,食料品,水産・農林業,1,6,H1,0.20013,0.65129,119,0.51486,1
上游股价,食料品,水産・農林業,1,6,H2,-0.31113,-2.41717,114,0.01564,1
上游股价,食料品,水産・農林業,3,1,H1,0.0649,1.0176,119,0.30887,1
上游股价,食料品,水産・農林業,3,1,H2,-0.12335,-2.33187,119,0.01971,1
上游股价,食料品,水産・農林業,3,3,H1,0.1457,1.11557,119,0.26461,1
上游股价,食料品,水産・農林業,3,3,H2,-0.31386,-2.74641,117,0.00603,1
上游股价,食料品,水産・農林業,3,6,H1,-0.02215,-0.12673,119,0.89915,1
上游股价,食料品,水産・農林業,3,6,H2,-0.3141,-3.31174,114,0.00093,1
上游股价,食料品,水産・農林業,6,1,H1,0.02147,0.53005,119,0.59607,1
上游股价,食料品,水産・農林業,6,1,H2,-0.11682,-3.13333,119,0.00173,1
上游股价,食料品,水産・農林業,6,3,H1,-0.00673,-0.07489,119,0.9403,1
上游股价,食料品,水産・農林業,6,3,H2,-0.23321,-3.50748,117,0.00045,1
上游股价,食料品,水産・農林業,6,6,H1,-0.11704,-0.96799,119,0.33305,1
上游股价,食料品,水産・農林業,6,6,H2,-0.32257,-2.41414,114,0.01577,1
上游股价,卸売業,水産・農林業,1,1,H1,0.29278,1.14344,119,0.25286,1
上游股价,卸売業,水産・農林業,1,1,H2,-0.14261,-0.68372,119,0.49415,1
上游股价,卸売業,水産・農林業,1,3,H1,0.27426,0.5642,119,0.57262,1
上游股价,卸売業,水産・農林業,1,3,H2,-0.25215,-0.69573,117,0.4866,1
上游股价,卸売業,水産・農林業,1,6,H1,-0.14363,-0.24148,119,0.80918,1
上游股价,卸売業,水産・農林業,1,6,H2,-0.46024,-0.90985,114,0.3629,1
上游股价,卸売業,水産・農林業,3,1,H1,0.10359,0.75449,119,0.45056,1
上游股价,卸売業,水産・農林業,3,1,H2,-0.14423,-1.22598,119,0.2202,1
上游股价,卸売業,水産・農林業,3,3,H1,0.28975,1.04124,119,0.29777,1
上游股价,卸売業,水産・農林業,3,3,H2,-0.28343,-0.94124,117,0.34658,1
上游股价,卸売業,水産・農林業,3,6,H1,-0.3423,-0.62855,119,0.52964,1
上游股价,卸売業,水産・農林業,3,6,H2,-0.58805,-1.48367,114,0.1379,1
上游股价,卸売業,水産・農林業,6,1,H1,-0.03771,-0.49508,119,0.62055,1
上游股价,卸売業,水産・農林業,6,1,H2,-0.08699,-0.92915,119,0.35281,1
上游股价,卸売業,水産・農林業,6,3,H1,-0.16853,-0.6428,119,0.52036,1
上游股价,卸売業,水産・農林業,6,3,H2,-0.25569,-1.30166,117,0.19303,1
上游股价,卸売業,水産・農林業,6,6,H1,-0.18407,-0.40847,119,0.68293,1
上游股价,卸売業,水産・農林業,6,6,H2,-0.45471,-1.72043,114,0.08535,1
上游股价,小売業,水産・農林業,1,1,H1,0.24279,1.77211,119,0.07638,1
上游股价,小売業,水産・農林業,1,1,H2,-0.28949,-2.30856,119,0.02097,1
上游股价,小売業,水産・農林業,1,3,H1,0.39345,1.42174,119,0.1551,1
上游股价,小売業,水産・農林業,1,3,H2,-0.47298,-2.34625,117,0.01896,1
上游股价,小売業,水産・農林業,1,6,H1,0.18493,0.49639,119,0.61962,1
上游股价,小売業,水産・農林業,1,6,H2,-0.42407,-1.3837,114,0.16645,1
上游股价,小売業,水産・農林業,3,1,H1,0.10111,1.41424,119,0.15729,1
上游股价,小売業,水産・農林業,3,1,H2,-0.23476,-2.88656,119,0.00389,1
上游股价,小売業,水産・農林業,3,3,H1,0.15585,0.97114,119,0.33148,1
上游股价,小売業,水産・農林業,3,3,H2,-0.34011,-1.61085,117,0.10721,1
上游股价,小売業,水産・農林業,3,6,H1,-0.12333,-0.58438,119,0.55896,1
上游股价,小売業,水産・農林業,3,6,H2,-0.27771,-0.93594,114,0.34931,1
上游股价,小売業,水産・農林業,6,1,H1,-0.00043,-0.01059,119,0.99155,1
上游股价,小売業,水産・農林業,6,1,H2,-0.12233,-2.01406,119,0.044,1
上游股价,小売業,水産・農林業,6,3,H1,-0.05638,-0.58059,119,0.56152,1
上游股价,小売業,水産・農林業,6,3,H2,-0.11813,-0.69889,117,0.48462,1
上游股价,小売業,水産・農林業,6,6,H1,-0.21101,-0.92521,119,0.35486,1
上游股价,小売業,水産・農林業,6,6,H2,-0.04845,-0.16712,114,0.86728,1
上游股价,サービス業,水産・農林業,1,1,H1,0.44535,3.17167,119,0.00152,1
上游股价,サービス業,水産・農林業,1,1,H2,-0.14892,-1.42737,119,0.15347,1
上游股价,サービス業,水産・農林業,1,3,H1,0.35615,1.20775,119,0.22715,1
上游股价,サービス業,水産・農林業,1,3,H2,-0.19231,-0.96333,117,0.33538,1
上游股价,サービス業,水産・農林業,1,6,H1,0.48413,1.06936,119,0.28491,1
上游股价,サービス業,水産・農林業,1,6,H2,-0.12198,-0.41891,114,0.67528,1
上游股价,サービス業,水産・農林業,3,1,H1,0.12249,1.39729,119,0.16233,1
上游股价,サービス業,水産・農林業,3,1,H2,-0.07531,-1.27939,119,0.20076,1
上游股价,サービス業,水産・農林業,3,3,H1,0.27427,1.27029,119,0.20398,1
上游股价,サービス業,水産・農林業,3,3,H2,-0.04156,-0.27847,117,0.78065,1
上游股价,サービス業,水産・農林業,3,6,H1,0.00198,0.00584,119,0.99534,1
上游股价,サービス業,水産・農林業,3,6,H2,-0.05604,-0.23138,114,0.81702,1
上游股价,サービス業,水産・農林業,6,1,H1,0.04926,0.67901,119,0.49713,1
上游股价,サービス業,水産・農林業,6,1,H2,-0.02802,-0.77993,119,0.43543,1
上游股价,サービス業,水産・農林業,6,3,H1,-0.01495,-0.08615,119,0.93135,1
上游股价,サービス業,水産・農林業,6,3,H2,-0.00692,-0.06276,117,0.94996,1
上游股价,サービス業,水産・農林業,6,6,H1,-0.2511,-1.03264,119,0.30177,1
上游股价,サービス業,水産・農林業,6,6,H2,0.14052,0.73262,114,0.46379,1
上游股价,パルプ・紙,水産・農林業,1,1,H1,-0.03414,-0.49945,119,0.61746,1
上游股价,パルプ・紙,水産・農林業,1,1,H2,0.00088,0.01219,119,0.99027,1
上游股价,パルプ・紙,水産・農林業,1,3,H1,0.14806,1.31154,119,0.18967,1
上游股价,パルプ・紙,水産・農林業,1,3,H2,0.04629,0.38725,117,0.69857,1
上游股价,パルプ・紙,水産・農林業,1,6,H1,0.12973,0.80132,119,0.42295,1
上游股价,パルプ・紙,水産・農林業,1,6,H2,0.09416,0.69113,114,0.48949,1
上游股价,パルプ・紙,水産・農林業,3,1,H1,0.05178,1.4718,119,0.14107,1
上游股价,パルプ・紙,水産・農林業,3,1,H2,0.0194,0.42897,119,0.66795,1
上游股价,パルプ・紙,水産・農林業,3,3,H1,0.13259,1.50953,119,0.13116,1
上游股价,パルプ・紙,水産・農林業,3,3,H2,-0.04521,-0.40374,117,0.68641,1
上游股价,パルプ・紙,水産・農林業,3,6,H1,0.13671,1.0813,119,0.27956,1
上游股价,パルプ・紙,水産・農林業,3,6,H2,0.04223,0.35023,114,0.72617,1
上游股价,パルプ・紙,水産・農林業,6,1,H1,0.01591,0.67952,119,0.49681,1
上游股价,パルプ・紙,水産・農林業,6,1,H2,0.02891,0.72542,119,0.46819,1
上游股价,パルプ・紙,水産・農林業,6,3,H1,0.06127,0.99788,119,0.31834,1
上游股价,パルプ・紙,水産・農林業,6,3,H2,0.01757,0.21721,117,0.82804,1
上游股价,パルプ・紙,水産・農林業,6,6,H1,0.09992,0.72051,119,0.47121,1
上游股价,パルプ・紙,水産・農林業,6,6,H2,-0.01177,-0.10491,114,0.91645,1
上游股价,化学,水産・農林業,1,1,H1,-0.13384,-0.47522,119,0.63463,1
上游股价,化学,水産・農林業,1,1,H2,0.38064,2.04392,119,0.04096,1
上游股价,化学,水産・農林業,1,3,H1,0.57983,1.13273,119,0.25733,1
上游股价,化学,水産・農林業,1,3,H2,0.28349,0.86948,117,0.38459,1
上游股价,化学,水産・農林業,1,6,H1,-0.11926,-0.15592,119,0.87609,1
上游股价,化学,水産・農林業,1,6,H2,-0.12307,-0.25707,114,0.79713,1
上游股价,化学,水産・農林業,3,1,H1,0.17377,1.0141,119,0.31053,1
上游股价,化学,水産・農林業,3,1,H2,0.13338,1.18432,119,0.23629,1
上游股价,化学,水産・農林業,3,3,H1,0.10564,0.24942,119,0.80303,1
上游股价,化学,水産・農林業,3,3,H2,0.00491,0.01698,117,0.98645,1
上游股价,化学,水産・農林業,3,6,H1,-0.3136,-0.40048,119,0.6888,1
上游股价,化学,水産・農林業,3,6,H2,-0.03007,-0.07835,114,0.93755,1
上游股价,化学,水産・農林業,6,1,H1,-0.02273,-0.21203,119,0.83209,1
上游股价,化学,水産・農林業,6,1,H2,0.0248,0.3918,119,0.6952,1
上游股价,化学,水産・農林業,6,3,H1,-0.13076,-0.3796,119,0.70424,1
上游股价,化学,水産・農林業,6,3,H2,-0.03132,-0.16148,117,0.87172,1
上游股价,化学,水産・農林業,6,6,H1,-0.25077,-0.30708,119,0.75878,1
上游股价,化学,水産・農林業,6,6,H2,-0.12231,-0.39517,114,0.69272,1
上游股价,医薬品,水産・農林業,1,1,H1,-0.04331,-0.3882,119,0.69787,1
上游股价,医薬品,水産・農林業,1,1,H2,0.10043,1.06055,119,0.2889,1
上游股价,医薬品,水産・農林業,1,3,H1,0.11774,0.52349,119,0.60064,1
上游股价,医薬品,水産・農林業,1,3,H2,0.07074,0.52762,117,0.59776,1
上游股价,医薬品,水産・農林業,1,6,H1,0.17957,0.69742,119,0.48554,1
上游股价,医薬品,水産・農林業,1,6,H2,-0.01011,-0.05642,114,0.95501,1
上游股价,医薬品,水産・農林業,3,1,H1,0.04831,0.76372,119,0.44503,1
上游股价,医薬品,水産・農林業,3,1,H2,0.02677,0.50787,119,0.61155,1
上游股价,医薬品,水産・農林業,3,3,H1,0.21742,1.55012,119,0.12111,1
上游股价,医薬品,水産・農林業,3,3,H2,-0.04029,-0.3915,117,0.69543,1
上游股价,医薬品,水産・農林業,3,6,H1,-0.06545,-0.35657,119,0.72141,1
上游股价,医薬品,水産・農林業,3,6,H2,-0.12813,-0.724,114,0.46907,1
上游股价,医薬品,水産・農林業,6,1,H1,0.02258,0.64245,119,0.52058,1
上游股价,医薬品,水産・農林業,6,1,H2,-0.00144,-0.04709,119,0.96244,1
上游股价,医薬品,水産・農林業,6,3,H1,-0.03061,-0.34848,119,0.72748,1
上游股价,医薬品,水産・農林業,6,3,H2,-0.05568,-0.72092,117,0.47096,1
上游股价,医薬品,水産・農林業,6,6,H1,-0.22948,-1.40354,119,0.16046,1
上游股价,医薬品,水産・農林業,6,6,H2,-0.12909,-0.91988,114,0.35763,1
上游股价,サービス業,海運業,1,1,H1,-0.29738,-1.19808,119,0.23089,1
上游股价,サービス業,海運業,1,1,H2,-0.0564,-0.21189,119,0.8322,1
上游股价,サービス業,海運業,1,3,H1,-0.85575,-1.72339,119,0.08482,1
上游股价,サービス業,海運業,1,3,H2,-0.4302,-1.23264,117,0.21771,1
上游股价,サービス業,海運業,1,6,H1,-0.66263,-0.89322,119,0.37174,1
上游股价,サービス業,海運業,1,6,H2,-0.18866,-0.34638,114,0.72905,1
上游股价,サービス業,海運業,3,1,H1,-0.2575,-1.95083,119,0.05108,1
上游股价,サービス業,海運業,3,1,H2,-0.07618,-0.64193,119,0.52092,1
上游股价,サービス業,海運業,3,3,H1,-0.60191,-1.48748,119,0.13689,1
上游股价,サービス業,海運業,3,3,H2,0.00127,0.00491,117,0.99608,1
上游股价,サービス業,海運業,3,6,H1,-0.03346,-0.05521,119,0.95597,1
上游股价,サービス業,海運業,3,6,H2,0.02288,0.04691,114,0.96259,1
上游股价,サービス業,海運業,6,1,H1,-0.12667,-0.90376,119,0.36612,1
上游股价,サービス業,海運業,6,1,H2,-0.00501,-0.0747,119,0.94046,1
上游股价,サービス業,海運業,6,3,H1,-0.04978,-0.13356,119,0.89375,1
上游股价,サービス業,海運業,6,3,H2,0.03962,0.18328,117,0.85458,1
上游股价,サービス業,海運業,6,6,H1,0.20138,0.37751,119,0.7058,1
上游股价,サービス業,海運業,6,6,H2,0.07522,0.1601,114,0.87281,1
上游股价,石油・石炭製品,海運業,1,1,H1,-0.00628,-0.06016,119,0.95202,1
上游股价,石油・石炭製品,海運業,1,1,H2,0.12916,1.24817,119,0.21197,1
上游股价,石油・石炭製品,海運業,1,3,H1,0.11161,0.52002,119,0.60305,1
上游股价,石油・石炭製品,海運業,1,3,H2,0.1214,0.56285,117,0.57354,1
上游股价,石油・石炭製品,海運業,1,6,H1,-0.03597,-0.09866,119,0.92141,1
上游股价,石油・石炭製品,海運業,1,6,H2,-0.08533,-0.24891,114,0.80343,1
上游股价,石油・石炭製品,海運業,3,1,H1,0.0483,0.73353,119,0.46323,1
上游股价,石油・石炭製品,海運業,3,1,H2,0.01989,0.38003,119,0.70392,1
上游股价,石油・石炭製品,海運業,3,3,H1,0.07277,0.46391,119,0.64271,1
上游股价,石油・石炭製品,海運業,3,3,H2,-0.00834,-0.06913,117,0.94489,1
上游股价,石油・石炭製品,海運業,3,6,H1,-0.1349,-0.53457,119,0.59294,1
上游股价,石油・石炭製品,海運業,3,6,H2,-0.10547,-0.50354,114,0.61459,1
上游股价,石油・石炭製品,海運業,6,1,H1,0.00694,0.11928,119,0.90505,1
上游股价,石油・石炭製品,海運業,6,1,H2,-0.01122,-0.31301,119,0.75428,1
上游股价,石油・石炭製品,海運業,6,3,H1,-0.03624,-0.23864,119,0.81138,1
上游股价,石油・石炭製品,海運業,6,3,H2,-0.07126,-0.74149,117,0.45839,1
上游股价,石油・石炭製品,海運業,6,6,H1,-0.19014,-0.77346,119,0.43925,1
上游股价,石油・石炭製品,海運業,6,6,H2,-0.13447,-0.90857,114,0.36358,1
上游股价,不動産業,海運業,1,1,H1,-0.04431,-0.38093,119,0.70326,1
上游股价,不動産業,海運業,1,1,H2,0.42063,1.87677,119,0.06055,1
上游股价,不動産業,海運業,1,3,H1,-0.04204,-0.13432,119,0.89315,1
上游股价,不動産業,海運業,1,3,H2,0.01647,0.05124,117,0.95913,1
上游股价,不動産業,海運業,1,6,H1,0.1054,0.29254,119,0.76987,1
上游股价,不動産業,海運業,1,6,H2,0.58,1.18941,114,0.23428,1
上游股价,不動産業,海運業,3,1,H1,-0.02928,-0.34278,119,0.73177,1
上游股价,不動産業,海運業,3,1,H2,0.01109,0.08751,119,0.93026,1
上游股价,不動産業,海運業,3,3,H1,0.03853,0.17522,119,0.8609,1
上游股价,不動産業,海運業,3,3,H2,0.08024,0.25941,117,0.79532,1
上游股价,不動産業,海運業,3,6,H1,0.37259,1.45538,119,0.14556,1
上游股价,不動産業,海運業,3,6,H2,0.06484,0.1188,114,0.90543,1
上游股价,不動産業,海運業,6,1,H1,0.01771,0.38121,119,0.70304,1
上游股价,不動産業,海運業,6,1,H2,0.06977,0.73154,119,0.46445,1
上游股价,不動産業,海運業,6,3,H1,0.18494,1.81685,119,0.06924,1
上游股价,不動産業,海運業,6,3,H2,0.00393,0.01486,117,0.98814,1
上游股价,不動産業,海運業,6,6,H1,0.4995,5.12556,119,0.0,1
上游股价,不動産業,海運業,6,6,H2,-0.11441,-0.1989,114,0.84234,1
上游股价,鉱業,石油・石炭製品,1,1,H1,0.03941,0.36494,119,0.71515,1
上游股价,鉱業,石油・石炭製品,1,1,H2,0.07208,0.80986,119,0.41802,1
上游股价,鉱業,石油・石炭製品,1,3,H1,-0.08533,-0.42953,119,0.66754,1
上游股价,鉱業,石油・石炭製品,1,3,H2,0.22516,1.16864,117,0.24255,1
上游股价,鉱業,石油・石炭製品,1,6,H1,-0.17124,-0.8425,119,0.39951,1
上游股价,鉱業,石油・石炭製品,1,6,H2,0.06549,0.20543,114,0.83723,1
上游股价,鉱業,石油・石炭製品,3,1,H1,-0.05722,-0.8453,119,0.39794,1
上游股价,鉱業,石油・石炭製品,3,1,H2,0.06274,1.20261,119,0.22913,1
上游股价,鉱業,石油・石炭製品,3,3,H1,-0.1531,-1.39568,119,0.16281,1
上游股价,鉱業,石油・石炭製品,3,3,H2,0.05194,0.27489,117,0.7834,1
上游股价,鉱業,石油・石炭製品,3,6,H1,-0.50804,-3.55432,119,0.00038,1
上游股价,鉱業,石油・石炭製品,3,6,H2,0.02269,0.08177,114,0.93483,1
上游股价,鉱業,石油・石炭製品,6,1,H1,-0.06283,-1.41652,119,0.15662,1
上游股价,鉱業,石油・石炭製品,6,1,H2,-0.00475,-0.08971,119,0.92852,1
上游股价,鉱業,石油・石炭製品,6,3,H1,-0.25309,-2.98357,119,0.00285,1
上游股价,鉱業,石油・石炭製品,6,3,H2,-0.04856,-0.331,117,0.74064,1
上游股价,鉱業,石油・石炭製品,6,6,H1,-0.47412,-3.49505,119,0.00047,1
上游股价,鉱業,石油・石炭製品,6,6,H2,-0.03525,-0.15131,114,0.87973,1
上游股价,電気機器,精密機器,1,1,H1,0.04457,0.381,119,0.7032,1
上游股价,電気機器,精密機器,1,1,H2,0.05466,0.87415,119,0.38204,1
上游股价,電気機器,精密機器,1,3,H1,0.12357,0.59188,119,0.55393,1
上游股价,電気機器,精密機器,1,3,H2,-0.0683,-0.7322,117,0.46405,1
上游股价,電気機器,精密機器,1,6,H1,0.15327,0.9828,119,0.32571,1
上游股价,電気機器,精密機器,1,6,H2,0.01098,0.07029,114,0.94397,1
上游股价,電気機器,精密機器,3,1,H1,0.02277,0.36109,119,0.71803,1
上游股价,電気機器,精密機器,3,1,H2,-0.01639,-0.35428,119,0.72313,1
上游股价,電気機器,精密機器,3,3,H1,-0.02798,-0.24819,119,0.80399,1
上游股价,電気機器,精密機器,3,3,H2,-0.03767,-0.32927,117,0.74195,1
上游股价,電気機器,精密機器,3,6,H1,-0.05922,-0.53637,119,0.5917,1
上游股价,電気機器,精密機器,3,6,H2,0.14287,0.63426,114,0.52591,1
上游股价,電気機器,精密機器,6,1,H1,0.0209,0.72821,119,0.46648,1
上游股价,電気機器,精密機器,6,1,H2,0.00272,0.07719,119,0.93847,1
上游股价,電気機器,精密機器,6,3,H1,-0.02608,-0.44587,119,0.65569,1
上游股价,電気機器,精密機器,6,3,H2,0.06723,0.60722,117,0.54371,1
上游股价,電気機器,精密機器,6,6,H1,-0.08115,-0.72118,119,0.4708,1
上游股价,電気機器,精密機器,6,6,H2,0.19604,1.01751,114,0.30891,1
上游股价,非鉄金属,精密機器,1,1,H1,0.04128,0.54204,119,0.58779,1
上游股价,非鉄金属,精密機器,1,1,H2,0.10298,2.00185,119,0.0453,1
上游股价,非鉄金属,精密機器,1,3,H1,0.2831,1.86515,119,0.06216,1
上游股价,非鉄金属,精密機器,1,3,H2,0.14885,1.504,117,0.13258,1
上游股价,非鉄金属,精密機器,1,6,H1,0.32465,3.0483,119,0.0023,1
上游股价,非鉄金属,精密機器,1,6,H2,0.34543,2.1376,114,0.03255,1
上游股价,非鉄金属,精密機器,3,1,H1,0.088,1.98262,119,0.04741,1
上游股价,非鉄金属,精密機器,3,1,H2,0.05355,2.31605,119,0.02056,1
上游股价,非鉄金属,精密機器,3,3,H1,0.17682,2.24485,119,0.02478,1
上游股价,非鉄金属,精密機器,3,3,H2,0.13747,2.25344,117,0.02423,1
上游股价,非鉄金属,精密機器,3,6,H1,0.16747,1.30102,119,0.19325,1
上游股价,非鉄金属,精密機器,3,6,H2,0.23857,1.97331,114,0.04846,1
上游股价,非鉄金属,精密機器,6,1,H1,0.0444,1.6987,119,0.08937,1
上游股价,非鉄金属,精密機器,6,1,H2,0.03701,2.48548,119,0.01294,1
上游股价,非鉄金属,精密機器,6,3,H1,0.06978,1.05372,119,0.29201,1
上游股价,非鉄金属,精密機器,6,3,H2,0.09331,2.37316,117,0.01764,1
上游股价,非鉄金属,精密機器,6,6,H1,0.01714,0.15812,119,0.87436,1
上游股价,非鉄金属,精密機器,6,6,H2,0.13359,1.29949,114,0.19378,1
上游股价,ゴム製品,精密機器,1,1,H1,-0.04392,-0.84247,119,0.39952,1
上游股价,ゴム製品,精密機器,1,1,H2,-0.01524,-0.3116,119,0.75535,1
上游股价,ゴム製品,精密機器,1,3,H1,-0.09229,-0.59636,119,0.55094,1
上游股价,ゴム製品,精密機器,1,3,H2,0.00913,0.10101,117,0.91954,1
上游股价,ゴム製品,精密機器,1,6,H1,-0.21815,-1.37662,119,0.16863,1
上游股价,ゴム製品,精密機器,1,6,H2,0.12302,0.81498,114,0.41508,1
上游股价,ゴム製品,精密機器,3,1,H1,-0.03226,-0.63758,119,0.52375,1
上游股价,ゴム製品,精密機器,3,1,H2,-0.0007,-0.02454,119,0.98042,1
上游股价,ゴム製品,精密機器,3,3,H1,-0.0683,-0.64075,119,0.52168,1
上游股价,ゴム製品,精密機器,3,3,H2,0.01926,0.31724,117,0.75106,1
上游股价,ゴム製品,精密機器,3,6,H1,-0.14264,-1.60187,119,0.10919,1
上游股价,ゴム製品,精密機器,3,6,H2,0.15577,1.12271,114,0.26156,1
上游股价,ゴム製品,精密機器,6,1,H1,-0.04644,-1.42025,119,0.15554,1
上游股价,ゴム製品,精密機器,6,1,H2,0.01163,0.53225,119,0.59456,1
上游股价,ゴム製品,精密機器,6,3,H1,-0.08224,-1.38322,119,0.1666,1
上游股价,ゴム製品,精密機器,6,3,H2,0.0571,0.869,117,0.38485,1
上游股价,ゴム製品,精密機器,6,6,H1,-0.01093,-0.19394,119,0.84622,1
上游股价,ゴム製品,精密機器,6,6,H2,0.17455,1.29205,114,0.19634,1
上游股价,サービス業,精密機器,1,1,H1,-0.03389,-0.32105,119,0.74817,1
上游股价,サービス業,精密機器,1,1,H2,-0.07039,-0.9469,119,0.34369,1
上游股价,サービス業,精密機器,1,3,H1,-0.07511,-0.3232,119,0.74655,1
上游股价,サービス業,精密機器,1,3,H2,-0.08461,-0.68536,117,0.49312,1
上游股价,サービス業,精密機器,1,6,H1,-0.24462,-0.9628,119,0.33565,1
上游股价,サービス業,精密機器,1,6,H2,-0.20262,-1.02448,114,0.30561,1
上游股价,サービス業,精密機器,3,1,H1,-0.0354,-0.59898,119,0.54918,1
上游股价,サービス業,精密機器,3,1,H2,-0.03501,-0.93235,119,0.35115,1
上游股价,サービス業,精密機器,3,3,H1,-0.03122,-0.26499,119,0.79102,1
上游股价,サービス業,精密機器,3,3,H2,-0.1626,-1.83565,117,0.06641,1
上游股价,サービス業,精密機器,3,6,H1,-0.11242,-0.80147,119,0.42286,1
上游股价,サービス業,精密機器,3,6,H2,-0.12347,-0.715,114,0.47461,1
上游股价,サービス業,精密機器,6,1,H1,-0.03292,-1.09822,119,0.27211,1
上游股价,サービス業,精密機器,6,1,H2,-0.02689,-1.00594,119,0.31445,1
上游股价,サービス業,精密機器,6,3,H1,-0.04094,-0.56006,119,0.57544,1
上游股价,サービス業,精密機器,6,3,H2,-0.062,-0.78825,117,0.43055,1
上游股价,サービス業,精密機器,6,6,H1,0.03445,0.25305,119,0.80023,1
上游股价,サービス業,精密機器,6,6,H2,-0.03464,-0.26159,114,0.79364,1
上游股价,金属製品,精密機器,1,1,H1,0.04229,0.40658,119,0.68432,1
上游股价,金属製品,精密機器,1,1,H2,0.12383,1.49235,119,0.13561,1
上游股价,金属製品,精密機器,1,3,H1,0.21523,1.49934,119,0.13379,1
上游股价,金属製品,精密機器,1,3,H2,-0.10135,-0.60946,117,0.54222,1
上游股价,金属製品,精密機器,1,6,H1,0.35761,2.04272,119,0.04108,1
上游股价,金属製品,精密機器,1,6,H2,0.0219,0.10967,114,0.91267,1
上游股价,金属製品,精密機器,3,1,H1,0.08377,1.80985,119,0.07032,1
上游股价,金属製品,精密機器,3,1,H2,-0.02582,-0.41383,119,0.679,1
上游股价,金属製品,精密機器,3,3,H1,0.25659,2.52502,119,0.01157,1
上游股价,金属製品,精密機器,3,3,H2,-0.12566,-0.84571,117,0.39772,1
上游股价,金属製品,精密機器,3,6,H1,0.27609,1.58697,119,0.11252,1
上游股价,金属製品,精密機器,3,6,H2,-0.0489,-0.2396,114,0.81064,1
上游股价,金属製品,精密機器,6,1,H1,0.09062,2.39195,119,0.01676,1
上游股价,金属製品,精密機器,6,1,H2,0.00369,0.10249,119,0.91837,1
上游股价,金属製品,精密機器,6,3,H1,0.17398,1.90795,119,0.0564,1
上游股价,金属製品,精密機器,6,3,H2,-0.03875,-0.43211,117,0.66566,1
上游股价,金属製品,精密機器,6,6,H1,0.03539,0.24404,119,0.8072,1
上游股价,金属製品,精密機器,6,6,H2,-0.06306,-0.46563,114,0.64148,1
上游股价,卸売業,精密機器,1,1,H1,-0.04639,-0.23885,119,0.81123,1
上游股价,卸売業,精密機器,1,1,H2,-0.12787,-0.68711,119,0.49202,1
上游股价,卸売業,精密機器,1,3,H1,-0.00084,-0.00263,119,0.9979,1
上游股价,卸売業,精密機器,1,3,H2,-0.00115,-0.00363,117,0.9971,1
上游股价,卸売業,精密機器,1,6,H1,-0.18904,-0.51202,119,0.60864,1
上游股价,卸売業,精密機器,1,6,H2,0.20679,0.34747,114,0.72824,1
上游股价,卸売業,精密機器,3,1,H1,0.01846,0.18742,119,0.85133,1
上游股价,卸売業,精密機器,3,1,H2,-0.0293,-0.27583,119,0.78268,1
上游股价,卸売業,精密機器,3,3,H1,0.06543,0.34316,119,0.73148,1
上游股价,卸売業,精密機器,3,3,H2,0.16969,0.49003,117,0.62411,1
上游股价,卸売業,精密機器,3,6,H1,-0.06238,-0.27284,119,0.78497,1
上游股价,卸売業,精密機器,3,6,H2,0.29993,0.49825,114,0.61831,1
上游股价,卸売業,精密機器,6,1,H1,0.01135,0.28211,119,0.77786,1
上游股价,卸売業,精密機器,6,1,H2,0.03421,0.39092,119,0.69586,1
上游股价,卸売業,精密機器,6,3,H1,0.00574,0.05395,119,0.95698,1
上游股价,卸売業,精密機器,6,3,H2,0.12308,0.47226,117,0.63674,1
上游股价,卸売業,精密機器,6,6,H1,-0.08664,-0.70641,119,0.47993,1
上游股价,卸売業,精密機器,6,6,H2,0.13348,0.29244,114,0.76995,1
上游股价,小売業,精密機器,1,1,H1,-0.05904,-0.65216,119,0.5143,1
上游股价,小売業,精密機器,1,1,H2,-0.21293,-2.05879,119,0.03951,1
上游股价,小売業,精密機器,1,3,H1,-0.41978,-1.86779,119,0.06179,1
上游股价,小売業,精密機器,1,3,H2,-0.12485,-0.8047,117,0.42099,1
上游股价,小売業,精密機器,1,6,H1,-0.45833,-2.52151,119,0.01169,1
上游股价,小売業,精密機器,1,6,H2,-0.17696,-0.62677,114,0.53081,1
上游股价,小売業,精密機器,3,1,H1,-0.1053,-1.79877,119,0.07206,1
上游股价,小売業,精密機器,3,1,H2,-0.07588,-1.28373,119,0.19924,1
上游股价,小売業,精密機器,3,3,H1,-0.2196,-1.89882,119,0.05759,1
上游股价,小売業,精密機器,3,3,H2,-0.10852,-0.57774,117,0.56344,1
上游股价,小売業,精密機器,3,6,H1,-0.1273,-0.80128,119,0.42297,1
上游股价,小売業,精密機器,3,6,H2,-0.25543,-0.78583,114,0.43196,1
上游股价,小売業,精密機器,6,1,H1,-0.04495,-1.34226,119,0.17951,1
上游股价,小売業,精密機器,6,1,H2,-0.03819,-0.66842,119,0.50386,1
上游股价,小売業,精密機器,6,3,H1,-0.0543,-0.62844,119,0.52971,1
上游股价,小売業,精密機器,6,3,H2,-0.13022,-0.85861,117,0.39056,1
上游股价,小売業,精密機器,6,6,H1,0.06804,0.4654,119,0.64165,1
上游股价,小売業,精密機器,6,6,H2,-0.29225,-1.32561,114,0.18497,1
上游股价,化学,繊維製品,1,1,H1,0.23194,1.39271,119,0.16371,1
上游股价,化学,繊維製品,1,1,H2,-0.24322,-1.77993,119,0.07509,1
上游股价,化学,繊維製品,1,3,H1,0.1246,0.41674,119,0.67687,1
上游股价,化学,繊維製品,1,3,H2,-0.50425,-2.02139,117,0.04324,1
上游股价,化学,繊維製品,1,6,H1,0.32835,0.77636,119,0.43754,1
上游股价,化学,繊維製品,1,6,H2,-0.64609,-1.32019,114,0.18677,1
上游股价,化学,繊維製品,3,1,H1,0.05649,0.51558,119,0.60615,1
上游股价,化学,繊維製品,3,1,H2,-0.20782,-2.37443,119,0.01758,1
上游股价,化学,繊維製品,3,3,H1,0.15521,0.67317,119,0.50084,1
上游股价,化学,繊維製品,3,3,H2,-0.41461,-1.85965,117,0.06293,1
上游股价,化学,繊維製品,3,6,H1,0.54463,1.55741,119,0.11937,1
上游股价,化学,繊維製品,3,6,H2,-0.33202,-0.68512,114,0.49327,1
上游股价,化学,繊維製品,6,1,H1,0.05764,0.84658,119,0.39723,1
上游股价,化学,繊維製品,6,1,H2,-0.09883,-1.4378,119,0.15049,1
上游股价,化学,繊維製品,6,3,H1,0.24373,1.6771,119,0.09352,1
上游股价,化学,繊維製品,6,3,H2,-0.15438,-0.70651,117,0.47987,1
上游股价,化学,繊維製品,6,6,H1,0.65105,2.38828,119,0.01693,1
上游股价,化学,繊維製品,6,6,H2,-0.24066,-0.49146,114,0.6231,1
上游股价,医薬品,繊維製品,1,1,H1,0.09356,1.39996,119,0.16153,1
上游股价,医薬品,繊維製品,1,1,H2,0.00903,0.10126,119,0.91935,1
上游股价,医薬品,繊維製品,1,3,H1,0.12442,1.1923,119,0.23314,1
上游股价,医薬品,繊維製品,1,3,H2,-0.00692,-0.05568,117,0.95559,1
上游股价,医薬品,繊維製品,1,6,H1,0.04784,0.31607,119,0.75195,1
上游股价,医薬品,繊維製品,1,6,H2,-0.12291,-0.4643,114,0.64243,1
上游股价,医薬品,繊維製品,3,1,H1,0.03631,0.9872,119,0.32354,1
上游股价,医薬品,繊維製品,3,1,H2,0.00392,0.07496,119,0.94025,1
上游股价,医薬品,繊維製品,3,3,H1,0.00889,0.14474,119,0.88492,1
上游股价,医薬品,繊維製品,3,3,H2,-0.0397,-0.27871,117,0.78046,1
上游股价,医薬品,繊維製品,3,6,H1,-0.02065,-0.18609,119,0.85237,1
上游股价,医薬品,繊維製品,3,6,H2,-0.20897,-0.76282,114,0.44557,1
上游股价,医薬品,繊維製品,6,1,H1,0.01073,0.47067,119,0.63788,1
上游股价,医薬品,繊維製品,6,1,H2,-0.01807,-0.50223,119,0.61551,1
上游股价,医薬品,繊維製品,6,3,H1,-0.00881,-0.15316,119,0.87827,1
上游股价,医薬品,繊維製品,6,3,H2,-0.08821,-0.84768,117,0.39662,1
上游股价,医薬品,繊維製品,6,6,H1,-0.07724,-0.8899,119,0.37352,1
上游股价,医薬品,繊維製品,6,6,H2,-0.23333,-1.03682,114,0.29982,1
上游股价,卸売業,繊維製品,1,1,H1,0.25557,1.74992,119,0.08013,1
上游股价,卸売業,繊維製品,1,1,H2,-0.13416,-0.63286,119,0.52682,1
上游股价,卸売業,繊維製品,1,3,H1,0.13925,0.54732,119,0.58416,1
上游股价,卸売業,繊維製品,1,3,H2,-0.04243,-0.1401,117,0.88858,1
上游股价,卸売業,繊維製品,1,6,H1,0.63984,1.65044,119,0.09885,1
上游股价,卸売業,繊維製品,1,6,H2,0.16989,0.31063,114,0.75608,1
上游股价,卸売業,繊維製品,3,1,H1,0.03746,0.43268,119,0.66525,1
上游股价,卸売業,繊維製品,3,1,H2,0.01736,0.14316,119,0.88617,1
上游股价,卸売業,繊維製品,3,3,H1,0.07794,0.42802,119,0.66864,1
上游股价,卸売業,繊維製品,3,3,H2,-0.09239,-0.30897,117,0.75734,1
上游股价,卸売業,繊維製品,3,6,H1,0.34731,1.24259,119,0.21402,1
上游股价,卸売業,繊維製品,3,6,H2,0.05194,0.10292,114,0.91803,1
上游股价,卸売業,繊維製品,6,1,H1,0.09635,2.39521,119,0.01661,1
上游股价,卸売業,繊維製品,6,1,H2,0.03471,0.39105,119,0.69576,1
上游股价,卸売業,繊維製品,6,3,H1,0.18138,1.72767,119,0.08405,1
上游股价,卸売業,繊維製品,6,3,H2,0.01006,0.04415,117,0.96478,1
上游股价,卸売業,繊維製品,6,6,H1,0.1416,0.69287,119,0.48839,1
上游股价,卸売業,繊維製品,6,6,H2,0.2505,0.6664,114,0.50515,1
上游股价,小売業,繊維製品,1,1,H1,0.06536,0.70947,119,0.47803,1
上游股价,小売業,繊維製品,1,1,H2,-0.11429,-0.98017,119,0.327,1
上游股价,小売業,繊維製品,1,3,H1,0.0762,0.50057,119,0.61667,1
上游股价,小売業,繊維製品,1,3,H2,-0.18518,-1.08538,117,0.27775,1
上游股价,小売業,繊維製品,1,6,H1,0.05994,0.34546,119,0.72975,1
上游股价,小売業,繊維製品,1,6,H2,-0.37213,-1.00575,114,0.31454,1
上游股价,小売業,繊維製品,3,1,H1,0.01431,0.30028,119,0.76396,1
上游股价,小売業,繊維製品,3,1,H2,-0.07464,-1.13643,119,0.25578,1
上游股价,小売業,繊維製品,3,3,H1,-0.03136,-0.45946,119,0.64591,1
上游股价,小売業,繊維製品,3,3,H2,-0.22604,-1.02128,117,0.30712,1
上游股价,小売業,繊維製品,3,6,H1,0.02488,0.22376,119,0.82294,1
上游股价,小売業,繊維製品,3,6,H2,-0.40687,-1.05848,114,0.28984,1
上游股价,小売業,繊維製品,6,1,H1,0.01096,0.4725,119,0.63657,1
上游股价,小売業,繊維製品,6,1,H2,-0.076,-1.15993,119,0.24608,1
上游股价,小売業,繊維製品,6,3,H1,0.0151,0.28314,119,0.77707,1
上游股价,小売業,繊維製品,6,3,H2,-0.18248,-0.98206,117,0.32607,1
上游股价,小売業,繊維製品,6,6,H1,0.04746,0.62228,119,0.53376,1
上游股价,小売業,繊維製品,6,6,H2,-0.25357,-0.95924,114,0.33744,1
上游股价,サービス業,繊維製品,1,1,H1,-0.00495,-0.04839,119,0.9614,1
上游股价,サービス業,繊維製品,1,1,H2,0.13617,1.42736,119,0.15348,1
上游股价,サービス業,繊維製品,1,3,H1,-0.03314,-0.17464,119,0.86136,1
上游股价,サービス業,繊維製品,1,3,H2,0.03171,0.18939,117,0.84978,1
上游股价,サービス業,繊維製品,1,6,H1,-0.23011,-1.01209,119,0.3115,1
上游股价,サービス業,繊維製品,1,6,H2,0.25328,1.15351,114,0.2487,1
上游股价,サービス業,繊維製品,3,1,H1,-0.01517,-0.25258,119,0.80059,1
上游股价,サービス業,繊維製品,3,1,H2,0.01337,0.22296,119,0.82357,1
上游股价,サービス業,繊維製品,3,3,H1,-0.06263,-0.513,119,0.60795,1
上游股价,サービス業,繊維製品,3,3,H2,0.10842,1.04472,117,0.29615,1
上游股价,サービス業,繊維製品,3,6,H1,-0.21557,-1.65916,119,0.09708,1
上游股价,サービス業,繊維製品,3,6,H2,0.15773,1.08932,114,0.27601,1
上游股价,サービス業,繊維製品,6,1,H1,-0.0324,-0.93858,119,0.34794,1
上游股价,サービス業,繊維製品,6,1,H2,0.03,1.05287,119,0.2924,1
上游股价,サービス業,繊維製品,6,3,H1,-0.10436,-1.38792,119,0.16516,1
上游股价,サービス業,繊維製品,6,3,H2,0.06692,1.19774,117,0.23102,1
上游股价,サービス業,繊維製品,6,6,H1,-0.25202,-2.24133,119,0.025,1
上游股价,サービス業,繊維製品,6,6,H2,0.1026,0.88797,114,0.37456,1
上游股价,電気・ガス業,繊維製品,1,1,H1,0.04295,0.99747,119,0.31854,1
上游股价,電気・ガス業,繊維製品,1,1,H2,-0.02929,-0.47195,119,0.63696,1
上游股价,電気・ガス業,繊維製品,1,3,H1,0.05596,0.84872,119,0.39604,1
上游股价,電気・ガス業,繊維製品,1,3,H2,-0.00791,-0.08538,117,0.93196,1
上游股价,電気・ガス業,繊維製品,1,6,H1,0.12499,1.63038,119,0.10302,1
上游股价,電気・ガス業,繊維製品,1,6,H2,-0.08535,-0.56975,114,0.56884,1
上游股价,電気・ガス業,繊維製品,3,1,H1,0.01551,0.75451,119,0.45054,1
上游股价,電気・ガス業,繊維製品,3,1,H2,-0.00993,-0.2438,119,0.80739,1
上游股价,電気・ガス業,繊維製品,3,3,H1,0.0411,1.07557,119,0.28212,1
上游股价,電気・ガス業,繊維製品,3,3,H2,-0.06908,-0.85064,117,0.39497,1
上游股价,電気・ガス業,繊維製品,3,6,H1,0.08015,1.3307,119,0.18329,1
上游股价,電気・ガス業,繊維製品,3,6,H2,-0.07563,-0.71088,114,0.47716,1
上游股价,電気・ガス業,繊維製品,6,1,H1,0.01693,1.47831,119,0.13932,1
上游股价,電気・ガス業,繊維製品,6,1,H2,-0.02177,-0.88537,119,0.37595,1
上游股价,電気・ガス業,繊維製品,6,3,H1,0.03587,1.15943,119,0.24628,1
上游股价,電気・ガス業,繊維製品,6,3,H2,-0.03986,-0.84678,117,0.39712,1
上游股价,電気・ガス業,繊維製品,6,6,H1,0.06675,1.42528,119,0.15408,1
上游股价,電気・ガス業,繊維製品,6,6,H2,-0.00831,-0.0885,114,0.92948,1
上游股价,サービス業,証券、商品先物取引業,1,1,H1,-0.42511,-1.63337,119,0.10239,1
上游股价,サービス業,証券、商品先物取引業,1,1,H2,-0.06195,-0.60941,119,0.54225,1
上游股价,サービス業,証券、商品先物取引業,1,3,H1,-0.72793,-1.81485,119,0.06955,1
上游股价,サービス業,証券、商品先物取引業,1,3,H2,-0.06488,-0.29548,117,0.76763,1
上游股价,サービス業,証券、商品先物取引業,1,6,H1,-0.64719,-1.37402,119,0.16943,1
上游股价,サービス業,証券、商品先物取引業,1,6,H2,0.02147,0.05888,114,0.95305,1
上游股价,サービス業,証券、商品先物取引業,3,1,H1,-0.20552,-1.57295,119,0.11573,1
上游股价,サービス業,証券、商品先物取引業,3,1,H2,-0.01673,-0.30035,119,0.76391,1
上游股价,サービス業,証券、商品先物取引業,3,3,H1,-0.64507,-2.07584,119,0.03791,1
上游股价,サービス業,証券、商品先物取引業,3,3,H2,0.04999,0.32593,117,0.74448,1
上游股价,サービス業,証券、商品先物取引業,3,6,H1,-0.06566,-0.1973,119,0.84359,1
上游股价,サービス業,証券、商品先物取引業,3,6,H2,-0.00957,-0.02849,114,0.97727,1
上游股价,サービス業,証券、商品先物取引業,6,1,H1,-0.1035,-1.34444,119,0.17881,1
上游股价,サービス業,証券、商品先物取引業,6,1,H2,-0.00657,-0.14397,119,0.88553,1
上游股价,サービス業,証券、商品先物取引業,6,3,H1,-0.06926,-0.39795,119,0.69067,1
上游股价,サービス業,証券、商品先物取引業,6,3,H2,-0.01673,-0.11835,117,0.90579,1
上游股价,サービス業,証券、商品先物取引業,6,6,H1,0.49548,1.57736,119,0.11471,1
上游股价,サービス業,証券、商品先物取引業,6,6,H2,-0.18572,-0.65263,114,0.51399,1
上游股价,情報・通信業,証券、商品先物取引業,1,1,H1,-0.2498,-0.94735,119,0.34346,1
上游股价,情報・通信業,証券、商品先物取引業,1,1,H2,-0.12832,-1.51488,119,0.1298,1
上游股价,情報・通信業,証券、商品先物取引業,1,3,H1,-0.37252,-0.73452,119,0.46263,1
上游股价,情報・通信業,証券、商品先物取引業,1,3,H2,-0.14983,-0.84708,117,0.39695,1
上游股价,情報・通信業,証券、商品先物取引業,1,6,H1,0.75488,0.92772,119,0.35355,1
上游股价,情報・通信業,証券、商品先物取引業,1,6,H2,0.09769,0.39744,114,0.69104,1
上游股价,情報・通信業,証券、商品先物取引業,3,1,H1,-0.09219,-0.67294,119,0.50099,1
上游股价,情報・通信業,証券、商品先物取引業,3,1,H2,-0.03576,-0.734,119,0.46295,1
上游股价,情報・通信業,証券、商品先物取引業,3,3,H1,0.00667,0.01889,119,0.98493,1
上游股价,情報・通信業,証券、商品先物取引業,3,3,H2,0.07355,0.71113,117,0.477,1
上游股价,情報・通信業,証券、商品先物取引業,3,6,H1,0.93779,1.46075,119,0.14408,1
上游股价,情報・通信業,証券、商品先物取引業,3,6,H2,0.12778,0.62673,114,0.53083,1
上游股价,情報・通信業,証券、商品先物取引業,6,1,H1,0.10728,1.06061,119,0.28887,1
上游股价,情報・通信業,証券、商品先物取引業,6,1,H2,0.00402,0.13796,119,0.89027,1
上游股价,情報・通信業,証券、商品先物取引業,6,3,H1,0.51622,1.55334,119,0.12034,1
上游股价,情報・通信業,証券、商品先物取引業,6,3,H2,0.03921,0.45977,117,0.64568,1
上游股价,情報・通信業,証券、商品先物取引業,6,6,H1,0.91698,1.61021,119,0.10735,1
上游股价,情報・通信業,証券、商品先物取引業,6,6,H2,0.04776,0.20746,114,0.83565,1
上游股价,不動産業,証券、商品先物取引業,1,1,H1,0.17293,1.33707,119,0.1812,1
上游股价,不動産業,証券、商品先物取引業,1,1,H2,-0.02703,-0.30134,119,0.76316,1
上游股价,不動産業,証券、商品先物取引業,1,3,H1,0.24322,1.04076,119,0.29798,1
上游股价,不動産業,証券、商品先物取引業,1,3,H2,-0.21062,-1.11185,117,0.2662,1
上游股价,不動産業,証券、商品先物取引業,1,6,H1,0.37606,0.95418,119,0.33999,1
上游股价,不動産業,証券、商品先物取引業,1,6,H2,-0.13255,-0.63765,114,0.5237,1
上游股价,不動産業,証券、商品先物取引業,3,1,H1,0.08566,1.06456,119,0.28707,1
上游股价,不動産業,証券、商品先物取引業,3,1,H2,-0.10112,-1.58701,119,0.11251,1
上游股价,不動産業,証券、商品先物取引業,3,3,H1,0.14544,0.68935,119,0.4906,1
上游股价,不動産業,証券、商品先物取引業,3,3,H2,-0.17058,-1.08906,117,0.27613,1
上游股价,不動産業,証券、商品先物取引業,3,6,H1,0.42383,1.38865,119,0.16494,1
上游股价,不動産業,証券、商品先物取引業,3,6,H2,-0.34907,-1.46519,114,0.14287,1
上游股价,不動産業,証券、商品先物取引業,6,1,H1,0.06324,1.13985,119,0.25435,1
上游股价,不動産業,証券、商品先物取引業,6,1,H2,-0.062,-1.38881,119,0.16489,1
上游股价,不動産業,証券、商品先物取引業,6,3,H1,0.21827,1.7582,119,0.07871,1
上游股价,不動産業,証券、商品先物取引業,6,3,H2,-0.19738,-1.57506,117,0.11524,1
上游股价,不動産業,証券、商品先物取引業,6,6,H1,0.41645,1.98802,119,0.04681,1
上游股价,不動産業,証券、商品先物取引業,6,6,H2,-0.43649,-1.50893,114,0.13132,1
上游股价,その他製品,証券、商品先物取引業,1,1,H1,-0.06641,-0.21348,119,0.83096,1
上游股价,その他製品,証券、商品先物取引業,1,1,H2,0.13874,0.89299,119,0.37186,1
上游股价,その他製品,証券、商品先物取引業,1,3,H1,-0.20215,-0.40012,119,0.68907,1
上游股价,その他製品,証券、商品先物取引業,1,3,H2,-0.07364,-0.1983,117,0.84281,1
上游股价,その他製品,証券、商品先物取引業,1,6,H1,-0.42016,-0.6818,119,0.49537,1
上游股价,その他製品,証券、商品先物取引業,1,6,H2,-0.18048,-0.36523,114,0.71494,1
上游股价,その他製品,証券、商品先物取引業,3,1,H1,-0.12393,-0.82575,119,0.40895,1
上游股价,その他製品,証券、商品先物取引業,3,1,H2,-0.01609,-0.14381,119,0.88565,1
上游股价,その他製品,証券、商品先物取引業,3,3,H1,-0.28482,-0.82147,119,0.41138,1
上游股价,その他製品,証券、商品先物取引業,3,3,H2,-0.32666,-1.20519,117,0.22813,1
上游股价,その他製品,証券、商品先物取引業,3,6,H1,-0.22565,-0.47457,119,0.63509,1
上游股价,その他製品,証券、商品先物取引業,3,6,H2,-0.22543,-0.54445,114,0.58613,1
上游股价,その他製品,証券、商品先物取引業,6,1,H1,-0.05652,-0.50458,119,0.61385,1
上游股价,その他製品,証券、商品先物取引業,6,1,H2,-0.01096,-0.15926,119,0.87347,1
上游股价,その他製品,証券、商品先物取引業,6,3,H1,-0.06434,-0.21192,119,0.83217,1
上游股价,その他製品,証券、商品先物取引業,6,3,H2,-0.08337,-0.43697,117,0.66213,1
上游股价,その他製品,証券、商品先物取引業,6,6,H1,-0.00774,-0.02311,119,0.98156,1
上游股价,その他製品,証券、商品先物取引業,6,6,H2,-0.02641,-0.09357,114,0.92545,1
上游股价,電気機器,輸送用機器,1,1,H1,0.08973,0.4854,119,0.62739,1
上游股价,電気機器,輸送用機器,1,1,H2,-0.11151,-1.0466,119,0.29529,1
上游股价,電気機器,輸送用機器,1,3,H1,0.23493,0.71762,119,0.47299,1
上游股价,電気機器,輸送用機器,1,3,H2,0.03591,0.32933,117,0.74191,1
上游股价,電気機器,輸送用機器,1,6,H1,-0.11971,-0.47447,119,0.63516,1
上游股价,電気機器,輸送用機器,1,6,H2,-0.10011,-0.39932,114,0.68966,1
上游股价,電気機器,輸送用機器,3,1,H1,0.07077,0.60332,119,0.5463,1
上游股价,電気機器,輸送用機器,3,1,H2,0.02794,0.49242,119,0.62243,1
上游股价,電気機器,輸送用機器,3,3,H1,-0.10426,-0.61165,119,0.54077,1
上游股价,電気機器,輸送用機器,3,3,H2,0.0334,0.27968,117,0.77972,1
上游股价,電気機器,輸送用機器,3,6,H1,-0.30606,-1.23318,119,0.21751,1
上游股价,電気機器,輸送用機器,3,6,H2,-0.07082,-0.28222,114,0.77778,1
上游股价,電気機器,輸送用機器,6,1,H1,-0.02502,-0.3675,119,0.71325,1
上游股价,電気機器,輸送用機器,6,1,H2,-0.01489,-0.3378,119,0.73551,1
上游股价,電気機器,輸送用機器,6,3,H1,-0.12421,-0.94085,119,0.34678,1
上游股价,電気機器,輸送用機器,6,3,H2,-0.04425,-0.37629,117,0.7067,1
上游股价,電気機器,輸送用機器,6,6,H1,-0.16039,-0.56238,119,0.57386,1
上游股价,電気機器,輸送用機器,6,6,H2,-0.24335,-1.00747,114,0.31371,1
上游股价,鉄鋼,輸送用機器,1,1,H1,0.16501,1.80042,119,0.07179,1
上游股价,鉄鋼,輸送用機器,1,1,H2,-0.05415,-0.65749,119,0.51086,1
上游股价,鉄鋼,輸送用機器,1,3,H1,0.26489,1.38402,119,0.16635,1
上游股价,鉄鋼,輸送用機器,1,3,H2,0.16648,1.26005,117,0.20765,1
上游股价,鉄鋼,輸送用機器,1,6,H1,0.1358,0.8478,119,0.39655,1
上游股价,鉄鋼,輸送用機器,1,6,H2,0.17637,0.8868,114,0.37519,1
上游股价,鉄鋼,輸送用機器,3,1,H1,0.07268,1.18056,119,0.23778,1
上游股价,鉄鋼,輸送用機器,3,1,H2,0.0648,1.55679,119,0.11952,1
上游股价,鉄鋼,輸送用機器,3,3,H1,0.09656,0.8692,119,0.38474,1
上游股价,鉄鋼,輸送用機器,3,3,H2,0.17731,1.88106,117,0.05996,1
上游股价,鉄鋼,輸送用機器,3,6,H1,-0.01557,-0.1265,119,0.89934,1
上游股价,鉄鋼,輸送用機器,3,6,H2,0.2906,1.87369,114,0.06097,1
上游股价,鉄鋼,輸送用機器,6,1,H1,0.02718,0.61958,119,0.53553,1
上游股价,鉄鋼,輸送用機器,6,1,H2,0.03803,1.36307,119,0.17286,1
上游股价,鉄鋼,輸送用機器,6,3,H1,0.0052,0.06441,119,0.94864,1
上游股价,鉄鋼,輸送用機器,6,3,H2,0.14842,2.12383,117,0.03368,1
上游股价,鉄鋼,輸送用機器,6,6,H1,-0.10853,-0.47457,119,0.63509,1
上游股价,鉄鋼,輸送用機器,6,6,H2,0.19537,1.7281,114,0.08397,1
上游股价,ゴム製品,輸送用機器,1,1,H1,-0.1658,-1.72053,119,0.08534,1
上游股价,ゴム製品,輸送用機器,1,1,H2,-0.007,-0.10894,119,0.91325,1
上游股价,ゴム製品,輸送用機器,1,3,H1,-0.38018,-1.54639,119,0.12201,1
上游股价,ゴム製品,輸送用機器,1,3,H2,0.01675,0.14802,117,0.88233,1
上游股价,ゴム製品,輸送用機器,1,6,H1,-0.3643,-1.30541,119,0.19175,1
上游股价,ゴム製品,輸送用機器,1,6,H2,-0.08408,-0.61944,114,0.53562,1
上游股价,ゴム製品,輸送用機器,3,1,H1,-0.14844,-1.85328,119,0.06384,1
上游股价,ゴム製品,輸送用機器,3,1,H2,0.01853,0.49892,119,0.61784,1
上游股价,ゴム製品,輸送用機器,3,3,H1,-0.24712,-1.4663,119,0.14257,1
上游股价,ゴム製品,輸送用機器,3,3,H2,0.0272,0.36655,117,0.71396,1
上游股价,ゴム製品,輸送用機器,3,6,H1,-0.14451,-1.04448,119,0.29626,1
上游股价,ゴム製品,輸送用機器,3,6,H2,-0.13661,-1.05233,114,0.29265,1
上游股价,ゴム製品,輸送用機器,6,1,H1,-0.06995,-1.17384,119,0.24046,1
上游股价,ゴム製品,輸送用機器,6,1,H2,-0.01616,-0.77285,119,0.43961,1
上游股价,ゴム製品,輸送用機器,6,3,H1,-0.0974,-1.0177,119,0.30882,1
上游股价,ゴム製品,輸送用機器,6,3,H2,-0.06568,-1.15548,117,0.24789,1
上游股价,ゴム製品,輸送用機器,6,6,H1,0.09523,0.86001,119,0.38979,1
上游股价,ゴム製品,輸送用機器,6,6,H2,-0.13452,-1.53284,114,0.12531,1
上游股价,サービス業,輸送用機器,1,1,H1,-0.25987,-1.6045,119,0.1086,1
上游股价,サービス業,輸送用機器,1,1,H2,0.07976,0.76657,119,0.44334,1
上游股价,サービス業,輸送用機器,1,3,H1,-0.5482,-1.6018,119,0.1092,1
上游股价,サービス業,輸送用機器,1,3,H2,0.06743,0.4525,117,0.65091,1
上游股价,サービス業,輸送用機器,1,6,H1,-0.3429,-0.80071,119,0.4233,1
上游股价,サービス業,輸送用機器,1,6,H2,0.32215,1.40596,114,0.15974,1
上游股价,サービス業,輸送用機器,3,1,H1,-0.15611,-1.59594,119,0.1105,1
上游股价,サービス業,輸送用機器,3,1,H2,0.01191,0.24594,119,0.80572,1
上游股价,サービス業,輸送用機器,3,3,H1,-0.17105,-0.96091,119,0.3366,1
上游股价,サービス業,輸送用機器,3,3,H2,0.09616,0.86568,117,0.38667,1
上游股价,サービス業,輸送用機器,3,6,H1,-0.14807,-0.49901,119,0.61777,1
上游股价,サービス業,輸送用機器,3,6,H2,0.28252,1.54743,114,0.12176,1
上游股价,サービス業,輸送用機器,6,1,H1,-0.0459,-1.05469,119,0.29157,1
上游股价,サービス業,輸送用機器,6,1,H2,0.03019,0.97028,119,0.33191,1
上游股价,サービス業,輸送用機器,6,3,H1,-0.0768,-0.57897,119,0.56261,1
上游股价,サービス業,輸送用機器,6,3,H2,0.12942,1.68,117,0.09296,1
上游股价,サービス業,輸送用機器,6,6,H1,-0.08364,-0.30313,119,0.76179,1
上游股价,サービス業,輸送用機器,6,6,H2,0.14511,1.06351,114,0.28755,1
上游股价,非鉄金属,輸送用機器,1,1,H1,-0.00407,-0.02967,119,0.97633,1
上游股价,非鉄金属,輸送用機器,1,1,H2,-0.09084,-1.44021,119,0.14981,1
上游股价,非鉄金属,輸送用機器,1,3,H1,0.26504,0.95674,119,0.3387,1
上游股价,非鉄金属,輸送用機器,1,3,H2,-0.01384,-0.12766,117,0.89842,1
上游股价,非鉄金属,輸送用機器,1,6,H1,0.00867,0.05327,119,0.95752,1
上游股价,非鉄金属,輸送用機器,1,6,H2,-0.22959,-1.44507,114,0.14844,1
上游股价,非鉄金属,輸送用機器,3,1,H1,0.07838,0.84678,119,0.39712,1
上游股价,非鉄金属,輸送用機器,3,1,H2,-0.00331,-0.10758,119,0.91433,1
上游股价,非鉄金属,輸送用機器,3,3,H1,0.06987,0.62396,119,0.53265,1
上游股价,非鉄金属,輸送用機器,3,3,H2,-0.01619,-0.22651,117,0.8208,1
上游股价,非鉄金属,輸送用機器,3,6,H1,-0.09114,-0.46939,119,0.63879,1
上游股价,非鉄金属,輸送用機器,3,6,H2,-0.10277,-1.09943,114,0.27158,1
上游股价,非鉄金属,輸送用機器,6,1,H1,-0.01145,-0.23151,119,0.81692,1
上游股价,非鉄金属,輸送用機器,6,1,H2,-0.02033,-1.21751,119,0.22341,1
上游股价,非鉄金属,輸送用機器,6,3,H1,-0.02407,-0.24535,119,0.80619,1
上游股价,非鉄金属,輸送用機器,6,3,H2,-0.04731,-1.32986,117,0.18356,1
上游股价,非鉄金属,輸送用機器,6,6,H1,-0.07207,-0.35864,119,0.71987,1
上游股价,非鉄金属,輸送用機器,6,6,H2,-0.12772,-2.46364,114,0.01375,1
上游股价,卸売業,輸送用機器,1,1,H1,-0.10055,-0.28271,119,0.7774,1
上游股价,卸売業,輸送用機器,1,1,H2,0.19214,0.76411,119,0.4448,1
上游股价,卸売業,輸送用機器,1,3,H1,0.43942,0.8158,119,0.41461,1
上游股价,卸売業,輸送用機器,1,3,H2,0.12929,0.42374,117,0.67176,1
上游股价,卸売業,輸送用機器,1,6,H1,0.78526,1.23584,119,0.21652,1
上游股价,卸売業,輸送用機器,1,6,H2,0.7257,1.53465,114,0.12487,1
上游股价,卸売業,輸送用機器,3,1,H1,0.20108,1.41197,119,0.15796,1
上游股价,卸売業,輸送用機器,3,1,H2,0.02595,0.2104,119,0.83335,1
上游股价,卸売業,輸送用機器,3,3,H1,0.55605,1.73091,119,0.08347,1
上游股价,卸売業,輸送用機器,3,3,H2,-0.05109,-0.1921,117,0.84766,1
上游股价,卸売業,輸送用機器,3,6,H1,0.51877,1.68614,119,0.09177,1
上游股价,卸売業,輸送用機器,3,6,H2,0.35917,0.74268,114,0.45768,1
上游股价,卸売業,輸送用機器,6,1,H1,0.10048,1.1656,119,0.24377,1
上游股价,卸売業,輸送用機器,6,1,H2,0.08772,1.00594,119,0.31445,1
上游股价,卸売業,輸送用機器,6,3,H1,0.23473,1.56827,119,0.11682,1
上游股价,卸売業,輸送用機器,6,3,H2,0.15925,0.694,117,0.48768,1
上游股价,卸売業,輸送用機器,6,6,H1,0.23367,1.27862,119,0.20103,1
上游股价,卸売業,輸送用機器,6,6,H2,0.55888,1.50909,114,0.13128,1
上游股价,小売業,輸送用機器,1,1,H1,-0.22083,-1.49693,119,0.13441,1
上游股价,小売業,輸送用機器,1,1,H2,0.20381,1.71346,119,0.08663,1
上游股价,小売業,輸送用機器,1,3,H1,-0.56761,-1.42206,119,0.15501,1
上游股价,小売業,輸送用機器,1,3,H2,0.15239,0.88775,117,0.37468,1
上游股价,小売業,輸送用機器,1,6,H1,-0.03269,-0.1162,119,0.90749,1
上游股价,小売業,輸送用機器,1,6,H2,0.52417,1.95355,114,0.05076,1
上游股价,小売業,輸送用機器,3,1,H1,-0.15407,-1.28529,119,0.19869,1
上游股价,小売業,輸送用機器,3,1,H2,0.02306,0.30637,119,0.75932,1
上游股价,小売業,輸送用機器,3,3,H1,-0.12772,-0.62099,119,0.53461,1
上游股价,小売業,輸送用機器,3,3,H2,0.18099,1.20813,117,0.227,1
上游股价,小売業,輸送用機器,3,6,H1,0.30194,1.47101,119,0.14129,1
上游股价,小売業,輸送用機器,3,6,H2,0.23371,1.01605,114,0.30961,1
上游股价,小売業,輸送用機器,6,1,H1,0.00398,0.05703,119,0.95453,1
上游股价,小売業,輸送用機器,6,1,H2,0.09089,1.77787,119,0.07543,1
上游股价,小売業,輸送用機器,6,3,H1,0.10182,0.88809,119,0.37449,1
上游股价,小売業,輸送用機器,6,3,H2,0.13875,1.31777,117,0.18758,1
上游股价,小売業,輸送用機器,6,6,H1,0.27841,1.12223,119,0.26177,1
上游股价,小売業,輸送用機器,6,6,H2,0.33373,2.16501,114,0.03039,1
上游股价,鉄鋼,金属製品,1,1,H1,0.04303,0.82272,119,0.41067,1
上游股价,鉄鋼,金属製品,1,1,H2,-0.0518,-0.84567,119,0.39774,1
上游股价,鉄鋼,金属製品,1,3,H1,0.10642,0.97194,119,0.33108,1
上游股价,鉄鋼,金属製品,1,3,H2,-0.05546,-0.66133,117,0.5084,1
上游股价,鉄鋼,金属製品,1,6,H1,-0.04758,-0.44223,119,0.65832,1
上游股价,鉄鋼,金属製品,1,6,H2,0.10761,0.98373,114,0.32525,1
上游股价,鉄鋼,金属製品,3,1,H1,0.02575,0.77625,119,0.4376,1
上游股价,鉄鋼,金属製品,3,1,H2,-0.00609,-0.21682,119,0.82835,1
上游股价,鉄鋼,金属製品,3,3,H1,0.03075,0.38261,119,0.70201,1
上游股价,鉄鋼,金属製品,3,3,H2,0.08499,1.70585,117,0.08804,1
上游股价,鉄鋼,金属製品,3,6,H1,-0.14109,-1.99771,119,0.04575,1
上游股价,鉄鋼,金属製品,3,6,H2,0.15694,1.52059,114,0.12836,1
上游股价,鉄鋼,金属製品,6,1,H1,-0.01469,-0.68273,119,0.49477,1
上游股价,鉄鋼,金属製品,6,1,H2,0.02369,1.27791,119,0.20128,1
上游股价,鉄鋼,金属製品,6,3,H1,-0.08839,-2.34123,119,0.01922,1
上游股价,鉄鋼,金属製品,6,3,H2,0.08032,1.54491,117,0.12237,1
上游股价,鉄鋼,金属製品,6,6,H1,-0.16235,-2.70556,119,0.00682,1
上游股价,鉄鋼,金属製品,6,6,H2,0.15499,1.34123,114,0.17985,1
上游股价,非鉄金属,金属製品,1,1,H1,-0.03715,-0.52932,119,0.59658,1
上游股价,非鉄金属,金属製品,1,1,H2,0.00921,0.16012,119,0.87278,1
上游股价,非鉄金属,金属製品,1,3,H1,0.02507,0.21779,119,0.82759,1
上游股价,非鉄金属,金属製品,1,3,H2,-0.09224,-0.99179,117,0.3213,1
上游股价,非鉄金属,金属製品,1,6,H1,-0.00416,-0.03026,119,0.97586,1
上游股价,非鉄金属,金属製品,1,6,H2,-0.0108,-0.07449,114,0.94062,1
上游股价,非鉄金属,金属製品,3,1,H1,-0.00906,-0.23943,119,0.81077,1
上游股价,非鉄金属,金属製品,3,1,H2,0.00019,0.00521,119,0.99585,1
上游股价,非鉄金属,金属製品,3,3,H1,-0.02608,-0.2711,119,0.78632,1
上游股价,非鉄金属,金属製品,3,3,H2,0.03921,0.46243,117,0.64377,1
上游股价,非鉄金属,金属製品,3,6,H1,-0.09811,-1.06256,119,0.28798,1
上游股价,非鉄金属,金属製品,3,6,H2,0.03457,0.33807,114,0.73531,1
上游股价,非鉄金属,金属製品,6,1,H1,-0.01171,-0.42205,119,0.67299,1
上游股价,非鉄金属,金属製品,6,1,H2,0.00665,0.32654,119,0.74401,1
上游股价,非鉄金属,金属製品,6,3,H1,-0.05641,-1.04845,119,0.29443,1
上游股价,非鉄金属,金属製品,6,3,H2,0.0281,0.68628,117,0.49253,1
上游股价,非鉄金属,金属製品,6,6,H1,-0.12624,-1.90246,119,0.05711,1
上游股价,非鉄金属,金属製品,6,6,H2,0.0491,0.65954,114,0.50955,1
上游股价,サービス業,金属製品,1,1,H1,0.0257,0.24567,119,0.80594,1
上游股价,サービス業,金属製品,1,1,H2,0.06001,0.77368,119,0.43912,1
上游股价,サービス業,金属製品,1,3,H1,0.17321,1.14059,119,0.25404,1
上游股价,サービス業,金属製品,1,3,H2,0.16698,1.24069,117,0.21472,1
上游股价,サービス業,金属製品,1,6,H1,0.23429,1.23033,119,0.21857,1
上游股价,サービス業,金属製品,1,6,H2,0.07814,0.4306,114,0.66676,1
上游股价,サービス業,金属製品,3,1,H1,0.05609,1.50884,119,0.13134,1
上游股价,サービス業,金属製品,3,1,H2,0.03247,0.70284,119,0.48216,1
上游股价,サービス業,金属製品,3,3,H1,0.20378,2.22926,119,0.0258,1
上游股价,サービス業,金属製品,3,3,H2,-0.00619,-0.058,117,0.95375,1
上游股价,サービス業,金属製品,3,6,H1,0.2779,2.26082,119,0.02377,1
上游股价,サービス業,金属製品,3,6,H2,-0.04139,-0.24599,114,0.80569,1
上游股价,サービス業,金属製品,6,1,H1,0.04321,1.66034,119,0.09685,1
上游股价,サービス業,金属製品,6,1,H2,0.00765,0.25711,119,0.7971,1
上游股价,サービス業,金属製品,6,3,H1,0.14528,2.28304,119,0.02243,1
上游股价,サービス業,金属製品,6,3,H2,-0.03256,-0.43528,117,0.66336,1
上游股价,サービス業,金属製品,6,6,H1,0.19612,1.85332,119,0.06384,1
上游股价,サービス業,金属製品,6,6,H2,-0.16326,-1.32754,114,0.18433,1
上游股价,鉱業,鉄鋼,1,1,H1,-0.01028,-0.14691,119,0.8832,1
上游股价,鉱業,鉄鋼,1,1,H2,0.02893,0.47626,119,0.63389,1
上游股价,鉱業,鉄鋼,1,3,H1,0.06161,0.52788,119,0.59758,1
上游股价,鉱業,鉄鋼,1,3,H2,-0.02916,-0.26952,117,0.78753,1
上游股价,鉱業,鉄鋼,1,6,H1,-0.02454,-0.16771,119,0.86681,1
上游股价,鉱業,鉄鋼,1,6,H2,0.01851,0.12031,114,0.90424,1
上游股价,鉱業,鉄鋼,3,1,H1,0.01935,0.49854,119,0.61811,1
上游股价,鉱業,鉄鋼,3,1,H2,-0.00839,-0.26416,119,0.79166,1
上游股价,鉱業,鉄鋼,3,3,H1,0.0717,0.64382,119,0.5197,1
上游股价,鉱業,鉄鋼,3,3,H2,-0.02196,-0.23682,117,0.8128,1
上游股价,鉱業,鉄鋼,3,6,H1,-0.1911,-1.85286,119,0.0639,1
上游股价,鉱業,鉄鋼,3,6,H2,-0.01044,-0.08348,114,0.93347,1
上游股价,鉱業,鉄鋼,6,1,H1,-0.00415,-0.15493,119,0.87688,1
上游股价,鉱業,鉄鋼,6,1,H2,-0.00621,-0.25271,119,0.8005,1
上游股价,鉱業,鉄鋼,6,3,H1,-0.07581,-1.1808,119,0.23768,1
上游股价,鉱業,鉄鋼,6,3,H2,-0.03106,-0.48666,117,0.6265,1
上游股价,鉱業,鉄鋼,6,6,H1,-0.22651,-2.38643,119,0.01701,1
上游股价,鉱業,鉄鋼,6,6,H2,0.01117,0.09884,114,0.92127,1
上游股价,電気・ガス業,鉄鋼,1,1,H1,0.11786,1.55997,119,0.11877,1
上游股价,電気・ガス業,鉄鋼,1,1,H2,0.0034,0.04497,119,0.96413,1
上游股价,電気・ガス業,鉄鋼,1,3,H1,0.2195,1.78205,119,0.07474,1
上游股价,電気・ガス業,鉄鋼,1,3,H2,-0.0933,-0.6999,117,0.48399,1
上游股价,電気・ガス業,鉄鋼,1,6,H1,0.46261,3.25062,119,0.00115,1
上游股价,電気・ガス業,鉄鋼,1,6,H2,-0.06142,-0.32938,114,0.74187,1
上游股价,電気・ガス業,鉄鋼,3,1,H1,0.05915,1.68295,119,0.09238,1
上游股价,電気・ガス業,鉄鋼,3,1,H2,-0.03385,-0.87903,119,0.37939,1
上游股价,電気・ガス業,鉄鋼,3,3,H1,0.18013,2.2192,119,0.02647,1
上游股价,電気・ガス業,鉄鋼,3,3,H2,-0.07534,-0.74205,117,0.45806,1
上游股价,電気・ガス業,鉄鋼,3,6,H1,0.30261,3.31441,119,0.00092,1
上游股价,電気・ガス業,鉄鋼,3,6,H2,-0.11779,-0.84551,114,0.39782,1
上游股价,電気・ガス業,鉄鋼,6,1,H1,0.0632,2.67329,119,0.00751,1
上游股价,電気・ガス業,鉄鋼,6,1,H2,-0.02164,-0.76965,119,0.44151,1
上游股价,電気・ガス業,鉄鋼,6,3,H1,0.15212,3.13186,119,0.00174,1
上游股价,電気・ガス業,鉄鋼,6,3,H2,-0.07342,-1.18395,117,0.23643,1
上游股价,電気・ガス業,鉄鋼,6,6,H1,0.17315,2.65189,119,0.008,1
上游股价,電気・ガス業,鉄鋼,6,6,H2,-0.09428,-0.90517,114,0.36537,1
上游股价,石油・石炭製品,鉄鋼,1,1,H1,-0.00831,-0.11704,119,0.90682,1
上游股价,石油・石炭製品,鉄鋼,1,1,H2,0.04917,0.936,119,0.34928,1
上游股价,石油・石炭製品,鉄鋼,1,3,H1,0.15985,1.35538,119,0.1753,1
上游股价,石油・石炭製品,鉄鋼,1,3,H2,-0.13731,-1.25025,117,0.21121,1
上游股价,石油・石炭製品,鉄鋼,1,6,H1,-0.08061,-0.47148,119,0.6373,1
上游股价,石油・石炭製品,鉄鋼,1,6,H2,-0.15695,-1.02097,114,0.30727,1
上游股价,石油・石炭製品,鉄鋼,3,1,H1,0.06041,1.462,119,0.14374,1
上游股价,石油・石炭製品,鉄鋼,3,1,H2,-0.0305,-1.21923,119,0.22276,1
上游股价,石油・石炭製品,鉄鋼,3,3,H1,0.10107,1.04237,119,0.29724,1
上游股价,石油・石炭製品,鉄鋼,3,3,H2,-0.10341,-1.67881,117,0.09319,1
上游股价,石油・石炭製品,鉄鋼,3,6,H1,-0.05502,-0.55299,119,0.58027,1
上游股价,石油・石炭製品,鉄鋼,3,6,H2,-0.09576,-1.1115,114,0.26635,1
上游股价,石油・石炭製品,鉄鋼,6,1,H1,0.00546,0.19387,119,0.84627,1
上游股价,石油・石炭製品,鉄鋼,6,1,H2,-0.02304,-1.20383,119,0.22865,1
上游股价,石油・石炭製品,鉄鋼,6,3,H1,0.00177,0.02746,119,0.97809,1
上游股价,石油・石炭製品,鉄鋼,6,3,H2,-0.05631,-1.26544,117,0.20571,1
上游股价,石油・石炭製品,鉄鋼,6,6,H1,-0.01349,-0.16337,119,0.87023,1
上游股价,石油・石炭製品,鉄鋼,6,6,H2,-0.04116,-0.5341,114,0.59327,1
上游股价,サービス業,鉄鋼,1,1,H1,-0.22028,-1.46141,119,0.1439,1
上游股价,サービス業,鉄鋼,1,1,H2,-0.04877,-0.47802,119,0.63264,1
上游股价,サービス業,鉄鋼,1,3,H1,-0.51483,-1.91467,119,0.05554,1
上游股价,サービス業,鉄鋼,1,3,H2,-0.11048,-0.56203,117,0.5741,1
上游股价,サービス業,鉄鋼,1,6,H1,0.15263,0.40884,119,0.68266,1
上游股价,サービス業,鉄鋼,1,6,H2,0.13401,0.45405,114,0.64979,1
上游股价,サービス業,鉄鋼,3,1,H1,-0.16353,-2.06126,119,0.03928,1
上游股价,サービス業,鉄鋼,3,1,H2,-0.02502,-0.43222,119,0.66559,1
上游股价,サービス業,鉄鋼,3,3,H1,-0.15062,-0.71302,119,0.47583,1
上游股价,サービス業,鉄鋼,3,3,H2,0.04197,0.29672,117,0.76668,1
上游股价,サービス業,鉄鋼,3,6,H1,0.32849,1.30464,119,0.19202,1
上游股价,サービス業,鉄鋼,3,6,H2,0.10467,0.39983,114,0.68928,1
上游股价,サービス業,鉄鋼,6,1,H1,0.00348,0.04774,119,0.96192,1
上游股价,サービス業,鉄鋼,6,1,H2,0.01288,0.31812,119,0.7504,1
上游股价,サービス業,鉄鋼,6,3,H1,0.13588,0.83543,119,0.40347,1
上游股价,サービス業,鉄鋼,6,3,H2,0.05206,0.44424,117,0.65687,1
上游股价,サービス業,鉄鋼,6,6,H1,0.24173,1.11906,119,0.26312,1
上游股价,サービス業,鉄鋼,6,6,H2,0.00978,0.04806,114,0.96167,1
上游股价,サービス業,鉱業,1,1,H1,-0.14964,-0.64088,119,0.5216,1
上游股价,サービス業,鉱業,1,1,H2,-0.04102,-0.23252,119,0.81613,1
上游股价,サービス業,鉱業,1,3,H1,-0.41986,-1.21468,119,0.22449,1
上游股价,サービス業,鉱業,1,3,H2,-0.12354,-0.33795,117,0.7354,1
上游股价,サービス業,鉱業,1,6,H1,0.1867,0.46652,119,0.64084,1
上游股价,サービス業,鉱業,1,6,H2,0.09184,0.18306,114,0.85475,1
上游股价,サービス業,鉱業,3,1,H1,-0.1264,-1.27135,119,0.20361,1
上游股价,サービス業,鉱業,3,1,H2,-0.01156,-0.10462,119,0.91668,1
上游股价,サービス業,鉱業,3,3,H1,-0.0359,-0.18787,119,0.85098,1
上游股价,サービス業,鉱業,3,3,H2,0.05007,0.16335,117,0.87024,1
上游股价,サービス業,鉱業,3,6,H1,0.01192,0.03585,119,0.9714,1
上游股价,サービス業,鉱業,3,6,H2,0.14421,0.40346,114,0.68661,1
上游股价,サービス業,鉱業,6,1,H1,0.0117,0.16972,119,0.86523,1
上游股价,サービス業,鉱業,6,1,H2,0.02189,0.31871,119,0.74995,1
上游股价,サービス業,鉱業,6,3,H1,-0.00867,-0.04839,119,0.9614,1
上游股价,サービス業,鉱業,6,3,H2,0.09043,0.51536,117,0.6063,1
上游股价,サービス業,鉱業,6,6,H1,-0.1325,-0.47056,119,0.63796,1
上游股价,サービス業,鉱業,6,6,H2,0.0807,0.33663,114,0.7364,1
上游股价,電気・ガス業,鉱業,1,1,H1,0.01871,0.19119,119,0.84837,1
上游股价,電気・ガス業,鉱業,1,1,H2,0.09125,0.684,119,0.49398,1
上游股价,電気・ガス業,鉱業,1,3,H1,0.14093,0.89015,119,0.37338,1
上游股价,電気・ガス業,鉱業,1,3,H2,-0.12076,-0.54464,117,0.586,1
上游股价,電気・ガス業,鉱業,1,6,H1,0.22488,1.35705,119,0.17477,1
上游股价,電気・ガス業,鉱業,1,6,H2,0.1408,0.41276,114,0.67978,1
上游股价,電気・ガス業,鉱業,3,1,H1,0.06096,1.25119,119,0.21087,1
上游股价,電気・ガス業,鉱業,3,1,H2,-0.06099,-1.09068,119,0.27542,1
上游股价,電気・ガス業,鉱業,3,3,H1,0.17977,2.03499,119,0.04185,1
上游股价,電気・ガス業,鉱業,3,3,H2,-0.04009,-0.25596,117,0.79798,1
上游股价,電気・ガス業,鉱業,3,6,H1,0.22201,2.02736,119,0.04263,1
上游股价,電気・ガス業,鉱業,3,6,H2,-0.00631,-0.02354,114,0.98122,1
上游股价,電気・ガス業,鉱業,6,1,H1,0.03549,1.38802,119,0.16513,1
上游股价,電気・ガス業,鉱業,6,1,H2,-0.0063,-0.14298,119,0.8863,1
上游股价,電気・ガス業,鉱業,6,3,H1,0.10018,2.10818,119,0.03502,1
上游股价,電気・ガス業,鉱業,6,3,H2,-0.0405,-0.31059,117,0.75612,1
上游股价,電気・ガス業,鉱業,6,6,H1,0.12146,1.7064,119,0.08793,1
上游股价,電気・ガス業,鉱業,6,6,H2,-0.08651,-0.50809,114,0.61139,1
上游股价,石油・石炭製品,鉱業,1,1,H1,-0.00767,-0.07622,119,0.93924,1
上游股价,石油・石炭製品,鉱業,1,1,H2,0.0597,0.62985,119,0.52879,1
上游股价,石油・石炭製品,鉱業,1,3,H1,-0.03858,-0.25756,119,0.79675,1
上游股价,石油・石炭製品,鉱業,1,3,H2,-0.02676,-0.21378,117,0.83072,1
上游股价,石油・石炭製品,鉱業,1,6,H1,-0.06937,-0.34777,119,0.72801,1
上游股价,石油・石炭製品,鉱業,1,6,H2,-0.31491,-1.80521,114,0.07104,1
上游股价,石油・石炭製品,鉱業,3,1,H1,-0.00479,-0.10471,119,0.9166,1
上游股价,石油・石炭製品,鉱業,3,1,H2,-0.02094,-0.67987,119,0.49659,1
上游股价,石油・石炭製品,鉱業,3,3,H1,-0.01364,-0.13644,119,0.89148,1
上游股价,石油・石炭製品,鉱業,3,3,H2,-0.15468,-2.10283,117,0.03548,1
上游股价,石油・石炭製品,鉱業,3,6,H1,0.10573,0.72214,119,0.47021,1
上游股价,石油・石炭製品,鉱業,3,6,H2,-0.2175,-1.84107,114,0.06561,1
上游股价,石油・石炭製品,鉱業,6,1,H1,-0.00204,-0.05795,119,0.95379,1
上游股价,石油・石炭製品,鉱業,6,1,H2,-0.04426,-1.70079,119,0.08898,1
上游股价,石油・石炭製品,鉱業,6,3,H1,0.07368,0.97043,119,0.33183,1
上游股价,石油・石炭製品,鉱業,6,3,H2,-0.11576,-1.78715,117,0.07391,1
上游股价,石油・石炭製品,鉱業,6,6,H1,0.29504,2.53578,119,0.01122,1
上游股价,石油・石炭製品,鉱業,6,6,H2,-0.14413,-1.21,114,0.22628,1
上游股价,サービス業,銀行業,1,1,H1,-0.02534,-0.15916,119,0.87354,1
上游股价,サービス業,銀行業,1,1,H2,-0.2003,-1.51249,119,0.13041,1
上游股价,サービス業,銀行業,1,3,H1,0.11388,0.45625,119,0.64821,1
上游股价,サービス業,銀行業,1,3,H2,-0.41837,-1.70425,117,0.08833,1
上游股价,サービス業,銀行業,1,6,H1,0.02829,0.07063,119,0.94369,1
上游股价,サービス業,銀行業,1,6,H2,-0.67955,-1.48161,114,0.13845,1
上游股价,サービス業,銀行業,3,1,H1,0.0534,0.65266,119,0.51397,1
上游股价,サービス業,銀行業,3,1,H2,-0.11724,-1.6125,119,0.10685,1
上游股价,サービス業,銀行業,3,3,H1,0.16627,0.90579,119,0.36504,1
上游股价,サービス業,銀行業,3,3,H2,-0.23958,-1.0362,117,0.30011,1
上游股价,サービス業,銀行業,3,6,H1,-0.03895,-0.13007,119,0.89651,1
上游股价,サービス業,銀行業,3,6,H2,-0.5306,-1.40768,114,0.15923,1
上游股价,サービス業,銀行業,6,1,H1,0.01155,0.23289,119,0.81585,1
上游股价,サービス業,銀行業,6,1,H2,-0.08708,-1.89616,119,0.05794,1
上游股价,サービス業,銀行業,6,3,H1,-0.02479,-0.19345,119,0.84661,1
上游股价,サービス業,銀行業,6,3,H2,-0.24844,-1.73062,117,0.08352,1
上游股价,サービス業,銀行業,6,6,H1,-0.16047,-0.76706,119,0.44304,1
上游股价,サービス業,銀行業,6,6,H2,-0.48708,-2.20517,114,0.02744,1
上游股价,情報・通信業,銀行業,1,1,H1,0.19926,1.2989,119,0.19398,1
上游股价,情報・通信業,銀行業,1,1,H2,-0.23234,-2.23158,119,0.02564,1
上游股价,情報・通信業,銀行業,1,3,H1,0.29501,1.0876,119,0.27677,1
上游股价,情報・通信業,銀行業,1,3,H2,-0.41663,-2.16997,117,0.03001,1
上游股价,情報・通信業,銀行業,1,6,H1,-0.03495,-0.08307,119,0.9338,1
上游股价,情報・通信業,銀行業,1,6,H2,-0.67447,-1.46742,114,0.14226,1
上游股价,情報・通信業,銀行業,3,1,H1,0.09976,1.18894,119,0.23446,1
上游股价,情報・通信業,銀行業,3,1,H2,-0.11811,-2.39151,119,0.01678,1
上游股价,情報・通信業,銀行業,3,3,H1,-0.00723,-0.0388,119,0.96905,1
上游股价,情報・通信業,銀行業,3,3,H2,-0.15121,-0.89805,117,0.36916,1
上游股价,情報・通信業,銀行業,3,6,H1,-0.31993,-1.03748,119,0.29951,1
上游股价,情報・通信業,銀行業,3,6,H2,-0.39458,-1.13764,114,0.25527,1
上游股价,情報・通信業,銀行業,6,1,H1,-0.00222,-0.03622,119,0.97111,1
上游股价,情報・通信業,銀行業,6,1,H2,-0.07354,-1.98472,119,0.04718,1
上游股价,情報・通信業,銀行業,6,3,H1,-0.16263,-1.08272,119,0.27893,1
上游股价,情報・通信業,銀行業,6,3,H2,-0.1839,-1.55408,117,0.12017,1
上游股价,情報・通信業,銀行業,6,6,H1,-0.26907,-1.33681,119,0.18129,1
上游股价,情報・通信業,銀行業,6,6,H2,-0.42203,-2.08529,114,0.03704,1
上游股价,不動産業,銀行業,1,1,H1,-0.08153,-1.05665,119,0.29067,1
上游股价,不動産業,銀行業,1,1,H2,-0.06501,-0.52263,119,0.60123,1
上游股价,不動産業,銀行業,1,3,H1,-0.13368,-1.03525,119,0.30055,1
上游股价,不動産業,銀行業,1,3,H2,0.05859,0.21786,117,0.82754,1
上游股价,不動産業,銀行業,1,6,H1,-0.22474,-1.20911,119,0.22662,1
上游股价,不動産業,銀行業,1,6,H2,0.41294,1.30278,114,0.19265,1
上游股价,不動産業,銀行業,3,1,H1,-0.02542,-0.61941,119,0.53564,1
上游股价,不動産業,銀行業,3,1,H2,0.00156,0.01783,119,0.98577,1
上游股价,不動産業,銀行業,3,3,H1,-0.09839,-1.15665,119,0.24741,1
上游股价,不動産業,銀行業,3,3,H2,0.21256,1.01132,117,0.31186,1
上游股价,不動産業,銀行業,3,6,H1,-0.14372,-1.02982,119,0.3031,1
上游股价,不動産業,銀行業,3,6,H2,0.46592,1.68714,114,0.09158,1
上游股价,不動産業,銀行業,6,1,H1,-0.03059,-1.29141,119,0.19656,1
上游股价,不動産業,銀行業,6,1,H2,0.0332,0.55604,119,0.57818,1
上游股价,不動産業,銀行業,6,3,H1,-0.07724,-1.34222,119,0.17953,1
上游股价,不動産業,銀行業,6,3,H2,0.21267,1.26036,117,0.20754,1
上游股价,不動産業,銀行業,6,6,H1,-0.11255,-1.10677,119,0.26839,1
上游股价,不動産業,銀行業,6,6,H2,0.47737,1.57556,114,0.11513,1
上游股价,その他製品,銀行業,1,1,H1,0.09779,0.5939,119,0.55258,1
上游股价,その他製品,銀行業,1,1,H2,0.1928,0.86612,119,0.38642,1
上游股价,その他製品,銀行業,1,3,H1,0.20513,0.70889,119,0.47839,1
上游股价,その他製品,銀行業,1,3,H2,-0.3584,-0.83505,117,0.40369,1
上游股价,その他製品,銀行業,1,6,H1,0.66051,1.36858,119,0.17113,1
上游股价,その他製品,銀行業,1,6,H2,-0.447,-0.62303,114,0.53326,1
上游股价,その他製品,銀行業,3,1,H1,0.04665,0.48996,119,0.62416,1
上游股价,その他製品,銀行業,3,1,H2,-0.08151,-0.59096,119,0.55455,1
上游股价,その他製品,銀行業,3,3,H1,0.22827,1.07148,119,0.28395,1
上游股价,その他製品,銀行業,3,3,H2,-0.45131,-1.25948,117,0.20786,1
上游股价,その他製品,銀行業,3,6,H1,0.59919,1.62342,119,0.1045,1
上游股价,その他製品,銀行業,3,6,H2,-0.29969,-0.44329,114,0.65756,1
上游股价,その他製品,銀行業,6,1,H1,0.0962,1.6236,119,0.10446,1
上游股价,その他製品,銀行業,6,1,H2,-0.03947,-0.39462,119,0.69313,1
上游股价,その他製品,銀行業,6,3,H1,0.30846,1.79001,119,0.07345,1
上游股价,その他製品,銀行業,6,3,H2,-0.1264,-0.44243,117,0.65818,1
上游股价,その他製品,銀行業,6,6,H1,0.49407,1.77417,119,0.07603,1
上游股价,その他製品,銀行業,6,6,H2,0.08143,0.14994,114,0.88081,1
上游股价,鉱業,電気・ガス業,1,1,H1,0.01827,0.20166,119,0.84018,1
上游股价,鉱業,電気・ガス業,1,1,H2,0.09086,1.35457,119,0.17555,1
上游股价,鉱業,電気・ガス業,1,3,H1,-0.24935,-1.40489,119,0.16005,1
上游股价,鉱業,電気・ガス業,1,3,H2,0.10461,1.00942,117,0.31277,1
上游股价,鉱業,電気・ガス業,1,6,H1,-0.28455,-1.12066,119,0.26243,1
上游股价,鉱業,電気・ガス業,1,6,H2,0.18211,0.94021,114,0.34711,1
上游股价,鉱業,電気・ガス業,3,1,H1,-0.09815,-1.47246,119,0.1409,1
上游股价,鉱業,電気・ガス業,3,1,H2,0.0295,0.86602,119,0.38648,1
上游股价,鉱業,電気・ガス業,3,3,H1,-0.32914,-1.7342,119,0.08288,1
上游股价,鉱業,電気・ガス業,3,3,H2,-0.0041,-0.03705,117,0.97044,1
上游股价,鉱業,電気・ガス業,3,6,H1,-0.22237,-1.04626,119,0.29544,1
上游股价,鉱業,電気・ガス業,3,6,H2,0.1089,0.66169,114,0.50817,1
上游股价,鉱業,電気・ガス業,6,1,H1,-0.04075,-0.78875,119,0.43026,1
上游股价,鉱業,電気・ガス業,6,1,H2,0.01887,0.6092,119,0.54239,1
上游股价,鉱業,電気・ガス業,6,3,H1,-0.1108,-0.96662,119,0.33373,1
上游股价,鉱業,電気・ガス業,6,3,H2,0.02308,0.28006,117,0.77943,1
上游股价,鉱業,電気・ガス業,6,6,H1,0.20992,1.6218,119,0.10485,1
上游股价,鉱業,電気・ガス業,6,6,H2,0.06576,0.59074,114,0.5547,1
上游股价,サービス業,電気・ガス業,1,1,H1,0.41454,1.97556,119,0.04821,1
上游股价,サービス業,電気・ガス業,1,1,H2,-0.23759,-1.79024,119,0.07342,1
上游股价,サービス業,電気・ガス業,1,3,H1,0.53838,1.02203,119,0.30677,1
上游股价,サービス業,電気・ガス業,1,3,H2,-0.12422,-0.62469,117,0.53217,1
上游股价,サービス業,電気・ガス業,1,6,H1,-0.10187,-0.16313,119,0.87042,1
上游股价,サービス業,電気・ガス業,1,6,H2,-0.06621,-0.19414,114,0.84606,1
上游股价,サービス業,電気・ガス業,3,1,H1,0.15419,1.08363,119,0.27853,1
上游股价,サービス業,電気・ガス業,3,1,H2,-0.00874,-0.11184,119,0.91095,1
上游股价,サービス業,電気・ガス業,3,3,H1,-0.03237,-0.08315,119,0.93374,1
上游股价,サービス業,電気・ガス業,3,3,H2,0.08458,0.46207,117,0.64403,1
上游股价,サービス業,電気・ガス業,3,6,H1,-0.73554,-1.83947,119,0.06585,1
上游股价,サービス業,電気・ガス業,3,6,H2,0.10837,0.36525,114,0.71492,1
上游股价,サービス業,電気・ガス業,6,1,H1,-0.02602,-0.34134,119,0.73285,1
上游股价,サービス業,電気・ガス業,6,1,H2,0.00867,0.17623,119,0.86011,1
上游股价,サービス業,電気・ガス業,6,3,H1,-0.39895,-2.2346,119,0.02544,1
上游股价,サービス業,電気・ガス業,6,3,H2,0.07651,0.63348,117,0.52642,1
上游股价,サービス業,電気・ガス業,6,6,H1,-1.05745,-3.52506,119,0.00042,1
上游股价,サービス業,電気・ガス業,6,6,H2,0.27397,1.15591,114,0.24772,1
上游股价,石油・石炭製品,電気・ガス業,1,1,H1,-0.04704,-0.49272,119,0.62221,1
上游股价,石油・石炭製品,電気・ガス業,1,1,H2,0.01855,0.26424,119,0.79159,1
上游股价,石油・石炭製品,電気・ガス業,1,3,H1,-0.16466,-0.89775,119,0.36932,1
上游股价,石油・石炭製品,電気・ガス業,1,3,H2,0.13483,1.25811,117,0.20835,1
上游股价,石油・石炭製品,電気・ガス業,1,6,H1,-0.00538,-0.01771,119,0.98587,1
上游股价,石油・石炭製品,電気・ガス業,1,6,H2,0.27179,1.69526,114,0.09003,1
上游股价,石油・石炭製品,電気・ガス業,3,1,H1,-0.09013,-1.55274,119,0.12049,1
上游股价,石油・石炭製品,電気・ガス業,3,1,H2,0.03066,1.11899,119,0.26314,1
上游股价,石油・石炭製品,電気・ガス業,3,3,H1,-0.15678,-0.97936,119,0.3274,1
上游股价,石油・石炭製品,電気・ガス業,3,3,H2,0.09044,1.32285,117,0.18589,1
上游股价,石油・石炭製品,電気・ガス業,3,6,H1,-0.09282,-0.42407,119,0.67152,1
上游股价,石油・石炭製品,電気・ガス業,3,6,H2,0.17688,1.42801,114,0.15329,1
上游股价,石油・石炭製品,電気・ガス業,6,1,H1,-0.03853,-0.76763,119,0.44271,1
上游股价,石油・石炭製品,電気・ガス業,6,1,H2,0.03311,1.80591,119,0.07093,1
上游股价,石油・石炭製品,電気・ガス業,6,3,H1,-0.0651,-0.6046,119,0.54545,1
上游股价,石油・石炭製品,電気・ガス業,6,3,H2,0.08759,1.28827,117,0.19765,1
上游股价,石油・石炭製品,電気・ガス業,6,6,H1,-0.06946,-0.43216,119,0.66563,1
上游股价,石油・石炭製品,電気・ガス業,6,6,H2,0.06656,0.5588,114,0.5763,1
上游股价,建設業,電気・ガス業,1,1,H1,-0.03817,-0.22843,119,0.81931,1
上游股价,建設業,電気・ガス業,1,1,H2,0.16545,0.98877,119,0.32277,1
上游股价,建設業,電気・ガス業,1,3,H1,-0.16978,-0.4941,119,0.62124,1
上游股价,建設業,電気・ガス業,1,3,H2,0.07295,0.30876,117,0.75751,1
上游股价,建設業,電気・ガス業,1,6,H1,-0.01677,-0.0324,119,0.97416,1
上游股价,建設業,電気・ガス業,1,6,H2,-0.273,-0.79684,114,0.42555,1
上游股价,建設業,電気・ガス業,3,1,H1,-0.07212,-0.69679,119,0.48593,1
上游股价,建設業,電気・ガス業,3,1,H2,0.00642,0.0837,119,0.9333,1
上游股价,建設業,電気・ガス業,3,3,H1,0.01325,0.04686,119,0.96262,1
上游股价,建設業,電気・ガス業,3,3,H2,-0.06153,-0.29397,117,0.76878,1
上游股价,建設業,電気・ガス業,3,6,H1,-0.04687,-0.11409,119,0.90917,1
上游股价,建設業,電気・ガス業,3,6,H2,-0.04083,-0.11394,114,0.90928,1
上游股价,建設業,電気・ガス業,6,1,H1,-0.04067,-0.48743,119,0.62595,1
上游股价,建設業,電気・ガス業,6,1,H2,-0.04006,-0.71878,119,0.47228,1
上游股价,建設業,電気・ガス業,6,3,H1,-0.04364,-0.17876,119,0.85813,1
上游股价,建設業,電気・ガス業,6,3,H2,-0.04669,-0.28121,117,0.77855,1
上游股价,建設業,電気・ガス業,6,6,H1,-0.1422,-0.50936,119,0.6105,1
上游股价,建設業,電気・ガス業,6,6,H2,-0.01174,-0.04443,114,0.96456,1
上游股价,非鉄金属,電気機器,1,1,H1,0.02949,0.39343,119,0.694,1
上游股价,非鉄金属,電気機器,1,1,H2,0.0391,0.38993,119,0.69659,1
上游股价,非鉄金属,電気機器,1,3,H1,0.05751,0.40069,119,0.68865,1
上游股价,非鉄金属,電気機器,1,3,H2,0.09835,0.67843,117,0.4975,1
上游股价,非鉄金属,電気機器,1,6,H1,-0.0142,-0.10468,119,0.91663,1
上游股价,非鉄金属,電気機器,1,6,H2,0.24991,1.31316,114,0.18913,1
上游股价,非鉄金属,電気機器,3,1,H1,0.00491,0.1269,119,0.89902,1
上游股价,非鉄金属,電気機器,3,1,H2,0.06527,1.25444,119,0.20968,1
上游股价,非鉄金属,電気機器,3,3,H1,-0.00759,-0.09935,119,0.92086,1
上游股价,非鉄金属,電気機器,3,3,H2,0.15223,1.46755,117,0.14223,1
上游股价,非鉄金属,電気機器,3,6,H1,-0.10872,-0.76741,119,0.44284,1
上游股价,非鉄金属,電気機器,3,6,H2,0.20963,1.34611,114,0.17827,1
上游股价,非鉄金属,電気機器,6,1,H1,-0.01951,-0.78553,119,0.43214,1
上游股价,非鉄金属,電気機器,6,1,H2,0.03575,1.41771,119,0.15628,1
上游股价,非鉄金属,電気機器,6,3,H1,-0.0609,-0.97676,119,0.32869,1
上游股价,非鉄金属,電気機器,6,3,H2,0.08788,1.63345,117,0.10237,1
上游股价,非鉄金属,電気機器,6,6,H1,-0.04101,-0.30332,119,0.76165,1
上游股价,非鉄金属,電気機器,6,6,H2,0.1985,1.84868,114,0.0645,1
上游股价,サービス業,電気機器,1,1,H1,-0.20742,-1.93787,119,0.05264,1
上游股价,サービス業,電気機器,1,1,H2,0.0127,0.10984,119,0.91254,1
上游股价,サービス業,電気機器,1,3,H1,-0.14929,-0.70621,119,0.48006,1
上游股价,サービス業,電気機器,1,3,H2,-0.00908,-0.04561,117,0.96362,1
上游股价,サービス業,電気機器,1,6,H1,0.00074,0.00261,119,0.99792,1
上游股价,サービス業,電気機器,1,6,H2,0.04851,0.19902,114,0.84225,1
上游股价,サービス業,電気機器,3,1,H1,-0.05687,-1.02971,119,0.30315,1
上游股价,サービス業,電気機器,3,1,H2,-0.02408,-0.36095,119,0.71814,1
上游股价,サービス業,電気機器,3,3,H1,-0.01659,-0.12806,119,0.89811,1
上游股价,サービス業,電気機器,3,3,H2,-0.08969,-0.58176,117,0.56073,1
上游股价,サービス業,電気機器,3,6,H1,0.20413,1.08894,119,0.27618,1
上游股价,サービス業,電気機器,3,6,H2,-0.03599,-0.14987,114,0.88087,1
上游股价,サービス業,電気機器,6,1,H1,-0.00054,-0.01783,119,0.98577,1
上游股价,サービス業,電気機器,6,1,H2,-0.00194,-0.04306,119,0.96566,1
上游股价,サービス業,電気機器,6,3,H1,0.11121,1.38689,119,0.16548,1
上游股价,サービス業,電気機器,6,3,H2,-0.02353,-0.20961,117,0.83397,1
上游股价,サービス業,電気機器,6,6,H1,0.31072,1.87835,119,0.06033,1
上游股价,サービス業,電気機器,6,6,H2,-0.10922,-0.57444,114,0.56567,1
上游股价,ゴム製品,電気機器,1,1,H1,-0.03999,-0.76978,119,0.44143,1
上游股价,ゴム製品,電気機器,1,1,H2,-0.11835,-1.4541,119,0.14592,1
上游股价,ゴム製品,電気機器,1,3,H1,-0.2133,-1.91189,119,0.05589,1
上游股价,ゴム製品,電気機器,1,3,H2,-0.0782,-0.68836,117,0.49123,1
上游股价,ゴム製品,電気機器,1,6,H1,-0.27929,-2.32397,119,0.02013,1
上游股价,ゴム製品,電気機器,1,6,H2,0.0718,0.44506,114,0.65628,1
上游股价,ゴム製品,電気機器,3,1,H1,-0.07436,-2.17275,119,0.0298,1
上游股价,ゴム製品,電気機器,3,1,H2,-0.0501,-0.93736,119,0.34858,1
上游股价,ゴム製品,電気機器,3,3,H1,-0.15184,-2.05419,119,0.03996,1
上游股价,ゴム製品,電気機器,3,3,H2,0.00262,0.03717,117,0.97035,1
上游股价,ゴム製品,電気機器,3,6,H1,-0.17241,-2.23963,119,0.02512,1
上游股价,ゴム製品,電気機器,3,6,H2,0.13326,1.00971,114,0.31263,1
上游股价,ゴム製品,電気機器,6,1,H1,-0.05636,-2.30535,119,0.02115,1
上游股价,ゴム製品,電気機器,6,1,H2,-0.01212,-0.47817,119,0.63253,1
上游股价,ゴム製品,電気機器,6,3,H1,-0.10144,-2.51362,119,0.01195,1
上游股价,ゴム製品,電気機器,6,3,H2,0.04015,0.72663,117,0.46745,1
上游股价,ゴム製品,電気機器,6,6,H1,-0.0543,-0.62246,119,0.53364,1
上游股价,ゴム製品,電気機器,6,6,H2,0.15709,1.23226,114,0.21785,1
上游股价,金属製品,電気機器,1,1,H1,0.15982,1.90574,119,0.05668,1
上游股价,金属製品,電気機器,1,1,H2,0.1058,0.90467,119,0.36564,1
上游股价,金属製品,電気機器,1,3,H1,0.18901,1.17083,119,0.24167,1
上游股价,金属製品,電気機器,1,3,H2,-0.25013,-1.2533,117,0.2101,1
上游股价,金属製品,電気機器,1,6,H1,0.18695,0.66209,119,0.50791,1
上游股价,金属製品,電気機器,1,6,H2,-0.17088,-0.60246,114,0.54687,1
上游股价,金属製品,電気機器,3,1,H1,0.0789,1.2814,119,0.20005,1
上游股价,金属製品,電気機器,3,1,H2,-0.08135,-1.04423,119,0.29638,1
上游股价,金属製品,電気機器,3,3,H1,0.10616,0.6579,119,0.5106,1
上游股价,金属製品,電気機器,3,3,H2,-0.16083,-0.97463,117,0.32974,1
上游股价,金属製品,電気機器,3,6,H1,0.04607,0.17116,119,0.8641,1
上游股价,金属製品,電気機器,3,6,H2,-0.2687,-0.89251,114,0.37212,1
上游股价,金属製品,電気機器,6,1,H1,0.03896,0.56247,119,0.5738,1
上游股价,金属製品,電気機器,6,1,H2,-0.04387,-0.77383,119,0.43903,1
上游股价,金属製品,電気機器,6,3,H1,6e-05,0.00041,119,0.99967,1
上游股价,金属製品,電気機器,6,3,H2,-0.15269,-1.01927,117,0.30808,1
上游股价,金属製品,電気機器,6,6,H1,0.05567,0.25512,119,0.79863,1
上游股价,金属製品,電気機器,6,6,H2,-0.22125,-1.05565,114,0.29113,1
上游股价,卸売業,電気機器,1,1,H1,-0.20918,-1.05421,119,0.29179,1
上游股价,卸売業,電気機器,1,1,H2,0.0384,0.13333,119,0.89393,1
上游股价,卸売業,電気機器,1,3,H1,0.07883,0.23931,119,0.81087,1
上游股价,卸売業,電気機器,1,3,H2,0.40095,1.23364,117,0.21734,1
上游股价,卸売業,電気機器,1,6,H1,0.08172,0.18068,119,0.85662,1
上游股价,卸売業,電気機器,1,6,H2,0.47272,1.07935,114,0.28043,1
上游股价,卸売業,電気機器,3,1,H1,0.03295,0.39591,119,0.69217,1
上游股价,卸売業,電気機器,3,1,H2,0.07816,0.77773,119,0.43673,1
上游股价,卸売業,電気機器,3,3,H1,0.12946,0.73079,119,0.46491,1
上游股价,卸売業,電気機器,3,3,H2,0.22595,0.8753,117,0.38141,1
上游股价,卸売業,電気機器,3,6,H1,-0.01102,-0.0397,119,0.96834,1
上游股价,卸売業,電気機器,3,6,H2,0.12795,0.30225,114,0.76246,1
上游股价,卸売業,電気機器,6,1,H1,0.02817,0.48544,119,0.62736,1
上游股价,卸売業,電気機器,6,1,H2,0.08037,0.92363,119,0.35568,1
上游股价,卸売業,電気機器,6,3,H1,0.01517,0.1059,119,0.91566,1
上游股价,卸売業,電気機器,6,3,H2,0.08843,0.46289,117,0.64344,1
上游股价,卸売業,電気機器,6,6,H1,-0.25102,-1.16025,119,0.24595,1
上游股价,卸売業,電気機器,6,6,H2,-0.01734,-0.05382,114,0.95708,1
上游股价,小売業,電気機器,1,1,H1,-0.15734,-1.83567,119,0.06641,1
上游股价,小売業,電気機器,1,1,H2,0.10667,0.61327,119,0.5397,1
上游股价,小売業,電気機器,1,3,H1,-0.34601,-1.70346,119,0.08848,1
上游股价,小売業,電気機器,1,3,H2,0.25379,1.35868,117,0.17425,1
上游股价,小売業,電気機器,1,6,H1,-0.20546,-1.01707,119,0.30912,1
上游股价,小売業,電気機器,1,6,H2,0.25367,0.85574,114,0.39214,1
上游股价,小売業,電気機器,3,1,H1,-0.07304,-1.56659,119,0.11721,1
上游股价,小売業,電気機器,3,1,H2,0.07688,1.04157,119,0.29761,1
上游股价,小売業,電気機器,3,3,H1,-0.12431,-1.27452,119,0.20248,1
上游股价,小売業,電気機器,3,3,H2,0.03121,0.16501,117,0.86894,1
上游股价,小売業,電気機器,3,6,H1,0.05673,0.28571,119,0.7751,1
上游股价,小売業,電気機器,3,6,H2,-0.06866,-0.18875,114,0.85029,1
上游股价,小売業,電気機器,6,1,H1,-0.00826,-0.24818,119,0.804,1
上游股价,小売業,電気機器,6,1,H2,0.05333,0.79032,119,0.42934,1
上游股价,小売業,電気機器,6,3,H1,0.01586,0.17218,119,0.8633,1
上游股价,小売業,電気機器,6,3,H2,-0.02907,-0.16603,117,0.86813,1
上游股价,小売業,電気機器,6,6,H1,0.06768,0.34035,119,0.73359,1
上游股价,小売業,電気機器,6,6,H2,-0.06765,-0.21373,114,0.83076,1
上游股价,鉄鋼,電気機器,1,1,H1,0.07696,1.4631,119,0.14344,1
上游股价,鉄鋼,電気機器,1,1,H2,-0.07283,-0.75712,119,0.44898,1
上游股价,鉄鋼,電気機器,1,3,H1,0.09134,0.903,119,0.36653,1
上游股价,鉄鋼,電気機器,1,3,H2,0.00862,0.06907,117,0.94494,1
上游股价,鉄鋼,電気機器,1,6,H1,0.12719,1.10682,119,0.26837,1
上游股价,鉄鋼,電気機器,1,6,H2,-0.0748,-0.55164,114,0.58119,1
上游股价,鉄鋼,電気機器,3,1,H1,0.02321,0.82052,119,0.41192,1
上游股价,鉄鋼,電気機器,3,1,H2,0.00968,0.21296,119,0.83136,1
上游股价,鉄鋼,電気機器,3,3,H1,0.09999,1.68695,119,0.09161,1
上游股价,鉄鋼,電気機器,3,3,H2,0.06182,0.99207,117,0.32116,1
上游股价,鉄鋼,電気機器,3,6,H1,-0.01194,-0.1315,119,0.89538,1
上游股价,鉄鋼,電気機器,3,6,H2,-0.05854,-0.54596,114,0.58509,1
上游股价,鉄鋼,電気機器,6,1,H1,0.01402,0.74136,119,0.45848,1
上游股价,鉄鋼,電気機器,6,1,H2,-0.00304,-0.13666,119,0.8913,1
上游股价,鉄鋼,電気機器,6,3,H1,-0.00858,-0.17235,119,0.86316,1
上游股价,鉄鋼,電気機器,6,3,H2,-0.02119,-0.3783,117,0.70521,1
上游股价,鉄鋼,電気機器,6,6,H1,-0.0998,-0.86441,119,0.38736,1
上游股价,鉄鋼,電気機器,6,6,H2,-0.07588,-0.68341,114,0.49435,1
上游股价,ガラス・土石製品,電気機器,1,1,H1,0.06239,0.65622,119,0.51168,1
上游股价,ガラス・土石製品,電気機器,1,1,H2,-0.04173,-0.27732,119,0.78153,1
上游股价,ガラス・土石製品,電気機器,1,3,H1,0.16983,0.93669,119,0.34892,1
上游股价,ガラス・土石製品,電気機器,1,3,H2,-0.00054,-0.00266,117,0.99788,1
上游股价,ガラス・土石製品,電気機器,1,6,H1,0.17526,0.69576,119,0.48658,1
上游股价,ガラス・土石製品,電気機器,1,6,H2,0.07801,0.27039,114,0.78686,1
上游股价,ガラス・土石製品,電気機器,3,1,H1,0.04831,0.94413,119,0.3451,1
上游股价,ガラス・土石製品,電気機器,3,1,H2,0.02092,0.3956,119,0.6924,1
上游股价,ガラス・土石製品,電気機器,3,3,H1,0.12918,1.05013,119,0.29366,1
上游股价,ガラス・土石製品,電気機器,3,3,H2,0.16388,0.95519,117,0.33948,1
上游股价,ガラス・土石製品,電気機器,3,6,H1,0.02728,0.169,119,0.8658,1
上游股价,ガラス・土石製品,電気機器,3,6,H2,0.12527,0.45461,114,0.64939,1
上游股价,ガラス・土石製品,電気機器,6,1,H1,0.01703,0.52792,119,0.59755,1
上游股价,ガラス・土石製品,電気機器,6,1,H2,-0.01385,-0.29709,119,0.7664,1
上游股价,ガラス・土石製品,電気機器,6,3,H1,0.01065,0.13682,119,0.89117,1
上游股价,ガラス・土石製品,電気機器,6,3,H2,0.05002,0.37161,117,0.71018,1
上游股价,ガラス・土石製品,電気機器,6,6,H1,-0.00517,-0.04452,119,0.96449,1
上游股价,ガラス・土石製品,電気機器,6,6,H2,-0.0287,-0.14357,114,0.88584,1
上游股价,電気・ガス業,電気機器,1,1,H1,-0.02744,-0.607,119,0.54385,1
上游股价,電気・ガス業,電気機器,1,1,H2,-0.02965,-0.33985,119,0.73397,1
上游股价,電気・ガス業,電気機器,1,3,H1,-0.08743,-0.99342,119,0.32051,1
上游股价,電気・ガス業,電気機器,1,3,H2,0.09172,0.78937,117,0.4299,1
上游股价,電気・ガス業,電気機器,1,6,H1,0.09562,0.92114,119,0.35698,1
上游股价,電気・ガス業,電気機器,1,6,H2,-0.10086,-0.66581,114,0.50553,1
上游股价,電気・ガス業,電気機器,3,1,H1,-0.01909,-0.88824,119,0.37441,1
上游股价,電気・ガス業,電気機器,3,1,H2,0.03165,0.84009,119,0.40086,1
上游股价,電気・ガス業,電気機器,3,3,H1,-0.01219,-0.20158,119,0.84025,1
上游股价,電気・ガス業,電気機器,3,3,H2,-0.01968,-0.26157,117,0.79366,1
上游股价,電気・ガス業,電気機器,3,6,H1,0.14698,2.24891,119,0.02452,1
上游股价,電気・ガス業,電気機器,3,6,H2,-0.10104,-0.82897,114,0.40712,1
上游股价,電気・ガス業,電気機器,6,1,H1,0.01894,1.26768,119,0.20491,1
上游股价,電気・ガス業,電気機器,6,1,H2,-0.00403,-0.15606,119,0.87599,1
上游股价,電気・ガス業,電気機器,6,3,H1,0.06412,2.09139,119,0.03649,1
上游股价,電気・ガス業,電気機器,6,3,H2,-0.03148,-0.48442,117,0.62809,1
上游股价,電気・ガス業,電気機器,6,6,H1,0.11793,2.29676,119,0.02163,1
上游股价,電気・ガス業,電気機器,6,6,H2,0.01797,0.18584,114,0.85257,1
上游股价,鉱業,非鉄金属,1,1,H1,-0.11344,-1.6124,119,0.10688,1
上游股价,鉱業,非鉄金属,1,1,H2,0.23798,2.67677,119,0.00743,1
上游股价,鉱業,非鉄金属,1,3,H1,-0.04101,-0.34929,119,0.72687,1
上游股价,鉱業,非鉄金属,1,3,H2,0.34989,1.91416,117,0.0556,1
上游股价,鉱業,非鉄金属,1,6,H1,-0.19212,-1.12158,119,0.26204,1
上游股价,鉱業,非鉄金属,1,6,H2,0.15504,0.65287,114,0.51384,1
上游股价,鉱業,非鉄金属,3,1,H1,-0.01988,-0.48589,119,0.62704,1
上游股价,鉱業,非鉄金属,3,1,H2,0.0957,1.85504,119,0.06359,1
上游股价,鉱業,非鉄金属,3,3,H1,0.0787,0.67483,119,0.49978,1
上游股价,鉱業,非鉄金属,3,3,H2,0.15765,1.26344,117,0.20643,1
上游股价,鉱業,非鉄金属,3,6,H1,-0.25589,-2.02844,119,0.04251,1
上游股价,鉱業,非鉄金属,3,6,H2,0.1311,0.88205,114,0.37775,1
上游股价,鉱業,非鉄金属,6,1,H1,-0.04696,-1.47746,119,0.13955,1
上游股价,鉱業,非鉄金属,6,1,H2,0.0328,0.84904,119,0.39586,1
上游股价,鉱業,非鉄金属,6,3,H1,-0.12326,-1.89511,119,0.05808,1
上游股价,鉱業,非鉄金属,6,3,H2,0.08477,0.96356,117,0.33526,1
上游股价,鉱業,非鉄金属,6,6,H1,-0.39003,-6.72566,119,0.0,1
上游股价,鉱業,非鉄金属,6,6,H2,0.10017,0.8819,114,0.37783,1
上游股价,その他製品,非鉄金属,1,1,H1,-0.2879,-1.83249,119,0.06688,1
上游股价,その他製品,非鉄金属,1,1,H2,-0.28347,-1.17426,119,0.24029,1
上游股价,その他製品,非鉄金属,1,3,H1,-0.20271,-0.55864,119,0.57641,1
上游股价,その他製品,非鉄金属,1,3,H2,-0.66333,-1.58363,117,0.11328,1
上游股价,その他製品,非鉄金属,1,6,H1,-0.42204,-0.76919,119,0.44178,1
上游股价,その他製品,非鉄金属,1,6,H2,-1.27312,-1.39765,114,0.16222,1
上游股价,その他製品,非鉄金属,3,1,H1,-0.06387,-0.60961,119,0.54212,1
上游股价,その他製品,非鉄金属,3,1,H2,-0.1232,-0.86462,119,0.38725,1
上游股价,その他製品,非鉄金属,3,3,H1,-0.18574,-0.68763,119,0.49169,1
上游股价,その他製品,非鉄金属,3,3,H2,-0.43907,-1.10534,117,0.26901,1
上游股价,その他製品,非鉄金属,3,6,H1,-0.35363,-1.00674,119,0.31406,1
上游股价,その他製品,非鉄金属,3,6,H2,-0.81579,-1.03011,114,0.30296,1
上游股价,その他製品,非鉄金属,6,1,H1,-0.05377,-0.8609,119,0.38929,1
上游股价,その他製品,非鉄金属,6,1,H2,-0.12406,-1.02086,119,0.30732,1
上游股价,その他製品,非鉄金属,6,3,H1,-0.14997,-0.84311,119,0.39917,1
上游股价,その他製品,非鉄金属,6,3,H2,-0.30434,-0.93257,117,0.35104,1
上游股价,その他製品,非鉄金属,6,6,H1,-0.17316,-0.65509,119,0.51241,1
上游股价,その他製品,非鉄金属,6,6,H2,-0.6022,-1.05787,114,0.29011,1
上游股价,電気・ガス業,非鉄金属,1,1,H1,0.03913,0.59563,119,0.55142,1
上游股价,電気・ガス業,非鉄金属,1,1,H2,0.06916,0.67238,119,0.50134,1
上游股价,電気・ガス業,非鉄金属,1,3,H1,0.004,0.03273,119,0.97389,1
上游股价,電気・ガス業,非鉄金属,1,3,H2,0.13523,0.66536,117,0.50582,1
上游股价,電気・ガス業,非鉄金属,1,6,H1,0.28762,2.14251,119,0.03215,1
上游股价,電気・ガス業,非鉄金属,1,6,H2,0.288,0.87651,114,0.38075,1
上游股价,電気・ガス業,非鉄金属,3,1,H1,0.00715,0.25741,119,0.79686,1
上游股价,電気・ガス業,非鉄金属,3,1,H2,0.06365,1.0005,119,0.31707,1
上游股价,電気・ガス業,非鉄金属,3,3,H1,0.06164,0.82596,119,0.40882,1
上游股价,電気・ガス業,非鉄金属,3,3,H2,0.09223,0.70432,117,0.48123,1
上游股价,電気・ガス業,非鉄金属,3,6,H1,0.2483,3.4258,119,0.00061,1
上游股价,電気・ガス業,非鉄金属,3,6,H2,0.19331,0.6992,114,0.48442,1
上游股价,電気・ガス業,非鉄金属,6,1,H1,0.04377,2.45925,119,0.01392,1
上游股价,電気・ガス業,非鉄金属,6,1,H2,0.05192,1.10162,119,0.27063,1
上游股价,電気・ガス業,非鉄金属,6,3,H1,0.11593,2.81954,119,0.00481,1
上游股价,電気・ガス業,非鉄金属,6,3,H2,0.08874,0.72347,117,0.46939,1
上游股价,電気・ガス業,非鉄金属,6,6,H1,0.16964,2.7244,119,0.00644,1
上游股价,電気・ガス業,非鉄金属,6,6,H2,0.11856,0.6109,114,0.54127,1
上游股价,サービス業,非鉄金属,1,1,H1,-0.10759,-0.65094,119,0.51509,1
上游股价,サービス業,非鉄金属,1,1,H2,0.01298,0.07889,119,0.93712,1
上游股价,サービス業,非鉄金属,1,3,H1,-0.27602,-1.06537,119,0.28671,1
上游股价,サービス業,非鉄金属,1,3,H2,-0.31641,-1.17097,117,0.24161,1
上游股价,サービス業,非鉄金属,1,6,H1,0.23117,0.5517,119,0.58115,1
上游股价,サービス業,非鉄金属,1,6,H2,-0.35998,-0.73621,114,0.4616,1
上游股价,サービス業,非鉄金属,3,1,H1,-0.08157,-1.0044,119,0.31519,1
上游股价,サービス業,非鉄金属,3,1,H2,-0.0725,-0.94785,119,0.3432,1
上游股价,サービス業,非鉄金属,3,3,H1,-0.04407,-0.22645,119,0.82085,1
上游股价,サービス業,非鉄金属,3,3,H2,-0.14613,-0.60099,117,0.54784,1
上游股价,サービス業,非鉄金属,3,6,H1,0.24948,0.99574,119,0.31937,1
上游股价,サービス業,非鉄金属,3,6,H2,-0.41946,-1.05067,114,0.29341,1
上游股价,サービス業,非鉄金属,6,1,H1,0.0371,0.70855,119,0.4786,1
上游股价,サービス業,非鉄金属,6,1,H2,-0.03094,-0.48518,119,0.62755,1
上游股价,サービス業,非鉄金属,6,3,H1,0.1215,1.06402,119,0.28732,1
上游股价,サービス業,非鉄金属,6,3,H2,-0.14083,-0.83576,117,0.40329,1
上游股价,サービス業,非鉄金属,6,6,H1,0.28457,1.47371,119,0.14056,1
上游股价,サービス業,非鉄金属,6,6,H2,-0.42357,-1.60026,114,0.10954,1
上游股价,水産・農林業,食料品,1,1,H1,0.05456,0.65186,119,0.51449,1
上游股价,水産・農林業,食料品,1,1,H2,-0.08108,-0.94711,119,0.34358,1
上游股价,水産・農林業,食料品,1,3,H1,0.23059,1.70327,119,0.08852,1
上游股价,水産・農林業,食料品,1,3,H2,-0.04125,-0.28438,117,0.77612,1
上游股价,水産・農林業,食料品,1,6,H1,0.05708,0.20151,119,0.8403,1
上游股价,水産・農林業,食料品,1,6,H2,-0.10319,-0.5841,114,0.55915,1
上游股价,水産・農林業,食料品,3,1,H1,0.06008,1.52113,119,0.12823,1
上游股价,水産・農林業,食料品,3,1,H2,0.00664,0.13803,119,0.89022,1
上游股价,水産・農林業,食料品,3,3,H1,0.06473,0.56991,119,0.56874,1
上游股价,水産・農林業,食料品,3,3,H2,-0.04312,-0.47095,117,0.63768,1
上游股价,水産・農林業,食料品,3,6,H1,0.00029,0.00152,119,0.99878,1
上游股价,水産・農林業,食料品,3,6,H2,0.00928,0.05616,114,0.95521,1
上游股价,水産・農林業,食料品,6,1,H1,0.01474,0.3937,119,0.6938,1
上游股价,水産・農林業,食料品,6,1,H2,-0.00028,-0.00666,119,0.99469,1
上游股价,水産・農林業,食料品,6,3,H1,-0.0002,-0.00204,119,0.99837,1
上游股价,水産・農林業,食料品,6,3,H2,-0.01196,-0.12235,117,0.90262,1
上游股价,水産・農林業,食料品,6,6,H1,0.02562,0.19472,119,0.84562,1
上游股价,水産・農林業,食料品,6,6,H2,-0.07736,-0.46195,114,0.64412,1
上游股价,サービス業,食料品,1,1,H1,0.31193,2.49514,119,0.01259,1
上游股价,サービス業,食料品,1,1,H2,-0.03991,-0.36166,119,0.7176,1
上游股价,サービス業,食料品,1,3,H1,0.38455,1.43605,119,0.15099,1
上游股价,サービス業,食料品,1,3,H2,-0.07087,-0.56305,117,0.5734,1
上游股价,サービス業,食料品,1,6,H1,0.03903,0.0998,119,0.9205,1
上游股价,サービス業,食料品,1,6,H2,-0.32877,-2.2002,114,0.02779,1
上游股价,サービス業,食料品,3,1,H1,0.09162,1.19668,119,0.23143,1
上游股价,サービス業,食料品,3,1,H2,-0.00369,-0.08068,119,0.93569,1
上游股价,サービス業,食料品,3,3,H1,0.16672,0.8554,119,0.39233,1
上游股价,サービス業,食料品,3,3,H2,-0.07116,-0.93561,117,0.34947,1
上游股价,サービス業,食料品,3,6,H1,-0.31114,-1.26868,119,0.20456,1
上游股价,サービス業,食料品,3,6,H2,-0.2184,-1.84851,114,0.06453,1
上游股价,サービス業,食料品,6,1,H1,-0.01143,-0.22212,119,0.82422,1
上游股价,サービス業,食料品,6,1,H2,-0.03299,-1.26802,119,0.20479,1
上游股价,サービス業,食料品,6,3,H1,-0.17392,-1.49074,119,0.13603,1
上游股价,サービス業,食料品,6,3,H2,-0.09092,-1.61377,117,0.10658,1
上游股价,サービス業,食料品,6,6,H1,-0.48387,-2.49571,119,0.01257,1
上游股价,サービス業,食料品,6,6,H2,-0.07283,-0.85679,114,0.39156,1
上游股价,卸売業,食料品,1,1,H1,0.30715,1.33962,119,0.18037,1
上游股价,卸売業,食料品,1,1,H2,-0.0862,-0.41378,119,0.67904,1
上游股价,卸売業,食料品,1,3,H1,0.13153,0.26599,119,0.79025,1
上游股价,卸売業,食料品,1,3,H2,0.0607,0.18613,117,0.85234,1
上游股价,卸売業,食料品,1,6,H1,0.03188,0.04673,119,0.96273,1
上游股价,卸売業,食料品,1,6,H2,0.03605,0.10426,114,0.91697,1
上游股价,卸売業,食料品,3,1,H1,0.01652,0.15522,119,0.87664,1
上游股价,卸売業,食料品,3,1,H2,0.08838,0.74798,119,0.45447,1
上游股价,卸売業,食料品,3,3,H1,-0.00485,-0.01687,119,0.98654,1
上游股价,卸売業,食料品,3,3,H2,0.30123,1.56215,117,0.11825,1
上游股价,卸売業,食料品,3,6,H1,-0.07905,-0.16864,119,0.86608,1
上游股价,卸売業,食料品,3,6,H2,0.27734,1.14283,114,0.25311,1
上游股价,卸売業,食料品,6,1,H1,-0.02752,-0.332,119,0.73989,1
上游股价,卸売業,食料品,6,1,H2,0.04498,0.5839,119,0.55929,1
上游股价,卸売業,食料品,6,3,H1,-0.078,-0.33755,119,0.7357,1
上游股价,卸売業,食料品,6,3,H2,0.12319,0.96672,117,0.33368,1
上游股价,卸売業,食料品,6,6,H1,0.11453,0.40655,119,0.68434,1
上游股价,卸売業,食料品,6,6,H2,0.03911,0.19419,114,0.84602,1
上游股价,小売業,食料品,1,1,H1,0.18575,1.44501,119,0.14845,1
上游股价,小売業,食料品,1,1,H2,-0.15226,-1.19345,119,0.23269,1
上游股价,小売業,食料品,1,3,H1,0.3712,1.4733,119,0.14067,1
上游股价,小売業,食料品,1,3,H2,-0.26483,-1.52081,117,0.12831,1
上游股价,小売業,食料品,1,6,H1,-0.15942,-0.61478,119,0.5387,1
上游股价,小売業,食料品,1,6,H2,-0.65197,-3.12093,114,0.0018,1
上游股价,小売業,食料品,3,1,H1,0.05736,0.95796,119,0.33808,1
上游股价,小売業,食料品,3,1,H2,-0.07495,-0.94588,119,0.34421,1
上游股价,小売業,食料品,3,3,H1,0.00158,0.01527,119,0.98782,1
上游股价,小売業,食料品,3,3,H2,-0.25116,-1.81367,117,0.06973,1
上游股价,小売業,食料品,3,6,H1,-0.46814,-2.17709,119,0.02947,1
上游股价,小売業,食料品,3,6,H2,-0.40575,-2.15749,114,0.03097,1
上游股价,小売業,食料品,6,1,H1,-0.05095,-1.72291,119,0.0849,1
上游股价,小売業,食料品,6,1,H2,-0.12015,-2.87722,119,0.00401,1
上游股价,小売業,食料品,6,3,H1,-0.22309,-2.25723,119,0.02399,1
上游股价,小売業,食料品,6,3,H2,-0.21702,-2.65634,117,0.0079,1
上游股价,小売業,食料品,6,6,H1,-0.3883,-1.76078,119,0.07827,1
上游股价,小売業,食料品,6,6,H2,-0.33492,-1.83255,114,0.06687,1
下游股价,情報・通信業,その他製品,1,1,H1,-0.00054,-0.00585,119,0.99533,1
下游股价,情報・通信業,その他製品,1,1,H2,0.02025,0.43311,119,0.66493,1
下游股价,情報・通信業,その他製品,1,3,H1,0.02322,0.1462,119,0.88376,1
下游股价,情報・通信業,その他製品,1,3,H2,-0.01239,-0.13908,117,0.88939,1
下游股价,情報・通信業,その他製品,1,6,H1,0.05046,0.28233,119,0.77769,1
下游股价,情報・通信業,その他製品,1,6,H2,-0.14842,-1.0746,114,0.28256,1
下游股价,情報・通信業,その他製品,3,1,H1,0.00189,0.0435,119,0.9653,1
下游股价,情報・通信業,その他製品,3,1,H2,-0.00696,-0.25204,119,0.80101,1
下游股价,情報・通信業,その他製品,3,3,H1,0.04552,0.49937,119,0.61752,1
下游股价,情報・通信業,その他製品,3,3,H2,-0.0173,-0.28093,117,0.77876,1
下游股价,情報・通信業,その他製品,3,6,H1,0.01854,0.11734,119,0.90659,1
下游股价,情報・通信業,その他製品,3,6,H2,-0.12939,-1.58518,114,0.11292,1
下游股价,情報・通信業,その他製品,6,1,H1,0.00694,0.33365,119,0.73864,1
下游股价,情報・通信業,その他製品,6,1,H2,-0.01631,-1.05698,119,0.29052,1
下游股价,情報・通信業,その他製品,6,3,H1,0.00978,0.1574,119,0.87493,1
下游股价,情報・通信業,その他製品,6,3,H2,-0.05686,-1.58729,117,0.11245,1
下游股价,情報・通信業,その他製品,6,6,H1,-0.03283,-0.2151,119,0.82969,1
下游股价,情報・通信業,その他製品,6,6,H2,-0.12813,-2.07517,114,0.03797,1
下游股价,サービス業,その他製品,1,1,H1,0.02906,0.39072,119,0.69601,1
下游股价,サービス業,その他製品,1,1,H2,0.03562,0.59207,119,0.5538,1
下游股价,サービス業,その他製品,1,3,H1,0.05452,0.47962,119,0.6315,1
下游股价,サービス業,その他製品,1,3,H2,0.04679,0.46615,117,0.64111,1
下游股价,サービス業,その他製品,1,6,H1,-0.14875,-0.95554,119,0.33931,1
下游股价,サービス業,その他製品,1,6,H2,0.07175,0.44962,114,0.65299,1
下游股价,サービス業,その他製品,3,1,H1,0.01476,0.42751,119,0.66901,1
下游股价,サービス業,その他製品,3,1,H2,0.02196,0.67777,119,0.49792,1
下游股价,サービス業,その他製品,3,3,H1,0.03816,0.60105,119,0.5478,1
下游股价,サービス業,その他製品,3,3,H2,0.01596,0.23356,117,0.81532,1
下游股价,サービス業,その他製品,3,6,H1,-0.1604,-1.07284,119,0.28334,1
下游股价,サービス業,その他製品,3,6,H2,0.06641,0.60234,114,0.54695,1
下游股价,サービス業,その他製品,6,1,H1,-0.01786,-0.70501,119,0.48081,1
下游股价,サービス業,その他製品,6,1,H2,0.00992,0.51262,119,0.60822,1
下游股价,サービス業,その他製品,6,3,H1,-0.06684,-0.8852,119,0.37605,1
下游股价,サービス業,その他製品,6,3,H2,0.0161,0.31942,117,0.74941,1
下游股价,サービス業,その他製品,6,6,H1,-0.18943,-1.28591,119,0.19847,1
下游股价,サービス業,その他製品,6,6,H2,0.07236,0.79997,114,0.42373,1
下游股价,非鉄金属,その他製品,1,1,H1,0.06214,1.22801,119,0.21945,1
下游股价,非鉄金属,その他製品,1,1,H2,-0.00519,-0.13748,119,0.89065,1
下游股价,非鉄金属,その他製品,1,3,H1,0.09697,1.27918,119,0.20083,1
下游股价,非鉄金属,その他製品,1,3,H2,-0.01881,-0.24532,117,0.80621,1
下游股价,非鉄金属,その他製品,1,6,H1,-0.00379,-0.03606,119,0.97123,1
下游股价,非鉄金属,その他製品,1,6,H2,0.0508,0.37459,114,0.70797,1
下游股价,非鉄金属,その他製品,3,1,H1,0.04257,1.92177,119,0.05464,1
下游股价,非鉄金属,その他製品,3,1,H2,-0.01709,-0.92055,119,0.35729,1
下游股价,非鉄金属,その他製品,3,3,H1,0.02055,0.33125,119,0.74046,1
下游股价,非鉄金属,その他製品,3,3,H2,-0.01947,-0.39777,117,0.6908,1
下游股价,非鉄金属,その他製品,3,6,H1,0.01561,0.16902,119,0.86578,1
下游股价,非鉄金属,その他製品,3,6,H2,-0.00442,-0.05404,114,0.95691,1
下游股价,非鉄金属,その他製品,6,1,H1,0.00696,0.4377,119,0.66161,1
下游股价,非鉄金属,その他製品,6,1,H2,0.00199,0.15929,119,0.87344,1
下游股价,非鉄金属,その他製品,6,3,H1,0.01069,0.24015,119,0.81021,1
下游股价,非鉄金属,その他製品,6,3,H2,0.00865,0.26075,117,0.79428,1
下游股价,非鉄金属,その他製品,6,6,H1,-0.00845,-0.10351,119,0.91756,1
下游股价,非鉄金属,その他製品,6,6,H2,0.02914,0.56472,114,0.57226,1
下游股价,食料品,その他製品,1,1,H1,0.02552,0.52328,119,0.60078,1
下游股价,食料品,その他製品,1,1,H2,-0.06062,-1.06764,119,0.28568,1
下游股价,食料品,その他製品,1,3,H1,-0.02867,-0.33531,119,0.73739,1
下游股价,食料品,その他製品,1,3,H2,-0.1151,-1.22635,117,0.22007,1
下游股价,食料品,その他製品,1,6,H1,-0.11224,-0.78617,119,0.43177,1
下游股价,食料品,その他製品,1,6,H2,-0.20641,-1.56445,114,0.11771,1
下游股价,食料品,その他製品,3,1,H1,-0.0137,-0.595,119,0.55185,1
下游股价,食料品,その他製品,3,1,H2,-0.02943,-0.69173,119,0.4891,1
下游股价,食料品,その他製品,3,3,H1,-0.06613,-1.17996,119,0.23802,1
下游股价,食料品,その他製品,3,3,H2,-0.07012,-0.842,117,0.39979,1
下游股价,食料品,その他製品,3,6,H1,-0.11226,-1.18295,119,0.23683,1
下游股价,食料品,その他製品,3,6,H2,-0.17769,-1.48621,114,0.13722,1
下游股价,食料品,その他製品,6,1,H1,-0.01828,-1.28909,119,0.19737,1
下游股价,食料品,その他製品,6,1,H2,-0.05292,-1.81515,119,0.0695,1
下游股价,食料品,その他製品,6,3,H1,-0.05849,-1.52174,119,0.12807,1
下游股价,食料品,その他製品,6,3,H2,-0.14024,-2.01368,117,0.04404,1
下游股价,食料品,その他製品,6,6,H1,-0.05622,-0.8114,119,0.41714,1
下游股价,食料品,その他製品,6,6,H2,-0.2654,-2.56533,114,0.01031,1
下游股价,不動産業,その他金融業,1,1,H1,0.06465,0.55089,119,0.58171,1
下游股价,不動産業,その他金融業,1,1,H2,0.11147,1.62465,119,0.10424,1
下游股价,不動産業,その他金融業,1,3,H1,0.24032,1.38469,119,0.16615,1
下游股价,不動産業,その他金融業,1,3,H2,0.0803,0.8026,117,0.4222,1
下游股价,不動産業,その他金融業,1,6,H1,0.27305,0.81121,119,0.41724,1
下游股价,不動産業,その他金融業,1,6,H2,0.23629,1.65815,114,0.09729,1
下游股价,不動産業,その他金融業,3,1,H1,0.06636,0.98948,119,0.32243,1
下游股价,不動産業,その他金融業,3,1,H2,0.02608,0.65147,119,0.51474,1
下游股价,不動産業,その他金融業,3,3,H1,0.05665,0.31733,119,0.75099,1
下游股价,不動産業,その他金融業,3,3,H2,0.14192,1.99959,117,0.04554,1
下游股价,不動産業,その他金融業,3,6,H1,0.27571,1.09591,119,0.27312,1
下游股价,不動産業,その他金融業,3,6,H2,0.24304,2.81651,114,0.00485,1
下游股价,不動産業,その他金融業,6,1,H1,0.0363,0.84445,119,0.39842,1
下游股价,不動産業,その他金融業,6,1,H2,0.05146,2.04338,119,0.04102,1
下游股价,不動産業,その他金融業,6,3,H1,0.1535,1.47402,119,0.14048,1
下游股价,不動産業,その他金融業,6,3,H2,0.12486,2.8509,117,0.00436,1
下游股价,不動産業,その他金融業,6,6,H1,0.26721,1.67053,119,0.09482,1
下游股价,不動産業,その他金融業,6,6,H2,0.12686,1.55655,114,0.11958,1
下游股价,サービス業,その他金融業,1,1,H1,-0.35314,-1.44315,119,0.14898,1
下游股价,サービス業,その他金融業,1,1,H2,0.21768,3.37069,119,0.00075,1
下游股价,サービス業,その他金融業,1,3,H1,-0.15722,-0.37504,119,0.70763,1
下游股价,サービス業,その他金融業,1,3,H2,0.32857,3.90283,117,0.0001,1
下游股价,サービス業,その他金融業,1,6,H1,0.17327,0.328,119,0.74291,1
下游股价,サービス業,その他金融業,1,6,H2,0.38779,3.07035,114,0.00214,1
下游股价,サービス業,その他金融業,3,1,H1,-0.05562,-0.38374,119,0.70117,1
下游股价,サービス業,その他金融業,3,1,H2,0.0939,2.77792,119,0.00547,1
下游股价,サービス業,その他金融業,3,3,H1,-0.09475,-0.2616,119,0.79363,1
下游股价,サービス業,その他金融業,3,3,H2,0.26147,4.97592,117,0.0,1
下游股价,サービス業,その他金融業,3,6,H1,0.38653,1.03201,119,0.30207,1
下游股价,サービス業,その他金融業,3,6,H2,0.29534,2.45384,114,0.01413,1
下游股价,サービス業,その他金融業,6,1,H1,0.03304,0.3862,119,0.69935,1
下游股价,サービス業,その他金融業,6,1,H2,0.04972,2.62622,119,0.00863,1
下游股价,サービス業,その他金融業,6,3,H1,0.20411,1.04166,119,0.29757,1
下游股价,サービス業,その他金融業,6,3,H2,0.12904,2.78448,117,0.00536,1
下游股价,サービス業,その他金融業,6,6,H1,0.50952,1.39975,119,0.16159,1
下游股价,サービス業,その他金融業,6,6,H2,0.21308,2.15115,114,0.03146,1
下游股价,卸売業,その他金融業,1,1,H1,-0.00066,-0.00165,119,0.99869,1
下游股价,卸売業,その他金融業,1,1,H2,-0.13632,-0.84271,119,0.39939,1
下游股价,卸売業,その他金融業,1,3,H1,0.47829,0.82611,119,0.40874,1
下游股价,卸売業,その他金融業,1,3,H2,-0.21045,-1.05681,117,0.2906,1
下游股价,卸売業,その他金融業,1,6,H1,1.41415,1.97206,119,0.0486,1
下游股价,卸売業,その他金融業,1,6,H2,-0.45051,-1.6175,114,0.10577,1
下游股价,卸売業,その他金融業,3,1,H1,0.17079,1.03426,119,0.30102,1
下游股价,卸売業,その他金融業,3,1,H2,-0.08019,-0.98175,119,0.32622,1
下游股价,卸売業,その他金融業,3,3,H1,0.68195,1.52235,119,0.12792,1
下游股价,卸売業,その他金融業,3,3,H2,-0.2345,-1.24843,117,0.21187,1
下游股价,卸売業,その他金融業,3,6,H1,1.18741,2.32083,119,0.0203,1
下游股价,卸売業,その他金融業,3,6,H2,-0.44251,-1.68054,114,0.09285,1
下游股价,卸売業,その他金融業,6,1,H1,0.21917,1.74452,119,0.08107,1
下游股价,卸売業,その他金融業,6,1,H2,-0.07336,-1.58192,119,0.11367,1
下游股价,卸売業,その他金融業,6,3,H1,0.55113,1.98283,119,0.04739,1
下游股价,卸売業,その他金融業,6,3,H2,-0.1841,-1.44243,117,0.14918,1
下游股价,卸売業,その他金融業,6,6,H1,0.89939,2.59312,119,0.00951,1
下游股价,卸売業,その他金融業,6,6,H2,-0.2882,-1.55846,114,0.11912,1
下游股价,小売業,その他金融業,1,1,H1,-0.11678,-0.55174,119,0.58112,1
下游股价,小売業,その他金融業,1,1,H2,0.06012,0.65776,119,0.51069,1
下游股价,小売業,その他金融業,1,3,H1,-0.20974,-0.54113,119,0.58842,1
下游股价,小売業,その他金融業,1,3,H2,0.02419,0.19546,117,0.84504,1
下游股价,小売業,その他金融業,1,6,H1,0.52488,1.00432,119,0.31522,1
下游股价,小売業,その他金融業,1,6,H2,0.09503,0.49865,114,0.61802,1
下游股价,小売業,その他金融業,3,1,H1,-0.05014,-0.51344,119,0.60765,1
下游股价,小売業,その他金融業,3,1,H2,-0.0018,-0.02987,119,0.97617,1
下游股价,小売業,その他金融業,3,3,H1,-0.05529,-0.17884,119,0.85806,1
下游股价,小売業,その他金融業,3,3,H2,0.09599,0.8034,117,0.42174,1
下游股价,小売業,その他金融業,3,6,H1,0.61077,1.74138,119,0.08162,1
下游股价,小売業,その他金融業,3,6,H2,0.15784,0.82193,114,0.41112,1
下游股价,小売業,その他金融業,6,1,H1,0.08689,1.1044,119,0.26942,1
下游股价,小売業,その他金融業,6,1,H2,0.02388,0.6365,119,0.52445,1
下游股价,小売業,その他金融業,6,3,H1,0.27425,1.34896,119,0.17735,1
下游股价,小売業,その他金融業,6,3,H2,0.08498,1.10554,117,0.26893,1
下游股价,小売業,その他金融業,6,6,H1,0.62048,2.84521,119,0.00444,1
下游股价,小売業,その他金融業,6,6,H2,0.07879,0.63124,114,0.52788,1
下游股价,建設業,その他金融業,1,1,H1,-0.18629,-1.32492,119,0.1852,1
下游股价,建設業,その他金融業,1,1,H2,-0.01825,-0.22935,119,0.8186,1
下游股价,建設業,その他金融業,1,3,H1,-0.36354,-1.99381,119,0.04617,1
下游股价,建設業,その他金融業,1,3,H2,-0.19569,-1.6382,117,0.10138,1
下游股价,建設業,その他金融業,1,6,H1,-0.57975,-2.50951,119,0.01209,1
下游股价,建設業,その他金融業,1,6,H2,-0.39468,-2.27949,114,0.02264,1
下游股价,建設業,その他金融業,3,1,H1,-0.10795,-1.62404,119,0.10437,1
下游股价,建設業,その他金融業,3,1,H2,-0.05903,-1.20805,119,0.22703,1
下游股价,建設業,その他金融業,3,3,H1,-0.40474,-2.37668,119,0.01747,1
下游股价,建設業,その他金融業,3,3,H2,-0.20628,-2.10887,117,0.03496,1
下游股价,建設業,その他金融業,3,6,H1,-0.38721,-1.99977,119,0.04553,1
下游股价,建設業,その他金融業,3,6,H2,-0.3819,-2.14135,114,0.03225,1
下游股价,建設業,その他金融業,6,1,H1,-0.08079,-1.54507,119,0.12233,1
下游股价,建設業,その他金融業,6,1,H2,-0.04989,-1.65202,119,0.09853,1
下游股价,建設業,その他金融業,6,3,H1,-0.21416,-1.59945,119,0.10972,1
下游股价,建設業,その他金融業,6,3,H2,-0.17787,-2.23776,117,0.02524,1
下游股价,建設業,その他金融業,6,6,H1,-0.19043,-1.15467,119,0.24823,1
下游股价,建設業,その他金融業,6,6,H2,-0.36006,-2.67356,114,0.00751,1
下游股价,建設業,ガラス・土石製品,1,1,H1,0.03335,0.51624,119,0.60569,1
下游股价,建設業,ガラス・土石製品,1,1,H2,-0.06344,-0.54601,119,0.58506,1
下游股价,建設業,ガラス・土石製品,1,3,H1,0.03354,0.28093,119,0.77877,1
下游股价,建設業,ガラス・土石製品,1,3,H2,0.4274,2.33882,117,0.01934,1
下游股价,建設業,ガラス・土石製品,1,6,H1,-0.08971,-0.49068,119,0.62365,1
下游股价,建設業,ガラス・土石製品,1,6,H2,0.37712,1.30349,114,0.19241,1
下游股价,建設業,ガラス・土石製品,3,1,H1,0.0126,0.38208,119,0.70241,1
下游股价,建設業,ガラス・土石製品,3,1,H2,0.11694,1.90136,119,0.05726,1
下游股价,建設業,ガラス・土石製品,3,3,H1,-0.03218,-0.34812,119,0.72775,1
下游股价,建設業,ガラス・土石製品,3,3,H2,0.33331,2.04634,117,0.04072,1
下游股价,建設業,ガラス・土石製品,3,6,H1,-0.17287,-1.22587,119,0.22025,1
下游股价,建設業,ガラス・土石製品,3,6,H2,0.31001,1.10337,114,0.26987,1
下游股价,建設業,ガラス・土石製品,6,1,H1,-0.02303,-0.80692,119,0.41971,1
下游股价,建設業,ガラス・土石製品,6,1,H2,0.08266,1.90964,119,0.05618,1
下游股价,建設業,ガラス・土石製品,6,3,H1,-0.119,-1.5841,119,0.11317,1
下游股价,建設業,ガラス・土石製品,6,3,H2,0.19823,1.68798,117,0.09142,1
下游股价,建設業,ガラス・土石製品,6,6,H1,-0.20726,-1.59329,119,0.1111,1
下游股价,建設業,ガラス・土石製品,6,6,H2,0.23092,1.0167,114,0.3093,1
下游股价,電気機器,ガラス・土石製品,1,1,H1,-0.01109,-0.11928,119,0.90505,1
下游股价,電気機器,ガラス・土石製品,1,1,H2,0.07449,0.78567,119,0.43206,1
下游股价,電気機器,ガラス・土石製品,1,3,H1,0.17288,1.29146,119,0.19654,1
下游股价,電気機器,ガラス・土石製品,1,3,H2,-0.0845,-0.50003,117,0.61705,1
下游股价,電気機器,ガラス・土石製品,1,6,H1,-0.07876,-0.41445,119,0.67854,1
下游股价,電気機器,ガラス・土石製品,1,6,H2,0.0068,0.04307,114,0.96564,1
下游股价,電気機器,ガラス・土石製品,3,1,H1,0.02879,0.78956,119,0.42979,1
下游股价,電気機器,ガラス・土石製品,3,1,H2,0.02573,0.42138,119,0.67348,1
下游股价,電気機器,ガラス・土石製品,3,3,H1,-0.01471,-0.15573,119,0.87625,1
下游股价,電気機器,ガラス・土石製品,3,3,H2,0.12877,1.05485,117,0.2915,1
下游股价,電気機器,ガラス・土石製品,3,6,H1,-0.16534,-1.01348,119,0.31083,1
下游股价,電気機器,ガラス・土石製品,3,6,H2,0.29765,1.5753,114,0.11519,1
下游股价,電気機器,ガラス・土石製品,6,1,H1,-0.02151,-0.73956,119,0.45956,1
下游股价,電気機器,ガラス・土石製品,6,1,H2,-0.00133,-0.03245,119,0.97411,1
下游股价,電気機器,ガラス・土石製品,6,3,H1,-0.06726,-0.82559,119,0.40903,1
下游股价,電気機器,ガラス・土石製品,6,3,H2,0.10531,1.23115,117,0.21827,1
下游股价,電気機器,ガラス・土石製品,6,6,H1,-0.02317,-0.1526,119,0.87871,1
下游股价,電気機器,ガラス・土石製品,6,6,H2,0.17795,1.324,114,0.1855,1
下游股价,輸送用機器,ガラス・土石製品,1,1,H1,-0.03562,-0.56062,119,0.57506,1
下游股价,輸送用機器,ガラス・土石製品,1,1,H2,-0.02117,-0.22877,119,0.81905,1
下游股价,輸送用機器,ガラス・土石製品,1,3,H1,-0.10507,-0.96573,119,0.33418,1
下游股价,輸送用機器,ガラス・土石製品,1,3,H2,-0.07511,-0.64609,117,0.51822,1
下游股价,輸送用機器,ガラス・土石製品,1,6,H1,-0.15686,-1.0168,119,0.30925,1
下游股价,輸送用機器,ガラス・土石製品,1,6,H2,-0.1008,-0.818,114,0.41335,1
下游股价,輸送用機器,ガラス・土石製品,3,1,H1,-0.03067,-1.04306,119,0.29692,1
下游股价,輸送用機器,ガラス・土石製品,3,1,H2,-0.00999,-0.18027,119,0.85694,1
下游股价,輸送用機器,ガラス・土石製品,3,3,H1,-0.0994,-1.35173,119,0.17646,1
下游股价,輸送用機器,ガラス・土石製品,3,3,H2,0.01362,0.1579,117,0.87454,1
下游股价,輸送用機器,ガラス・土石製品,3,6,H1,-0.13117,-1.21425,119,0.22465,1
下游股价,輸送用機器,ガラス・土石製品,3,6,H2,0.0237,0.20391,114,0.83843,1
下游股价,輸送用機器,ガラス・土石製品,6,1,H1,-0.02144,-1.0621,119,0.28819,1
下游股价,輸送用機器,ガラス・土石製品,6,1,H2,-0.00756,-0.25776,119,0.7966,1
下游股价,輸送用機器,ガラス・土石製品,6,3,H1,-0.05641,-1.1217,119,0.26199,1
下游股价,輸送用機器,ガラス・土石製品,6,3,H2,0.00902,0.18496,117,0.85326,1
下游股价,輸送用機器,ガラス・土石製品,6,6,H1,-0.01029,-0.1003,119,0.92011,1
下游股价,輸送用機器,ガラス・土石製品,6,6,H2,0.09571,1.50982,114,0.13109,1
下游股价,輸送用機器,ゴム製品,1,1,H1,0.03708,0.24164,119,0.80906,1
下游股价,輸送用機器,ゴム製品,1,1,H2,-0.25235,-2.54738,119,0.01085,1
下游股价,輸送用機器,ゴム製品,1,3,H1,0.29703,1.12651,119,0.25995,1
下游股价,輸送用機器,ゴム製品,1,3,H2,-0.05319,-0.30999,117,0.75657,1
下游股价,輸送用機器,ゴム製品,1,6,H1,0.29157,0.92958,119,0.35259,1
下游股价,輸送用機器,ゴム製品,1,6,H2,-0.12614,-0.60241,114,0.5469,1
下游股价,輸送用機器,ゴム製品,3,1,H1,0.08575,0.98577,119,0.32424,1
下游股价,輸送用機器,ゴム製品,3,1,H2,-0.01061,-0.14763,119,0.88263,1
下游股价,輸送用機器,ゴム製品,3,3,H1,0.21016,1.36765,119,0.17142,1
下游股价,輸送用機器,ゴム製品,3,3,H2,-0.00028,-0.00201,117,0.9984,1
下游股价,輸送用機器,ゴム製品,3,6,H1,0.05802,0.28741,119,0.7738,1
下游股价,輸送用機器,ゴム製品,3,6,H2,0.05882,0.2903,114,0.77159,1
下游股价,輸送用機器,ゴム製品,6,1,H1,0.02934,0.56098,119,0.57481,1
下游股价,輸送用機器,ゴム製品,6,1,H2,-0.02145,-0.46546,119,0.6416,1
下游股价,輸送用機器,ゴム製品,6,3,H1,0.00868,0.08537,119,0.93196,1
下游股价,輸送用機器,ゴム製品,6,3,H2,0.01697,0.15609,117,0.87596,1
下游股价,輸送用機器,ゴム製品,6,6,H1,-0.01518,-0.11876,119,0.90547,1
下游股价,輸送用機器,ゴム製品,6,6,H2,0.15709,1.05869,114,0.28974,1
下游股价,電気機器,ゴム製品,1,1,H1,-0.26078,-1.72182,119,0.0851,1
下游股价,電気機器,ゴム製品,1,1,H2,-0.03384,-0.33429,119,0.73816,1
下游股价,電気機器,ゴム製品,1,3,H1,0.06043,0.19106,119,0.84848,1
下游股价,電気機器,ゴム製品,1,3,H2,0.09518,0.6837,117,0.49416,1
下游股价,電気機器,ゴム製品,1,6,H1,0.42487,1.18527,119,0.23591,1
下游股价,電気機器,ゴム製品,1,6,H2,-0.1491,-0.49773,114,0.61867,1
下游股价,電気機器,ゴム製品,3,1,H1,0.04541,0.3612,119,0.71795,1
下游股价,電気機器,ゴム製品,3,1,H2,0.06944,0.93335,119,0.35064,1
下游股价,電気機器,ゴム製品,3,3,H1,0.27822,1.33283,119,0.18259,1
下游股价,電気機器,ゴム製品,3,3,H2,-0.00439,-0.02321,117,0.98148,1
下游股价,電気機器,ゴム製品,3,6,H1,0.15805,0.54445,119,0.58613,1
下游股价,電気機器,ゴム製品,3,6,H2,-0.17363,-0.47879,114,0.63209,1
下游股价,電気機器,ゴム製品,6,1,H1,0.06597,0.93048,119,0.35212,1
下游股价,電気機器,ゴム製品,6,1,H2,0.00884,0.16283,119,0.87065,1
下游股价,電気機器,ゴム製品,6,3,H1,0.05765,0.36997,119,0.7114,1
下游股价,電気機器,ゴム製品,6,3,H2,-0.03228,-0.18653,117,0.85203,1
下游股价,電気機器,ゴム製品,6,6,H1,0.08049,0.34046,119,0.73351,1
下游股价,電気機器,ゴム製品,6,6,H2,-0.16391,-0.51069,114,0.60957,1
下游股价,建設業,ゴム製品,1,1,H1,-0.02378,-0.19497,119,0.84542,1
下游股价,建設業,ゴム製品,1,1,H2,0.14348,0.95445,119,0.33986,1
下游股价,建設業,ゴム製品,1,3,H1,-0.00523,-0.01842,119,0.98531,1
下游股价,建設業,ゴム製品,1,3,H2,-0.07155,-0.30486,117,0.76047,1
下游股价,建設業,ゴム製品,1,6,H1,0.30072,0.98264,119,0.32579,1
下游股价,建設業,ゴム製品,1,6,H2,0.06065,0.18293,114,0.85486,1
下游股价,建設業,ゴム製品,3,1,H1,-0.00335,-0.03142,119,0.97494,1
下游股价,建設業,ゴム製品,3,1,H2,-0.01118,-0.14521,119,0.88455,1
下游股价,建設業,ゴム製品,3,3,H1,0.24081,1.0263,119,0.30475,1
下游股价,建設業,ゴム製品,3,3,H2,-0.00827,-0.03734,117,0.97021,1
下游股价,建設業,ゴム製品,3,6,H1,0.31976,1.44942,119,0.14722,1
下游股价,建設業,ゴム製品,3,6,H2,-0.08617,-0.26684,114,0.7896,1
下游股价,建設業,ゴム製品,6,1,H1,0.0627,1.14378,119,0.25271,1
下游股价,建設業,ゴム製品,6,1,H2,0.00849,0.13688,119,0.89113,1
下游股价,建設業,ゴム製品,6,3,H1,0.22814,1.65372,119,0.09818,1
下游股价,建設業,ゴム製品,6,3,H2,-0.06329,-0.40853,117,0.68289,1
下游股价,建設業,ゴム製品,6,6,H1,0.0442,0.25524,119,0.79854,1
下游股价,建設業,ゴム製品,6,6,H2,-0.27853,-1.1639,114,0.24446,1
下游股价,サービス業,ゴム製品,1,1,H1,0.06795,0.30458,119,0.76069,1
下游股价,サービス業,ゴム製品,1,1,H2,-0.04496,-0.32907,119,0.7421,1
下游股价,サービス業,ゴム製品,1,3,H1,-0.5268,-1.6118,119,0.107,1
下游股价,サービス業,ゴム製品,1,3,H2,-0.08619,-0.37476,117,0.70784,1
下游股价,サービス業,ゴム製品,1,6,H1,-0.67326,-2.15372,119,0.03126,1
下游股价,サービス業,ゴム製品,1,6,H2,-0.07786,-0.23713,114,0.81255,1
下游股价,サービス業,ゴム製品,3,1,H1,-0.15834,-1.55577,119,0.11976,1
下游股价,サービス業,ゴム製品,3,1,H2,-0.05636,-0.82251,119,0.41078,1
下游股价,サービス業,ゴム製品,3,3,H1,-0.5664,-2.74573,119,0.00604,1
下游股价,サービス業,ゴム製品,3,3,H2,-0.06313,-0.38333,117,0.70147,1
下游股价,サービス業,ゴム製品,3,6,H1,-0.31431,-1.13872,119,0.25482,1
下游股价,サービス業,ゴム製品,3,6,H2,0.00443,0.01599,114,0.98724,1
下游股价,サービス業,ゴム製品,6,1,H1,-0.105,-1.87227,119,0.06117,1
下游股价,サービス業,ゴム製品,6,1,H2,-0.03018,-0.72914,119,0.46592,1
下游股价,サービス業,ゴム製品,6,3,H1,-0.146,-0.92642,119,0.35423,1
下游股价,サービス業,ゴム製品,6,3,H2,-0.01286,-0.11519,117,0.9083,1
下游股价,サービス業,ゴム製品,6,6,H1,0.10757,0.433,119,0.66501,1
下游股价,サービス業,ゴム製品,6,6,H2,0.00802,0.04062,114,0.9676,1
下游股价,食料品,ゴム製品,1,1,H1,0.33773,2.80203,119,0.00508,1
下游股价,食料品,ゴム製品,1,1,H2,0.22036,2.12533,119,0.03356,1
下游股价,食料品,ゴム製品,1,3,H1,0.09306,0.32359,119,0.74625,1
下游股价,食料品,ゴム製品,1,3,H2,-0.0025,-0.01568,117,0.98749,1
下游股价,食料品,ゴム製品,1,6,H1,-0.31434,-1.16144,119,0.24546,1
下游股价,食料品,ゴム製品,1,6,H2,0.21167,0.85122,114,0.39465,1
下游股价,食料品,ゴム製品,3,1,H1,0.00809,0.08666,119,0.93094,1
下游股价,食料品,ゴム製品,3,1,H2,-0.02016,-0.28857,119,0.77291,1
下游股价,食料品,ゴム製品,3,3,H1,-0.21989,-1.45154,119,0.14663,1
下游股价,食料品,ゴム製品,3,3,H2,-0.03011,-0.17003,117,0.86499,1
下游股价,食料品,ゴム製品,3,6,H1,-0.23824,-1.11298,119,0.26572,1
下游股价,食料品,ゴム製品,3,6,H2,0.06453,0.24681,114,0.80506,1
下游股价,食料品,ゴム製品,6,1,H1,-0.04245,-0.76883,119,0.44199,1
下游股价,食料品,ゴム製品,6,1,H2,0.04736,0.63896,119,0.52285,1
下游股价,食料品,ゴム製品,6,3,H1,-0.09048,-0.76516,119,0.44418,1
下游股价,食料品,ゴム製品,6,3,H2,0.01176,0.06175,117,0.95076,1
下游股价,食料品,ゴム製品,6,6,H1,-0.00977,-0.05808,119,0.95368,1
下游股价,食料品,ゴム製品,6,6,H2,0.03412,0.13942,114,0.88912,1
下游股价,その他製品,ゴム製品,1,1,H1,0.44683,2.01205,119,0.04421,1
下游股价,その他製品,ゴム製品,1,1,H2,0.15179,0.73296,119,0.46359,1
下游股价,その他製品,ゴム製品,1,3,H1,0.49257,0.93217,119,0.35125,1
下游股价,その他製品,ゴム製品,1,3,H2,-0.10416,-0.26523,117,0.79083,1
下游股价,その他製品,ゴム製品,1,6,H1,0.23057,0.4954,119,0.62032,1
下游股价,その他製品,ゴム製品,1,6,H2,-0.22059,-0.53228,114,0.59453,1
下游股价,その他製品,ゴム製品,3,1,H1,0.18312,1.21004,119,0.22626,1
下游股价,その他製品,ゴム製品,3,1,H2,-0.05587,-0.44442,119,0.65674,1
下游股价,その他製品,ゴム製品,3,3,H1,-0.10071,-0.33327,119,0.73893,1
下游股价,その他製品,ゴム製品,3,3,H2,-0.24239,-0.8296,117,0.40677,1
下游股价,その他製品,ゴム製品,3,6,H1,-0.16351,-0.71729,119,0.4732,1
下游股价,その他製品,ゴム製品,3,6,H2,0.01905,0.05578,114,0.95552,1
下游股价,その他製品,ゴム製品,6,1,H1,0.031,0.34894,119,0.72714,1
下游股价,その他製品,ゴム製品,6,1,H2,-0.03946,-0.58105,119,0.56121,1
下游股价,その他製品,ゴム製品,6,3,H1,-0.11546,-0.56962,119,0.56893,1
下游股价,その他製品,ゴム製品,6,3,H2,-0.01496,-0.0957,117,0.92376,1
下游股价,その他製品,ゴム製品,6,6,H1,0.06571,0.26757,119,0.78903,1
下游股价,その他製品,ゴム製品,6,6,H2,0.26472,1.18233,114,0.23707,1
下游股价,機械,ゴム製品,1,1,H1,-0.31521,-2.09713,119,0.03598,1
下游股价,機械,ゴム製品,1,1,H2,-0.0068,-0.04974,119,0.96033,1
下游股价,機械,ゴム製品,1,3,H1,0.10455,0.2815,119,0.77833,1
下游股价,機械,ゴム製品,1,3,H2,0.05489,0.22689,117,0.82051,1
下游股价,機械,ゴム製品,1,6,H1,0.6255,2.18433,119,0.02894,1
下游股价,機械,ゴム製品,1,6,H2,-0.18066,-0.40897,114,0.68256,1
下游股价,機械,ゴム製品,3,1,H1,0.02683,0.22951,119,0.81847,1
下游股价,機械,ゴム製品,3,1,H2,0.09051,0.96528,119,0.33441,1
下游股价,機械,ゴム製品,3,3,H1,0.41003,2.74193,119,0.00611,1
下游股价,機械,ゴム製品,3,3,H2,0.02152,0.09101,117,0.92749,1
下游股价,機械,ゴム製品,3,6,H1,0.40073,1.66017,119,0.09688,1
下游股价,機械,ゴム製品,3,6,H2,-0.15823,-0.34847,114,0.72748,1
下游股价,機械,ゴム製品,6,1,H1,0.07474,1.35605,119,0.17508,1
下游股价,機械,ゴム製品,6,1,H2,0.00106,0.01422,119,0.98866,1
下游股价,機械,ゴム製品,6,3,H1,0.17872,1.45795,119,0.14485,1
下游股价,機械,ゴム製品,6,3,H2,-0.04564,-0.2105,117,0.83328,1
下游股价,機械,ゴム製品,6,6,H1,0.06693,0.28546,119,0.77529,1
下游股价,機械,ゴム製品,6,6,H2,-0.0938,-0.30624,114,0.75942,1
下游股价,情報・通信業,サービス業,1,1,H1,-0.04548,-0.49599,119,0.6199,1
下游股价,情報・通信業,サービス業,1,1,H2,0.13632,1.60971,119,0.10746,1
下游股价,情報・通信業,サービス業,1,3,H1,-0.22127,-0.97145,119,0.33132,1
下游股价,情報・通信業,サービス業,1,3,H2,0.23541,1.54243,117,0.12297,1
下游股价,情報・通信業,サービス業,1,6,H1,-0.23542,-0.83268,119,0.40503,1
下游股价,情報・通信業,サービス業,1,6,H2,0.31989,1.38697,114,0.16545,1
下游股价,情報・通信業,サービス業,3,1,H1,-0.07738,-1.197,119,0.23131,1
下游股价,情報・通信業,サービス業,3,1,H2,0.06844,1.72296,119,0.0849,1
下游股价,情報・通信業,サービス業,3,3,H1,-0.22745,-1.43006,119,0.1527,1
下游股价,情報・通信業,サービス業,3,3,H2,0.12434,1.19622,117,0.23161,1
下游股价,情報・通信業,サービス業,3,6,H1,-0.10925,-0.58927,119,0.55568,1
下游股价,情報・通信業,サービス業,3,6,H2,0.19351,1.17367,114,0.24053,1
下游股价,情報・通信業,サービス業,6,1,H1,-0.04511,-0.88627,119,0.37547,1
下游股价,情報・通信業,サービス業,6,1,H2,0.02941,0.99463,119,0.31992,1
下游股价,情報・通信業,サービス業,6,3,H1,-0.05834,-0.5475,119,0.58403,1
下游股价,情報・通信業,サービス業,6,3,H2,0.06577,0.9821,117,0.32605,1
下游股价,情報・通信業,サービス業,6,6,H1,0.15604,1.11726,119,0.26388,1
下游股价,情報・通信業,サービス業,6,6,H2,0.14031,1.39511,114,0.16298,1
下游股价,建設業,サービス業,1,1,H1,-0.0476,-0.75636,119,0.44943,1
下游股价,建設業,サービス業,1,1,H2,-0.15154,-1.32098,119,0.18651,1
下游股价,建設業,サービス業,1,3,H1,-0.09474,-0.76134,119,0.44645,1
下游股价,建設業,サービス業,1,3,H2,-0.37786,-1.88557,117,0.05935,1
下游股价,建設業,サービス業,1,6,H1,-0.11598,-0.60896,119,0.54255,1
下游股价,建設業,サービス業,1,6,H2,-0.53882,-1.6305,114,0.103,1
下游股价,建設業,サービス業,3,1,H1,-0.02783,-0.73316,119,0.46346,1
下游股价,建設業,サービス業,3,1,H2,-0.13525,-2.13874,119,0.03246,1
下游股价,建設業,サービス業,3,3,H1,-0.02978,-0.3149,119,0.75284,1
下游股价,建設業,サービス業,3,3,H2,-0.33882,-1.76581,117,0.07743,1
下游股价,建設業,サービス業,3,6,H1,0.0092,0.06186,119,0.95067,1
下游股价,建設業,サービス業,3,6,H2,-0.46449,-1.45484,114,0.14571,1
下游股价,建設業,サービス業,6,1,H1,-0.01658,-0.5294,119,0.59653,1
下游股价,建設業,サービス業,6,1,H2,-0.11629,-2.82464,119,0.00473,1
下游股价,建設業,サービス業,6,3,H1,0.00712,0.08983,119,0.92842,1
下游股价,建設業,サービス業,6,3,H2,-0.25748,-1.95877,117,0.05014,1
下游股价,建設業,サービス業,6,6,H1,0.04393,0.3363,119,0.73665,1
下游股价,建設業,サービス業,6,6,H2,-0.39417,-1.59824,114,0.10999,1
下游股价,卸売業,サービス業,1,1,H1,0.04518,0.32994,119,0.74145,1
下游股价,卸売業,サービス業,1,1,H2,-0.01617,-0.07806,119,0.93778,1
下游股价,卸売業,サービス業,1,3,H1,-0.43096,-1.65891,119,0.09713,1
下游股价,卸売業,サービス業,1,3,H2,-0.27226,-0.70401,117,0.48142,1
下游股价,卸売業,サービス業,1,6,H1,-0.60048,-1.61136,119,0.1071,1
下游股价,卸売業,サービス業,1,6,H2,0.08641,0.17397,114,0.86189,1
下游股价,卸売業,サービス業,3,1,H1,-0.13914,-1.94887,119,0.05131,1
下游股价,卸売業,サービス業,3,1,H2,-0.05209,-0.44329,119,0.65756,1
下游股价,卸売業,サービス業,3,3,H1,-0.32729,-1.51168,119,0.13061,1
下游股价,卸売業,サービス業,3,3,H2,-0.07855,-0.26717,117,0.78934,1
下游股价,卸売業,サービス業,3,6,H1,-0.43126,-1.12338,119,0.26127,1
下游股价,卸売業,サービス業,3,6,H2,-0.05368,-0.09302,114,0.92588,1
下游股价,卸売業,サービス業,6,1,H1,-0.09254,-1.83608,119,0.06635,1
下游股价,卸売業,サービス業,6,1,H2,-0.0194,-0.19795,119,0.84308,1
下游股价,卸売業,サービス業,6,3,H1,-0.20505,-1.1623,119,0.24511,1
下游股价,卸売業,サービス業,6,3,H2,-0.06663,-0.267,117,0.78947,1
下游股价,卸売業,サービス業,6,6,H1,-0.14858,-0.44911,119,0.65335,1
下游股价,卸売業,サービス業,6,6,H2,-0.18731,-0.36094,114,0.71815,1
下游股价,小売業,サービス業,1,1,H1,-0.03848,-0.42508,119,0.67078,1
下游股价,小売業,サービス業,1,1,H2,0.15309,1.35413,119,0.1757,1
下游股价,小売業,サービス業,1,3,H1,-0.10904,-0.69619,119,0.48631,1
下游股价,小売業,サービス業,1,3,H2,0.25957,1.2763,117,0.20185,1
下游股价,小売業,サービス業,1,6,H1,-0.39523,-1.52772,119,0.12658,1
下游股价,小売業,サービス業,1,6,H2,0.41425,1.27972,114,0.20064,1
下游股价,小売業,サービス業,3,1,H1,-0.04542,-0.95279,119,0.3407,1
下游股价,小売業,サービス業,3,1,H2,0.14712,1.94841,119,0.05137,1
下游股价,小売業,サービス業,3,3,H1,-0.21961,-1.88761,119,0.05908,1
下游股价,小売業,サービス業,3,3,H2,0.391,2.3754,117,0.01753,1
下游股价,小売業,サービス業,3,6,H1,-0.32309,-1.51035,119,0.13095,1
下游股价,小売業,サービス業,3,6,H2,0.33551,1.1166,114,0.26417,1
下游股价,小売業,サービス業,6,1,H1,-0.06098,-1.62121,119,0.10497,1
下游股价,小売業,サービス業,6,1,H2,0.07686,1.26501,119,0.20587,1
下游股价,小売業,サービス業,6,3,H1,-0.14983,-1.36823,119,0.17124,1
下游股价,小売業,サービス業,6,3,H2,0.13501,0.96854,117,0.33277,1
下游股价,小売業,サービス業,6,6,H1,-0.07032,-0.398,119,0.69063,1
下游股价,小売業,サービス業,6,6,H2,0.05676,0.23531,114,0.81397,1
下游股价,不動産業,サービス業,1,1,H1,0.07085,1.42974,119,0.15279,1
下游股价,不動産業,サービス業,1,1,H2,-0.0263,-0.24363,119,0.80751,1
下游股价,不動産業,サービス業,1,3,H1,0.08693,0.8295,119,0.40682,1
下游股价,不動産業,サービス業,1,3,H2,-0.19525,-1.15863,117,0.24661,1
下游股价,不動産業,サービス業,1,6,H1,0.24105,1.76871,119,0.07694,1
下游股价,不動産業,サービス業,1,6,H2,-0.10698,-0.41611,114,0.67733,1
下游股价,不動産業,サービス業,3,1,H1,0.03261,1.05159,119,0.29299,1
下游股价,不動産業,サービス業,3,1,H2,-0.06006,-0.99162,119,0.32138,1
下游股价,不動産業,サービス業,3,3,H1,0.08778,1.25884,119,0.20809,1
下游股价,不動産業,サービス業,3,3,H2,-0.0515,-0.38933,117,0.69703,1
下游股价,不動産業,サービス業,3,6,H1,0.17871,1.7451,119,0.08097,1
下游股价,不動産業,サービス業,3,6,H2,-0.21174,-0.96654,114,0.33377,1
下游股价,不動産業,サービス業,6,1,H1,0.03402,1.77502,119,0.07589,1
下游股价,不動産業,サービス業,6,1,H2,-0.03898,-0.88629,119,0.37546,1
下游股价,不動産業,サービス業,6,3,H1,0.07884,1.72684,119,0.0842,1
下游股价,不動産業,サービス業,6,3,H2,-0.13551,-1.2461,117,0.21273,1
下游股价,不動産業,サービス業,6,6,H1,0.15248,2.14135,119,0.03225,1
下游股价,不動産業,サービス業,6,6,H2,-0.35976,-2.38402,114,0.01712,1
下游股价,建設業,パルプ・紙,1,1,H1,-0.00992,-0.05308,119,0.95767,1
下游股价,建設業,パルプ・紙,1,1,H2,-0.07263,-0.47017,119,0.63823,1
下游股价,建設業,パルプ・紙,1,3,H1,0.28857,0.89811,119,0.36913,1
下游股价,建設業,パルプ・紙,1,3,H2,-0.2968,-1.13254,117,0.25741,1
下游股价,建設業,パルプ・紙,1,6,H1,0.61394,1.45111,119,0.14675,1
下游股价,建設業,パルプ・紙,1,6,H2,-0.48974,-1.48584,114,0.13732,1
下游股价,建設業,パルプ・紙,3,1,H1,0.08361,0.78423,119,0.4329,1
下游股价,建設業,パルプ・紙,3,1,H2,-0.10963,-1.27317,119,0.20296,1
下游股价,建設業,パルプ・紙,3,3,H1,0.12932,0.63509,119,0.52537,1
下游股价,建設業,パルプ・紙,3,3,H2,-0.31609,-1.45854,117,0.14469,1
下游股价,建設業,パルプ・紙,3,6,H1,0.34806,1.0664,119,0.28624,1
下游股价,建設業,パルプ・紙,3,6,H2,-0.46856,-1.65373,114,0.09818,1
下游股价,建設業,パルプ・紙,6,1,H1,0.10846,1.64777,119,0.0994,1
下游股价,建設業,パルプ・紙,6,1,H2,-0.08917,-1.64726,119,0.0995,1
下游股价,建設業,パルプ・紙,6,3,H1,0.16131,1.01102,119,0.31201,1
下游股价,建設業,パルプ・紙,6,3,H2,-0.22933,-1.79487,117,0.07267,1
下游股价,建設業,パルプ・紙,6,6,H1,-0.0389,-0.21494,119,0.82982,1
下游股价,建設業,パルプ・紙,6,6,H2,-0.35164,-1.5792,114,0.11429,1
下游股价,その他製品,パルプ・紙,1,1,H1,0.00177,0.00641,119,0.99489,1
下游股价,その他製品,パルプ・紙,1,1,H2,-0.05773,-0.26139,119,0.7938,1
下游股价,その他製品,パルプ・紙,1,3,H1,0.12551,0.23966,119,0.8106,1
下游股价,その他製品,パルプ・紙,1,3,H2,-0.03503,-0.10028,117,0.92012,1
下游股价,その他製品,パルプ・紙,1,6,H1,1.0028,1.28914,119,0.19735,1
下游股价,その他製品,パルプ・紙,1,6,H2,0.50068,1.15013,114,0.25009,1
下游股价,その他製品,パルプ・紙,3,1,H1,0.03603,0.23025,119,0.81789,1
下游股价,その他製品,パルプ・紙,3,1,H2,-0.00358,-0.02957,119,0.97641,1
下游股价,その他製品,パルプ・紙,3,3,H1,0.33743,0.84761,119,0.39666,1
下游股价,その他製品,パルプ・紙,3,3,H2,0.00696,0.02577,117,0.97944,1
下游股价,その他製品,パルプ・紙,3,6,H1,0.75291,1.2537,119,0.20995,1
下游股价,その他製品,パルプ・紙,3,6,H2,0.69947,2.01462,114,0.04394,1
下游股价,その他製品,パルプ・紙,6,1,H1,0.15918,1.18959,119,0.23421,1
下游股价,その他製品,パルプ・紙,6,1,H2,0.07237,1.12058,119,0.26247,1
下游股价,その他製品,パルプ・紙,6,3,H1,0.38504,1.15543,119,0.24791,1
下游股价,その他製品,パルプ・紙,6,3,H2,0.26894,1.81377,117,0.06971,1
下游股价,その他製品,パルプ・紙,6,6,H1,0.78203,1.32777,119,0.18425,1
下游股价,その他製品,パルプ・紙,6,6,H2,0.4578,2.48701,114,0.01288,1
下游股价,食料品,パルプ・紙,1,1,H1,0.29016,1.95886,119,0.05013,1
下游股价,食料品,パルプ・紙,1,1,H2,-0.06951,-0.5185,119,0.60411,1
下游股价,食料品,パルプ・紙,1,3,H1,0.43217,1.19655,119,0.23148,1
下游股价,食料品,パルプ・紙,1,3,H2,-0.23399,-1.2735,117,0.20284,1
下游股价,食料品,パルプ・紙,1,6,H1,0.46791,1.00604,119,0.31439,1
下游股价,食料品,パルプ・紙,1,6,H2,-0.3317,-1.5323,114,0.12545,1
下游股价,食料品,パルプ・紙,3,1,H1,0.1054,1.27767,119,0.20137,1
下游股价,食料品,パルプ・紙,3,1,H2,-0.11921,-1.30471,119,0.19199,1
下游股价,食料品,パルプ・紙,3,3,H1,0.22581,1.11192,119,0.26617,1
下游股价,食料品,パルプ・紙,3,3,H2,-0.26076,-1.2505,117,0.21112,1
下游股价,食料品,パルプ・紙,3,6,H1,0.08596,0.42008,119,0.67443,1
下游股价,食料品,パルプ・紙,3,6,H2,-0.47351,-2.24849,114,0.02455,1
下游股价,食料品,パルプ・紙,6,1,H1,0.05224,0.84732,119,0.39682,1
下游股价,食料品,パルプ・紙,6,1,H2,-0.14331,-2.26498,119,0.02351,1
下游股价,食料品,パルプ・紙,6,3,H1,0.03152,0.24253,119,0.80837,1
下游股价,食料品,パルプ・紙,6,3,H2,-0.37628,-2.93227,117,0.00336,1
下游股价,食料品,パルプ・紙,6,6,H1,-0.08435,-0.48156,119,0.63012,1
下游股价,食料品,パルプ・紙,6,6,H2,-0.41516,-4.39352,114,1e-05,1
下游股价,情報・通信業,パルプ・紙,1,1,H1,0.43857,1.93037,119,0.05356,1
下游股价,情報・通信業,パルプ・紙,1,1,H2,-0.00487,-0.03916,119,0.96876,1
下游股价,情報・通信業,パルプ・紙,1,3,H1,0.25835,0.57658,119,0.56423,1
下游股价,情報・通信業,パルプ・紙,1,3,H2,0.07545,0.37445,117,0.70807,1
下游股价,情報・通信業,パルプ・紙,1,6,H1,0.03377,0.05341,119,0.95741,1
下游股价,情報・通信業,パルプ・紙,1,6,H2,-0.11819,-0.43417,114,0.66416,1
下游股价,情報・通信業,パルプ・紙,3,1,H1,0.08269,0.68385,119,0.49407,1
下游股价,情報・通信業,パルプ・紙,3,1,H2,0.02032,0.29585,119,0.76735,1
下游股价,情報・通信業,パルプ・紙,3,3,H1,0.16507,0.59572,119,0.55136,1
下游股价,情報・通信業,パルプ・紙,3,3,H2,0.04328,0.31658,117,0.75156,1
下游股价,情報・通信業,パルプ・紙,3,6,H1,-0.13688,-0.31656,119,0.75158,1
下游股价,情報・通信業,パルプ・紙,3,6,H2,-0.03671,-0.18754,114,0.85124,1
下游股价,情報・通信業,パルプ・紙,6,1,H1,0.01432,0.20802,119,0.83521,1
下游股价,情報・通信業,パルプ・紙,6,1,H2,-0.01972,-0.57669,119,0.56415,1
下游股价,情報・通信業,パルプ・紙,6,3,H1,-0.10628,-0.51229,119,0.60845,1
下游股价,情報・通信業,パルプ・紙,6,3,H2,-0.01366,-0.16677,117,0.86755,1
下游股价,情報・通信業,パルプ・紙,6,6,H1,-0.13691,-0.42305,119,0.67226,1
下游股价,情報・通信業,パルプ・紙,6,6,H2,0.10795,0.79803,114,0.42485,1
下游股价,サービス業,パルプ・紙,1,1,H1,0.40158,1.7475,119,0.08055,1
下游股价,サービス業,パルプ・紙,1,1,H2,0.07657,0.53289,119,0.59411,1
下游股价,サービス業,パルプ・紙,1,3,H1,0.52323,1.28885,119,0.19745,1
下游股价,サービス業,パルプ・紙,1,3,H2,0.20568,0.95448,117,0.33984,1
下游股价,サービス業,パルプ・紙,1,6,H1,-0.0237,-0.04164,119,0.96679,1
下游股价,サービス業,パルプ・紙,1,6,H2,0.02201,0.07443,114,0.94067,1
下游股价,サービス業,パルプ・紙,3,1,H1,0.16287,1.19963,119,0.23028,1
下游股价,サービス業,パルプ・紙,3,1,H2,0.07437,1.02345,119,0.30609,1
下游股价,サービス業,パルプ・紙,3,3,H1,0.0522,0.19744,119,0.84348,1
下游股价,サービス業,パルプ・紙,3,3,H2,0.16109,0.90955,117,0.36306,1
下游股价,サービス業,パルプ・紙,3,6,H1,-0.08176,-0.17709,119,0.85944,1
下游股价,サービス業,パルプ・紙,3,6,H2,0.16329,0.63836,114,0.52324,1
下游股价,サービス業,パルプ・紙,6,1,H1,0.01216,0.15919,119,0.87352,1
下游股价,サービス業,パルプ・紙,6,1,H2,0.00167,0.04213,119,0.9664,1
下游股价,サービス業,パルプ・紙,6,3,H1,-0.03639,-0.15261,119,0.87871,1
下游股价,サービス業,パルプ・紙,6,3,H2,0.06601,0.5716,117,0.56759,1
下游股价,サービス業,パルプ・紙,6,6,H1,-0.10889,-0.27094,119,0.78644,1
下游股价,サービス業,パルプ・紙,6,6,H2,0.23048,1.29496,114,0.19533,1
下游股价,サービス業,不動産業,1,1,H1,-0.1806,-0.7838,119,0.43316,1
下游股价,サービス業,不動産業,1,1,H2,0.08006,0.92588,119,0.35451,1
下游股价,サービス業,不動産業,1,3,H1,-0.11648,-0.31034,119,0.7563,1
下游股价,サービス業,不動産業,1,3,H2,0.209,1.4526,117,0.14633,1
下游股价,サービス業,不動産業,1,6,H1,0.23113,0.49976,119,0.61725,1
下游股价,サービス業,不動産業,1,6,H2,0.32146,1.46208,114,0.14372,1
下游股价,サービス業,不動産業,3,1,H1,0.00084,0.00668,119,0.99467,1
下游股价,サービス業,不動産業,3,1,H2,0.05502,1.10669,119,0.26843,1
下游股价,サービス業,不動産業,3,3,H1,-0.20556,-0.71283,119,0.47595,1
下游股价,サービス業,不動産業,3,3,H2,0.18897,1.54928,117,0.12131,1
下游股价,サービス業,不動産業,3,6,H1,0.50905,1.35314,119,0.17601,1
下游股价,サービス業,不動産業,3,6,H2,0.2912,1.57256,114,0.11582,1
下游股价,サービス業,不動産業,6,1,H1,0.03937,0.57132,119,0.56778,1
下游股价,サービス業,不動産業,6,1,H2,0.04174,1.39241,119,0.1638,1
下游股价,サービス業,不動産業,6,3,H1,0.23979,1.49199,119,0.1357,1
下游股价,サービス業,不動産業,6,3,H2,0.1477,1.71567,117,0.08622,1
下游股价,サービス業,不動産業,6,6,H1,0.8056,2.18862,119,0.02862,1
下游股价,サービス業,不動産業,6,6,H2,0.18732,1.24117,114,0.21454,1
下游股价,情報・通信業,不動産業,1,1,H1,-0.12205,-0.51882,119,0.60389,1
下游股价,情報・通信業,不動産業,1,1,H2,-0.065,-1.05272,119,0.29247,1
下游股价,情報・通信業,不動産業,1,3,H1,-0.17891,-0.32797,119,0.74294,1
下游股价,情報・通信業,不動産業,1,3,H2,0.03517,0.25429,117,0.79927,1
下游股价,情報・通信業,不動産業,1,6,H1,0.43259,0.54314,119,0.58703,1
下游股价,情報・通信業,不動産業,1,6,H2,0.20099,0.79638,114,0.42581,1
下游股价,情報・通信業,不動産業,3,1,H1,-0.04257,-0.26942,119,0.7876,1
下游股价,情報・通信業,不動産業,3,1,H2,0.01793,0.42735,119,0.66912,1
下游股价,情報・通信業,不動産業,3,3,H1,-0.0149,-0.04503,119,0.96408,1
下游股价,情報・通信業,不動産業,3,3,H2,0.10058,0.86812,117,0.38533,1
下游股价,情報・通信業,不動産業,3,6,H1,0.49454,0.8419,119,0.39984,1
下游股价,情報・通信業,不動産業,3,6,H2,0.1486,0.89559,114,0.37047,1
下游股价,情報・通信業,不動産業,6,1,H1,0.03232,0.36598,119,0.71438,1
下游股价,情報・通信業,不動産業,6,1,H2,0.01869,0.78177,119,0.43435,1
下游股价,情報・通信業,不動産業,6,3,H1,0.26682,1.13571,119,0.25608,1
下游股价,情報・通信業,不動産業,6,3,H2,0.08504,1.2035,117,0.22878,1
下游股价,情報・通信業,不動産業,6,6,H1,0.57843,1.17262,119,0.24095,1
下游股价,情報・通信業,不動産業,6,6,H2,0.12557,1.07401,114,0.28282,1
下游股价,卸売業,不動産業,1,1,H1,-0.3306,-0.8824,119,0.37756,1
下游股价,卸売業,不動産業,1,1,H2,0.1613,0.74994,119,0.45329,1
下游股价,卸売業,不動産業,1,3,H1,0.07871,0.13139,119,0.89546,1
下游股价,卸売業,不動産業,1,3,H2,0.14112,0.48232,117,0.62958,1
下游股价,卸売業,不動産業,1,6,H1,0.10779,0.12939,119,0.89705,1
下游股价,卸売業,不動産業,1,6,H2,-0.18873,-0.42491,114,0.6709,1
下游股价,卸売業,不動産業,3,1,H1,0.03497,0.20324,119,0.83895,1
下游股价,卸売業,不動産業,3,1,H2,0.05459,0.50091,119,0.61644,1
下游股价,卸売業,不動産業,3,3,H1,0.11068,0.2242,119,0.8226,1
下游股价,卸売業,不動産業,3,3,H2,-0.1343,-0.51687,117,0.60524,1
下游股价,卸売業,不動産業,3,6,H1,0.39398,0.55419,119,0.57945,1
下游股价,卸売業,不動産業,3,6,H2,-0.06488,-0.1452,114,0.88455,1
下游股价,卸売業,不動産業,6,1,H1,0.02422,0.2183,119,0.8272,1
下游股价,卸売業,不動産業,6,1,H2,0.00647,0.08017,119,0.9361,1
下游股价,卸売業,不動産業,6,3,H1,0.20399,0.63579,119,0.52492,1
下游股价,卸売業,不動産業,6,3,H2,0.03122,0.14434,117,0.88523,1
下游股价,卸売業,不動産業,6,6,H1,0.61638,1.11785,119,0.26363,1
下游股价,卸売業,不動産業,6,6,H2,0.13934,0.37953,114,0.7043,1
下游股价,小売業,不動産業,1,1,H1,-0.1428,-0.76363,119,0.44509,1
下游股价,小売業,不動産業,1,1,H2,0.04459,0.38295,119,0.70175,1
下游股价,小売業,不動産業,1,3,H1,-0.22698,-0.6044,119,0.54558,1
下游股价,小売業,不動産業,1,3,H2,0.12873,0.95934,117,0.33739,1
下游股价,小売業,不動産業,1,6,H1,0.19785,0.39477,119,0.69301,1
下游股价,小売業,不動産業,1,6,H2,-0.1127,-0.49404,114,0.62128,1
下游股价,小売業,不動産業,3,1,H1,-0.03614,-0.3649,119,0.71519,1
下游股价,小売業,不動産業,3,1,H2,0.04228,0.66738,119,0.50453,1
下游股价,小売業,不動産業,3,3,H1,-0.24178,-0.94859,119,0.34283,1
下游股价,小売業,不動産業,3,3,H2,0.13341,0.94783,117,0.34322,1
下游股价,小売業,不動産業,3,6,H1,0.3045,1.0045,119,0.31514,1
下游股价,小売業,不動産業,3,6,H2,-0.04821,-0.19395,114,0.84622,1
下游股价,小売業,不動産業,6,1,H1,0.02885,0.38632,119,0.69926,1
下游股价,小売業,不動産業,6,1,H2,-0.01104,-0.22788,119,0.81974,1
下游股价,小売業,不動産業,6,3,H1,0.14939,0.98929,119,0.32252,1
下游股价,小売業,不動産業,6,3,H2,0.00895,0.06516,117,0.94804,1
下游股价,小売業,不動産業,6,6,H1,0.59639,2.9439,119,0.00324,1
下游股价,小売業,不動産業,6,6,H2,-0.06447,-0.27179,114,0.78579,1
下游股价,不動産業,保険業,1,1,H1,-0.12997,-1.44962,119,0.14716,1
下游股价,不動産業,保険業,1,1,H2,-0.25906,-2.16708,119,0.03023,1
下游股价,不動産業,保険業,1,3,H1,-0.17171,-1.22593,119,0.22023,1
下游股价,不動産業,保険業,1,3,H2,-0.02813,-0.15048,117,0.88039,1
下游股价,不動産業,保険業,1,6,H1,-0.02043,-0.13371,119,0.89363,1
下游股价,不動産業,保険業,1,6,H2,0.11446,0.49237,114,0.62245,1
下游股价,不動産業,保険業,3,1,H1,-0.0385,-0.71598,119,0.47401,1
下游股价,不動産業,保険業,3,1,H2,-0.02506,-0.35681,119,0.72123,1
下游股价,不動産業,保険業,3,3,H1,0.05037,0.56138,119,0.57454,1
下游股价,不動産業,保険業,3,3,H2,0.13798,0.87069,117,0.38392,1
下游股价,不動産業,保険業,3,6,H1,0.13658,1.05681,119,0.2906,1
下游股价,不動産業,保険業,3,6,H2,0.35771,1.87445,114,0.06087,1
下游股价,不動産業,保険業,6,1,H1,-0.00384,-0.14234,119,0.88681,1
下游股价,不動産業,保険業,6,1,H2,0.02836,0.68515,119,0.49325,1
下游股价,不動産業,保険業,6,3,H1,0.05711,1.01952,119,0.30795,1
下游股价,不動産業,保険業,6,3,H2,0.19718,1.89056,117,0.05868,1
下游股价,不動産業,保険業,6,6,H1,0.08111,0.72836,119,0.46639,1
下游股价,不動産業,保険業,6,6,H2,0.3464,1.72028,114,0.08538,1
下游股价,サービス業,保険業,1,1,H1,-0.23296,-1.36769,119,0.17141,1
下游股价,サービス業,保険業,1,1,H2,-0.14553,-1.07509,119,0.28233,1
下游股价,サービス業,保険業,1,3,H1,-0.08328,-0.30844,119,0.75775,1
下游股价,サービス業,保険業,1,3,H2,0.14315,0.77415,117,0.43884,1
下游股价,サービス業,保険業,1,6,H1,-0.04558,-0.11725,119,0.90667,1
下游股价,サービス業,保険業,1,6,H2,-0.25176,-1.18295,114,0.23683,1
下游股价,サービス業,保険業,3,1,H1,-0.00359,-0.03719,119,0.97033,1
下游股价,サービス業,保険業,3,1,H2,0.02608,0.36942,119,0.71182,1
下游股价,サービス業,保険業,3,3,H1,0.072,0.42316,119,0.67218,1
下游股价,サービス業,保険業,3,3,H2,0.03373,0.28842,117,0.77302,1
下游股价,サービス業,保険業,3,6,H1,-0.03649,-0.12516,119,0.9004,1
下游股价,サービス業,保険業,3,6,H2,-0.20901,-1.48928,114,0.13641,1
下游股价,サービス業,保険業,6,1,H1,0.00845,0.12205,119,0.90286,1
下游股价,サービス業,保険業,6,1,H2,-0.03524,-1.18388,119,0.23646,1
下游股价,サービス業,保険業,6,3,H1,-0.02101,-0.13204,119,0.89495,1
下游股价,サービス業,保険業,6,3,H2,-0.07331,-1.13812,117,0.25507,1
下游股价,サービス業,保険業,6,6,H1,-0.21831,-0.89496,119,0.37081,1
下游股价,サービス業,保険業,6,6,H2,-0.20681,-1.41813,114,0.15615,1
下游股价,卸売業,保険業,1,1,H1,-0.43778,-1.50909,119,0.13128,1
下游股价,卸売業,保険業,1,1,H2,-0.01448,-0.05042,119,0.95979,1
下游股价,卸売業,保険業,1,3,H1,0.65055,1.62667,119,0.10381,1
下游股价,卸売業,保険業,1,3,H2,-0.02287,-0.05977,117,0.95234,1
下游股价,卸売業,保険業,1,6,H1,0.4197,0.78291,119,0.43368,1
下游股价,卸売業,保険業,1,6,H2,-0.69997,-1.44521,114,0.1484,1
下游股价,卸売業,保険業,3,1,H1,0.23892,1.47097,119,0.1413,1
下游股价,卸売業,保険業,3,1,H2,-0.05528,-0.3767,119,0.70639,1
下游股价,卸売業,保険業,3,3,H1,0.50482,2.36593,119,0.01798,1
下游股价,卸売業,保険業,3,3,H2,-0.21668,-0.57607,117,0.56456,1
下游股价,卸売業,保険業,3,6,H1,0.32055,0.93772,119,0.34839,1
下游股价,卸売業,保険業,3,6,H2,-0.94041,-2.18048,114,0.02922,1
下游股价,卸売業,保険業,6,1,H1,0.09274,1.14348,119,0.25284,1
下游股价,卸売業,保険業,6,1,H2,-0.14391,-1.42054,119,0.15545,1
下游股价,卸売業,保険業,6,3,H1,0.159,1.03022,119,0.30291,1
下游股价,卸売業,保険業,6,3,H2,-0.40288,-1.82018,117,0.06873,1
下游股价,卸売業,保険業,6,6,H1,0.22777,0.8214,119,0.41142,1
下游股价,卸売業,保険業,6,6,H2,-0.40781,-1.64857,114,0.09923,1
下游股价,小売業,保険業,1,1,H1,0.08174,0.48607,119,0.62692,1
下游股价,小売業,保険業,1,1,H2,-0.12694,-0.87348,119,0.3824,1
下游股价,小売業,保険業,1,3,H1,0.15648,0.61483,119,0.53867,1
下游股价,小売業,保険業,1,3,H2,-0.24586,-1.1347,117,0.2565,1
下游股价,小売業,保険業,1,6,H1,0.33049,0.77368,119,0.43912,1
下游股价,小売業,保険業,1,6,H2,-0.19093,-0.72218,114,0.47018,1
下游股价,小売業,保険業,3,1,H1,0.05913,0.68394,119,0.49402,1
下游股价,小売業,保険業,3,1,H2,-0.15877,-1.67253,119,0.09442,1
下游股价,小売業,保険業,3,3,H1,0.04426,0.21284,119,0.83145,1
下游股价,小売業,保険業,3,3,H2,-0.1572,-0.72576,117,0.46799,1
下游股价,小売業,保険業,3,6,H1,0.00884,0.03327,119,0.97346,1
下游股价,小売業,保険業,3,6,H2,-0.0453,-0.17667,114,0.85977,1
下游股价,小売業,保険業,6,1,H1,0.06339,1.08363,119,0.27853,1
下游股价,小売業,保険業,6,1,H2,-0.05216,-0.85618,119,0.3919,1
下游股价,小売業,保険業,6,3,H1,0.01845,0.17035,119,0.86474,1
下游股价,小売業,保険業,6,3,H2,0.00124,0.00996,117,0.99205,1
下游股价,小売業,保険業,6,6,H1,-0.0567,-0.29948,119,0.76457,1
下游股价,小売業,保険業,6,6,H2,0.02648,0.12237,114,0.9026,1
下游股价,建設業,保険業,1,1,H1,-0.02319,-0.18777,119,0.85106,1
下游股价,建設業,保険業,1,1,H2,0.11205,0.65494,119,0.51251,1
下游股价,建設業,保険業,1,3,H1,-0.02993,-0.17313,119,0.86255,1
下游股价,建設業,保険業,1,3,H2,-0.2547,-1.14355,117,0.25281,1
下游股价,建設業,保険業,1,6,H1,-0.25211,-1.0037,119,0.31552,1
下游股价,建設業,保険業,1,6,H2,0.01027,0.03971,114,0.96832,1
下游股价,建設業,保険業,3,1,H1,0.00711,0.1225,119,0.9025,1
下游股价,建設業,保険業,3,1,H2,-0.07211,-0.80125,119,0.42299,1
下游股价,建設業,保険業,3,3,H1,-0.1243,-0.97161,119,0.33124,1
下游股价,建設業,保険業,3,3,H2,-0.09337,-0.54347,117,0.58681,1
下游股价,建設業,保険業,3,6,H1,-0.31872,-1.4032,119,0.16056,1
下游股价,建設業,保険業,3,6,H2,0.28931,1.27373,114,0.20276,1
下游股价,建設業,保険業,6,1,H1,-0.03886,-0.79772,119,0.42503,1
下游股价,建設業,保険業,6,1,H2,0.02611,0.51979,119,0.60321,1
下游股价,建設業,保険業,6,3,H1,-0.16606,-1.44424,119,0.14867,1
下游股价,建設業,保険業,6,3,H2,0.12832,1.19653,117,0.23149,1
下游股价,建設業,保険業,6,6,H1,-0.36894,-1.56149,119,0.11841,1
下游股价,建設業,保険業,6,6,H2,0.46041,2.03786,114,0.04156,1
下游股价,ゴム製品,化学,1,1,H1,-0.061,-2.73059,119,0.00632,1
下游股价,ゴム製品,化学,1,1,H2,-0.05441,-1.74549,119,0.0809,1
下游股价,ゴム製品,化学,1,3,H1,-0.01813,-0.39126,119,0.6956,1
下游股价,ゴム製品,化学,1,3,H2,-0.09104,-2.02998,117,0.04236,1
下游股价,ゴム製品,化学,1,6,H1,-0.05726,-1.16829,119,0.24269,1
下游股价,ゴム製品,化学,1,6,H2,0.01398,0.18211,114,0.8555,1
下游股价,ゴム製品,化学,3,1,H1,-0.00367,-0.23522,119,0.81404,1
下游股价,ゴム製品,化学,3,1,H2,-0.03477,-2.16686,119,0.03025,1
下游股价,ゴム製品,化学,3,3,H1,0.00988,0.29106,119,0.771,1
下游股价,ゴム製品,化学,3,3,H2,-0.03158,-0.89726,117,0.36958,1
下游股价,ゴム製品,化学,3,6,H1,-0.05147,-1.00791,119,0.3135,1
下游股价,ゴム製品,化学,3,6,H2,0.05624,0.79952,114,0.42399,1
下游股价,ゴム製品,化学,6,1,H1,-0.01132,-1.03101,119,0.30254,1
下游股价,ゴム製品,化学,6,1,H2,-0.0003,-0.0233,119,0.98141,1
下游股价,ゴム製品,化学,6,3,H1,-0.03163,-0.97111,119,0.3315,1
下游股价,ゴム製品,化学,6,3,H2,0.0182,0.5291,117,0.59674,1
下游股价,ゴム製品,化学,6,6,H1,-0.09872,-2.01436,119,0.04397,1
下游股价,ゴム製品,化学,6,6,H2,0.07706,1.27423,114,0.20258,1
下游股价,サービス業,化学,1,1,H1,0.04526,0.86882,119,0.38495,1
下游股价,サービス業,化学,1,1,H2,0.03369,0.60908,119,0.54247,1
下游股价,サービス業,化学,1,3,H1,0.06201,0.7911,119,0.42888,1
下游股价,サービス業,化学,1,3,H2,0.06403,0.79005,117,0.4295,1
下游股价,サービス業,化学,1,6,H1,0.04585,0.40805,119,0.68324,1
下游股价,サービス業,化学,1,6,H2,0.08061,0.77216,114,0.44002,1
下游股价,サービス業,化学,3,1,H1,0.01936,0.71622,119,0.47385,1
下游股价,サービス業,化学,3,1,H2,0.02126,0.85067,119,0.39495,1
下游股价,サービス業,化学,3,3,H1,0.0545,0.86087,119,0.38931,1
下游股价,サービス業,化学,3,3,H2,-0.04105,-0.59804,117,0.54981,1
下游股价,サービス業,化学,3,6,H1,-0.01961,-0.24526,119,0.80625,1
下游股价,サービス業,化学,3,6,H2,-0.00425,-0.04168,114,0.96675,1
下游股价,サービス業,化学,6,1,H1,0.00945,0.53495,119,0.59268,1
下游股价,サービス業,化学,6,1,H2,0.01155,0.67314,119,0.50086,1
下游股价,サービス業,化学,6,3,H1,-0.00694,-0.1536,119,0.87793,1
下游股价,サービス業,化学,6,3,H2,-0.00915,-0.20229,117,0.83969,1
下游股价,サービス業,化学,6,6,H1,-0.06682,-0.84905,119,0.39585,1
下游股价,サービス業,化学,6,6,H2,-0.01009,-0.13483,114,0.89275,1
下游股价,水産・農林業,化学,1,1,H1,0.03844,1.17381,119,0.24047,1
下游股价,水産・農林業,化学,1,1,H2,-0.05674,-1.11168,119,0.26628,1
下游股价,水産・農林業,化学,1,3,H1,0.06183,1.04919,119,0.29409,1
下游股价,水産・農林業,化学,1,3,H2,0.07448,1.23136,117,0.21819,1
下游股价,水産・農林業,化学,1,6,H1,0.03772,0.44009,119,0.65987,1
下游股价,水産・農林業,化学,1,6,H2,-0.03436,-0.35783,114,0.72047,1
下游股价,水産・農林業,化学,3,1,H1,0.01563,0.93947,119,0.34749,1
下游股价,水産・農林業,化学,3,1,H2,0.02817,1.12747,119,0.25954,1
下游股价,水産・農林業,化学,3,3,H1,0.05402,1.5207,119,0.12834,1
下游股价,水産・農林業,化学,3,3,H2,0.0817,1.51497,117,0.12978,1
下游股价,水産・農林業,化学,3,6,H1,0.0545,0.84415,119,0.39859,1
下游股价,水産・農林業,化学,3,6,H2,-0.03076,-0.36197,114,0.71738,1
下游股价,水産・農林業,化学,6,1,H1,0.00696,0.75258,119,0.4517,1
下游股价,水産・農林業,化学,6,1,H2,-0.01039,-0.58622,119,0.55773,1
下游股价,水産・農林業,化学,6,3,H1,0.03126,1.08381,119,0.27845,1
下游股价,水産・農林業,化学,6,3,H2,-0.00864,-0.17687,117,0.85961,1
下游股价,水産・農林業,化学,6,6,H1,0.06613,1.29385,119,0.19572,1
下游股价,水産・農林業,化学,6,6,H2,-0.06826,-0.97294,114,0.33058,1
下游股价,輸送用機器,化学,1,1,H1,-0.00299,-0.09642,119,0.92319,1
下游股价,輸送用機器,化学,1,1,H2,-0.03928,-0.78776,119,0.43083,1
下游股价,輸送用機器,化学,1,3,H1,-0.05155,-1.04092,119,0.29791,1
下游股价,輸送用機器,化学,1,3,H2,-0.1534,-2.0477,117,0.04059,1
下游股价,輸送用機器,化学,1,6,H1,-0.05615,-0.67744,119,0.49813,1
下游股价,輸送用機器,化学,1,6,H2,-0.15927,-2.21269,114,0.02692,1
下游股价,輸送用機器,化学,3,1,H1,-0.01681,-1.38053,119,0.16742,1
下游股价,輸送用機器,化学,3,1,H2,-0.04421,-1.59243,119,0.11129,1
下游股价,輸送用機器,化学,3,3,H1,-0.03631,-1.03101,119,0.30253,1
下游股价,輸送用機器,化学,3,3,H2,-0.08821,-1.65257,117,0.09842,1
下游股价,輸送用機器,化学,3,6,H1,-0.04948,-0.94593,119,0.34418,1
下游股价,輸送用機器,化学,3,6,H2,-0.08691,-1.06747,114,0.28576,1
下游股价,輸送用機器,化学,6,1,H1,-0.00733,-0.57666,119,0.56417,1
下游股价,輸送用機器,化学,6,1,H2,-0.02591,-1.4035,119,0.16047,1
下游股价,輸送用機器,化学,6,3,H1,-0.02132,-0.761,119,0.44666,1
下游股价,輸送用機器,化学,6,3,H2,-0.04774,-1.48416,117,0.13777,1
下游股价,輸送用機器,化学,6,6,H1,-0.03776,-0.99606,119,0.31922,1
下游股价,輸送用機器,化学,6,6,H2,-0.03516,-0.55645,114,0.5779,1
下游股价,電気機器,化学,1,1,H1,-0.02741,-0.49508,119,0.62055,1
下游股价,電気機器,化学,1,1,H2,0.06054,1.34856,119,0.17748,1
下游股价,電気機器,化学,1,3,H1,0.00106,0.01379,119,0.989,1
下游股价,電気機器,化学,1,3,H2,-0.01612,-0.26103,117,0.79407,1
下游股价,電気機器,化学,1,6,H1,0.17706,1.46329,119,0.14339,1
下游股价,電気機器,化学,1,6,H2,0.08502,0.90301,114,0.36652,1
下游股价,電気機器,化学,3,1,H1,-0.00155,-0.06876,119,0.94518,1
下游股价,電気機器,化学,3,1,H2,-0.00935,-0.27905,119,0.78021,1
下游股价,電気機器,化学,3,3,H1,0.00964,0.15037,119,0.88047,1
下游股价,電気機器,化学,3,3,H2,0.03834,0.63193,117,0.52743,1
下游股价,電気機器,化学,3,6,H1,0.13385,1.53269,119,0.12535,1
下游股价,電気機器,化学,3,6,H2,0.23398,2.1811,114,0.02918,1
下游股价,電気機器,化学,6,1,H1,0.0231,1.25006,119,0.21128,1
下游股价,電気機器,化学,6,1,H2,0.00958,0.37401,119,0.7084,1
下游股价,電気機器,化学,6,3,H1,0.06933,1.56703,119,0.11711,1
下游股价,電気機器,化学,6,3,H2,0.10858,2.09458,117,0.03621,1
下游股价,電気機器,化学,6,6,H1,0.15213,1.74776,119,0.08051,1
下游股价,電気機器,化学,6,6,H2,0.21148,2.50354,114,0.0123,1
下游股价,パルプ・紙,化学,1,1,H1,0.01858,0.94765,119,0.34331,1
下游股价,パルプ・紙,化学,1,1,H2,0.0082,0.25748,119,0.79681,1
下游股价,パルプ・紙,化学,1,3,H1,0.03866,1.09923,119,0.27167,1
下游股价,パルプ・紙,化学,1,3,H2,0.00791,0.17023,117,0.86483,1
下游股价,パルプ・紙,化学,1,6,H1,-0.01117,-0.18164,119,0.85586,1
下游股价,パルプ・紙,化学,1,6,H2,0.01463,0.24765,114,0.8044,1
下游股价,パルプ・紙,化学,3,1,H1,0.01368,1.04671,119,0.29523,1
下游股价,パルプ・紙,化学,3,1,H2,0.0036,0.19029,119,0.84908,1
下游股价,パルプ・紙,化学,3,3,H1,-0.00919,-0.26442,119,0.79146,1
下游股价,パルプ・紙,化学,3,3,H2,0.01035,0.27526,117,0.78312,1
下游股价,パルプ・紙,化学,3,6,H1,-0.03,-0.48186,119,0.6299,1
下游股价,パルプ・紙,化学,3,6,H2,-0.01442,-0.32811,114,0.74283,1
下游股价,パルプ・紙,化学,6,1,H1,-0.00195,-0.20665,119,0.83628,1
下游股价,パルプ・紙,化学,6,1,H2,0.00197,0.13799,119,0.89025,1
下游股价,パルプ・紙,化学,6,3,H1,-0.01257,-0.48602,119,0.62695,1
下游股价,パルプ・紙,化学,6,3,H2,0.00316,0.11111,117,0.91153,1
下游股价,パルプ・紙,化学,6,6,H1,0.00334,0.08849,119,0.92948,1
下游股价,パルプ・紙,化学,6,6,H2,0.00952,0.21132,114,0.83264,1
下游股价,食料品,化学,1,1,H1,0.05166,1.24389,119,0.21354,1
下游股价,食料品,化学,1,1,H2,-0.02382,-0.58894,119,0.5559,1
下游股价,食料品,化学,1,3,H1,0.05203,0.84934,119,0.39569,1
下游股价,食料品,化学,1,3,H2,0.08653,1.29937,117,0.19382,1
下游股价,食料品,化学,1,6,H1,-0.03639,-0.36455,119,0.71545,1
下游股价,食料品,化学,1,6,H2,-0.032,-0.41067,114,0.68131,1
下游股价,食料品,化学,3,1,H1,0.01397,0.80717,119,0.41957,1
下游股价,食料品,化学,3,1,H2,0.03696,1.4446,119,0.14857,1
下游股价,食料品,化学,3,3,H1,0.03285,0.68033,119,0.49629,1
下游股价,食料品,化学,3,3,H2,0.03762,0.70837,117,0.47872,1
下游股价,食料品,化学,3,6,H1,-0.01038,-0.15242,119,0.87886,1
下游股价,食料品,化学,3,6,H2,-0.10771,-1.24906,114,0.21164,1
下游股价,食料品,化学,6,1,H1,-0.00212,-0.16783,119,0.86671,1
下游股价,食料品,化学,6,1,H2,-0.01437,-0.70261,119,0.4823,1
下游股价,食料品,化学,6,3,H1,-0.0036,-0.11387,119,0.90934,1
下游股价,食料品,化学,6,3,H2,-0.05677,-1.32766,117,0.18429,1
下游股价,食料品,化学,6,6,H1,0.00143,0.03158,119,0.97481,1
下游股价,食料品,化学,6,6,H2,-0.1598,-1.98529,114,0.04711,1
下游股价,ゴム製品,医薬品,1,1,H1,-0.00926,-0.13162,119,0.89529,1
下游股价,ゴム製品,医薬品,1,1,H2,0.04593,0.53843,119,0.59028,1
下游股价,ゴム製品,医薬品,1,3,H1,0.26229,1.54939,119,0.12129,1
下游股价,ゴム製品,医薬品,1,3,H2,-0.01722,-0.13181,117,0.89514,1
下游股价,ゴム製品,医薬品,1,6,H1,0.31431,1.65543,119,0.09784,1
下游股价,ゴム製品,医薬品,1,6,H2,-0.15833,-1.04322,114,0.29685,1
下游股价,ゴム製品,医薬品,3,1,H1,0.1011,1.92221,119,0.05458,1
下游股价,ゴム製品,医薬品,3,1,H2,-0.00393,-0.07518,119,0.94007,1
下游股价,ゴム製品,医薬品,3,3,H1,0.25783,2.25303,119,0.02426,1
下游股价,ゴム製品,医薬品,3,3,H2,-0.02281,-0.22104,117,0.82506,1
下游股价,ゴム製品,医薬品,3,6,H1,0.20859,1.58089,119,0.1139,1
下游股价,ゴム製品,医薬品,3,6,H2,-0.20689,-1.33381,114,0.18227,1
下游股价,ゴム製品,医薬品,6,1,H1,0.05126,1.38724,119,0.16537,1
下游股价,ゴム製品,医薬品,6,1,H2,0.00946,0.28956,119,0.77216,1
下游股价,ゴム製品,医薬品,6,3,H1,0.10132,1.27919,119,0.20083,1
下游股价,ゴム製品,医薬品,6,3,H2,-0.03245,-0.42651,117,0.66974,1
下游股价,ゴム製品,医薬品,6,6,H1,-0.01164,-0.09906,119,0.92109,1
下游股价,ゴム製品,医薬品,6,6,H2,-0.17964,-1.0674,114,0.28579,1
下游股价,サービス業,医薬品,1,1,H1,0.38014,2.66216,119,0.00776,1
下游股价,サービス業,医薬品,1,1,H2,-0.13253,-1.18865,119,0.23458,1
下游股价,サービス業,医薬品,1,3,H1,0.4556,1.37825,119,0.16813,1
下游股价,サービス業,医薬品,1,3,H2,-0.02317,-0.12992,117,0.89663,1
下游股价,サービス業,医薬品,1,6,H1,0.08643,0.22745,119,0.82007,1
下游股价,サービス業,医薬品,1,6,H2,0.11715,0.3293,114,0.74193,1
下游股价,サービス業,医薬品,3,1,H1,0.11358,1.16532,119,0.24389,1
下游股价,サービス業,医薬品,3,1,H2,0.00655,0.10998,119,0.91242,1
下游股价,サービス業,医薬品,3,3,H1,0.16167,0.73766,119,0.46072,1
下游股价,サービス業,医薬品,3,3,H2,0.05814,0.35667,117,0.72134,1
下游股价,サービス業,医薬品,3,6,H1,-0.2592,-1.27193,119,0.2034,1
下游股价,サービス業,医薬品,3,6,H2,0.2768,1.01762,114,0.30886,1
下游股价,サービス業,医薬品,6,1,H1,-0.00196,-0.04427,119,0.96469,1
下游股价,サービス業,医薬品,6,1,H2,0.02399,0.52156,119,0.60197,1
下游股价,サービス業,医薬品,6,3,H1,-0.12935,-1.395,119,0.16302,1
下游股价,サービス業,医薬品,6,3,H2,0.14188,1.3268,117,0.18457,1
下游股价,サービス業,医薬品,6,6,H1,-0.4074,-2.25502,119,0.02413,1
下游股价,サービス業,医薬品,6,6,H2,0.44115,2.49788,114,0.01249,1
下游股价,水産・農林業,医薬品,1,1,H1,-0.04616,-0.53389,119,0.59342,1
下游股价,水産・農林業,医薬品,1,1,H2,-0.03258,-0.31618,119,0.75186,1
下游股价,水産・農林業,医薬品,1,3,H1,0.18094,1.32874,119,0.18393,1
下游股价,水産・農林業,医薬品,1,3,H2,-0.02391,-0.15092,117,0.88004,1
下游股价,水産・農林業,医薬品,1,6,H1,0.23335,0.95617,119,0.33898,1
下游股价,水産・農林業,医薬品,1,6,H2,-0.08937,-0.30807,114,0.75803,1
下游股价,水産・農林業,医薬品,3,1,H1,0.04137,1.12617,119,0.26009,1
下游股价,水産・農林業,医薬品,3,1,H2,0.0244,0.48837,119,0.62529,1
下游股价,水産・農林業,医薬品,3,3,H1,0.14939,1.65262,119,0.09841,1
下游股价,水産・農林業,医薬品,3,3,H2,0.06435,0.48709,117,0.62619,1
下游股价,水産・農林業,医薬品,3,6,H1,0.17072,0.95716,119,0.33849,1
下游股价,水産・農林業,医薬品,3,6,H2,-0.11657,-0.40257,114,0.68726,1
下游股价,水産・農林業,医薬品,6,1,H1,0.03143,0.91908,119,0.35805,1
下游股价,水産・農林業,医薬品,6,1,H2,0.00537,0.09914,119,0.92103,1
下游股价,水産・農林業,医薬品,6,3,H1,0.07727,0.87207,119,0.38317,1
下游股价,水産・農林業,医薬品,6,3,H2,-0.07009,-0.45532,117,0.64888,1
下游股价,水産・農林業,医薬品,6,6,H1,0.10429,0.70479,119,0.48094,1
下游股价,水産・農林業,医薬品,6,6,H2,-0.165,-0.64852,114,0.51665,1
下游股价,輸送用機器,医薬品,1,1,H1,-0.17221,-1.8581,119,0.06315,1
下游股价,輸送用機器,医薬品,1,1,H2,0.2127,2.11291,119,0.03461,1
下游股价,輸送用機器,医薬品,1,3,H1,-0.19354,-1.1297,119,0.2586,1
下游股价,輸送用機器,医薬品,1,3,H2,0.16563,1.11958,117,0.26289,1
下游股价,輸送用機器,医薬品,1,6,H1,0.0228,0.14946,119,0.88119,1
下游股价,輸送用機器,医薬品,1,6,H2,0.08348,0.48084,114,0.63063,1
下游股价,輸送用機器,医薬品,3,1,H1,-0.04581,-0.99253,119,0.32094,1
下游股价,輸送用機器,医薬品,3,1,H2,0.05039,0.71334,119,0.47564,1
下游股价,輸送用機器,医薬品,3,3,H1,0.01369,0.13489,119,0.8927,1
下游股价,輸送用機器,医薬品,3,3,H2,0.04408,0.33245,117,0.73955,1
下游股价,輸送用機器,医薬品,3,6,H1,0.18703,1.68178,119,0.09261,1
下游股价,輸送用機器,医薬品,3,6,H2,-0.06428,-0.3035,114,0.76151,1
下游股价,輸送用機器,医薬品,6,1,H1,0.00967,0.26401,119,0.79177,1
下游股价,輸送用機器,医薬品,6,1,H2,0.02951,0.73225,119,0.46402,1
下游股价,輸送用機器,医薬品,6,3,H1,0.08835,1.16002,119,0.24604,1
下游股价,輸送用機器,医薬品,6,3,H2,0.01717,0.16595,117,0.8682,1
下游股价,輸送用機器,医薬品,6,6,H1,0.12014,1.31629,119,0.18808,1
下游股价,輸送用機器,医薬品,6,6,H2,-0.14833,-0.60681,114,0.54398,1
下游股价,電気機器,医薬品,1,1,H1,-0.25557,-1.83672,119,0.06625,1
下游股价,電気機器,医薬品,1,1,H2,0.02965,0.25787,119,0.79651,1
下游股价,電気機器,医薬品,1,3,H1,-0.39836,-1.55051,119,0.12102,1
下游股价,電気機器,医薬品,1,3,H2,-0.08358,-0.53419,117,0.59321,1
下游股价,電気機器,医薬品,1,6,H1,-0.0693,-0.30104,119,0.76339,1
下游股价,電気機器,医薬品,1,6,H2,0.16994,0.6757,114,0.49923,1
下游股价,電気機器,医薬品,3,1,H1,-0.1089,-1.34256,119,0.17941,1
下游股价,電気機器,医薬品,3,1,H2,-0.05485,-0.77372,119,0.43909,1
下游股价,電気機器,医薬品,3,3,H1,-0.06664,-0.51661,119,0.60543,1
下游股价,電気機器,医薬品,3,3,H2,-0.06467,-0.40424,117,0.68604,1
下游股价,電気機器,医薬品,3,6,H1,0.26011,1.42642,119,0.15375,1
下游股价,電気機器,医薬品,3,6,H2,0.17123,0.63324,114,0.52658,1
下游股价,電気機器,医薬品,6,1,H1,0.00525,0.10223,119,0.91857,1
下游股价,電気機器,医薬品,6,1,H2,0.0093,0.16381,119,0.86988,1
下游股价,電気機器,医薬品,6,3,H1,0.12383,1.08348,119,0.2786,1
下游股价,電気機器,医薬品,6,3,H2,0.06674,0.46432,117,0.64242,1
下游股价,電気機器,医薬品,6,6,H1,0.16494,0.92005,119,0.35755,1
下游股价,電気機器,医薬品,6,6,H2,0.20627,0.81597,114,0.41451,1
下游股价,パルプ・紙,医薬品,1,1,H1,0.0128,0.22015,119,0.82575,1
下游股价,パルプ・紙,医薬品,1,1,H2,0.10751,1.27106,119,0.20371,1
下游股价,パルプ・紙,医薬品,1,3,H1,0.21699,1.80244,119,0.07148,1
下游股价,パルプ・紙,医薬品,1,3,H2,0.06609,0.45011,117,0.65263,1
下游股价,パルプ・紙,医薬品,1,6,H1,0.17472,0.93278,119,0.35093,1
下游股价,パルプ・紙,医薬品,1,6,H2,-0.09859,-0.48314,114,0.62899,1
下游股价,パルプ・紙,医薬品,3,1,H1,0.07175,1.93663,119,0.05279,1
下游股价,パルプ・紙,医薬品,3,1,H2,0.04359,0.76251,119,0.44576,1
下游股价,パルプ・紙,医薬品,3,3,H1,0.14434,1.31676,119,0.18792,1
下游股价,パルプ・紙,医薬品,3,3,H2,-0.00899,-0.07937,117,0.93674,1
下游股价,パルプ・紙,医薬品,3,6,H1,0.03776,0.25266,119,0.80053,1
下游股价,パルプ・紙,医薬品,3,6,H2,-0.09699,-0.57435,114,0.56573,1
下游股价,パルプ・紙,医薬品,6,1,H1,0.02552,0.84938,119,0.39567,1
下游股价,パルプ・紙,医薬品,6,1,H2,-0.02458,-0.55619,119,0.57808,1
下游股价,パルプ・紙,医薬品,6,3,H1,0.02116,0.28418,119,0.77628,1
下游股价,パルプ・紙,医薬品,6,3,H2,-0.08627,-0.88305,117,0.37721,1
下游股价,パルプ・紙,医薬品,6,6,H1,-0.00942,-0.12607,119,0.89967,1
下游股价,パルプ・紙,医薬品,6,6,H2,-0.04475,-0.27076,114,0.78657,1
下游股价,食料品,医薬品,1,1,H1,0.10361,0.96191,119,0.3361,1
下游股价,食料品,医薬品,1,1,H2,-0.15043,-1.45181,119,0.14655,1
下游股价,食料品,医薬品,1,3,H1,0.29052,1.16612,119,0.24356,1
下游股价,食料品,医薬品,1,3,H2,-0.14957,-0.99279,117,0.32081,1
下游股价,食料品,医薬品,1,6,H1,0.14338,0.43774,119,0.66157,1
下游股价,食料品,医薬品,1,6,H2,-0.29647,-1.64038,114,0.10093,1
下游股价,食料品,医薬品,3,1,H1,0.05514,0.85474,119,0.3927,1
下游股价,食料品,医薬品,3,1,H2,-0.04212,-0.76375,119,0.44501,1
下游股价,食料品,医薬品,3,3,H1,0.1098,0.69218,119,0.48882,1
下游股价,食料品,医薬品,3,3,H2,-0.15405,-1.3936,117,0.16344,1
下游股价,食料品,医薬品,3,6,H1,-0.10054,-0.57614,119,0.56452,1
下游股价,食料品,医薬品,3,6,H2,-0.31702,-1.6663,114,0.09565,1
下游股价,食料品,医薬品,6,1,H1,0.00863,0.18103,119,0.85634,1
下游股价,食料品,医薬品,6,1,H2,-0.09979,-2.34022,119,0.01927,1
下游股价,食料品,医薬品,6,3,H1,-0.03893,-0.36598,119,0.71438,1
下游股价,食料品,医薬品,6,3,H2,-0.26631,-2.42472,117,0.01532,1
下游股价,食料品,医薬品,6,6,H1,-0.07221,-0.61133,119,0.54098,1
下游股价,食料品,医薬品,6,6,H2,-0.29661,-1.56384,114,0.11785,1
下游股价,サービス業,卸売業,1,1,H1,0.09096,1.19614,119,0.23164,1
下游股价,サービス業,卸売業,1,1,H2,0.02733,0.59742,119,0.55023,1
下游股价,サービス業,卸売業,1,3,H1,0.07287,0.50952,119,0.61039,1
下游股价,サービス業,卸売業,1,3,H2,-0.03305,-0.4371,117,0.66204,1
下游股价,サービス業,卸売業,1,6,H1,-0.06389,-0.44489,119,0.6564,1
下游股价,サービス業,卸売業,1,6,H2,-0.04535,-0.46947,114,0.63873,1
下游股价,サービス業,卸売業,3,1,H1,0.02268,0.50066,119,0.61661,1
下游股价,サービス業,卸売業,3,1,H2,-0.00522,-0.22451,119,0.82236,1
下游股价,サービス業,卸売業,3,3,H1,0.03159,0.33904,119,0.73458,1
下游股价,サービス業,卸売業,3,3,H2,-0.01163,-0.21039,117,0.83336,1
下游股价,サービス業,卸売業,3,6,H1,-0.08155,-1.10649,119,0.26852,1
下游股价,サービス業,卸売業,3,6,H2,-0.02172,-0.27896,114,0.78028,1
下游股价,サービス業,卸売業,6,1,H1,-0.01098,-0.61702,119,0.53722,1
下游股价,サービス業,卸売業,6,1,H2,-0.00316,-0.20977,119,0.83385,1
下游股价,サービス業,卸売業,6,3,H1,-0.04608,-1.14449,119,0.25242,1
下游股价,サービス業,卸売業,6,3,H2,-0.01131,-0.33963,117,0.73413,1
下游股价,サービス業,卸売業,6,6,H1,-0.0738,-0.92752,119,0.35366,1
下游股价,サービス業,卸売業,6,6,H2,0.03016,0.48518,114,0.62755,1
下游股价,建設業,卸売業,1,1,H1,0.02477,0.52399,119,0.60028,1
下游股价,建設業,卸売業,1,1,H2,0.02775,0.48432,119,0.62816,1
下游股价,建設業,卸売業,1,3,H1,0.04386,0.46769,119,0.64001,1
下游股价,建設業,卸売業,1,3,H2,-0.07687,-1.00244,117,0.31613,1
下游股价,建設業,卸売業,1,6,H1,0.07585,0.72626,119,0.46768,1
下游股价,建設業,卸売業,1,6,H2,-0.15965,-1.31723,114,0.18776,1
下游股价,建設業,卸売業,3,1,H1,0.00962,0.30204,119,0.76262,1
下游股价,建設業,卸売業,3,1,H2,-0.01302,-0.45147,119,0.65165,1
下游股价,建設業,卸売業,3,3,H1,0.04939,0.8327,119,0.40501,1
下游股价,建設業,卸売業,3,3,H2,-0.05123,-0.77131,117,0.44052,1
下游股价,建設業,卸売業,3,6,H1,0.1113,1.51697,119,0.12928,1
下游股价,建設業,卸売業,3,6,H2,-0.1253,-1.02793,114,0.30398,1
下游股价,建設業,卸売業,6,1,H1,0.02315,1.21489,119,0.22441,1
下游股价,建設業,卸売業,6,1,H2,-0.02426,-1.18084,119,0.23767,1
下游股价,建設業,卸売業,6,3,H1,0.0554,1.26577,119,0.2056,1
下游股价,建設業,卸売業,6,3,H2,-0.06236,-1.11747,117,0.26379,1
下游股价,建設業,卸売業,6,6,H1,0.12937,2.0761,119,0.03788,1
下游股价,建設業,卸売業,6,6,H2,-0.16853,-1.90219,114,0.05715,1
下游股价,食料品,卸売業,1,1,H1,-0.01061,-0.23406,119,0.81494,1
下游股价,食料品,卸売業,1,1,H2,-0.05083,-1.26293,119,0.20662,1
下游股价,食料品,卸売業,1,3,H1,-0.02491,-0.35444,119,0.72301,1
下游股价,食料品,卸売業,1,3,H2,-0.0963,-1.66632,117,0.09565,1
下游股价,食料品,卸売業,1,6,H1,-0.09874,-0.86024,119,0.38966,1
下游股价,食料品,卸売業,1,6,H2,-0.03668,-0.48819,114,0.62542,1
下游股价,食料品,卸売業,3,1,H1,-0.00621,-0.27058,119,0.78671,1
下游股价,食料品,卸売業,3,1,H2,-0.04464,-1.86308,119,0.06245,1
下游股价,食料品,卸売業,3,3,H1,0.00753,0.13218,119,0.89484,1
下游股价,食料品,卸売業,3,3,H2,-0.04507,-0.83855,117,0.40172,1
下游股价,食料品,卸売業,3,6,H1,-0.05166,-0.58777,119,0.55668,1
下游股价,食料品,卸売業,3,6,H2,0.02013,0.3013,114,0.76319,1
下游股价,食料品,卸売業,6,1,H1,-0.01334,-0.64024,119,0.52201,1
下游股价,食料品,卸売業,6,1,H2,-0.01328,-0.71142,119,0.47682,1
下游股价,食料品,卸売業,6,3,H1,-0.03126,-0.65959,119,0.50951,1
下游股价,食料品,卸売業,6,3,H2,0.00371,0.09082,117,0.92763,1
下游股价,食料品,卸売業,6,6,H1,-0.06344,-1.3178,119,0.18757,1
下游股价,食料品,卸売業,6,6,H2,0.01508,0.21757,114,0.82777,1
下游股价,輸送用機器,卸売業,1,1,H1,-0.06043,-1.39327,119,0.16354,1
下游股价,輸送用機器,卸売業,1,1,H2,-0.01683,-0.37523,119,0.70749,1
下游股价,輸送用機器,卸売業,1,3,H1,-0.12987,-1.69059,119,0.09091,1
下游股价,輸送用機器,卸売業,1,3,H2,0.10802,1.87271,117,0.06111,1
下游股价,輸送用機器,卸売業,1,6,H1,-0.04402,-0.57468,119,0.56551,1
下游股价,輸送用機器,卸売業,1,6,H2,0.08303,1.28174,114,0.19993,1
下游股价,輸送用機器,卸売業,3,1,H1,-0.03664,-1.51377,119,0.13009,1
下游股价,輸送用機器,卸売業,3,1,H2,0.04243,1.76726,119,0.07718,1
下游股价,輸送用機器,卸売業,3,3,H1,-0.03398,-0.7737,119,0.43911,1
下游股价,輸送用機器,卸売業,3,3,H2,0.11131,2.64112,117,0.00826,1
下游股价,輸送用機器,卸売業,3,6,H1,0.01055,0.20875,119,0.83464,1
下游股价,輸送用機器,卸売業,3,6,H2,0.09323,1.90227,114,0.05714,1
下游股价,輸送用機器,卸売業,6,1,H1,-0.00289,-0.15,119,0.88076,1
下游股价,輸送用機器,卸売業,6,1,H2,0.01422,1.13039,119,0.25831,1
下游股价,輸送用機器,卸売業,6,3,H1,0.01501,0.41542,119,0.67783,1
下游股价,輸送用機器,卸売業,6,3,H2,0.05287,2.08057,117,0.03747,1
下游股价,輸送用機器,卸売業,6,6,H1,0.0147,0.51961,119,0.60334,1
下游股价,輸送用機器,卸売業,6,6,H2,0.05855,1.10643,114,0.26854,1
下游股价,電気機器,卸売業,1,1,H1,0.00771,0.12109,119,0.90362,1
下游股价,電気機器,卸売業,1,1,H2,0.01495,0.329,119,0.74216,1
下游股价,電気機器,卸売業,1,3,H1,0.03674,0.30804,119,0.75805,1
下游股价,電気機器,卸売業,1,3,H2,0.09657,1.75338,117,0.07954,1
下游股价,電気機器,卸売業,1,6,H1,0.21198,1.52646,119,0.12689,1
下游股价,電気機器,卸売業,1,6,H2,0.07711,0.86647,114,0.38623,1
下游股价,電気機器,卸売業,3,1,H1,0.00592,0.14319,119,0.88614,1
下游股价,電気機器,卸売業,3,1,H2,0.03089,1.03843,119,0.29907,1
下游股价,電気機器,卸売業,3,3,H1,0.0252,0.27583,119,0.78268,1
下游股价,電気機器,卸売業,3,3,H2,0.05705,1.00756,117,0.31367,1
下游股价,電気機器,卸売業,3,6,H1,0.1413,1.34749,119,0.17782,1
下游股价,電気機器,卸売業,3,6,H2,-0.02237,-0.20751,114,0.83561,1
下游股价,電気機器,卸売業,6,1,H1,0.03127,1.14862,119,0.25071,1
下游股价,電気機器,卸売業,6,1,H2,0.0171,0.97874,119,0.32771,1
下游股价,電気機器,卸売業,6,3,H1,0.08278,1.27962,119,0.20068,1
下游股价,電気機器,卸売業,6,3,H2,0.00128,0.02406,117,0.98081,1
下游股价,電気機器,卸売業,6,6,H1,0.11709,1.13374,119,0.2569,1
下游股价,電気機器,卸売業,6,6,H2,-0.02201,-0.22782,114,0.81979,1
下游股价,サービス業,小売業,1,1,H1,0.11387,1.01447,119,0.31036,1
下游股价,サービス業,小売業,1,1,H2,-0.04431,-0.55265,119,0.5805,1
下游股价,サービス業,小売業,1,3,H1,0.10547,0.53059,119,0.5957,1
下游股价,サービス業,小売業,1,3,H2,-0.01207,-0.09588,117,0.92361,1
下游股价,サービス業,小売業,1,6,H1,-0.25622,-0.89885,119,0.36873,1
下游股价,サービス業,小売業,1,6,H2,-0.06327,-0.40709,114,0.68394,1
下游股价,サービス業,小売業,3,1,H1,0.0452,0.80385,119,0.42148,1
下游股价,サービス業,小売業,3,1,H2,-0.00218,-0.05939,119,0.95264,1
下游股价,サービス業,小売業,3,3,H1,-0.02006,-0.14964,119,0.88105,1
下游股价,サービス業,小売業,3,3,H2,0.04649,0.55761,117,0.57711,1
下游股价,サービス業,小売業,3,6,H1,-0.39772,-2.07751,119,0.03775,1
下游股价,サービス業,小売業,3,6,H2,-0.00247,-0.01698,114,0.98645,1
下游股价,サービス業,小売業,6,1,H1,-0.02802,-0.69746,119,0.48552,1
下游股价,サービス業,小売業,6,1,H2,-0.01023,-0.40518,119,0.68534,1
下游股价,サービス業,小売業,6,3,H1,-0.19732,-1.83031,119,0.0672,1
下游股价,サービス業,小売業,6,3,H2,-0.00505,-0.08026,117,0.93603,1
下游股价,サービス業,小売業,6,6,H1,-0.43114,-2.38192,119,0.01722,1
下游股价,サービス業,小売業,6,6,H2,0.05726,0.59765,114,0.55008,1
下游股价,建設業,小売業,1,1,H1,-0.03333,-0.46801,119,0.63978,1
下游股价,建設業,小売業,1,1,H2,-0.07305,-0.72253,119,0.46997,1
下游股价,建設業,小売業,1,3,H1,0.00921,0.06798,119,0.9458,1
下游股价,建設業,小売業,1,3,H2,-0.25445,-1.7161,117,0.08614,1
下游股价,建設業,小売業,1,6,H1,0.07254,0.2924,119,0.76998,1
下游股价,建設業,小売業,1,6,H2,-0.40242,-1.47563,114,0.14004,1
下游股价,建設業,小売業,3,1,H1,0.01772,0.38252,119,0.70208,1
下游股价,建設業,小売業,3,1,H2,-0.0857,-1.68264,119,0.09245,1
下游股价,建設業,小売業,3,3,H1,0.03454,0.25513,119,0.79862,1
下游股价,建設業,小売業,3,3,H2,-0.22328,-1.60047,117,0.10949,1
下游股价,建設業,小売業,3,6,H1,0.1756,0.88514,119,0.37608,1
下游股价,建設業,小売業,3,6,H2,-0.19255,-0.66837,114,0.5039,1
下游股价,建設業,小売業,6,1,H1,0.03092,0.7177,119,0.47294,1
下游股价,建設業,小売業,6,1,H2,-0.06498,-1.5267,119,0.12684,1
下游股价,建設業,小売業,6,3,H1,0.11773,1.07408,119,0.28279,1
下游股价,建設業,小売業,6,3,H2,-0.10522,-0.82617,117,0.40871,1
下游股价,建設業,小売業,6,6,H1,0.25144,1.99148,119,0.04643,1
下游股价,建設業,小売業,6,6,H2,-0.17226,-0.73917,114,0.4598,1
下游股价,食料品,小売業,1,1,H1,0.09905,1.35595,119,0.17512,1
下游股价,食料品,小売業,1,1,H2,-0.07679,-1.20107,119,0.22972,1
下游股价,食料品,小売業,1,3,H1,0.21372,0.99282,119,0.3208,1
下游股价,食料品,小売業,1,3,H2,-0.11476,-1.11379,117,0.26537,1
下游股价,食料品,小売業,1,6,H1,-0.05362,-0.2244,119,0.82245,1
下游股价,食料品,小売業,1,6,H2,-0.1093,-0.78593,114,0.43191,1
下游股价,食料品,小売業,3,1,H1,0.04613,1.01212,119,0.31148,1
下游股价,食料品,小売業,3,1,H2,-0.04298,-1.02615,119,0.30482,1
下游股价,食料品,小売業,3,3,H1,0.02706,0.20009,119,0.84141,1
下游股价,食料品,小売業,3,3,H2,-0.03895,-0.39019,117,0.6964,1
下游股价,食料品,小売業,3,6,H1,-0.2003,-1.55513,119,0.11992,1
下游股价,食料品,小売業,3,6,H2,0.03182,0.22484,114,0.8221,1
下游股价,食料品,小売業,6,1,H1,-0.01611,-0.47049,119,0.63801,1
下游股价,食料品,小売業,6,1,H2,-0.027,-0.8428,119,0.39934,1
下游股价,食料品,小売業,6,3,H1,-0.09693,-1.17531,119,0.23987,1
下游股价,食料品,小売業,6,3,H2,0.0058,0.07506,117,0.94017,1
下游股价,食料品,小売業,6,6,H1,-0.16394,-1.61174,119,0.10702,1
下游股价,食料品,小売業,6,6,H2,0.05451,0.44201,114,0.65848,1
下游股价,輸送用機器,小売業,1,1,H1,-0.07435,-1.35833,119,0.17436,1
下游股价,輸送用機器,小売業,1,1,H2,0.07377,1.10116,119,0.27082,1
下游股价,輸送用機器,小売業,1,3,H1,-0.07891,-0.60459,119,0.54545,1
下游股价,輸送用機器,小売業,1,3,H2,-0.00258,-0.02996,117,0.9761,1
下游股价,輸送用機器,小売業,1,6,H1,0.1418,1.15864,119,0.2466,1
下游股价,輸送用機器,小売業,1,6,H2,0.06351,0.48666,114,0.6265,1
下游股价,輸送用機器,小売業,3,1,H1,-0.01179,-0.34881,119,0.72723,1
下游股价,輸送用機器,小売業,3,1,H2,-0.01298,-0.35584,119,0.72196,1
下游股价,輸送用機器,小売業,3,3,H1,0.05183,0.76921,119,0.44177,1
下游股价,輸送用機器,小売業,3,3,H2,-0.04245,-0.47591,117,0.63414,1
下游股价,輸送用機器,小売業,3,6,H1,0.20167,2.23578,119,0.02537,1
下游股价,輸送用機器,小売業,3,6,H2,-0.0053,-0.04483,114,0.96424,1
下游股价,輸送用機器,小売業,6,1,H1,0.02586,1.06174,119,0.28835,1
下游股价,輸送用機器,小売業,6,1,H2,0.00789,0.29888,119,0.76503,1
下游股价,輸送用機器,小売業,6,3,H1,0.09901,1.83325,119,0.06677,1
下游股价,輸送用機器,小売業,6,3,H2,-0.01157,-0.2052,117,0.83742,1
下游股价,輸送用機器,小売業,6,6,H1,0.11442,1.621,119,0.10502,1
下游股价,輸送用機器,小売業,6,6,H2,-0.05145,-0.82937,114,0.4069,1
下游股价,電気機器,小売業,1,1,H1,0.00649,0.06946,119,0.94463,1
下游股价,電気機器,小売業,1,1,H2,0.09512,1.35336,119,0.17594,1
下游股价,電気機器,小売業,1,3,H1,-0.03597,-0.20746,119,0.83565,1
下游股价,電気機器,小売業,1,3,H2,0.05358,0.54278,117,0.58728,1
下游股价,電気機器,小売業,1,6,H1,0.34975,2.15905,119,0.03085,1
下游股价,電気機器,小売業,1,6,H2,0.03323,0.29905,114,0.7649,1
下游股价,電気機器,小売業,3,1,H1,-0.01273,-0.25543,119,0.79839,1
下游股价,電気機器,小売業,3,1,H2,0.02608,0.69426,119,0.48752,1
下游股价,電気機器,小売業,3,3,H1,0.14082,1.58329,119,0.11335,1
下游股价,電気機器,小売業,3,3,H2,-0.06901,-0.88317,117,0.37714,1
下游股价,電気機器,小売業,3,6,H1,0.43233,3.28945,119,0.001,1
下游股价,電気機器,小売業,3,6,H2,-0.13153,-0.9306,114,0.35206,1
下游股价,電気機器,小売業,6,1,H1,0.05003,1.58041,119,0.11401,1
下游股价,電気機器,小売業,6,1,H2,0.01952,0.73734,119,0.46092,1
下游股价,電気機器,小売業,6,3,H1,0.22063,3.11883,119,0.00182,1
下游股价,電気機器,小売業,6,3,H2,-0.03882,-0.71986,117,0.47161,1
下游股价,電気機器,小売業,6,6,H1,0.28561,2.51723,119,0.01183,1
下游股价,電気機器,小売業,6,6,H2,0.02435,0.25814,114,0.7963,1
下游股价,不動産業,建設業,1,1,H1,0.04287,0.72523,119,0.46831,1
下游股价,不動産業,建設業,1,1,H2,-0.06495,-0.8026,119,0.42221,1
下游股价,不動産業,建設業,1,3,H1,-0.05859,-0.55999,119,0.57549,1
下游股价,不動産業,建設業,1,3,H2,0.03767,0.22897,117,0.81889,1
下游股价,不動産業,建設業,1,6,H1,-0.17917,-1.06289,119,0.28783,1
下游股价,不動産業,建設業,1,6,H2,-0.11264,-0.55141,114,0.58136,1
下游股价,不動産業,建設業,3,1,H1,-0.01841,-0.53368,119,0.59357,1
下游股价,不動産業,建設業,3,1,H2,0.0053,0.10107,119,0.9195,1
下游股价,不動産業,建設業,3,3,H1,-0.14123,-1.64811,119,0.09933,1
下游股价,不動産業,建設業,3,3,H2,0.01642,0.14121,117,0.88771,1
下游股价,不動産業,建設業,3,6,H1,-0.13437,-1.0205,119,0.30749,1
下游股价,不動産業,建設業,3,6,H2,0.09532,0.48652,114,0.6266,1
下游股价,不動産業,建設業,6,1,H1,-0.02441,-1.09805,119,0.27218,1
下游股价,不動産業,建設業,6,1,H2,0.0189,0.51912,119,0.60367,1
下游股价,不動産業,建設業,6,3,H1,-0.06031,-0.91918,119,0.358,1
下游股价,不動産業,建設業,6,3,H2,0.07552,0.79479,117,0.42674,1
下游股价,不動産業,建設業,6,6,H1,-0.06187,-0.55225,119,0.58078,1
下游股价,不動産業,建設業,6,6,H2,0.14417,1.04831,114,0.2945,1
下游股价,電気・ガス業,建設業,1,1,H1,0.07055,1.36297,119,0.17289,1
下游股价,電気・ガス業,建設業,1,1,H2,-0.01244,-0.20973,119,0.83388,1
下游股价,電気・ガス業,建設業,1,3,H1,0.16859,1.80644,119,0.07085,1
下游股价,電気・ガス業,建設業,1,3,H2,0.03656,0.35841,117,0.72004,1
下游股价,電気・ガス業,建設業,1,6,H1,0.26106,1.60064,119,0.10946,1
下游股价,電気・ガス業,建設業,1,6,H2,-0.10984,-0.9145,114,0.36046,1
下游股价,電気・ガス業,建設業,3,1,H1,0.04983,2.26236,119,0.02367,1
下游股价,電気・ガス業,建設業,3,1,H2,0.0074,0.23214,119,0.81643,1
下游股价,電気・ガス業,建設業,3,3,H1,0.1293,2.09674,119,0.03602,1
下游股价,電気・ガス業,建設業,3,3,H2,-0.01868,-0.26959,117,0.78747,1
下游股价,電気・ガス業,建設業,3,6,H1,0.15223,1.75061,119,0.08001,1
下游股价,電気・ガス業,建設業,3,6,H2,-0.09329,-0.998,114,0.31828,1
下游股价,電気・ガス業,建設業,6,1,H1,0.03239,2.07727,119,0.03778,1
下游股价,電気・ガス業,建設業,6,1,H2,-0.01492,-0.78227,119,0.43406,1
下游股价,電気・ガス業,建設業,6,3,H1,0.07088,1.59384,119,0.11097,1
下游股价,電気・ガス業,建設業,6,3,H2,-0.04099,-0.93811,117,0.34819,1
下游股价,電気・ガス業,建設業,6,6,H1,0.08255,1.1818,119,0.23728,1
下游股价,電気・ガス業,建設業,6,6,H2,-0.15478,-1.95614,114,0.05045,1
下游股价,情報・通信業,建設業,1,1,H1,0.1119,0.77304,119,0.4395,1
下游股价,情報・通信業,建設業,1,1,H2,-0.04003,-0.51607,119,0.6058,1
下游股价,情報・通信業,建設業,1,3,H1,0.5818,2.54822,119,0.01083,1
下游股价,情報・通信業,建設業,1,3,H2,0.02682,0.20487,117,0.83767,1
下游股价,情報・通信業,建設業,1,6,H1,0.47624,1.56444,119,0.11771,1
下游股价,情報・通信業,建設業,1,6,H2,0.04762,0.17348,114,0.86228,1
下游股价,情報・通信業,建設業,3,1,H1,0.15492,2.41886,119,0.01557,1
下游股价,情報・通信業,建設業,3,1,H2,0.02047,0.47039,119,0.63807,1
下游股价,情報・通信業,建設業,3,3,H1,0.41914,2.97024,119,0.00298,1
下游股价,情報・通信業,建設業,3,3,H2,0.05635,0.48613,117,0.62688,1
下游股价,情報・通信業,建設業,3,6,H1,0.38302,1.61602,119,0.10609,1
下游股价,情報・通信業,建設業,3,6,H2,0.037,0.21649,114,0.8286,1
下游股价,情報・通信業,建設業,6,1,H1,0.05141,1.22623,119,0.22011,1
下游股价,情報・通信業,建設業,6,1,H2,0.0166,0.48165,119,0.63006,1
下游股价,情報・通信業,建設業,6,3,H1,0.1845,1.61781,119,0.1057,1
下游股价,情報・通信業,建設業,6,3,H2,0.06624,0.71822,117,0.47262,1
下游股价,情報・通信業,建設業,6,6,H1,0.21043,0.90836,119,0.36369,1
下游股价,情報・通信業,建設業,6,6,H2,0.07112,0.47298,114,0.63623,1
下游股价,サービス業,建設業,1,1,H1,0.21447,1.59083,119,0.11165,1
下游股价,サービス業,建設業,1,1,H2,-0.03152,-0.32913,119,0.74206,1
下游股价,サービス業,建設業,1,3,H1,0.64428,3.26875,119,0.00108,1
下游股价,サービス業,建設業,1,3,H2,0.02406,0.15232,117,0.87894,1
下游股价,サービス業,建設業,1,6,H1,0.65763,1.92045,119,0.0548,1
下游股价,サービス業,建設業,1,6,H2,-0.02014,-0.08752,114,0.93025,1
下游股价,サービス業,建設業,3,1,H1,0.18194,3.15182,119,0.00162,1
下游股价,サービス業,建設業,3,1,H2,-0.00437,-0.08533,119,0.932,1
下游股价,サービス業,建設業,3,3,H1,0.30849,3.11094,119,0.00186,1
下游股价,サービス業,建設業,3,3,H2,0.03567,0.26872,117,0.78815,1
下游股价,サービス業,建設業,3,6,H1,0.56181,2.48755,119,0.01286,1
下游股价,サービス業,建設業,3,6,H2,0.02671,0.1894,114,0.84978,1
下游股价,サービス業,建設業,6,1,H1,0.08705,1.98501,119,0.04714,1
下游股价,サービス業,建設業,6,1,H2,0.00641,0.18553,119,0.85281,1
下游股价,サービス業,建設業,6,3,H1,0.26583,2.45826,119,0.01396,1
下游股价,サービス業,建設業,6,3,H2,0.05794,0.63831,117,0.52327,1
下游股价,サービス業,建設業,6,6,H1,0.33721,1.8404,119,0.06571,1
下游股价,サービス業,建設業,6,6,H2,0.07136,0.58409,114,0.55916,1
下游股价,サービス業,情報・通信業,1,1,H1,-0.00184,-0.0236,119,0.98117,1
下游股价,サービス業,情報・通信業,1,1,H2,0.08104,0.66103,119,0.50859,1
下游股价,サービス業,情報・通信業,1,3,H1,0.16533,1.09523,119,0.27341,1
下游股价,サービス業,情報・通信業,1,3,H2,0.10563,0.48885,117,0.62495,1
下游股价,サービス業,情報・通信業,1,6,H1,0.22868,0.96897,119,0.33256,1
下游股价,サービス業,情報・通信業,1,6,H2,0.12662,0.32739,114,0.74338,1
下游股价,サービス業,情報・通信業,3,1,H1,0.04281,1.04589,119,0.29561,1
下游股价,サービス業,情報・通信業,3,1,H2,0.05552,0.87762,119,0.38015,1
下游股价,サービス業,情報・通信業,3,3,H1,0.11582,1.1237,119,0.26114,1
下游股价,サービス業,情報・通信業,3,3,H2,0.0808,0.42793,117,0.6687,1
下游股价,サービス業,情報・通信業,3,6,H1,0.08285,0.47316,119,0.6361,1
下游股价,サービス業,情報・通信業,3,6,H2,0.14498,0.42423,114,0.6714,1
下游股价,サービス業,情報・通信業,6,1,H1,0.04004,1.08231,119,0.27912,1
下游股价,サービス業,情報・通信業,6,1,H2,0.01925,0.41548,119,0.67779,1
下游股价,サービス業,情報・通信業,6,3,H1,0.05701,0.62193,119,0.53398,1
下游股价,サービス業,情報・通信業,6,3,H2,0.05131,0.38457,117,0.70055,1
下游股价,サービス業,情報・通信業,6,6,H1,-0.01589,-0.11306,119,0.90998,1
下游股价,サービス業,情報・通信業,6,6,H2,0.19851,0.84118,114,0.40025,1
下游股价,卸売業,情報・通信業,1,1,H1,0.21128,1.60501,119,0.10849,1
下游股价,卸売業,情報・通信業,1,1,H2,0.06462,0.25382,119,0.79964,1
下游股价,卸売業,情報・通信業,1,3,H1,0.08652,0.34716,119,0.72847,1
下游股价,卸売業,情報・通信業,1,3,H2,-0.08451,-0.20336,117,0.83885,1
下游股价,卸売業,情報・通信業,1,6,H1,0.06386,0.19789,119,0.84313,1
下游股价,卸売業,情報・通信業,1,6,H2,-0.27455,-0.44694,114,0.65492,1
下游股价,卸売業,情報・通信業,3,1,H1,0.00932,0.14599,119,0.88393,1
下游股价,卸売業,情報・通信業,3,1,H2,0.0922,0.67241,119,0.50132,1
下游股价,卸売業,情報・通信業,3,3,H1,-0.00041,-0.00247,119,0.99803,1
下游股价,卸売業,情報・通信業,3,3,H2,0.03471,0.09872,117,0.92136,1
下游股价,卸売業,情報・通信業,3,6,H1,0.08208,0.3447,119,0.73032,1
下游股价,卸売業,情報・通信業,3,6,H2,-0.02603,-0.046,114,0.96331,1
下游股价,卸売業,情報・通信業,6,1,H1,0.01317,0.26227,119,0.79311,1
下游股价,卸売業,情報・通信業,6,1,H2,-0.0442,-0.4964,119,0.61961,1
下游股价,卸売業,情報・通信業,6,3,H1,0.05274,0.44453,119,0.65666,1
下游股价,卸売業,情報・通信業,6,3,H2,-0.07,-0.30844,117,0.75775,1
下游股价,卸売業,情報・通信業,6,6,H1,0.17027,0.87561,119,0.38124,1
下游股价,卸売業,情報・通信業,6,6,H2,-0.27148,-0.66253,114,0.50763,1
下游股价,小売業,情報・通信業,1,1,H1,-0.00922,-0.10802,119,0.91398,1
下游股价,小売業,情報・通信業,1,1,H2,0.30562,2.22708,119,0.02594,1
下游股价,小売業,情報・通信業,1,3,H1,0.26392,1.99782,119,0.04574,1
下游股价,小売業,情報・通信業,1,3,H2,0.50502,1.86402,117,0.06232,1
下游股价,小売業,情報・通信業,1,6,H1,0.25856,1.25509,119,0.20945,1
下游股价,小売業,情報・通信業,1,6,H2,0.84438,1.94337,114,0.05197,1
下游股价,小売業,情報・通信業,3,1,H1,0.05492,1.58839,119,0.1122,1
下游股价,小売業,情報・通信業,3,1,H2,0.28645,3.02609,119,0.00248,1
下游股价,小売業,情報・通信業,3,3,H1,0.14046,1.64438,119,0.1001,1
下游股价,小売業,情報・通信業,3,3,H2,0.66737,3.07985,117,0.00207,1
下游股价,小売業,情報・通信業,3,6,H1,0.0743,0.48026,119,0.63104,1
下游股价,小売業,情報・通信業,3,6,H2,0.78855,2.17745,114,0.02945,1
下游股价,小売業,情報・通信業,6,1,H1,0.0262,0.91082,119,0.36239,1
下游股价,小売業,情報・通信業,6,1,H2,0.17111,2.67261,119,0.00753,1
下游股价,小売業,情報・通信業,6,3,H1,0.04381,0.55281,119,0.58039,1
下游股价,小売業,情報・通信業,6,3,H2,0.34717,2.32305,117,0.02018,1
下游股价,小売業,情報・通信業,6,6,H1,0.01122,0.07479,119,0.94038,1
下游股价,小売業,情報・通信業,6,6,H2,0.31958,1.20126,114,0.22965,1
下游股价,サービス業,機械,1,1,H1,-0.19198,-1.69746,119,0.08961,1
下游股价,サービス業,機械,1,1,H2,0.00858,0.09037,119,0.92799,1
下游股价,サービス業,機械,1,3,H1,-0.34213,-1.90488,119,0.0568,1
下游股价,サービス業,機械,1,3,H2,0.01491,0.12057,117,0.90403,1
下游股价,サービス業,機械,1,6,H1,-0.02213,-0.09053,119,0.92787,1
下游股价,サービス業,機械,1,6,H2,-0.00704,-0.03656,114,0.97083,1
下游股价,サービス業,機械,3,1,H1,-0.10534,-1.88273,119,0.05974,1
下游股价,サービス業,機械,3,1,H2,-0.01285,-0.34956,119,0.72667,1
下游股价,サービス業,機械,3,3,H1,-0.12996,-1.13581,119,0.25604,1
下游股价,サービス業,機械,3,3,H2,-0.05913,-0.59597,117,0.5512,1
下游股价,サービス業,機械,3,6,H1,0.17057,0.96125,119,0.33642,1
下游股价,サービス業,機械,3,6,H2,-0.07919,-0.43211,114,0.66566,1
下游股价,サービス業,機械,6,1,H1,-0.00668,-0.19229,119,0.84752,1
下游股价,サービス業,機械,6,1,H2,-0.00514,-0.17977,119,0.85733,1
下游股价,サービス業,機械,6,3,H1,0.08616,0.88934,119,0.37382,1
下游股价,サービス業,機械,6,3,H2,-0.03583,-0.45623,117,0.64823,1
下游股价,サービス業,機械,6,6,H1,0.27741,1.48637,119,0.13718,1
下游股价,サービス業,機械,6,6,H2,-0.16287,-1.34038,114,0.18012,1
下游股价,建設業,機械,1,1,H1,-0.04172,-0.7243,119,0.46888,1
下游股价,建設業,機械,1,1,H2,0.02191,0.1994,119,0.84195,1
下游股价,建設業,機械,1,3,H1,-0.0873,-0.59215,119,0.55375,1
下游股价,建設業,機械,1,3,H2,0.1796,1.0615,117,0.28846,1
下游股价,建設業,機械,1,6,H1,-0.18881,-0.7868,119,0.4314,1
下游股价,建設業,機械,1,6,H2,0.40388,1.50896,114,0.13131,1
下游股价,建設業,機械,3,1,H1,-0.02937,-0.63837,119,0.52323,1
下游股价,建設業,機械,3,1,H2,0.07581,1.36844,119,0.17117,1
下游股价,建設業,機械,3,3,H1,-0.04154,-0.3167,119,0.75147,1
下游股价,建設業,機械,3,3,H2,0.21609,1.48066,117,0.1387,1
下游股价,建設業,機械,3,6,H1,-0.20602,-1.07839,119,0.28086,1
下游股价,建設業,機械,3,6,H2,0.27696,1.03833,114,0.29912,1
下游股价,建設業,機械,6,1,H1,-0.0489,-1.11139,119,0.2664,1
下游股价,建設業,機械,6,1,H2,0.07848,1.66221,119,0.09647,1
下游股价,建設業,機械,6,3,H1,-0.11537,-1.11907,119,0.26311,1
下游股价,建設業,機械,6,3,H2,0.16152,1.30665,117,0.19133,1
下游股价,建設業,機械,6,6,H1,-0.18788,-1.47117,119,0.14125,1
下游股价,建設業,機械,6,6,H2,0.32933,1.82712,114,0.06768,1
下游股价,輸送用機器,機械,1,1,H1,0.1224,2.12058,119,0.03396,1
下游股价,輸送用機器,機械,1,1,H2,-0.08583,-1.0782,119,0.28094,1
下游股价,輸送用機器,機械,1,3,H1,0.12149,1.00733,119,0.31378,1
下游股价,輸送用機器,機械,1,3,H2,-0.06914,-0.66018,117,0.50914,1
下游股价,輸送用機器,機械,1,6,H1,0.05215,0.36622,119,0.7142,1
下游股价,輸送用機器,機械,1,6,H2,-0.16378,-1.38731,114,0.16535,1
下游股价,輸送用機器,機械,3,1,H1,0.0315,1.02704,119,0.3044,1
下游股价,輸送用機器,機械,3,1,H2,-0.0015,-0.04439,119,0.9646,1
下游股价,輸送用機器,機械,3,3,H1,-0.02297,-0.33804,119,0.73533,1
下游股价,輸送用機器,機械,3,3,H2,-0.0244,-0.31794,117,0.75053,1
下游股价,輸送用機器,機械,3,6,H1,-0.04831,-0.45165,119,0.65152,1
下游股价,輸送用機器,機械,3,6,H2,-0.09409,-0.8498,114,0.39544,1
下游股价,輸送用機器,機械,6,1,H1,0.00393,0.15053,119,0.88035,1
下游股价,輸送用機器,機械,6,1,H2,-0.01004,-0.37966,119,0.7042,1
下游股价,輸送用機器,機械,6,3,H1,-0.02137,-0.34889,119,0.72717,1
下游股价,輸送用機器,機械,6,3,H2,-0.03968,-0.72412,117,0.46899,1
下游股价,輸送用機器,機械,6,6,H1,-0.0422,-0.49897,119,0.6178,1
下游股价,輸送用機器,機械,6,6,H2,-0.04399,-0.42038,114,0.67421,1
下游股价,電気機器,機械,1,1,H1,0.11873,1.0996,119,0.2715,1
下游股价,電気機器,機械,1,1,H2,-0.0322,-0.4544,119,0.64954,1
下游股价,電気機器,機械,1,3,H1,0.23961,1.38186,119,0.16702,1
下游股价,電気機器,機械,1,3,H2,-0.09415,-0.74316,117,0.45739,1
下游股价,電気機器,機械,1,6,H1,0.03582,0.19279,119,0.84712,1
下游股价,電気機器,機械,1,6,H2,-0.14588,-1.00678,114,0.31404,1
下游股价,電気機器,機械,3,1,H1,0.06842,1.34249,119,0.17944,1
下游股价,電気機器,機械,3,1,H2,-0.01874,-0.42391,119,0.67163,1
下游股价,電気機器,機械,3,3,H1,-0.03231,-0.42046,119,0.67415,1
下游股价,電気機器,機械,3,3,H2,-0.01206,-0.12788,117,0.89824,1
下游股价,電気機器,機械,3,6,H1,-0.18748,-1.45828,119,0.14476,1
下游股价,電気機器,機械,3,6,H2,-0.08008,-0.47721,114,0.63321,1
下游股价,電気機器,機械,6,1,H1,-0.00788,-0.26547,119,0.79065,1
下游股价,電気機器,機械,6,1,H2,-0.04205,-1.32678,119,0.18458,1
下游股价,電気機器,機械,6,3,H1,-0.0953,-1.3872,119,0.16538,1
下游股价,電気機器,機械,6,3,H2,-0.06835,-0.86551,117,0.38676,1
下游股价,電気機器,機械,6,6,H1,-0.15181,-1.27781,119,0.20132,1
下游股价,電気機器,機械,6,6,H2,-0.26267,-2.36093,114,0.01823,1
下游股价,食料品,水産・農林業,1,1,H1,0.19286,1.57423,119,0.11543,1
下游股价,食料品,水産・農林業,1,1,H2,-0.17203,-1.83295,119,0.06681,1
下游股价,食料品,水産・農林業,1,3,H1,0.19765,0.81729,119,0.41376,1
下游股价,食料品,水産・農林業,1,3,H2,-0.23447,-1.68463,117,0.09206,1
下游股价,食料品,水産・農林業,1,6,H1,0.20013,0.65129,119,0.51486,1
下游股价,食料品,水産・農林業,1,6,H2,-0.31113,-2.41717,114,0.01564,1
下游股价,食料品,水産・農林業,3,1,H1,0.0649,1.0176,119,0.30887,1
下游股价,食料品,水産・農林業,3,1,H2,-0.12335,-2.33187,119,0.01971,1
下游股价,食料品,水産・農林業,3,3,H1,0.1457,1.11557,119,0.26461,1
下游股价,食料品,水産・農林業,3,3,H2,-0.31386,-2.74641,117,0.00603,1
下游股价,食料品,水産・農林業,3,6,H1,-0.02215,-0.12673,119,0.89915,1
下游股价,食料品,水産・農林業,3,6,H2,-0.3141,-3.31174,114,0.00093,1
下游股价,食料品,水産・農林業,6,1,H1,0.02147,0.53005,119,0.59607,1
下游股价,食料品,水産・農林業,6,1,H2,-0.11682,-3.13333,119,0.00173,1
下游股价,食料品,水産・農林業,6,3,H1,-0.00673,-0.07489,119,0.9403,1
下游股价,食料品,水産・農林業,6,3,H2,-0.23321,-3.50748,117,0.00045,1
下游股价,食料品,水産・農林業,6,6,H1,-0.11704,-0.96799,119,0.33305,1
下游股价,食料品,水産・農林業,6,6,H2,-0.32257,-2.41414,114,0.01577,1
下游股价,サービス業,水産・農林業,1,1,H1,0.44535,3.17167,119,0.00152,1
下游股价,サービス業,水産・農林業,1,1,H2,-0.14892,-1.42737,119,0.15347,1
下游股价,サービス業,水産・農林業,1,3,H1,0.35615,1.20775,119,0.22715,1
下游股价,サービス業,水産・農林業,1,3,H2,-0.19231,-0.96333,117,0.33538,1
下游股价,サービス業,水産・農林業,1,6,H1,0.48413,1.06936,119,0.28491,1
下游股价,サービス業,水産・農林業,1,6,H2,-0.12198,-0.41891,114,0.67528,1
下游股价,サービス業,水産・農林業,3,1,H1,0.12249,1.39729,119,0.16233,1
下游股价,サービス業,水産・農林業,3,1,H2,-0.07531,-1.27939,119,0.20076,1
下游股价,サービス業,水産・農林業,3,3,H1,0.27427,1.27029,119,0.20398,1
下游股价,サービス業,水産・農林業,3,3,H2,-0.04156,-0.27847,117,0.78065,1
下游股价,サービス業,水産・農林業,3,6,H1,0.00198,0.00584,119,0.99534,1
下游股价,サービス業,水産・農林業,3,6,H2,-0.05604,-0.23138,114,0.81702,1
下游股价,サービス業,水産・農林業,6,1,H1,0.04926,0.67901,119,0.49713,1
下游股价,サービス業,水産・農林業,6,1,H2,-0.02802,-0.77993,119,0.43543,1
下游股价,サービス業,水産・農林業,6,3,H1,-0.01495,-0.08615,119,0.93135,1
下游股价,サービス業,水産・農林業,6,3,H2,-0.00692,-0.06276,117,0.94996,1
下游股价,サービス業,水産・農林業,6,6,H1,-0.2511,-1.03264,119,0.30177,1
下游股价,サービス業,水産・農林業,6,6,H2,0.14052,0.73262,114,0.46379,1
下游股价,建設業,海運業,1,1,H1,0.05399,0.3386,119,0.73491,1
下游股价,建設業,海運業,1,1,H2,0.56154,1.77485,119,0.07592,1
下游股价,建設業,海運業,1,3,H1,0.16068,0.60697,119,0.54387,1
下游股价,建設業,海運業,1,3,H2,-0.01567,-0.03636,117,0.97099,1
下游股价,建設業,海運業,1,6,H1,-0.40275,-0.8285,119,0.40739,1
下游股价,建設業,海運業,1,6,H2,-0.04259,-0.05485,114,0.95625,1
下游股价,建設業,海運業,3,1,H1,0.05395,0.62721,119,0.53052,1
下游股价,建設業,海運業,3,1,H2,-0.0858,-0.56267,119,0.57366,1
下游股价,建設業,海運業,3,3,H1,-0.05634,-0.24805,119,0.80409,1
下游股价,建設業,海運業,3,3,H2,-0.34989,-0.91793,117,0.35865,1
下游股价,建設業,海運業,3,6,H1,-0.59087,-1.72558,119,0.08442,1
下游股价,建設業,海運業,3,6,H2,-0.61312,-0.76501,114,0.44427,1
下游股价,建設業,海運業,6,1,H1,-0.07662,-1.0672,119,0.28588,1
下游股价,建設業,海運業,6,1,H2,-0.08042,-0.68298,119,0.49462,1
下游股价,建設業,海運業,6,3,H1,-0.3603,-1.98578,119,0.04706,1
下游股价,建設業,海運業,6,3,H2,-0.34289,-0.95918,117,0.33747,1
下游股价,建設業,海運業,6,6,H1,-0.91863,-3.80377,119,0.00014,1
下游股价,建設業,海運業,6,6,H2,-0.6274,-0.77761,114,0.4368,1
下游股价,サービス業,海運業,1,1,H1,-0.29738,-1.19808,119,0.23089,1
下游股价,サービス業,海運業,1,1,H2,-0.0564,-0.21189,119,0.8322,1
下游股价,サービス業,海運業,1,3,H1,-0.85575,-1.72339,119,0.08482,1
下游股价,サービス業,海運業,1,3,H2,-0.4302,-1.23264,117,0.21771,1
下游股价,サービス業,海運業,1,6,H1,-0.66263,-0.89322,119,0.37174,1
下游股价,サービス業,海運業,1,6,H2,-0.18866,-0.34638,114,0.72905,1
下游股价,サービス業,海運業,3,1,H1,-0.2575,-1.95083,119,0.05108,1
下游股价,サービス業,海運業,3,1,H2,-0.07618,-0.64193,119,0.52092,1
下游股价,サービス業,海運業,3,3,H1,-0.60191,-1.48748,119,0.13689,1
下游股价,サービス業,海運業,3,3,H2,0.00127,0.00491,117,0.99608,1
下游股价,サービス業,海運業,3,6,H1,-0.03346,-0.05521,119,0.95597,1
下游股价,サービス業,海運業,3,6,H2,0.02288,0.04691,114,0.96259,1
下游股价,サービス業,海運業,6,1,H1,-0.12667,-0.90376,119,0.36612,1
下游股价,サービス業,海運業,6,1,H2,-0.00501,-0.0747,119,0.94046,1
下游股价,サービス業,海運業,6,3,H1,-0.04978,-0.13356,119,0.89375,1
下游股价,サービス業,海運業,6,3,H2,0.03962,0.18328,117,0.85458,1
下游股价,サービス業,海運業,6,6,H1,0.20138,0.37751,119,0.7058,1
下游股价,サービス業,海運業,6,6,H2,0.07522,0.1601,114,0.87281,1
下游股价,卸売業,海運業,1,1,H1,-0.8236,-2.13771,119,0.03254,1
下游股价,卸売業,海運業,1,1,H2,0.28444,0.4834,119,0.62882,1
下游股价,卸売業,海運業,1,3,H1,-1.20305,-1.42547,119,0.15402,1
下游股价,卸売業,海運業,1,3,H2,-0.1452,-0.19172,117,0.84796,1
下游股价,卸売業,海運業,1,6,H1,-2.10867,-2.05554,119,0.03983,1
下游股价,卸売業,海運業,1,6,H2,-0.21473,-0.1734,114,0.86234,1
下游股价,卸売業,海運業,3,1,H1,-0.42102,-1.81269,119,0.06988,1
下游股价,卸売業,海運業,3,1,H2,-0.01354,-0.05082,119,0.95947,1
下游股价,卸売業,海運業,3,3,H1,-1.20489,-2.19126,119,0.02843,1
下游股价,卸売業,海運業,3,3,H2,-0.2301,-0.33324,117,0.73895,1
下游股价,卸売業,海運業,3,6,H1,-1.43463,-1.96909,119,0.04894,1
下游股价,卸売業,海運業,3,6,H2,-0.30828,-0.22554,114,0.82156,1
下游股价,卸売業,海運業,6,1,H1,-0.346,-2.74814,119,0.00599,1
下游股价,卸売業,海運業,6,1,H2,-0.14446,-0.7227,119,0.46987,1
下游股价,卸売業,海運業,6,3,H1,-0.72384,-2.63328,119,0.00846,1
下游股价,卸売業,海運業,6,3,H2,-0.27537,-0.47249,117,0.63658,1
下游股价,卸売業,海運業,6,6,H1,-1.1612,-2.20385,119,0.02753,1
下游股价,卸売業,海運業,6,6,H2,-0.56124,-0.47212,114,0.63684,1
下游股价,小売業,海運業,1,1,H1,-0.34178,-1.58263,119,0.11351,1
下游股价,小売業,海運業,1,1,H2,0.26564,0.98562,119,0.32432,1
下游股价,小売業,海運業,1,3,H1,-1.14221,-2.53344,119,0.01129,1
下游股价,小売業,海運業,1,3,H2,-0.49866,-1.31902,117,0.18716,1
下游股价,小売業,海運業,1,6,H1,-1.00454,-1.37865,119,0.168,1
下游股价,小売業,海運業,1,6,H2,-0.19582,-0.37072,114,0.71084,1
下游股价,小売業,海運業,3,1,H1,-0.21518,-1.72206,119,0.08506,1
下游股价,小売業,海運業,3,1,H2,-0.14534,-1.06647,119,0.28621,1
下游股价,小売業,海運業,3,3,H1,-0.45955,-1.45554,119,0.14552,1
下游股价,小売業,海運業,3,3,H2,-0.73915,-1.99855,117,0.04566,1
下游股价,小売業,海運業,3,6,H1,-0.30092,-0.53318,119,0.59391,1
下游股价,小売業,海運業,3,6,H2,-0.83594,-1.37619,114,0.16876,1
下游股价,小売業,海運業,6,1,H1,-0.08879,-0.98659,119,0.32384,1
下游股价,小売業,海運業,6,1,H2,-0.06527,-0.63442,119,0.52581,1
下游股价,小売業,海運業,6,3,H1,-0.14427,-0.54959,119,0.5826,1
下游股价,小売業,海運業,6,3,H2,-0.41678,-1.47866,117,0.13923,1
下游股价,小売業,海運業,6,6,H1,-0.28766,-0.63011,119,0.52862,1
下游股价,小売業,海運業,6,6,H2,-0.44581,-0.68502,114,0.49333,1
下游股价,食料品,海運業,1,1,H1,-0.16945,-1.02256,119,0.30652,1
下游股价,食料品,海運業,1,1,H2,0.16082,0.7865,119,0.43158,1
下游股价,食料品,海運業,1,3,H1,-0.42547,-1.02627,119,0.30476,1
下游股价,食料品,海運業,1,3,H2,-0.36613,-1.19176,117,0.23336,1
下游股价,食料品,海運業,1,6,H1,0.0672,0.13162,119,0.89529,1
下游股价,食料品,海運業,1,6,H2,-0.3451,-0.72041,114,0.47127,1
下游股价,食料品,海運業,3,1,H1,-0.0553,-0.56452,119,0.5724,1
下游股价,食料品,海運業,3,1,H2,-0.15044,-1.44463,119,0.14856,1
下游股价,食料品,海運業,3,3,H1,-0.1031,-0.41206,119,0.68029,1
下游股价,食料品,海運業,3,3,H2,-0.45048,-1.64934,117,0.09908,1
下游股价,食料品,海運業,3,6,H1,0.32229,1.01885,119,0.30828,1
下游股价,食料品,海運業,3,6,H2,-0.47484,-0.93424,114,0.35018,1
下游股价,食料品,海運業,6,1,H1,0.04321,0.86943,119,0.38461,1
下游股价,食料品,海運業,6,1,H2,-0.11629,-1.02184,119,0.30685,1
下游股价,食料品,海運業,6,3,H1,0.15886,1.12203,119,0.26185,1
下游股价,食料品,海運業,6,3,H2,-0.30932,-0.94377,117,0.34529,1
下游股价,食料品,海運業,6,6,H1,0.23812,1.01286,119,0.31113,1
下游股价,食料品,海運業,6,6,H2,-0.36335,-0.5489,114,0.58307,1
下游股价,情報・通信業,海運業,1,1,H1,-0.45789,-1.76842,119,0.07699,1
下游股价,情報・通信業,海運業,1,1,H2,-0.41888,-1.86099,119,0.06275,1
下游股价,情報・通信業,海運業,1,3,H1,-0.9318,-1.72361,119,0.08478,1
下游股价,情報・通信業,海運業,1,3,H2,-1.00368,-3.76011,117,0.00017,1
下游股价,情報・通信業,海運業,1,6,H1,0.05678,0.05777,119,0.95393,1
下游股价,情報・通信業,海運業,1,6,H2,-0.82862,-1.89093,114,0.05863,1
下游股价,情報・通信業,海運業,3,1,H1,-0.26216,-1.65374,119,0.09818,1
下游股价,情報・通信業,海運業,3,1,H2,-0.23145,-2.49887,119,0.01246,1
下游股价,情報・通信業,海運業,3,3,H1,-0.17045,-0.36709,119,0.71355,1
下游股价,情報・通信業,海運業,3,3,H2,-0.26449,-1.24493,117,0.21316,1
下游股价,情報・通信業,海運業,3,6,H1,0.33526,0.4573,119,0.64746,1
下游股价,情報・通信業,海運業,3,6,H2,-0.35595,-1.01711,114,0.3091,1
下游股价,情報・通信業,海運業,6,1,H1,0.00093,0.00644,119,0.99486,1
下游股价,情報・通信業,海運業,6,1,H2,-0.08254,-1.53579,119,0.12459,1
下游股价,情報・通信業,海運業,6,3,H1,0.19317,0.46465,119,0.64218,1
下游股价,情報・通信業,海運業,6,3,H2,-0.10783,-0.82765,117,0.40787,1
下游股价,情報・通信業,海運業,6,6,H1,0.13228,0.22882,119,0.81901,1
下游股价,情報・通信業,海運業,6,6,H2,-0.06488,-0.20847,114,0.83486,1
下游股价,電気・ガス業,石油・石炭製品,1,1,H1,0.01986,0.25263,119,0.80055,1
下游股价,電気・ガス業,石油・石炭製品,1,1,H2,0.09115,0.79384,119,0.42729,1
下游股价,電気・ガス業,石油・石炭製品,1,3,H1,0.28624,1.7299,119,0.08365,1
下游股价,電気・ガス業,石油・石炭製品,1,3,H2,-0.14048,-0.50736,117,0.6119,1
下游股价,電気・ガス業,石油・石炭製品,1,6,H1,0.53944,2.13208,119,0.033,1
下游股价,電気・ガス業,石油・石炭製品,1,6,H2,0.10903,0.25535,114,0.79845,1
下游股价,電気・ガス業,石油・石炭製品,3,1,H1,0.07205,1.58812,119,0.11226,1
下游股价,電気・ガス業,石油・石炭製品,3,1,H2,-0.03577,-0.50865,119,0.611,1
下游股价,電気・ガス業,石油・石炭製品,3,3,H1,0.28287,2.53313,119,0.0113,1
下游股价,電気・ガス業,石油・石炭製品,3,3,H2,0.0321,0.13133,117,0.89552,1
下游股价,電気・ガス業,石油・石炭製品,3,6,H1,0.45827,2.9949,119,0.00275,1
下游股价,電気・ガス業,石油・石炭製品,3,6,H2,-0.22631,-0.76089,114,0.44672,1
下游股价,電気・ガス業,石油・石炭製品,6,1,H1,0.06125,2.74213,119,0.0061,1
下游股价,電気・ガス業,石油・石炭製品,6,1,H2,0.01162,0.19592,119,0.84467,1
下游股价,電気・ガス業,石油・石炭製品,6,3,H1,0.20743,3.44916,119,0.00056,1
下游股价,電気・ガス業,石油・石炭製品,6,3,H2,-0.14709,-0.91496,117,0.36021,1
下游股价,電気・ガス業,石油・石炭製品,6,6,H1,0.28866,3.56558,119,0.00036,1
下游股价,電気・ガス業,石油・石炭製品,6,6,H2,-0.50513,-2.12981,114,0.03319,1
下游股价,建設業,石油・石炭製品,1,1,H1,0.01436,0.11378,119,0.90941,1
下游股价,建設業,石油・石炭製品,1,1,H2,0.25885,1.16275,119,0.24493,1
下游股价,建設業,石油・石炭製品,1,3,H1,0.39237,1.50041,119,0.13351,1
下游股价,建設業,石油・石炭製品,1,3,H2,0.31458,0.76916,117,0.4418,1
下游股价,建設業,石油・石炭製品,1,6,H1,-0.0181,-0.0433,119,0.96546,1
下游股价,建設業,石油・石炭製品,1,6,H2,0.56302,1.0672,114,0.28588,1
下游股价,建設業,石油・石炭製品,3,1,H1,0.10074,1.21496,119,0.22438,1
下游股价,建設業,石油・石炭製品,3,1,H2,0.08672,0.87788,119,0.38001,1
下游股价,建設業,石油・石炭製品,3,3,H1,0.22125,0.89244,119,0.37216,1
下游股价,建設業,石油・石炭製品,3,3,H2,0.26631,0.70119,117,0.48319,1
下游股价,建設業,石油・石炭製品,3,6,H1,0.01829,0.05944,119,0.9526,1
下游股价,建設業,石油・石炭製品,3,6,H2,0.55495,0.918,114,0.35862,1
下游股价,建設業,石油・石炭製品,6,1,H1,-0.03927,-0.60662,119,0.5441,1
下游股价,建設業,石油・石炭製品,6,1,H2,0.09307,1.02513,119,0.3053,1
下游股价,建設業,石油・石炭製品,6,3,H1,-0.03083,-0.18799,119,0.85089,1
下游股价,建設業,石油・石炭製品,6,3,H2,0.25506,0.91016,117,0.36274,1
下游股价,建設業,石油・石炭製品,6,6,H1,-0.16723,-0.65741,119,0.51092,1
下游股价,建設業,石油・石炭製品,6,6,H2,0.39542,0.85137,114,0.39456,1
下游股价,化学,石油・石炭製品,1,1,H1,0.37266,1.14057,119,0.25405,1
下游股价,化学,石油・石炭製品,1,1,H2,0.48765,1.19995,119,0.23016,1
下游股价,化学,石油・石炭製品,1,3,H1,0.44514,0.68935,119,0.4906,1
下游股价,化学,石油・石炭製品,1,3,H2,0.82275,1.08417,117,0.27829,1
下游股价,化学,石油・石炭製品,1,6,H1,2.09816,2.64053,119,0.00828,1
下游股价,化学,石油・石炭製品,1,6,H2,-0.05402,-0.04401,114,0.9649,1
下游股价,化学,石油・石炭製品,3,1,H1,0.09046,0.43005,119,0.66716,1
下游股价,化学,石油・石炭製品,3,1,H2,0.23864,0.95324,119,0.34047,1
下游股价,化学,石油・石炭製品,3,3,H1,0.13554,0.28167,119,0.7782,1
下游股价,化学,石油・石炭製品,3,3,H2,0.3958,0.60663,117,0.5441,1
下游股价,化学,石油・石炭製品,3,6,H1,1.43242,2.23622,119,0.02534,1
下游股价,化学,石油・石炭製品,3,6,H2,0.03238,0.03278,114,0.97385,1
下游股价,化学,石油・石炭製品,6,1,H1,0.22456,1.71025,119,0.08722,1
下游股价,化学,石油・石炭製品,6,1,H2,0.16678,1.03501,119,0.30067,1
下游股价,化学,石油・石炭製品,6,3,H1,0.49828,1.59164,119,0.11147,1
下游股价,化学,石油・石炭製品,6,3,H2,0.11684,0.23054,117,0.81767,1
下游股价,化学,石油・石炭製品,6,6,H1,0.95309,2.46027,119,0.01388,1
下游股价,化学,石油・石炭製品,6,6,H2,-0.16031,-0.19488,114,0.84549,1
下游股价,医薬品,石油・石炭製品,1,1,H1,-0.18779,-1.38073,119,0.16736,1
下游股价,医薬品,石油・石炭製品,1,1,H2,0.09988,0.84031,119,0.40073,1
下游股价,医薬品,石油・石炭製品,1,3,H1,0.00275,0.00884,119,0.99295,1
下游股价,医薬品,石油・石炭製品,1,3,H2,-0.57228,-1.95229,117,0.0509,1
下游股价,医薬品,石油・石炭製品,1,6,H1,0.42727,0.8414,119,0.40012,1
下游股价,医薬品,石油・石炭製品,1,6,H2,-0.76274,-1.71308,114,0.0867,1
下游股价,医薬品,石油・石炭製品,3,1,H1,-0.00569,-0.06131,119,0.95111,1
下游股价,医薬品,石油・石炭製品,3,1,H2,-0.17903,-2.24401,119,0.02483,1
下游股价,医薬品,石油・石炭製品,3,3,H1,0.3258,1.50617,119,0.13202,1
下游股价,医薬品,石油・石炭製品,3,3,H2,-0.68635,-2.55952,117,0.01048,1
下游股价,医薬品,石油・石炭製品,3,6,H1,0.52964,1.82063,119,0.06866,1
下游股价,医薬品,石油・石炭製品,3,6,H2,-1.19539,-3.45242,114,0.00056,1
下游股价,医薬品,石油・石炭製品,6,1,H1,0.05525,0.96158,119,0.33626,1
下游股价,医薬品,石油・石炭製品,6,1,H2,-0.12204,-2.20129,119,0.02772,1
下游股价,医薬品,石油・石炭製品,6,3,H1,0.28099,2.00314,119,0.04516,1
下游股价,医薬品,石油・石炭製品,6,3,H2,-0.50569,-3.46119,117,0.00054,1
下游股价,医薬品,石油・石炭製品,6,6,H1,0.27444,1.49097,119,0.13597,1
下游股价,医薬品,石油・石炭製品,6,6,H2,-0.89202,-3.73417,114,0.00019,1
下游股价,鉄鋼,石油・石炭製品,1,1,H1,0.08919,0.75589,119,0.44971,1
下游股价,鉄鋼,石油・石炭製品,1,1,H2,0.08258,0.54691,119,0.58444,1
下游股价,鉄鋼,石油・石炭製品,1,3,H1,0.18411,0.72121,119,0.47078,1
下游股价,鉄鋼,石油・石炭製品,1,3,H2,0.56364,1.62491,117,0.10418,1
下游股价,鉄鋼,石油・石炭製品,1,6,H1,0.01425,0.03677,119,0.97067,1
下游股价,鉄鋼,石油・石炭製品,1,6,H2,0.37366,0.80226,114,0.4224,1
下游股价,鉄鋼,石油・石炭製品,3,1,H1,0.03774,0.50627,119,0.61267,1
下游股价,鉄鋼,石油・石炭製品,3,1,H2,0.16737,1.64337,119,0.10031,1
下游股价,鉄鋼,石油・石炭製品,3,3,H1,-0.01545,-0.07474,119,0.94042,1
下游股价,鉄鋼,石油・石炭製品,3,3,H2,0.27647,1.20241,117,0.2292,1
下游股价,鉄鋼,石油・石炭製品,3,6,H1,-0.18971,-0.63614,119,0.52469,1
下游股价,鉄鋼,石油・石炭製品,3,6,H2,0.27667,0.81892,114,0.41283,1
下游股价,鉄鋼,石油・石炭製品,6,1,H1,-0.01532,-0.25799,119,0.79641,1
下游股价,鉄鋼,石油・石炭製品,6,1,H2,0.08132,1.33726,119,0.18114,1
下游股价,鉄鋼,石油・石炭製品,6,3,H1,-0.13148,-0.70484,119,0.48091,1
下游股价,鉄鋼,石油・石炭製品,6,3,H2,0.18066,1.07513,117,0.28232,1
下游股价,鉄鋼,石油・石炭製品,6,6,H1,-0.13021,-0.52486,119,0.59968,1
下游股价,鉄鋼,石油・石炭製品,6,6,H2,0.16924,0.44439,114,0.65676,1
下游股价,サービス業,石油・石炭製品,1,1,H1,-0.26507,-1.43807,119,0.15042,1
下游股价,サービス業,石油・石炭製品,1,1,H2,-0.19523,-1.1161,119,0.26438,1
下游股价,サービス業,石油・石炭製品,1,3,H1,-0.26842,-0.82811,119,0.40761,1
下游股价,サービス業,石油・石炭製品,1,3,H2,-0.20617,-0.57844,117,0.56297,1
下游股价,サービス業,石油・石炭製品,1,6,H1,-0.33792,-0.6859,119,0.49278,1
下游股价,サービス業,石油・石炭製品,1,6,H2,-0.02389,-0.05053,114,0.9597,1
下游股价,サービス業,石油・石炭製品,3,1,H1,-0.04568,-0.55892,119,0.57621,1
下游股价,サービス業,石油・石炭製品,3,1,H2,-0.055,-0.5556,119,0.57849,1
下游股价,サービス業,石油・石炭製品,3,3,H1,0.12178,0.54209,119,0.58776,1
下游股价,サービス業,石油・石炭製品,3,3,H2,0.07029,0.25048,117,0.80221,1
下游股价,サービス業,石油・石炭製品,3,6,H1,0.07294,0.17975,119,0.85735,1
下游股价,サービス業,石油・石炭製品,3,6,H2,0.20656,0.48382,114,0.62851,1
下游股价,サービス業,石油・石炭製品,6,1,H1,-0.03346,-0.54325,119,0.58696,1
下游股价,サービス業,石油・石炭製品,6,1,H2,-0.00547,-0.07352,119,0.94139,1
下游股价,サービス業,石油・石炭製品,6,3,H1,0.04737,0.25338,119,0.79997,1
下游股价,サービス業,石油・石炭製品,6,3,H2,0.12696,0.63745,117,0.52383,1
下游股价,サービス業,石油・石炭製品,6,6,H1,0.15135,0.51064,119,0.6096,1
下游股价,サービス業,石油・石炭製品,6,6,H2,0.14555,0.32874,114,0.74235,1
下游股价,サービス業,精密機器,1,1,H1,-0.03389,-0.32105,119,0.74817,1
下游股价,サービス業,精密機器,1,1,H2,-0.07039,-0.9469,119,0.34369,1
下游股价,サービス業,精密機器,1,3,H1,-0.07511,-0.3232,119,0.74655,1
下游股价,サービス業,精密機器,1,3,H2,-0.08461,-0.68536,117,0.49312,1
下游股价,サービス業,精密機器,1,6,H1,-0.24462,-0.9628,119,0.33565,1
下游股价,サービス業,精密機器,1,6,H2,-0.20262,-1.02448,114,0.30561,1
下游股价,サービス業,精密機器,3,1,H1,-0.0354,-0.59898,119,0.54918,1
下游股价,サービス業,精密機器,3,1,H2,-0.03501,-0.93235,119,0.35115,1
下游股价,サービス業,精密機器,3,3,H1,-0.03122,-0.26499,119,0.79102,1
下游股价,サービス業,精密機器,3,3,H2,-0.1626,-1.83565,117,0.06641,1
下游股价,サービス業,精密機器,3,6,H1,-0.11242,-0.80147,119,0.42286,1
下游股价,サービス業,精密機器,3,6,H2,-0.12347,-0.715,114,0.47461,1
下游股价,サービス業,精密機器,6,1,H1,-0.03292,-1.09822,119,0.27211,1
下游股价,サービス業,精密機器,6,1,H2,-0.02689,-1.00594,119,0.31445,1
下游股价,サービス業,精密機器,6,3,H1,-0.04094,-0.56006,119,0.57544,1
下游股价,サービス業,精密機器,6,3,H2,-0.062,-0.78825,117,0.43055,1
下游股价,サービス業,精密機器,6,6,H1,0.03445,0.25305,119,0.80023,1
下游股价,サービス業,精密機器,6,6,H2,-0.03464,-0.26159,114,0.79364,1
下游股价,機械,精密機器,1,1,H1,0.05251,0.48415,119,0.62828,1
下游股价,機械,精密機器,1,1,H2,0.08518,0.87196,119,0.38323,1
下游股价,機械,精密機器,1,3,H1,0.46237,1.88568,119,0.05934,1
下游股价,機械,精密機器,1,3,H2,-0.04316,-0.28146,117,0.77835,1
下游股价,機械,精密機器,1,6,H1,0.7275,3.39483,119,0.00069,1
下游股价,機械,精密機器,1,6,H2,-0.09294,-0.38326,114,0.70153,1
下游股价,機械,精密機器,3,1,H1,0.11475,1.87106,119,0.06134,1
下游股价,機械,精密機器,3,1,H2,-0.01706,-0.34514,119,0.72999,1
下游股价,機械,精密機器,3,3,H1,0.34717,2.46886,119,0.01355,1
下游股价,機械,精密機器,3,3,H2,-0.04815,-0.30745,117,0.7585,1
下游股价,機械,精密機器,3,6,H1,0.34372,2.52492,119,0.01157,1
下游股价,機械,精密機器,3,6,H2,0.03595,0.14332,114,0.88604,1
下游股价,機械,精密機器,6,1,H1,0.08854,2.44402,119,0.01452,1
下游股价,機械,精密機器,6,1,H2,-0.01902,-0.49928,119,0.61758,1
下游股价,機械,精密機器,6,3,H1,0.16574,1.71732,119,0.08592,1
下游股价,機械,精密機器,6,3,H2,0.03251,0.27866,117,0.78051,1
下游股价,機械,精密機器,6,6,H1,0.03181,0.25238,119,0.80075,1
下游股价,機械,精密機器,6,6,H2,0.14913,0.66793,114,0.50418,1
下游股价,卸売業,精密機器,1,1,H1,-0.04639,-0.23885,119,0.81123,1
下游股价,卸売業,精密機器,1,1,H2,-0.12787,-0.68711,119,0.49202,1
下游股价,卸売業,精密機器,1,3,H1,-0.00084,-0.00263,119,0.9979,1
下游股价,卸売業,精密機器,1,3,H2,-0.00115,-0.00363,117,0.9971,1
下游股价,卸売業,精密機器,1,6,H1,-0.18904,-0.51202,119,0.60864,1
下游股价,卸売業,精密機器,1,6,H2,0.20679,0.34747,114,0.72824,1
下游股价,卸売業,精密機器,3,1,H1,0.01846,0.18742,119,0.85133,1
下游股价,卸売業,精密機器,3,1,H2,-0.0293,-0.27583,119,0.78268,1
下游股价,卸売業,精密機器,3,3,H1,0.06543,0.34316,119,0.73148,1
下游股价,卸売業,精密機器,3,3,H2,0.16969,0.49003,117,0.62411,1
下游股价,卸売業,精密機器,3,6,H1,-0.06238,-0.27284,119,0.78497,1
下游股价,卸売業,精密機器,3,6,H2,0.29993,0.49825,114,0.61831,1
下游股价,卸売業,精密機器,6,1,H1,0.01135,0.28211,119,0.77786,1
下游股价,卸売業,精密機器,6,1,H2,0.03421,0.39092,119,0.69586,1
下游股价,卸売業,精密機器,6,3,H1,0.00574,0.05395,119,0.95698,1
下游股价,卸売業,精密機器,6,3,H2,0.12308,0.47226,117,0.63674,1
下游股价,卸売業,精密機器,6,6,H1,-0.08664,-0.70641,119,0.47993,1
下游股价,卸売業,精密機器,6,6,H2,0.13348,0.29244,114,0.76995,1
下游股价,小売業,精密機器,1,1,H1,-0.05904,-0.65216,119,0.5143,1
下游股价,小売業,精密機器,1,1,H2,-0.21293,-2.05879,119,0.03951,1
下游股价,小売業,精密機器,1,3,H1,-0.41978,-1.86779,119,0.06179,1
下游股价,小売業,精密機器,1,3,H2,-0.12485,-0.8047,117,0.42099,1
下游股价,小売業,精密機器,1,6,H1,-0.45833,-2.52151,119,0.01169,1
下游股价,小売業,精密機器,1,6,H2,-0.17696,-0.62677,114,0.53081,1
下游股价,小売業,精密機器,3,1,H1,-0.1053,-1.79877,119,0.07206,1
下游股价,小売業,精密機器,3,1,H2,-0.07588,-1.28373,119,0.19924,1
下游股价,小売業,精密機器,3,3,H1,-0.2196,-1.89882,119,0.05759,1
下游股价,小売業,精密機器,3,3,H2,-0.10852,-0.57774,117,0.56344,1
下游股价,小売業,精密機器,3,6,H1,-0.1273,-0.80128,119,0.42297,1
下游股价,小売業,精密機器,3,6,H2,-0.25543,-0.78583,114,0.43196,1
下游股价,小売業,精密機器,6,1,H1,-0.04495,-1.34226,119,0.17951,1
下游股价,小売業,精密機器,6,1,H2,-0.03819,-0.66842,119,0.50386,1
下游股价,小売業,精密機器,6,3,H1,-0.0543,-0.62844,119,0.52971,1
下游股价,小売業,精密機器,6,3,H2,-0.13022,-0.85861,117,0.39056,1
下游股价,小売業,精密機器,6,6,H1,0.06804,0.4654,119,0.64165,1
下游股价,小売業,精密機器,6,6,H2,-0.29225,-1.32561,114,0.18497,1
下游股价,サービス業,繊維製品,1,1,H1,-0.00495,-0.04839,119,0.9614,1
下游股价,サービス業,繊維製品,1,1,H2,0.13617,1.42736,119,0.15348,1
下游股价,サービス業,繊維製品,1,3,H1,-0.03314,-0.17464,119,0.86136,1
下游股价,サービス業,繊維製品,1,3,H2,0.03171,0.18939,117,0.84978,1
下游股价,サービス業,繊維製品,1,6,H1,-0.23011,-1.01209,119,0.3115,1
下游股价,サービス業,繊維製品,1,6,H2,0.25328,1.15351,114,0.2487,1
下游股价,サービス業,繊維製品,3,1,H1,-0.01517,-0.25258,119,0.80059,1
下游股价,サービス業,繊維製品,3,1,H2,0.01337,0.22296,119,0.82357,1
下游股价,サービス業,繊維製品,3,3,H1,-0.06263,-0.513,119,0.60795,1
下游股价,サービス業,繊維製品,3,3,H2,0.10842,1.04472,117,0.29615,1
下游股价,サービス業,繊維製品,3,6,H1,-0.21557,-1.65916,119,0.09708,1
下游股价,サービス業,繊維製品,3,6,H2,0.15773,1.08932,114,0.27601,1
下游股价,サービス業,繊維製品,6,1,H1,-0.0324,-0.93858,119,0.34794,1
下游股价,サービス業,繊維製品,6,1,H2,0.03,1.05287,119,0.2924,1
下游股价,サービス業,繊維製品,6,3,H1,-0.10436,-1.38792,119,0.16516,1
下游股价,サービス業,繊維製品,6,3,H2,0.06692,1.19774,117,0.23102,1
下游股价,サービス業,繊維製品,6,6,H1,-0.25202,-2.24133,119,0.025,1
下游股价,サービス業,繊維製品,6,6,H2,0.1026,0.88797,114,0.37456,1
下游股价,建設業,繊維製品,1,1,H1,0.04402,0.68197,119,0.49526,1
下游股价,建設業,繊維製品,1,1,H2,-0.13492,-1.30723,119,0.19113,1
下游股价,建設業,繊維製品,1,3,H1,-0.0799,-0.80173,119,0.42271,1
下游股价,建設業,繊維製品,1,3,H2,-0.01483,-0.08281,117,0.934,1
下游股价,建設業,繊維製品,1,6,H1,0.0762,0.62749,119,0.53034,1
下游股价,建設業,繊維製品,1,6,H2,-0.3092,-1.19833,114,0.23079,1
下游股价,建設業,繊維製品,3,1,H1,-0.02774,-0.67641,119,0.49878,1
下游股价,建設業,繊維製品,3,1,H2,-0.01101,-0.15459,119,0.87714,1
下游股价,建設業,繊維製品,3,3,H1,-0.0587,-0.72038,119,0.47129,1
下游股价,建設業,繊維製品,3,3,H2,-0.09219,-0.53681,117,0.5914,1
下游股价,建設業,繊維製品,3,6,H1,-0.01272,-0.10912,119,0.91311,1
下游股价,建設業,繊維製品,3,6,H2,-0.3031,-1.43751,114,0.15057,1
下游股价,建設業,繊維製品,6,1,H1,0.01337,0.55185,119,0.58105,1
下游股价,建設業,繊維製品,6,1,H2,-0.04452,-0.976,119,0.32906,1
下游股价,建設業,繊維製品,6,3,H1,0.00234,0.03629,119,0.97105,1
下游股价,建設業,繊維製品,6,3,H2,-0.13005,-1.48006,117,0.13886,1
下游股价,建設業,繊維製品,6,6,H1,0.03458,0.34509,119,0.73003,1
下游股价,建設業,繊維製品,6,6,H2,-0.29745,-2.75727,114,0.00583,1
下游股价,卸売業,繊維製品,1,1,H1,0.25557,1.74992,119,0.08013,1
下游股价,卸売業,繊維製品,1,1,H2,-0.13416,-0.63286,119,0.52682,1
下游股价,卸売業,繊維製品,1,3,H1,0.13925,0.54732,119,0.58416,1
下游股价,卸売業,繊維製品,1,3,H2,-0.04243,-0.1401,117,0.88858,1
下游股价,卸売業,繊維製品,1,6,H1,0.63984,1.65044,119,0.09885,1
下游股价,卸売業,繊維製品,1,6,H2,0.16989,0.31063,114,0.75608,1
下游股价,卸売業,繊維製品,3,1,H1,0.03746,0.43268,119,0.66525,1
下游股价,卸売業,繊維製品,3,1,H2,0.01736,0.14316,119,0.88617,1
下游股价,卸売業,繊維製品,3,3,H1,0.07794,0.42802,119,0.66864,1
下游股价,卸売業,繊維製品,3,3,H2,-0.09239,-0.30897,117,0.75734,1
下游股价,卸売業,繊維製品,3,6,H1,0.34731,1.24259,119,0.21402,1
下游股价,卸売業,繊維製品,3,6,H2,0.05194,0.10292,114,0.91803,1
下游股价,卸売業,繊維製品,6,1,H1,0.09635,2.39521,119,0.01661,1
下游股价,卸売業,繊維製品,6,1,H2,0.03471,0.39105,119,0.69576,1
下游股价,卸売業,繊維製品,6,3,H1,0.18138,1.72767,119,0.08405,1
下游股价,卸売業,繊維製品,6,3,H2,0.01006,0.04415,117,0.96478,1
下游股价,卸売業,繊維製品,6,6,H1,0.1416,0.69287,119,0.48839,1
下游股价,卸売業,繊維製品,6,6,H2,0.2505,0.6664,114,0.50515,1
下游股价,小売業,繊維製品,1,1,H1,0.06536,0.70947,119,0.47803,1
下游股价,小売業,繊維製品,1,1,H2,-0.11429,-0.98017,119,0.327,1
下游股价,小売業,繊維製品,1,3,H1,0.0762,0.50057,119,0.61667,1
下游股价,小売業,繊維製品,1,3,H2,-0.18518,-1.08538,117,0.27775,1
下游股价,小売業,繊維製品,1,6,H1,0.05994,0.34546,119,0.72975,1
下游股价,小売業,繊維製品,1,6,H2,-0.37213,-1.00575,114,0.31454,1
下游股价,小売業,繊維製品,3,1,H1,0.01431,0.30028,119,0.76396,1
下游股价,小売業,繊維製品,3,1,H2,-0.07464,-1.13643,119,0.25578,1
下游股价,小売業,繊維製品,3,3,H1,-0.03136,-0.45946,119,0.64591,1
下游股价,小売業,繊維製品,3,3,H2,-0.22604,-1.02128,117,0.30712,1
下游股价,小売業,繊維製品,3,6,H1,0.02488,0.22376,119,0.82294,1
下游股价,小売業,繊維製品,3,6,H2,-0.40687,-1.05848,114,0.28984,1
下游股价,小売業,繊維製品,6,1,H1,0.01096,0.4725,119,0.63657,1
下游股价,小売業,繊維製品,6,1,H2,-0.076,-1.15993,119,0.24608,1
下游股价,小売業,繊維製品,6,3,H1,0.0151,0.28314,119,0.77707,1
下游股价,小売業,繊維製品,6,3,H2,-0.18248,-0.98206,117,0.32607,1
下游股价,小売業,繊維製品,6,6,H1,0.04746,0.62228,119,0.53376,1
下游股价,小売業,繊維製品,6,6,H2,-0.25357,-0.95924,114,0.33744,1
下游股价,輸送用機器,繊維製品,1,1,H1,-0.0539,-0.84596,119,0.39758,1
下游股价,輸送用機器,繊維製品,1,1,H2,0.07891,0.87332,119,0.38249,1
下游股价,輸送用機器,繊維製品,1,3,H1,-0.00143,-0.01582,119,0.98737,1
下游股价,輸送用機器,繊維製品,1,3,H2,0.08198,0.69289,117,0.48838,1
下游股价,輸送用機器,繊維製品,1,6,H1,0.01499,0.15143,119,0.87964,1
下游股价,輸送用機器,繊維製品,1,6,H2,0.17161,0.71993,114,0.47157,1
下游股价,輸送用機器,繊維製品,3,1,H1,0.00991,0.34699,119,0.7286,1
下游股价,輸送用機器,繊維製品,3,1,H2,0.02969,0.59872,119,0.54936,1
下游股价,輸送用機器,繊維製品,3,3,H1,0.06967,1.47984,119,0.13891,1
下游股价,輸送用機器,繊維製品,3,3,H2,0.20429,1.44685,117,0.14794,1
下游股价,輸送用機器,繊維製品,3,6,H1,0.02664,0.37969,119,0.70418,1
下游股价,輸送用機器,繊維製品,3,6,H2,0.28629,0.90599,114,0.36494,1
下游股价,輸送用機器,繊維製品,6,1,H1,-0.00103,-0.06778,119,0.94596,1
下游股价,輸送用機器,繊維製品,6,1,H2,0.05447,1.0843,119,0.27823,1
下游股价,輸送用機器,繊維製品,6,3,H1,0.00981,0.2529,119,0.80035,1
下游股价,輸送用機器,繊維製品,6,3,H2,0.16929,1.13559,117,0.25613,1
下游股价,輸送用機器,繊維製品,6,6,H1,-0.00832,-0.15911,119,0.87358,1
下游股价,輸送用機器,繊維製品,6,6,H2,0.27179,0.96292,114,0.33559,1
下游股价,電気機器,繊維製品,1,1,H1,-0.06251,-0.61826,119,0.5364,1
下游股价,電気機器,繊維製品,1,1,H2,0.0262,0.36851,119,0.71249,1
下游股价,電気機器,繊維製品,1,3,H1,0.10576,0.66587,119,0.50549,1
下游股价,電気機器,繊維製品,1,3,H2,-0.01254,-0.14227,117,0.88687,1
下游股价,電気機器,繊維製品,1,6,H1,0.12915,0.6859,119,0.49277,1
下游股价,電気機器,繊維製品,1,6,H2,0.02858,0.1561,114,0.87596,1
下游股价,電気機器,繊維製品,3,1,H1,0.03604,0.66865,119,0.50372,1
下游股价,電気機器,繊維製品,3,1,H2,-0.00987,-0.21237,119,0.83182,1
下游股价,電気機器,繊維製品,3,3,H1,0.09748,1.30525,119,0.19181,1
下游股价,電気機器,繊維製品,3,3,H2,-0.06058,-0.51514,117,0.60646,1
下游股价,電気機器,繊維製品,3,6,H1,0.10389,0.75885,119,0.44794,1
下游股价,電気機器,繊維製品,3,6,H2,-0.04863,-0.23177,114,0.81672,1
下游股价,電気機器,繊維製品,6,1,H1,0.01113,0.39749,119,0.69101,1
下游股价,電気機器,繊維製品,6,1,H2,0.00347,0.12012,119,0.90439,1
下游股价,電気機器,繊維製品,6,3,H1,0.05194,0.67938,119,0.4969,1
下游股价,電気機器,繊維製品,6,3,H2,-0.02826,-0.29738,117,0.76618,1
下游股价,電気機器,繊維製品,6,6,H1,0.13754,0.91208,119,0.36173,1
下游股价,電気機器,繊維製品,6,6,H2,-0.14211,-0.77669,114,0.43734,1
下游股价,不動産業,証券、商品先物取引業,1,1,H1,0.17293,1.33707,119,0.1812,1
下游股价,不動産業,証券、商品先物取引業,1,1,H2,-0.02703,-0.30134,119,0.76316,1
下游股价,不動産業,証券、商品先物取引業,1,3,H1,0.24322,1.04076,119,0.29798,1
下游股价,不動産業,証券、商品先物取引業,1,3,H2,-0.21062,-1.11185,117,0.2662,1
下游股价,不動産業,証券、商品先物取引業,1,6,H1,0.37606,0.95418,119,0.33999,1
下游股价,不動産業,証券、商品先物取引業,1,6,H2,-0.13255,-0.63765,114,0.5237,1
下游股价,不動産業,証券、商品先物取引業,3,1,H1,0.08566,1.06456,119,0.28707,1
下游股价,不動産業,証券、商品先物取引業,3,1,H2,-0.10112,-1.58701,119,0.11251,1
下游股价,不動産業,証券、商品先物取引業,3,3,H1,0.14544,0.68935,119,0.4906,1
下游股价,不動産業,証券、商品先物取引業,3,3,H2,-0.17058,-1.08906,117,0.27613,1
下游股价,不動産業,証券、商品先物取引業,3,6,H1,0.42383,1.38865,119,0.16494,1
下游股价,不動産業,証券、商品先物取引業,3,6,H2,-0.34907,-1.46519,114,0.14287,1
下游股价,不動産業,証券、商品先物取引業,6,1,H1,0.06324,1.13985,119,0.25435,1
下游股价,不動産業,証券、商品先物取引業,6,1,H2,-0.062,-1.38881,119,0.16489,1
下游股价,不動産業,証券、商品先物取引業,6,3,H1,0.21827,1.7582,119,0.07871,1
下游股价,不動産業,証券、商品先物取引業,6,3,H2,-0.19738,-1.57506,117,0.11524,1
下游股价,不動産業,証券、商品先物取引業,6,6,H1,0.41645,1.98802,119,0.04681,1
下游股价,不動産業,証券、商品先物取引業,6,6,H2,-0.43649,-1.50893,114,0.13132,1
下游股价,サービス業,証券、商品先物取引業,1,1,H1,-0.42511,-1.63337,119,0.10239,1
下游股价,サービス業,証券、商品先物取引業,1,1,H2,-0.06195,-0.60941,119,0.54225,1
下游股价,サービス業,証券、商品先物取引業,1,3,H1,-0.72793,-1.81485,119,0.06955,1
下游股价,サービス業,証券、商品先物取引業,1,3,H2,-0.06488,-0.29548,117,0.76763,1
下游股价,サービス業,証券、商品先物取引業,1,6,H1,-0.64719,-1.37402,119,0.16943,1
下游股价,サービス業,証券、商品先物取引業,1,6,H2,0.02147,0.05888,114,0.95305,1
下游股价,サービス業,証券、商品先物取引業,3,1,H1,-0.20552,-1.57295,119,0.11573,1
下游股价,サービス業,証券、商品先物取引業,3,1,H2,-0.01673,-0.30035,119,0.76391,1
下游股价,サービス業,証券、商品先物取引業,3,3,H1,-0.64507,-2.07584,119,0.03791,1
下游股价,サービス業,証券、商品先物取引業,3,3,H2,0.04999,0.32593,117,0.74448,1
下游股价,サービス業,証券、商品先物取引業,3,6,H1,-0.06566,-0.1973,119,0.84359,1
下游股价,サービス業,証券、商品先物取引業,3,6,H2,-0.00957,-0.02849,114,0.97727,1
下游股价,サービス業,証券、商品先物取引業,6,1,H1,-0.1035,-1.34444,119,0.17881,1
下游股价,サービス業,証券、商品先物取引業,6,1,H2,-0.00657,-0.14397,119,0.88553,1
下游股价,サービス業,証券、商品先物取引業,6,3,H1,-0.06926,-0.39795,119,0.69067,1
下游股价,サービス業,証券、商品先物取引業,6,3,H2,-0.01673,-0.11835,117,0.90579,1
下游股价,サービス業,証券、商品先物取引業,6,6,H1,0.49548,1.57736,119,0.11471,1
下游股价,サービス業,証券、商品先物取引業,6,6,H2,-0.18572,-0.65263,114,0.51399,1
下游股价,卸売業,証券、商品先物取引業,1,1,H1,-0.67123,-1.71452,119,0.08643,1
下游股价,卸売業,証券、商品先物取引業,1,1,H2,0.01858,0.07436,119,0.94072,1
下游股价,卸売業,証券、商品先物取引業,1,3,H1,-1.01049,-1.13567,119,0.2561,1
下游股价,卸売業,証券、商品先物取引業,1,3,H2,-0.55154,-1.1088,117,0.26752,1
下游股价,卸売業,証券、商品先物取引業,1,6,H1,-0.7024,-0.57969,119,0.56213,1
下游股价,卸売業,証券、商品先物取引業,1,6,H2,0.03777,0.05846,114,0.95338,1
下游股价,卸売業,証券、商品先物取引業,3,1,H1,-0.27821,-1.08694,119,0.27706,1
下游股价,卸売業,証券、商品先物取引業,3,1,H2,-0.19201,-1.12527,119,0.26048,1
下游股价,卸売業,証券、商品先物取引業,3,3,H1,-0.65507,-1.06959,119,0.2848,1
下游股价,卸売業,証券、商品先物取引業,3,3,H2,-0.64645,-1.37496,117,0.16914,1
下游股价,卸売業,証券、商品先物取引業,3,6,H1,-0.19427,-0.24309,119,0.80794,1
下游股价,卸売業,証券、商品先物取引業,3,6,H2,0.09779,0.16254,114,0.87088,1
下游股价,卸売業,証券、商品先物取引業,6,1,H1,-0.08582,-0.55211,119,0.58087,1
下游股价,卸売業,証券、商品先物取引業,6,1,H2,-0.07689,-0.66825,119,0.50397,1
下游股价,卸売業,証券、商品先物取引業,6,3,H1,-0.12954,-0.38002,119,0.70393,1
下游股价,卸売業,証券、商品先物取引業,6,3,H2,-0.03977,-0.14649,117,0.88353,1
下游股价,卸売業,証券、商品先物取引業,6,6,H1,0.33,0.64126,119,0.52136,1
下游股价,卸売業,証券、商品先物取引業,6,6,H2,0.66449,1.35501,114,0.17542,1
下游股价,小売業,証券、商品先物取引業,1,1,H1,-0.0994,-0.42092,119,0.67381,1
下游股价,小売業,証券、商品先物取引業,1,1,H2,0.06136,0.57122,119,0.56785,1
下游股价,小売業,証券、商品先物取引業,1,3,H1,-0.79206,-1.84232,119,0.06543,1
下游股价,小売業,証券、商品先物取引業,1,3,H2,-0.06085,-0.26212,117,0.79323,1
下游股价,小売業,証券、商品先物取引業,1,6,H1,-0.0394,-0.07043,119,0.94385,1
下游股价,小売業,証券、商品先物取引業,1,6,H2,0.16472,0.44639,114,0.65532,1
下游股价,小売業,証券、商品先物取引業,3,1,H1,-0.18745,-2.06193,119,0.03921,1
下游股价,小売業,証券、商品先物取引業,3,1,H2,-0.02474,-0.30885,119,0.75744,1
下游股价,小売業,証券、商品先物取引業,3,3,H1,-0.57331,-2.29958,119,0.02147,1
下游股价,小売業,証券、商品先物取引業,3,3,H2,-0.20593,-0.83106,117,0.40594,1
下游股价,小売業,証券、商品先物取引業,3,6,H1,0.33006,0.88545,119,0.37591,1
下游股价,小売業,証券、商品先物取引業,3,6,H2,0.10101,0.30008,114,0.76412,1
下游股价,小売業,証券、商品先物取引業,6,1,H1,0.01298,0.19224,119,0.84756,1
下游股价,小売業,証券、商品先物取引業,6,1,H2,0.01612,0.2728,119,0.78501,1
下游股价,小売業,証券、商品先物取引業,6,3,H1,0.14472,0.79058,119,0.42919,1
下游股价,小売業,証券、商品先物取引業,6,3,H2,0.0348,0.23335,117,0.81549,1
下游股价,小売業,証券、商品先物取引業,6,6,H1,0.76082,2.82393,119,0.00474,1
下游股价,小売業,証券、商品先物取引業,6,6,H2,0.24545,0.76578,114,0.44381,1
下游股价,建設業,証券、商品先物取引業,1,1,H1,-0.14531,-0.72651,119,0.46753,1
下游股价,建設業,証券、商品先物取引業,1,1,H2,-0.01723,-0.18539,119,0.85293,1
下游股价,建設業,証券、商品先物取引業,1,3,H1,-0.1142,-0.43366,119,0.66454,1
下游股价,建設業,証券、商品先物取引業,1,3,H2,-0.14873,-0.67793,117,0.49782,1
下游股价,建設業,証券、商品先物取引業,1,6,H1,-0.14871,-0.56267,119,0.57366,1
下游股价,建設業,証券、商品先物取引業,1,6,H2,-0.09782,-0.21967,114,0.82613,1
下游股价,建設業,証券、商品先物取引業,3,1,H1,-0.01467,-0.16439,119,0.86942,1
下游股价,建設業,証券、商品先物取引業,3,1,H2,-0.07127,-1.01687,119,0.30922,1
下游股价,建設業,証券、商品先物取引業,3,3,H1,-0.06618,-0.40852,119,0.68289,1
下游股价,建設業,証券、商品先物取引業,3,3,H2,-0.21735,-0.97786,117,0.32814,1
下游股价,建設業,証券、商品先物取引業,3,6,H1,0.01991,0.12084,119,0.90382,1
下游股价,建設業,証券、商品先物取引業,3,6,H2,-0.04302,-0.09738,114,0.92243,1
下游股价,建設業,証券、商品先物取引業,6,1,H1,-0.01949,-0.34672,119,0.7288,1
下游股价,建設業,証券、商品先物取引業,6,1,H2,-0.04181,-0.6491,119,0.51628,1
下游股价,建設業,証券、商品先物取引業,6,3,H1,-0.01444,-0.10958,119,0.91274,1
下游股价,建設業,証券、商品先物取引業,6,3,H2,-0.05044,-0.25861,117,0.79594,1
下游股价,建設業,証券、商品先物取引業,6,6,H1,-0.09592,-0.42999,119,0.6672,1
下游股价,建設業,証券、商品先物取引業,6,6,H2,0.12281,0.3455,114,0.72972,1
下游股价,サービス業,輸送用機器,1,1,H1,-0.25987,-1.6045,119,0.1086,1
下游股价,サービス業,輸送用機器,1,1,H2,0.07976,0.76657,119,0.44334,1
下游股价,サービス業,輸送用機器,1,3,H1,-0.5482,-1.6018,119,0.1092,1
下游股价,サービス業,輸送用機器,1,3,H2,0.06743,0.4525,117,0.65091,1
下游股价,サービス業,輸送用機器,1,6,H1,-0.3429,-0.80071,119,0.4233,1
下游股价,サービス業,輸送用機器,1,6,H2,0.32215,1.40596,114,0.15974,1
下游股价,サービス業,輸送用機器,3,1,H1,-0.15611,-1.59594,119,0.1105,1
下游股价,サービス業,輸送用機器,3,1,H2,0.01191,0.24594,119,0.80572,1
下游股价,サービス業,輸送用機器,3,3,H1,-0.17105,-0.96091,119,0.3366,1
下游股价,サービス業,輸送用機器,3,3,H2,0.09616,0.86568,117,0.38667,1
下游股价,サービス業,輸送用機器,3,6,H1,-0.14807,-0.49901,119,0.61777,1
下游股价,サービス業,輸送用機器,3,6,H2,0.28252,1.54743,114,0.12176,1
下游股价,サービス業,輸送用機器,6,1,H1,-0.0459,-1.05469,119,0.29157,1
下游股价,サービス業,輸送用機器,6,1,H2,0.03019,0.97028,119,0.33191,1
下游股价,サービス業,輸送用機器,6,3,H1,-0.0768,-0.57897,119,0.56261,1
下游股价,サービス業,輸送用機器,6,3,H2,0.12942,1.68,117,0.09296,1
下游股价,サービス業,輸送用機器,6,6,H1,-0.08364,-0.30313,119,0.76179,1
下游股价,サービス業,輸送用機器,6,6,H2,0.14511,1.06351,114,0.28755,1
下游股价,建設業,金属製品,1,1,H1,0.11824,1.43162,119,0.15225,1
下游股价,建設業,金属製品,1,1,H2,-0.07383,-0.9217,119,0.35669,1
下游股价,建設業,金属製品,1,3,H1,0.15878,1.28679,119,0.19817,1
下游股价,建設業,金属製品,1,3,H2,-0.20589,-1.48927,117,0.13642,1
下游股价,建設業,金属製品,1,6,H1,0.21193,2.0523,119,0.04014,1
下游股价,建設業,金属製品,1,6,H2,-0.1497,-0.63457,114,0.52571,1
下游股价,建設業,金属製品,3,1,H1,0.05528,1.18999,119,0.23405,1
下游股价,建設業,金属製品,3,1,H2,-0.06767,-1.19527,119,0.23198,1
下游股价,建設業,金属製品,3,3,H1,0.15023,2.04467,119,0.04089,1
下游股价,建設業,金属製品,3,3,H2,-0.09863,-0.75484,117,0.45035,1
下游股价,建設業,金属製品,3,6,H1,0.00668,0.06161,119,0.95088,1
下游股价,建設業,金属製品,3,6,H2,-0.22468,-0.92485,114,0.35504,1
下游股价,建設業,金属製品,6,1,H1,0.03379,1.12374,119,0.26112,1
下游股价,建設業,金属製品,6,1,H2,-0.02606,-0.57728,119,0.56375,1
下游股价,建設業,金属製品,6,3,H1,-0.00055,-0.00836,119,0.99333,1
下游股价,建設業,金属製品,6,3,H2,-0.06014,-0.50203,117,0.61564,1
下游股价,建設業,金属製品,6,6,H1,-0.08326,-0.63475,119,0.52559,1
下游股价,建設業,金属製品,6,6,H2,-0.04009,-0.22352,114,0.82313,1
下游股价,電気機器,金属製品,1,1,H1,-0.13913,-1.39277,119,0.16369,1
下游股价,電気機器,金属製品,1,1,H2,-0.00426,-0.05251,119,0.95812,1
下游股价,電気機器,金属製品,1,3,H1,-0.20412,-1.14565,119,0.25194,1
下游股价,電気機器,金属製品,1,3,H2,0.04145,0.45784,117,0.64706,1
下游股价,電気機器,金属製品,1,6,H1,-0.26301,-1.23523,119,0.21675,1
下游股价,電気機器,金属製品,1,6,H2,0.082,0.52237,114,0.60141,1
下游股价,電気機器,金属製品,3,1,H1,-0.07068,-1.443,119,0.14902,1
下游股价,電気機器,金属製品,3,1,H2,0.05387,1.16047,119,0.24586,1
下游股价,電気機器,金属製品,3,3,H1,-0.21334,-1.73208,119,0.08326,1
下游股价,電気機器,金属製品,3,3,H2,0.05083,0.72837,117,0.46639,1
下游股价,電気機器,金属製品,3,6,H1,-0.16408,-1.26051,119,0.20749,1
下游股价,電気機器,金属製品,3,6,H2,0.23268,1.44668,114,0.14799,1
下游股价,電気機器,金属製品,6,1,H1,-0.04182,-1.26167,119,0.20707,1
下游股价,電気機器,金属製品,6,1,H2,0.00851,0.27485,119,0.78343,1
下游股价,電気機器,金属製品,6,3,H1,-0.08392,-1.19081,119,0.23373,1
下游股价,電気機器,金属製品,6,3,H2,0.09243,1.49065,117,0.13605,1
下游股价,電気機器,金属製品,6,6,H1,-0.11304,-1.13594,119,0.25598,1
下游股价,電気機器,金属製品,6,6,H2,0.159,1.30446,114,0.19208,1
下游股价,機械,金属製品,1,1,H1,-0.0302,-0.31982,119,0.7491,1
下游股价,機械,金属製品,1,1,H2,-0.01229,-0.1166,119,0.90717,1
下游股价,機械,金属製品,1,3,H1,-0.11031,-0.66986,119,0.50295,1
下游股价,機械,金属製品,1,3,H2,0.1414,1.19327,117,0.23276,1
下游股价,機械,金属製品,1,6,H1,-0.31803,-1.47723,119,0.13961,1
下游股价,機械,金属製品,1,6,H2,0.14827,0.75803,114,0.44843,1
下游股价,機械,金属製品,3,1,H1,-0.03294,-0.7732,119,0.4394,1
下游股价,機械,金属製品,3,1,H2,0.08181,1.75268,119,0.07966,1
下游股价,機械,金属製品,3,3,H1,-0.17749,-1.72481,119,0.08456,1
下游股价,機械,金属製品,3,3,H2,0.16893,1.92169,117,0.05465,1
下游股价,機械,金属製品,3,6,H1,-0.30666,-2.63274,119,0.00847,1
下游股价,機械,金属製品,3,6,H2,0.20582,1.24373,114,0.2136,1
下游股价,機械,金属製品,6,1,H1,-0.04235,-1.53202,119,0.12552,1
下游股价,機械,金属製品,6,1,H2,0.02803,0.98035,119,0.32691,1
下游股价,機械,金属製品,6,3,H1,-0.14861,-2.65443,119,0.00794,1
下游股价,機械,金属製品,6,3,H2,0.10535,1.54503,117,0.12234,1
下游股价,機械,金属製品,6,6,H1,-0.2201,-2.60723,119,0.00913,1
下游股价,機械,金属製品,6,6,H2,0.14397,0.99249,114,0.32096,1
下游股价,輸送用機器,鉄鋼,1,1,H1,0.02978,0.31557,119,0.75233,1
下游股价,輸送用機器,鉄鋼,1,1,H2,0.03408,0.30097,119,0.76344,1
下游股价,輸送用機器,鉄鋼,1,3,H1,0.21537,1.26463,119,0.206,1
下游股价,輸送用機器,鉄鋼,1,3,H2,0.29526,1.7003,117,0.08907,1
下游股价,輸送用機器,鉄鋼,1,6,H1,-0.26262,-1.17746,119,0.23901,1
下游股价,輸送用機器,鉄鋼,1,6,H2,0.14616,0.62957,114,0.52898,1
下游股价,輸送用機器,鉄鋼,3,1,H1,0.05313,0.96039,119,0.33686,1
下游股价,輸送用機器,鉄鋼,3,1,H2,0.12035,1.84254,119,0.0654,1
下游股价,輸送用機器,鉄鋼,3,3,H1,-0.03777,-0.43068,119,0.6667,1
下游股价,輸送用機器,鉄鋼,3,3,H2,0.30049,2.49874,117,0.01246,1
下游股价,輸送用機器,鉄鋼,3,6,H1,-0.23917,-1.4373,119,0.15063,1
下游股价,輸送用機器,鉄鋼,3,6,H2,0.14126,0.71833,114,0.47256,1
下游股价,輸送用機器,鉄鋼,6,1,H1,-0.0383,-1.26575,119,0.2056,1
下游股价,輸送用機器,鉄鋼,6,1,H2,0.04679,1.06605,119,0.2864,1
下游股价,輸送用機器,鉄鋼,6,3,H1,-0.12403,-1.40205,119,0.1609,1
下游股价,輸送用機器,鉄鋼,6,3,H2,0.08164,0.89924,117,0.36852,1
下游股价,輸送用機器,鉄鋼,6,6,H1,-0.12871,-0.91979,119,0.35768,1
下游股价,輸送用機器,鉄鋼,6,6,H2,0.03661,0.20863,114,0.83474,1
下游股价,金属製品,鉄鋼,1,1,H1,0.12046,0.80872,119,0.41867,1
下游股价,金属製品,鉄鋼,1,1,H2,-0.16479,-1.40523,119,0.15995,1
下游股价,金属製品,鉄鋼,1,3,H1,0.05702,0.25735,119,0.79691,1
下游股价,金属製品,鉄鋼,1,3,H2,0.30902,1.68155,117,0.09266,1
下游股价,金属製品,鉄鋼,1,6,H1,-0.41188,-1.30854,119,0.19069,1
下游股价,金属製品,鉄鋼,1,6,H2,0.17659,0.5879,114,0.5566,1
下游股价,金属製品,鉄鋼,3,1,H1,0.03311,0.38,119,0.70395,1
下游股价,金属製品,鉄鋼,3,1,H2,0.1298,2.00247,119,0.04523,1
下游股价,金属製品,鉄鋼,3,3,H1,-0.26646,-1.08152,119,0.27947,1
下游股价,金属製品,鉄鋼,3,3,H2,0.36028,2.32052,117,0.02031,1
下游股价,金属製品,鉄鋼,3,6,H1,-0.48079,-1.45138,119,0.14667,1
下游股价,金属製品,鉄鋼,3,6,H2,0.12018,0.43401,114,0.66428,1
下游股价,金属製品,鉄鋼,6,1,H1,-0.12354,-1.34345,119,0.17913,1
下游股价,金属製品,鉄鋼,6,1,H2,0.0491,1.01789,119,0.30873,1
下游股价,金属製品,鉄鋼,6,3,H1,-0.34811,-1.40514,119,0.15998,1
下游股价,金属製品,鉄鋼,6,3,H2,0.09099,0.73973,117,0.45946,1
下游股价,金属製品,鉄鋼,6,6,H1,-0.29781,-1.28073,119,0.20029,1
下游股价,金属製品,鉄鋼,6,6,H2,-0.12247,-0.51634,114,0.60561,1
下游股价,機械,鉄鋼,1,1,H1,0.21226,1.51981,119,0.12856,1
下游股价,機械,鉄鋼,1,1,H2,0.09034,0.74289,119,0.45755,1
下游股价,機械,鉄鋼,1,3,H1,0.32758,1.24066,119,0.21473,1
下游股价,機械,鉄鋼,1,3,H2,0.19452,0.9797,117,0.32723,1
下游股价,機械,鉄鋼,1,6,H1,-0.31568,-0.9862,119,0.32403,1
下游股价,機械,鉄鋼,1,6,H2,0.01444,0.05246,114,0.95816,1
下游股价,機械,鉄鋼,3,1,H1,0.06742,0.9065,119,0.36467,1
下游股价,機械,鉄鋼,3,1,H2,0.08719,1.26699,119,0.20516,1
下游股价,機械,鉄鋼,3,3,H1,-0.14646,-0.84307,119,0.39919,1
下游股价,機械,鉄鋼,3,3,H2,0.11999,0.72262,117,0.46991,1
下游股价,機械,鉄鋼,3,6,H1,-0.4238,-2.27416,119,0.02296,1
下游股价,機械,鉄鋼,3,6,H2,-0.04141,-0.16057,114,0.87243,1
下游股价,機械,鉄鋼,6,1,H1,-0.0588,-1.21249,119,0.22532,1
下游股价,機械,鉄鋼,6,1,H2,0.02094,0.4712,119,0.6375,1
下游股价,機械,鉄鋼,6,3,H1,-0.224,-2.05787,119,0.0396,1
下游股价,機械,鉄鋼,6,3,H2,-0.03207,-0.25283,117,0.8004,1
下游股价,機械,鉄鋼,6,6,H1,-0.22394,-1.46629,119,0.14257,1
下游股价,機械,鉄鋼,6,6,H2,-0.14402,-0.59423,114,0.55236,1
下游股价,建設業,鉄鋼,1,1,H1,0.02334,0.2064,119,0.83648,1
下游股价,建設業,鉄鋼,1,1,H2,0.16362,1.48415,119,0.13777,1
下游股价,建設業,鉄鋼,1,3,H1,-0.04827,-0.25768,119,0.79665,1
下游股价,建設業,鉄鋼,1,3,H2,0.08487,0.40369,117,0.68644,1
下游股价,建設業,鉄鋼,1,6,H1,-0.17008,-0.59781,119,0.54996,1
下游股价,建設業,鉄鋼,1,6,H2,-0.34639,-1.06869,114,0.28521,1
下游股价,建設業,鉄鋼,3,1,H1,-0.00808,-0.15292,119,0.87846,1
下游股价,建設業,鉄鋼,3,1,H2,0.00705,0.10177,119,0.91894,1
下游股价,建設業,鉄鋼,3,3,H1,-0.12133,-0.98875,119,0.32279,1
下游股价,建設業,鉄鋼,3,3,H2,-0.09381,-0.44541,117,0.65603,1
下游股价,建設業,鉄鋼,3,6,H1,-0.22768,-0.91308,119,0.3612,1
下游股价,建設業,鉄鋼,3,6,H2,-0.36242,-1.13004,114,0.25846,1
下游股价,建設業,鉄鋼,6,1,H1,-0.04999,-0.94069,119,0.34686,1
下游股价,建設業,鉄鋼,6,1,H2,-0.04898,-0.84528,119,0.39795,1
下游股价,建設業,鉄鋼,6,3,H1,-0.16288,-1.13814,119,0.25506,1
下游股价,建設業,鉄鋼,6,3,H2,-0.16068,-1.03389,117,0.30119,1
下游股价,建設業,鉄鋼,6,6,H1,-0.26538,-1.23473,119,0.21693,1
下游股价,建設業,鉄鋼,6,6,H2,-0.31077,-1.35078,114,0.17677,1
下游股价,電気機器,鉄鋼,1,1,H1,0.07324,0.50263,119,0.61523,1
下游股价,電気機器,鉄鋼,1,1,H2,-0.00961,-0.11271,119,0.91026,1
下游股价,電気機器,鉄鋼,1,3,H1,0.40021,1.69898,119,0.08932,1
下游股价,電気機器,鉄鋼,1,3,H2,0.21018,1.68121,117,0.09272,1
下游股价,電気機器,鉄鋼,1,6,H1,-0.25,-1.01739,119,0.30897,1
下游股价,電気機器,鉄鋼,1,6,H2,0.01472,0.06032,114,0.9519,1
下游股价,電気機器,鉄鋼,3,1,H1,0.10461,1.28389,119,0.19918,1
下游股价,電気機器,鉄鋼,3,1,H2,0.09812,1.97139,119,0.04868,1
下游股价,電気機器,鉄鋼,3,3,H1,0.02196,0.16253,119,0.87089,1
下游股价,電気機器,鉄鋼,3,3,H2,0.19264,1.28457,117,0.19894,1
下游股价,電気機器,鉄鋼,3,6,H1,-0.42094,-1.86414,119,0.0623,1
下游股价,電気機器,鉄鋼,3,6,H2,-0.17256,-0.60168,114,0.54739,1
下游股价,電気機器,鉄鋼,6,1,H1,-0.04048,-1.04288,119,0.297,1
下游股价,電気機器,鉄鋼,6,1,H2,0.01574,0.38434,119,0.70073,1
下游股价,電気機器,鉄鋼,6,3,H1,-0.21047,-1.72367,119,0.08477,1
下游股价,電気機器,鉄鋼,6,3,H2,-0.09047,-0.62328,117,0.5331,1
下游股价,電気機器,鉄鋼,6,6,H1,-0.27255,-1.41681,119,0.15654,1
下游股价,電気機器,鉄鋼,6,6,H2,-0.34934,-1.28343,114,0.19934,1
下游股价,石油・石炭製品,鉱業,1,1,H1,-0.00767,-0.07622,119,0.93924,1
下游股价,石油・石炭製品,鉱業,1,1,H2,0.0597,0.62985,119,0.52879,1
下游股价,石油・石炭製品,鉱業,1,3,H1,-0.03858,-0.25756,119,0.79675,1
下游股价,石油・石炭製品,鉱業,1,3,H2,-0.02676,-0.21378,117,0.83072,1
下游股价,石油・石炭製品,鉱業,1,6,H1,-0.06937,-0.34777,119,0.72801,1
下游股价,石油・石炭製品,鉱業,1,6,H2,-0.31491,-1.80521,114,0.07104,1
下游股价,石油・石炭製品,鉱業,3,1,H1,-0.00479,-0.10471,119,0.9166,1
下游股价,石油・石炭製品,鉱業,3,1,H2,-0.02094,-0.67987,119,0.49659,1
下游股价,石油・石炭製品,鉱業,3,3,H1,-0.01364,-0.13644,119,0.89148,1
下游股价,石油・石炭製品,鉱業,3,3,H2,-0.15468,-2.10283,117,0.03548,1
下游股价,石油・石炭製品,鉱業,3,6,H1,0.10573,0.72214,119,0.47021,1
下游股价,石油・石炭製品,鉱業,3,6,H2,-0.2175,-1.84107,114,0.06561,1
下游股价,石油・石炭製品,鉱業,6,1,H1,-0.00204,-0.05795,119,0.95379,1
下游股价,石油・石炭製品,鉱業,6,1,H2,-0.04426,-1.70079,119,0.08898,1
下游股价,石油・石炭製品,鉱業,6,3,H1,0.07368,0.97043,119,0.33183,1
下游股价,石油・石炭製品,鉱業,6,3,H2,-0.11576,-1.78715,117,0.07391,1
下游股价,石油・石炭製品,鉱業,6,6,H1,0.29504,2.53578,119,0.01122,1
下游股价,石油・石炭製品,鉱業,6,6,H2,-0.14413,-1.21,114,0.22628,1
下游股价,電気・ガス業,鉱業,1,1,H1,0.01871,0.19119,119,0.84837,1
下游股价,電気・ガス業,鉱業,1,1,H2,0.09125,0.684,119,0.49398,1
下游股价,電気・ガス業,鉱業,1,3,H1,0.14093,0.89015,119,0.37338,1
下游股价,電気・ガス業,鉱業,1,3,H2,-0.12076,-0.54464,117,0.586,1
下游股价,電気・ガス業,鉱業,1,6,H1,0.22488,1.35705,119,0.17477,1
下游股价,電気・ガス業,鉱業,1,6,H2,0.1408,0.41276,114,0.67978,1
下游股价,電気・ガス業,鉱業,3,1,H1,0.06096,1.25119,119,0.21087,1
下游股价,電気・ガス業,鉱業,3,1,H2,-0.06099,-1.09068,119,0.27542,1
下游股价,電気・ガス業,鉱業,3,3,H1,0.17977,2.03499,119,0.04185,1
下游股价,電気・ガス業,鉱業,3,3,H2,-0.04009,-0.25596,117,0.79798,1
下游股价,電気・ガス業,鉱業,3,6,H1,0.22201,2.02736,119,0.04263,1
下游股价,電気・ガス業,鉱業,3,6,H2,-0.00631,-0.02354,114,0.98122,1
下游股价,電気・ガス業,鉱業,6,1,H1,0.03549,1.38802,119,0.16513,1
下游股价,電気・ガス業,鉱業,6,1,H2,-0.0063,-0.14298,119,0.8863,1
下游股价,電気・ガス業,鉱業,6,3,H1,0.10018,2.10818,119,0.03502,1
下游股价,電気・ガス業,鉱業,6,3,H2,-0.0405,-0.31059,117,0.75612,1
下游股价,電気・ガス業,鉱業,6,6,H1,0.12146,1.7064,119,0.08793,1
下游股价,電気・ガス業,鉱業,6,6,H2,-0.08651,-0.50809,114,0.61139,1
下游股价,非鉄金属,鉱業,1,1,H1,0.01402,0.09475,119,0.92451,1
下游股价,非鉄金属,鉱業,1,1,H2,0.03603,0.25585,119,0.79807,1
下游股价,非鉄金属,鉱業,1,3,H1,-0.05851,-0.27257,119,0.78518,1
下游股价,非鉄金属,鉱業,1,3,H2,0.28911,1.10311,117,0.26998,1
下游股价,非鉄金属,鉱業,1,6,H1,-0.30351,-0.92728,119,0.35378,1
下游股价,非鉄金属,鉱業,1,6,H2,0.24831,0.40829,114,0.68306,1
下游股价,非鉄金属,鉱業,3,1,H1,-0.04872,-0.5666,119,0.57099,1
下游股价,非鉄金属,鉱業,3,1,H2,0.03693,0.38738,119,0.69848,1
下游股价,非鉄金属,鉱業,3,3,H1,-0.31469,-1.81561,119,0.06943,1
下游股价,非鉄金属,鉱業,3,3,H2,0.04362,0.1555,117,0.87643,1
下游股价,非鉄金属,鉱業,3,6,H1,-0.24194,-1.00171,119,0.31648,1
下游股价,非鉄金属,鉱業,3,6,H2,0.19348,0.52871,114,0.597,1
下游股价,非鉄金属,鉱業,6,1,H1,-0.06688,-1.16999,119,0.24201,1
下游股价,非鉄金属,鉱業,6,1,H2,0.00104,0.01672,119,0.98666,1
下游股价,非鉄金属,鉱業,6,3,H1,-0.11659,-0.9153,119,0.36004,1
下游股价,非鉄金属,鉱業,6,3,H2,0.03065,0.20503,117,0.83755,1
下游股价,非鉄金属,鉱業,6,6,H1,0.0859,0.54413,119,0.58635,1
下游股价,非鉄金属,鉱業,6,6,H2,0.03967,0.24299,114,0.80801,1
下游股价,鉄鋼,鉱業,1,1,H1,0.26305,1.98958,119,0.04664,1
下游股价,鉄鋼,鉱業,1,1,H2,0.12837,0.82148,119,0.41137,1
下游股价,鉄鋼,鉱業,1,3,H1,0.10606,0.55087,119,0.58172,1
下游股价,鉄鋼,鉱業,1,3,H2,0.39158,1.53179,117,0.12557,1
下游股价,鉄鋼,鉱業,1,6,H1,-0.04862,-0.19342,119,0.84663,1
下游股价,鉄鋼,鉱業,1,6,H2,0.25578,0.78886,114,0.43019,1
下游股价,鉄鋼,鉱業,3,1,H1,0.02163,0.3438,119,0.731,1
下游股价,鉄鋼,鉱業,3,1,H2,0.1186,1.68027,119,0.0929,1
下游股价,鉄鋼,鉱業,3,3,H1,-0.11818,-0.89315,119,0.37178,1
下游股价,鉄鋼,鉱業,3,3,H2,0.08118,0.51487,117,0.60665,1
下游股价,鉄鋼,鉱業,3,6,H1,-0.13842,-0.58967,119,0.55541,1
下游股价,鉄鋼,鉱業,3,6,H2,0.27665,1.21472,114,0.22447,1
下游股价,鉄鋼,鉱業,6,1,H1,-0.01637,-0.36824,119,0.71269,1
下游股价,鉄鋼,鉱業,6,1,H2,0.037,0.82345,119,0.41025,1
下游股价,鉄鋼,鉱業,6,3,H1,-0.08249,-0.55323,119,0.5801,1
下游股价,鉄鋼,鉱業,6,3,H2,0.15705,1.46813,117,0.14207,1
下游股价,鉄鋼,鉱業,6,6,H1,0.17298,0.84753,119,0.3967,1
下游股价,鉄鋼,鉱業,6,6,H2,0.31943,2.09056,114,0.03657,1
下游股价,不動産業,銀行業,1,1,H1,-0.08153,-1.05665,119,0.29067,1
下游股价,不動産業,銀行業,1,1,H2,-0.06501,-0.52263,119,0.60123,1
下游股价,不動産業,銀行業,1,3,H1,-0.13368,-1.03525,119,0.30055,1
下游股价,不動産業,銀行業,1,3,H2,0.05859,0.21786,117,0.82754,1
下游股价,不動産業,銀行業,1,6,H1,-0.22474,-1.20911,119,0.22662,1
下游股价,不動産業,銀行業,1,6,H2,0.41294,1.30278,114,0.19265,1
下游股价,不動産業,銀行業,3,1,H1,-0.02542,-0.61941,119,0.53564,1
下游股价,不動産業,銀行業,3,1,H2,0.00156,0.01783,119,0.98577,1
下游股价,不動産業,銀行業,3,3,H1,-0.09839,-1.15665,119,0.24741,1
下游股价,不動産業,銀行業,3,3,H2,0.21256,1.01132,117,0.31186,1
下游股价,不動産業,銀行業,3,6,H1,-0.14372,-1.02982,119,0.3031,1
下游股价,不動産業,銀行業,3,6,H2,0.46592,1.68714,114,0.09158,1
下游股价,不動産業,銀行業,6,1,H1,-0.03059,-1.29141,119,0.19656,1
下游股价,不動産業,銀行業,6,1,H2,0.0332,0.55604,119,0.57818,1
下游股价,不動産業,銀行業,6,3,H1,-0.07724,-1.34222,119,0.17953,1
下游股价,不動産業,銀行業,6,3,H2,0.21267,1.26036,117,0.20754,1
下游股价,不動産業,銀行業,6,6,H1,-0.11255,-1.10677,119,0.26839,1
下游股价,不動産業,銀行業,6,6,H2,0.47737,1.57556,114,0.11513,1
下游股价,サービス業,銀行業,1,1,H1,-0.02534,-0.15916,119,0.87354,1
下游股价,サービス業,銀行業,1,1,H2,-0.2003,-1.51249,119,0.13041,1
下游股价,サービス業,銀行業,1,3,H1,0.11388,0.45625,119,0.64821,1
下游股价,サービス業,銀行業,1,3,H2,-0.41837,-1.70425,117,0.08833,1
下游股价,サービス業,銀行業,1,6,H1,0.02829,0.07063,119,0.94369,1
下游股价,サービス業,銀行業,1,6,H2,-0.67955,-1.48161,114,0.13845,1
下游股价,サービス業,銀行業,3,1,H1,0.0534,0.65266,119,0.51397,1
下游股价,サービス業,銀行業,3,1,H2,-0.11724,-1.6125,119,0.10685,1
下游股价,サービス業,銀行業,3,3,H1,0.16627,0.90579,119,0.36504,1
下游股价,サービス業,銀行業,3,3,H2,-0.23958,-1.0362,117,0.30011,1
下游股价,サービス業,銀行業,3,6,H1,-0.03895,-0.13007,119,0.89651,1
下游股价,サービス業,銀行業,3,6,H2,-0.5306,-1.40768,114,0.15923,1
下游股价,サービス業,銀行業,6,1,H1,0.01155,0.23289,119,0.81585,1
下游股价,サービス業,銀行業,6,1,H2,-0.08708,-1.89616,119,0.05794,1
下游股价,サービス業,銀行業,6,3,H1,-0.02479,-0.19345,119,0.84661,1
下游股价,サービス業,銀行業,6,3,H2,-0.24844,-1.73062,117,0.08352,1
下游股价,サービス業,銀行業,6,6,H1,-0.16047,-0.76706,119,0.44304,1
下游股价,サービス業,銀行業,6,6,H2,-0.48708,-2.20517,114,0.02744,1
下游股价,卸売業,銀行業,1,1,H1,0.24237,0.91297,119,0.36126,1
下游股价,卸売業,銀行業,1,1,H2,0.23191,0.72582,119,0.46795,1
下游股价,卸売業,銀行業,1,3,H1,0.0309,0.08751,119,0.93026,1
下游股价,卸売業,銀行業,1,3,H2,-0.18691,-0.30823,117,0.75791,1
下游股价,卸売業,銀行業,1,6,H1,0.27238,0.48002,119,0.63121,1
下游股价,卸売業,銀行業,1,6,H2,-0.24331,-0.32282,114,0.74683,1
下游股价,卸売業,銀行業,3,1,H1,0.04656,0.50717,119,0.61203,1
下游股价,卸売業,銀行業,3,1,H2,-0.07196,-0.35987,119,0.71894,1
下游股价,卸売業,銀行業,3,3,H1,0.10759,0.50012,119,0.61699,1
下游股价,卸売業,銀行業,3,3,H2,-0.38532,-0.69717,117,0.4857,1
下游股价,卸売業,銀行業,3,6,H1,0.05765,0.15425,119,0.87741,1
下游股价,卸売業,銀行業,3,6,H2,-0.27976,-0.41407,114,0.67882,1
下游股价,卸売業,銀行業,6,1,H1,0.05596,0.75851,119,0.44814,1
下游股价,卸売業,銀行業,6,1,H2,-0.08203,-0.5819,119,0.56064,1
下游股价,卸売業,銀行業,6,3,H1,0.01252,0.06997,119,0.94421,1
下游股价,卸売業,銀行業,6,3,H2,-0.18638,-0.55863,117,0.57642,1
下游股价,卸売業,銀行業,6,6,H1,0.07403,0.22396,119,0.82279,1
下游股价,卸売業,銀行業,6,6,H2,0.01225,0.02174,114,0.98266,1
下游股价,小売業,銀行業,1,1,H1,0.21616,1.68581,119,0.09183,1
下游股价,小売業,銀行業,1,1,H2,-0.16885,-1.06473,119,0.287,1
下游股价,小売業,銀行業,1,3,H1,0.40596,1.8844,119,0.05951,1
下游股价,小売業,銀行業,1,3,H2,-0.61318,-2.23316,117,0.02554,1
下游股价,小売業,銀行業,1,6,H1,0.47335,1.73638,119,0.0825,1
下游股价,小売業,銀行業,1,6,H2,-0.84355,-1.57033,114,0.11634,1
下游股价,小売業,銀行業,3,1,H1,0.14161,2.75596,119,0.00585,1
下游股价,小売業,銀行業,3,1,H2,-0.27167,-2.80238,119,0.00507,1
下游股价,小売業,銀行業,3,3,H1,0.30154,2.80509,119,0.00503,1
下游股价,小売業,銀行業,3,3,H2,-0.65953,-2.66577,117,0.00768,1
下游股价,小売業,銀行業,3,6,H1,0.0657,0.43211,119,0.66566,1
下游股价,小売業,銀行業,3,6,H2,-0.50828,-0.92584,114,0.35453,1
下游股价,小売業,銀行業,6,1,H1,0.07088,2.39579,119,0.01658,1
下游股价,小売業,銀行業,6,1,H2,-0.16741,-2.12906,119,0.03325,1
下游股价,小売業,銀行業,6,3,H1,0.02992,0.4618,119,0.64422,1
下游股价,小売業,銀行業,6,3,H2,-0.28969,-1.11001,117,0.26699,1
下游股价,小売業,銀行業,6,6,H1,-0.23049,-1.76138,119,0.07817,1
下游股价,小売業,銀行業,6,6,H2,-0.33317,-0.71144,114,0.47681,1
下游股价,建設業,銀行業,1,1,H1,0.02933,0.32788,119,0.743,1
下游股价,建設業,銀行業,1,1,H2,-0.00427,-0.0286,119,0.97718,1
下游股价,建設業,銀行業,1,3,H1,0.1838,1.33512,119,0.18184,1
下游股价,建設業,銀行業,1,3,H2,0.19785,0.55565,117,0.57845,1
下游股价,建設業,銀行業,1,6,H1,0.07742,0.33355,119,0.73872,1
下游股价,建設業,銀行業,1,6,H2,1.09727,1.9395,114,0.05244,1
下游股价,建設業,銀行業,3,1,H1,0.05999,1.18125,119,0.2375,1
下游股价,建設業,銀行業,3,1,H2,0.02109,0.17482,119,0.86122,1
下游股价,建設業,銀行業,3,3,H1,0.09041,0.82676,119,0.40837,1
下游股价,建設業,銀行業,3,3,H2,0.40137,1.34857,117,0.17748,1
下游股价,建設業,銀行業,3,6,H1,0.07315,0.33968,119,0.7341,1
下游股价,建設業,銀行業,3,6,H2,1.19838,2.54479,114,0.01093,1
下游股价,建設業,銀行業,6,1,H1,0.02823,0.61994,119,0.5353,1
下游股价,建設業,銀行業,6,1,H2,0.10752,1.4303,119,0.15263,1
下游股价,建設業,銀行業,6,3,H1,0.02849,0.25427,119,0.79929,1
下游股价,建設業,銀行業,6,3,H2,0.48438,3.12582,117,0.00177,1
下游股价,建設業,銀行業,6,6,H1,0.00499,0.0264,119,0.97893,1
下游股价,建設業,銀行業,6,6,H2,1.05748,3.60776,114,0.00031,1
下游股价,サービス業,電気・ガス業,1,1,H1,0.41454,1.97556,119,0.04821,1
下游股价,サービス業,電気・ガス業,1,1,H2,-0.23759,-1.79024,119,0.07342,1
下游股价,サービス業,電気・ガス業,1,3,H1,0.53838,1.02203,119,0.30677,1
下游股价,サービス業,電気・ガス業,1,3,H2,-0.12422,-0.62469,117,0.53217,1
下游股价,サービス業,電気・ガス業,1,6,H1,-0.10187,-0.16313,119,0.87042,1
下游股价,サービス業,電気・ガス業,1,6,H2,-0.06621,-0.19414,114,0.84606,1
下游股价,サービス業,電気・ガス業,3,1,H1,0.15419,1.08363,119,0.27853,1
下游股价,サービス業,電気・ガス業,3,1,H2,-0.00874,-0.11184,119,0.91095,1
下游股价,サービス業,電気・ガス業,3,3,H1,-0.03237,-0.08315,119,0.93374,1
下游股价,サービス業,電気・ガス業,3,3,H2,0.08458,0.46207,117,0.64403,1
下游股价,サービス業,電気・ガス業,3,6,H1,-0.73554,-1.83947,119,0.06585,1
下游股价,サービス業,電気・ガス業,3,6,H2,0.10837,0.36525,114,0.71492,1
下游股价,サービス業,電気・ガス業,6,1,H1,-0.02602,-0.34134,119,0.73285,1
下游股价,サービス業,電気・ガス業,6,1,H2,0.00867,0.17623,119,0.86011,1
下游股价,サービス業,電気・ガス業,6,3,H1,-0.39895,-2.2346,119,0.02544,1
下游股价,サービス業,電気・ガス業,6,3,H2,0.07651,0.63348,117,0.52642,1
下游股价,サービス業,電気・ガス業,6,6,H1,-1.05745,-3.52506,119,0.00042,1
下游股价,サービス業,電気・ガス業,6,6,H2,0.27397,1.15591,114,0.24772,1
下游股价,卸売業,電気・ガス業,1,1,H1,0.41212,1.04849,119,0.29441,1
下游股价,卸売業,電気・ガス業,1,1,H2,-0.17501,-0.62958,119,0.52897,1
下游股价,卸売業,電気・ガス業,1,3,H1,-0.5145,-0.6493,119,0.51615,1
下游股价,卸売業,電気・ガス業,1,3,H2,-0.1922,-0.32059,117,0.74852,1
下游股价,卸売業,電気・ガス業,1,6,H1,-1.21842,-1.36279,119,0.17295,1
下游股价,卸売業,電気・ガス業,1,6,H2,-0.81024,-1.00581,114,0.31451,1
下游股价,卸売業,電気・ガス業,3,1,H1,-0.10181,-0.53831,119,0.59036,1
下游股价,卸売業,電気・ガス業,3,1,H2,-0.02844,-0.15138,119,0.87967,1
下游股价,卸売業,電気・ガス業,3,3,H1,-0.6248,-1.47683,119,0.13972,1
下游股价,卸売業,電気・ガス業,3,3,H2,-0.18115,-0.51434,117,0.60702,1
下游股价,卸売業,電気・ガス業,3,6,H1,-1.22273,-1.8866,119,0.05921,1
下游股价,卸売業,電気・ガス業,3,6,H2,-0.42691,-0.73358,114,0.46321,1
下游股价,卸売業,電気・ガス業,6,1,H1,-0.18453,-1.62235,119,0.10473,1
下游股价,卸売業,電気・ガス業,6,1,H2,-0.0955,-0.71756,119,0.47303,1
下游股价,卸売業,電気・ガス業,6,3,H1,-0.64809,-1.82417,119,0.06813,1
下游股价,卸売業,電気・ガス業,6,3,H2,-0.16896,-0.61928,117,0.53573,1
下游股价,卸売業,電気・ガス業,6,6,H1,-0.82592,-1.41214,119,0.15791,1
下游股价,卸売業,電気・ガス業,6,6,H2,-0.12239,-0.2953,114,0.76777,1
下游股价,小売業,電気・ガス業,1,1,H1,0.40099,2.04845,119,0.04052,1
下游股价,小売業,電気・ガス業,1,1,H2,-0.21799,-1.34166,119,0.17971,1
下游股价,小売業,電気・ガス業,1,3,H1,1.06688,2.18361,119,0.02899,1
下游股价,小売業,電気・ガス業,1,3,H2,-0.29944,-1.11448,117,0.26507,1
下游股价,小売業,電気・ガス業,1,6,H1,0.50821,1.17157,119,0.24137,1
下游股价,小売業,電気・ガス業,1,6,H2,-0.53142,-1.50171,114,0.13317,1
下游股价,小売業,電気・ガス業,3,1,H1,0.24586,2.89333,119,0.00381,1
下游股价,小売業,電気・ガス業,3,1,H2,-0.08831,-0.77611,119,0.43768,1
下游股价,小売業,電気・ガス業,3,3,H1,0.39947,1.89499,119,0.05809,1
下游股价,小売業,電気・ガス業,3,3,H2,-0.13157,-0.58662,117,0.55746,1
下游股价,小売業,電気・ガス業,3,6,H1,-0.14129,-0.47389,119,0.63558,1
下游股价,小売業,電気・ガス業,3,6,H2,-0.03246,-0.09225,114,0.9265,1
下游股价,小売業,電気・ガス業,6,1,H1,0.03087,0.55664,119,0.57777,1
下游股价,小売業,電気・ガス業,6,1,H2,-0.08021,-1.08233,119,0.27911,1
下游股价,小売業,電気・ガス業,6,3,H1,-0.06458,-0.42616,119,0.66999,1
下游股价,小売業,電気・ガス業,6,3,H2,0.00466,0.02862,117,0.97717,1
下游股价,小売業,電気・ガス業,6,6,H1,-0.42386,-1.39168,119,0.16402,1
下游股价,小売業,電気・ガス業,6,6,H2,0.23292,0.83481,114,0.40383,1
下游股价,鉄鋼,電気・ガス業,1,1,H1,-0.42679,-4.0687,119,5e-05,1
下游股价,鉄鋼,電気・ガス業,1,1,H2,0.14344,1.43025,119,0.15265,1
下游股价,鉄鋼,電気・ガス業,1,3,H1,-0.59649,-2.55456,119,0.01063,1
下游股价,鉄鋼,電気・ガス業,1,3,H2,0.26291,1.61184,117,0.107,1
下游股价,鉄鋼,電気・ガス業,1,6,H1,-0.25602,-1.10831,119,0.26773,1
下游股价,鉄鋼,電気・ガス業,1,6,H2,0.36996,1.51542,114,0.12967,1
下游股价,鉄鋼,電気・ガス業,3,1,H1,-0.16881,-3.01902,119,0.00254,1
下游股价,鉄鋼,電気・ガス業,3,1,H2,0.07718,1.3554,119,0.17529,1
下游股价,鉄鋼,電気・ガス業,3,3,H1,-0.19376,-1.42327,119,0.15466,1
下游股价,鉄鋼,電気・ガス業,3,3,H2,0.22293,1.91183,117,0.0559,1
下游股价,鉄鋼,電気・ガス業,3,6,H1,0.21133,1.52073,119,0.12833,1
下游股价,鉄鋼,電気・ガス業,3,6,H2,0.20987,0.9594,114,0.33736,1
下游股价,鉄鋼,電気・ガス業,6,1,H1,-0.02813,-0.82381,119,0.41005,1
下游股价,鉄鋼,電気・ガス業,6,1,H2,0.04403,0.98931,119,0.32251,1
下游股价,鉄鋼,電気・ガス業,6,3,H1,0.13377,1.58915,119,0.11203,1
下游股价,鉄鋼,電気・ガス業,6,3,H2,0.09905,0.90493,117,0.3655,1
下游股价,鉄鋼,電気・ガス業,6,6,H1,0.45592,2.16422,119,0.03045,1
下游股价,鉄鋼,電気・ガス業,6,6,H2,0.08762,0.43722,114,0.66195,1
下游股价,輸送用機器,電気・ガス業,1,1,H1,-0.1163,-0.83736,119,0.40239,1
下游股价,輸送用機器,電気・ガス業,1,1,H2,0.18229,1.70239,119,0.08868,1
下游股价,輸送用機器,電気・ガス業,1,3,H1,-0.39676,-1.25312,119,0.21016,1
下游股价,輸送用機器,電気・ガス業,1,3,H2,0.18407,0.88049,117,0.37859,1
下游股价,輸送用機器,電気・ガス業,1,6,H1,-0.07765,-0.22966,119,0.81836,1
下游股价,輸送用機器,電気・ガス業,1,6,H2,0.13597,0.56178,114,0.57426,1
下游股价,輸送用機器,電気・ガス業,3,1,H1,-0.08096,-1.10559,119,0.2689,1
下游股价,輸送用機器,電気・ガス業,3,1,H2,0.07107,0.9117,119,0.36192,1
下游股价,輸送用機器,電気・ガス業,3,3,H1,-0.05904,-0.37456,119,0.70799,1
下游股价,輸送用機器,電気・ガス業,3,3,H2,0.0001,0.00062,117,0.9995,1
下游股价,輸送用機器,電気・ガス業,3,6,H1,0.28565,1.38448,119,0.16621,1
下游股价,輸送用機器,電気・ガス業,3,6,H2,0.06901,0.26905,114,0.78789,1
下游股价,輸送用機器,電気・ガス業,6,1,H1,0.00444,0.10708,119,0.91472,1
下游股价,輸送用機器,電気・ガス業,6,1,H2,0.03099,0.5623,119,0.57391,1
下游股价,輸送用機器,電気・ガス業,6,3,H1,0.12336,1.02712,119,0.30436,1
下游股价,輸送用機器,電気・ガス業,6,3,H2,0.06525,0.52992,117,0.59617,1
下游股价,輸送用機器,電気・ガス業,6,6,H1,0.3598,2.08323,119,0.03723,1
下游股价,輸送用機器,電気・ガス業,6,6,H2,0.04981,0.2484,114,0.80383,1
下游股价,電気機器,電気・ガス業,1,1,H1,-0.227,-1.0692,119,0.28498,1
下游股价,電気機器,電気・ガス業,1,1,H2,0.04254,0.37081,119,0.71078,1
下游股价,電気機器,電気・ガス業,1,3,H1,-0.65602,-1.43602,119,0.151,1
下游股价,電気機器,電気・ガス業,1,3,H2,-0.0031,-0.02412,117,0.98076,1
下游股价,電気機器,電気・ガス業,1,6,H1,-0.38811,-0.91447,119,0.36047,1
下游股价,電気機器,電気・ガス業,1,6,H2,0.21809,0.85776,114,0.39103,1
下游股价,電気機器,電気・ガス業,3,1,H1,-0.16275,-1.54721,119,0.12181,1
下游股价,電気機器,電気・ガス業,3,1,H2,-0.02489,-0.38154,119,0.7028,1
下游股价,電気機器,電気・ガス業,3,3,H1,-0.22591,-1.02648,119,0.30466,1
下游股价,電気機器,電気・ガス業,3,3,H2,-0.0564,-0.37637,117,0.70664,1
下游股价,電気機器,電気・ガス業,3,6,H1,0.20831,0.65531,119,0.51227,1
下游股价,電気機器,電気・ガス業,3,6,H2,-0.14181,-0.55602,114,0.57819,1
下游股价,電気機器,電気・ガス業,6,1,H1,-0.03783,-0.73363,119,0.46317,1
下游股价,電気機器,電気・ガス業,6,1,H2,0.03683,0.77164,119,0.44033,1
下游股价,電気機器,電気・ガス業,6,3,H1,0.10067,0.64848,119,0.51668,1
下游股价,電気機器,電気・ガス業,6,3,H2,-0.07553,-0.55211,117,0.58088,1
下游股价,電気機器,電気・ガス業,6,6,H1,0.53024,1.75306,119,0.07959,1
下游股价,電気機器,電気・ガス業,6,6,H2,-0.20534,-0.88835,114,0.37436,1
下游股价,輸送用機器,電気機器,1,1,H1,0.0751,1.50923,119,0.13124,1
下游股价,輸送用機器,電気機器,1,1,H2,-0.1161,-1.07412,119,0.28277,1
下游股价,輸送用機器,電気機器,1,3,H1,0.07826,0.64383,119,0.51968,1
下游股价,輸送用機器,電気機器,1,3,H2,-0.26745,-1.79917,117,0.07199,1
下游股价,輸送用機器,電気機器,1,6,H1,-0.08075,-0.54342,119,0.58684,1
下游股价,輸送用機器,電気機器,1,6,H2,-0.28215,-1.93172,114,0.05339,1
下游股价,輸送用機器,電気機器,3,1,H1,0.01829,0.61007,119,0.54181,1
下游股价,輸送用機器,電気機器,3,1,H2,-0.09522,-1.46773,119,0.14218,1
下游股价,輸送用機器,電気機器,3,3,H1,-0.05079,-0.8045,119,0.42111,1
下游股价,輸送用機器,電気機器,3,3,H2,-0.20748,-2.2248,117,0.02609,1
下游股价,輸送用機器,電気機器,3,6,H1,-0.1879,-2.01337,119,0.04408,1
下游股价,輸送用機器,電気機器,3,6,H2,-0.24607,-1.70748,114,0.08773,1
下游股价,輸送用機器,電気機器,6,1,H1,-0.01751,-0.8198,119,0.41233,1
下游股价,輸送用機器,電気機器,6,1,H2,-0.06437,-1.9233,119,0.05444,1
下游股价,輸送用機器,電気機器,6,3,H1,-0.08117,-1.83393,119,0.06666,1
下游股价,輸送用機器,電気機器,6,3,H2,-0.14319,-2.34388,117,0.01908,1
下游股价,輸送用機器,電気機器,6,6,H1,-0.16497,-2.14185,119,0.03221,1
下游股价,輸送用機器,電気機器,6,6,H2,-0.13482,-0.96097,114,0.33657,1
下游股价,サービス業,電気機器,1,1,H1,-0.20742,-1.93787,119,0.05264,1
下游股价,サービス業,電気機器,1,1,H2,0.0127,0.10984,119,0.91254,1
下游股价,サービス業,電気機器,1,3,H1,-0.14929,-0.70621,119,0.48006,1
下游股价,サービス業,電気機器,1,3,H2,-0.00908,-0.04561,117,0.96362,1
下游股价,サービス業,電気機器,1,6,H1,0.00074,0.00261,119,0.99792,1
下游股价,サービス業,電気機器,1,6,H2,0.04851,0.19902,114,0.84225,1
下游股价,サービス業,電気機器,3,1,H1,-0.05687,-1.02971,119,0.30315,1
下游股价,サービス業,電気機器,3,1,H2,-0.02408,-0.36095,119,0.71814,1
下游股价,サービス業,電気機器,3,3,H1,-0.01659,-0.12806,119,0.89811,1
下游股价,サービス業,電気機器,3,3,H2,-0.08969,-0.58176,117,0.56073,1
下游股价,サービス業,電気機器,3,6,H1,0.20413,1.08894,119,0.27618,1
下游股价,サービス業,電気機器,3,6,H2,-0.03599,-0.14987,114,0.88087,1
下游股价,サービス業,電気機器,6,1,H1,-0.00054,-0.01783,119,0.98577,1
下游股价,サービス業,電気機器,6,1,H2,-0.00194,-0.04306,119,0.96566,1
下游股价,サービス業,電気機器,6,3,H1,0.11121,1.38689,119,0.16548,1
下游股价,サービス業,電気機器,6,3,H2,-0.02353,-0.20961,117,0.83397,1
下游股价,サービス業,電気機器,6,6,H1,0.31072,1.87835,119,0.06033,1
下游股价,サービス業,電気機器,6,6,H2,-0.10922,-0.57444,114,0.56567,1
下游股价,機械,電気機器,1,1,H1,0.13148,1.54743,119,0.12176,1
下游股价,機械,電気機器,1,1,H2,-0.18985,-1.11516,119,0.26478,1
下游股价,機械,電気機器,1,3,H1,0.17233,0.85733,119,0.39126,1
下游股价,機械,電気機器,1,3,H2,-0.00648,-0.03342,117,0.97334,1
下游股价,機械,電気機器,1,6,H1,0.03092,0.1732,119,0.86249,1
下游股价,機械,電気機器,1,6,H2,-0.07605,-0.31748,114,0.75088,1
下游股价,機械,電気機器,3,1,H1,0.02194,0.45919,119,0.6461,1
下游股价,機械,電気機器,3,1,H2,-0.00673,-0.10061,119,0.91986,1
下游股价,機械,電気機器,3,3,H1,0.0331,0.2809,119,0.77878,1
下游股价,機械,電気機器,3,3,H2,0.15624,0.99707,117,0.31873,1
下游股价,機械,電気機器,3,6,H1,-0.15678,-1.3712,119,0.17031,1
下游股价,機械,電気機器,3,6,H2,0.15381,0.67098,114,0.50223,1
下游股价,機械,電気機器,6,1,H1,-0.00927,-0.32815,119,0.74279,1
下游股价,機械,電気機器,6,1,H2,-0.02055,-0.48828,119,0.62535,1
下游股价,機械,電気機器,6,3,H1,-0.06535,-0.9989,119,0.31784,1
下游股价,機械,電気機器,6,3,H2,0.0972,0.84024,117,0.40077,1
下游股价,機械,電気機器,6,6,H1,-0.1568,-1.17382,119,0.24047,1
下游股价,機械,電気機器,6,6,H2,0.1178,0.5853,114,0.55834,1
下游股价,精密機器,電気機器,1,1,H1,0.15366,1.85703,119,0.06331,1
下游股价,精密機器,電気機器,1,1,H2,-0.12579,-0.93904,119,0.34771,1
下游股价,精密機器,電気機器,1,3,H1,0.01079,0.06371,119,0.9492,1
下游股价,精密機器,電気機器,1,3,H2,-0.20691,-0.8033,117,0.4218,1
下游股价,精密機器,電気機器,1,6,H1,-0.28942,-1.12255,119,0.26163,1
下游股价,精密機器,電気機器,1,6,H2,-0.41457,-1.88617,114,0.05927,1
下游股价,精密機器,電気機器,3,1,H1,-1e-05,-0.0002,119,0.99984,1
下游股价,精密機器,電気機器,3,1,H2,-0.05994,-0.62151,119,0.53427,1
下游股价,精密機器,電気機器,3,3,H1,-0.16947,-1.97429,119,0.04835,1
下游股价,精密機器,電気機器,3,3,H2,-0.16012,-0.98522,117,0.32451,1
下游股价,精密機器,電気機器,3,6,H1,-0.25754,-1.39904,119,0.1618,1
下游股价,精密機器,電気機器,3,6,H2,-0.20823,-1.1473,114,0.25126,1
下游股价,精密機器,電気機器,6,1,H1,-0.04688,-1.35682,119,0.17484,1
下游股价,精密機器,電気機器,6,1,H2,-0.05745,-1.06093,119,0.28872,1
下游股价,精密機器,電気機器,6,3,H1,-0.13163,-1.40528,119,0.15994,1
下游股价,精密機器,電気機器,6,3,H2,-0.08378,-0.67379,117,0.50044,1
下游股价,精密機器,電気機器,6,6,H1,-0.04894,-0.24816,119,0.80401,1
下游股价,精密機器,電気機器,6,6,H2,-0.18713,-1.23477,114,0.21692,1
下游股价,建設業,電気機器,1,1,H1,0.02053,0.34741,119,0.72828,1
下游股价,建設業,電気機器,1,1,H2,0.02126,0.15538,119,0.87652,1
下游股价,建設業,電気機器,1,3,H1,0.0675,0.56083,119,0.57491,1
下游股价,建設業,電気機器,1,3,H2,0.26816,1.41564,117,0.15688,1
下游股价,建設業,電気機器,1,6,H1,0.13023,0.55702,119,0.57751,1
下游股价,建設業,電気機器,1,6,H2,0.52072,1.43583,114,0.15105,1
下游股价,建設業,電気機器,3,1,H1,0.03393,0.9192,119,0.35799,1
下游股价,建設業,電気機器,3,1,H2,0.0798,1.30144,119,0.19311,1
下游股价,建設業,電気機器,3,3,H1,0.05736,0.50831,119,0.61124,1
下游股价,建設業,電気機器,3,3,H2,0.21228,1.05874,117,0.28972,1
下游股价,建設業,電気機器,3,6,H1,0.103,0.55336,119,0.58001,1
下游股价,建設業,電気機器,3,6,H2,0.2608,0.66502,114,0.50604,1
下游股价,建設業,電気機器,6,1,H1,0.01981,0.47668,119,0.63359,1
下游股价,建設業,電気機器,6,1,H2,0.08692,1.38811,119,0.1651,1
下游股价,建設業,電気機器,6,3,H1,0.04526,0.44745,119,0.65455,1
下游股价,建設業,電気機器,6,3,H2,0.16015,0.86522,117,0.38692,1
下游股价,建設業,電気機器,6,6,H1,0.08242,0.62427,119,0.53245,1
下游股价,建設業,電気機器,6,6,H2,0.29365,1.01285,114,0.31113,1
下游股价,電気機器,非鉄金属,1,1,H1,0.03457,0.2294,119,0.81856,1
下游股价,電気機器,非鉄金属,1,1,H2,-0.21566,-1.6637,119,0.09617,1
下游股价,電気機器,非鉄金属,1,3,H1,0.44063,2.10444,119,0.03534,1
下游股价,電気機器,非鉄金属,1,3,H2,-0.05502,-0.19922,117,0.84209,1
下游股价,電気機器,非鉄金属,1,6,H1,0.07286,0.28665,119,0.77438,1
下游股价,電気機器,非鉄金属,1,6,H2,0.03623,0.10167,114,0.91902,1
下游股价,電気機器,非鉄金属,3,1,H1,0.09764,1.61727,119,0.10582,1
下游股价,電気機器,非鉄金属,3,1,H2,-0.05659,-0.45512,119,0.64902,1
下游股价,電気機器,非鉄金属,3,3,H1,0.06264,0.65241,119,0.51414,1
下游股价,電気機器,非鉄金属,3,3,H2,0.1814,0.72954,117,0.46567,1
下游股价,電気機器,非鉄金属,3,6,H1,-0.18405,-0.74066,119,0.4589,1
下游股价,電気機器,非鉄金属,3,6,H2,0.21707,0.50692,114,0.61221,1
下游股价,電気機器,非鉄金属,6,1,H1,-0.01097,-0.32215,119,0.74734,1
下游股价,電気機器,非鉄金属,6,1,H2,-0.04213,-0.53735,119,0.59103,1
下游股价,電気機器,非鉄金属,6,3,H1,-0.0822,-0.67896,119,0.49716,1
下游股价,電気機器,非鉄金属,6,3,H2,0.01063,0.06477,117,0.94836,1
下游股价,電気機器,非鉄金属,6,6,H1,-0.14551,-0.59051,119,0.55485,1
下游股价,電気機器,非鉄金属,6,6,H2,-0.2707,-0.92273,114,0.35615,1
下游股价,輸送用機器,非鉄金属,1,1,H1,0.13178,1.44396,119,0.14875,1
下游股价,輸送用機器,非鉄金属,1,1,H2,0.08509,0.59436,119,0.55227,1
下游股价,輸送用機器,非鉄金属,1,3,H1,0.21403,1.36159,119,0.17333,1
下游股价,輸送用機器,非鉄金属,1,3,H2,0.16691,0.9504,117,0.34191,1
下游股价,輸送用機器,非鉄金属,1,6,H1,-0.11657,-0.51397,119,0.60727,1
下游股价,輸送用機器,非鉄金属,1,6,H2,-0.07541,-0.28932,114,0.77234,1
下游股价,輸送用機器,非鉄金属,3,1,H1,0.03521,0.96216,119,0.33597,1
下游股价,輸送用機器,非鉄金属,3,1,H2,0.10015,1.24137,119,0.21447,1
下游股价,輸送用機器,非鉄金属,3,3,H1,-0.04729,-0.57453,119,0.56561,1
下游股价,輸送用機器,非鉄金属,3,3,H2,0.09358,0.56333,117,0.57321,1
下游股价,輸送用機器,非鉄金属,3,6,H1,-0.25352,-1.79313,119,0.07295,1
下游股价,輸送用機器,非鉄金属,3,6,H2,-0.04671,-0.19294,114,0.84701,1
下游股价,輸送用機器,非鉄金属,6,1,H1,-0.03045,-1.09715,119,0.27258,1
下游股价,輸送用機器,非鉄金属,6,1,H2,0.00833,0.16403,119,0.86971,1
下游股价,輸送用機器,非鉄金属,6,3,H1,-0.11796,-1.57684,119,0.11483,1
下游股价,輸送用機器,非鉄金属,6,3,H2,0.01842,0.15175,117,0.87939,1
下游股价,輸送用機器,非鉄金属,6,6,H1,-0.15878,-1.08646,119,0.27728,1
下游股价,輸送用機器,非鉄金属,6,6,H2,0.05676,0.33697,114,0.73614,1
下游股价,金属製品,非鉄金属,1,1,H1,0.37231,3.37204,119,0.00075,1
下游股价,金属製品,非鉄金属,1,1,H2,-0.27888,-1.49691,119,0.13442,1
下游股价,金属製品,非鉄金属,1,3,H1,0.18068,0.89563,119,0.37045,1
下游股价,金属製品,非鉄金属,1,3,H2,0.03823,0.09526,117,0.92411,1
下游股价,金属製品,非鉄金属,1,6,H1,-0.00139,-0.00383,119,0.99694,1
下游股价,金属製品,非鉄金属,1,6,H2,-0.16921,-0.38776,114,0.69819,1
下游股价,金属製品,非鉄金属,3,1,H1,0.06188,0.78722,119,0.43115,1
下游股价,金属製品,非鉄金属,3,1,H2,0.01263,0.07887,119,0.93714,1
下游股价,金属製品,非鉄金属,3,3,H1,-0.23886,-1.08266,119,0.27896,1
下游股价,金属製品,非鉄金属,3,3,H2,0.06006,0.19639,117,0.8443,1
下游股价,金属製品,非鉄金属,3,6,H1,-0.25264,-0.73228,119,0.464,1
下游股价,金属製品,非鉄金属,3,6,H2,-0.18735,-0.58182,114,0.56069,1
下游股价,金属製品,非鉄金属,6,1,H1,-0.01113,-0.12519,119,0.90038,1
下游股价,金属製品,非鉄金属,6,1,H2,-0.04075,-0.49937,119,0.61752,1
下游股价,金属製品,非鉄金属,6,3,H1,-0.2029,-0.96003,119,0.33704,1
下游股价,金属製品,非鉄金属,6,3,H2,-0.10029,-0.60456,117,0.54547,1
下游股价,金属製品,非鉄金属,6,6,H1,-0.0495,-0.18185,119,0.8557,1
下游股价,金属製品,非鉄金属,6,6,H2,-0.31765,-1.05581,114,0.29105,1
下游股价,機械,非鉄金属,1,1,H1,0.0667,0.46196,119,0.64411,1
下游股价,機械,非鉄金属,1,1,H2,-0.05273,-0.26241,119,0.79301,1
下游股价,機械,非鉄金属,1,3,H1,0.36051,1.3383,119,0.1808,1
下游股价,機械,非鉄金属,1,3,H2,0.50085,1.46487,117,0.14296,1
下游股价,機械,非鉄金属,1,6,H1,0.04005,0.142,119,0.88708,1
下游股价,機械,非鉄金属,1,6,H2,0.25612,0.54165,114,0.58806,1
下游股价,機械,非鉄金属,3,1,H1,0.07264,1.16454,119,0.24421,1
下游股价,機械,非鉄金属,3,1,H2,0.11968,0.95539,119,0.33938,1
下游股价,機械,非鉄金属,3,3,H1,0.12074,0.80491,119,0.42087,1
下游股价,機械,非鉄金属,3,3,H2,0.33579,1.37727,117,0.16843,1
下游股价,機械,非鉄金属,3,6,H1,-0.13001,-0.70082,119,0.48342,1
下游股价,機械,非鉄金属,3,6,H2,0.40298,0.9852,114,0.32453,1
下游股价,機械,非鉄金属,6,1,H1,-0.01595,-0.48305,119,0.62906,1
下游股价,機械,非鉄金属,6,1,H2,0.01563,0.21005,119,0.83363,1
下游股价,機械,非鉄金属,6,3,H1,-0.06794,-0.67775,119,0.49793,1
下游股价,機械,非鉄金属,6,3,H2,0.15154,0.84234,117,0.3996,1
下游股价,機械,非鉄金属,6,6,H1,-0.13862,-0.64006,119,0.52214,1
下游股价,機械,非鉄金属,6,6,H2,0.29876,0.91379,114,0.36083,1
下游股价,建設業,非鉄金属,1,1,H1,0.15293,1.56835,119,0.1168,1
下游股价,建設業,非鉄金属,1,1,H2,0.02353,0.11088,119,0.91171,1
下游股价,建設業,非鉄金属,1,3,H1,-0.00214,-0.01741,119,0.98611,1
下游股价,建設業,非鉄金属,1,3,H2,0.84837,2.59658,117,0.00942,1
下游股价,建設業,非鉄金属,1,6,H1,-0.28364,-1.05259,119,0.29253,1
下游股价,建設業,非鉄金属,1,6,H2,1.28371,1.63915,114,0.10118,1
下游股价,建設業,非鉄金属,3,1,H1,0.00569,0.13793,119,0.8903,1
下游股价,建設業,非鉄金属,3,1,H2,0.2377,1.84191,119,0.06549,1
下游股价,建設業,非鉄金属,3,3,H1,-0.148,-1.16618,119,0.24354,1
下游股价,建設業,非鉄金属,3,3,H2,0.81057,2.10162,117,0.03559,1
下游股价,建設業,非鉄金属,3,6,H1,-0.36515,-1.50709,119,0.13179,1
下游股价,建設業,非鉄金属,3,6,H2,1.16109,1.43854,114,0.15028,1
下游股价,建設業,非鉄金属,6,1,H1,-0.052,-1.09139,119,0.2751,1
下游股价,建設業,非鉄金属,6,1,H2,0.20587,1.90034,119,0.05739,1
下游股价,建設業,非鉄金属,6,3,H1,-0.21062,-1.61503,119,0.1063,1
下游股价,建設業,非鉄金属,6,3,H2,0.57579,1.69235,117,0.09058,1
下游股价,建設業,非鉄金属,6,6,H1,-0.33937,-1.68472,119,0.09204,1
下游股价,建設業,非鉄金属,6,6,H2,0.99808,1.552,114,0.12066,1
下游股价,サービス業,食料品,1,1,H1,0.31193,2.49514,119,0.01259,1
下游股价,サービス業,食料品,1,1,H2,-0.03991,-0.36166,119,0.7176,1
下游股价,サービス業,食料品,1,3,H1,0.38455,1.43605,119,0.15099,1
下游股价,サービス業,食料品,1,3,H2,-0.07087,-0.56305,117,0.5734,1
下游股价,サービス業,食料品,1,6,H1,0.03903,0.0998,119,0.9205,1
下游股价,サービス業,食料品,1,6,H2,-0.32877,-2.2002,114,0.02779,1
下游股价,サービス業,食料品,3,1,H1,0.09162,1.19668,119,0.23143,1
下游股价,サービス業,食料品,3,1,H2,-0.00369,-0.08068,119,0.93569,1
下游股价,サービス業,食料品,3,3,H1,0.16672,0.8554,119,0.39233,1
下游股价,サービス業,食料品,3,3,H2,-0.07116,-0.93561,117,0.34947,1
下游股价,サービス業,食料品,3,6,H1,-0.31114,-1.26868,119,0.20456,1
下游股价,サービス業,食料品,3,6,H2,-0.2184,-1.84851,114,0.06453,1
下游股价,サービス業,食料品,6,1,H1,-0.01143,-0.22212,119,0.82422,1
下游股价,サービス業,食料品,6,1,H2,-0.03299,-1.26802,119,0.20479,1
下游股价,サービス業,食料品,6,3,H1,-0.17392,-1.49074,119,0.13603,1
下游股价,サービス業,食料品,6,3,H2,-0.09092,-1.61377,117,0.10658,1
下游股价,サービス業,食料品,6,6,H1,-0.48387,-2.49571,119,0.01257,1
下游股价,サービス業,食料品,6,6,H2,-0.07283,-0.85679,114,0.39156,1
下游股价,水産・農林業,食料品,1,1,H1,0.05456,0.65186,119,0.51449,1
下游股价,水産・農林業,食料品,1,1,H2,-0.08108,-0.94711,119,0.34358,1
下游股价,水産・農林業,食料品,1,3,H1,0.23059,1.70327,119,0.08852,1
下游股价,水産・農林業,食料品,1,3,H2,-0.04125,-0.28438,117,0.77612,1
下游股价,水産・農林業,食料品,1,6,H1,0.05708,0.20151,119,0.8403,1
下游股价,水産・農林業,食料品,1,6,H2,-0.10319,-0.5841,114,0.55915,1
下游股价,水産・農林業,食料品,3,1,H1,0.06008,1.52113,119,0.12823,1
下游股价,水産・農林業,食料品,3,1,H2,0.00664,0.13803,119,0.89022,1
下游股价,水産・農林業,食料品,3,3,H1,0.06473,0.56991,119,0.56874,1
下游股价,水産・農林業,食料品,3,3,H2,-0.04312,-0.47095,117,0.63768,1
下游股价,水産・農林業,食料品,3,6,H1,0.00029,0.00152,119,0.99878,1
下游股价,水産・農林業,食料品,3,6,H2,0.00928,0.05616,114,0.95521,1
下游股价,水産・農林業,食料品,6,1,H1,0.01474,0.3937,119,0.6938,1
下游股价,水産・農林業,食料品,6,1,H2,-0.00028,-0.00666,119,0.99469,1
下游股价,水産・農林業,食料品,6,3,H1,-0.0002,-0.00204,119,0.99837,1
下游股价,水産・農林業,食料品,6,3,H2,-0.01196,-0.12235,117,0.90262,1
下游股价,水産・農林業,食料品,6,6,H1,0.02562,0.19472,119,0.84562,1
下游股价,水産・農林業,食料品,6,6,H2,-0.07736,-0.46195,114,0.64412,1
