id,category,subtype,sign,date,time_local,date_jst,time_jst,time_src,home,known_on,covert,pre_announced,market_dir,name_ja,name_en,description,amount,source_url,verified,checked_hash,http_status,added_on,added_by,excluded,reason,supersedes,revised_on,notes
FED_TURN-2001-01-03,FED_TURN,first_cut,-1,2001-01-03,13:13,2001-01-04,03:13,reported,US,2001-01-03,0,0,1,FOMC（利上げ / 利下げサイクルの起点）,FOMC statement and Board discount rate action,target lowered 50bp to 6.00%; unscheduled: January 3 Conference Call; first cut of the 2001 easing cycle; released about 1:13 p.m. EST; intermeeting conference call; release time approx. from contempo,,https://www.federalreserve.gov/boarddocs/press/general/2001/20010103/,2026-09-27,815b90e1,200,2026-09-27,registration,0,,,,緊急会合：サイクル起点
CTRL_BOJ_NOCHG-2001-01-19,CTRL_BOJ_NOCHG,no_change,0,2001-01-19,12:00,2001-01-19,12:00,class_default,JP,2001-01-19,0,0,0,日銀金融政策決定会合（変更なし）,Announcement of the Monetary Policy Meeting Decisions (unchanged),policy unchanged; Chairman's instructions to the Bank's staff (k010119b); same-day decision docs: k010119b.htm,,https://www.boj.or.jp/en/mopo/mpmdeci/mpr_2001/k010119a.htm,2026-09-27,6cd718db,200,2026-09-27,registration,0,,,,対照池
CTRL_FOMC_OTHER-2001-01-31,CTRL_FOMC_OTHER,other,0,2001-01-31,14:15,2001-02-01,04:15,reported,US,2001-01-31,0,0,0,FOMC（サイクル転換なし）,FOMC statement and Board discount rate action,"cut: target lowered 50bp to 5.50%; meeting: January 30-31 Meeting; 'For immediate release' (regular afternoon statement, about 2:15 p.m. EST)",,https://www.federalreserve.gov/boarddocs/press/general/2001/20010131/,2026-09-27,8b6689ba,200,2026-09-27,registration,0,,,,対照池
BOJ_CHANGE-2001-02-09,BOJ_CHANGE,ease,-1,2001-02-09,12:00,2001-02-09,12:00,class_default,JP,2001-02-09,0,0,1,日銀金融政策決定会合（政策変更）,Announcement of the Monetary Policy Meeting Decisions (Guideline for money market operations: unchanged),"ODR cut 0.50%->0.35%; Lombard-type complementary lending facility introduced (k010209b); guideline for money market operations itself unchanged; same-day decision docs: k010209b.htm, k010209c.htm, k01",,https://www.boj.or.jp/en/mopo/mpmdeci/mpr_2001/k010209a.htm,2026-09-27,420cac71,200,2026-09-27,registration,0,,,,機械規則（年表タイトル / 声明冒頭の目標水準）で抽出
BOJ_CHANGE-2001-02-28,BOJ_CHANGE,ease,-1,2001-02-28,12:00,2001-02-28,12:00,class_default,JP,2001-02-28,0,0,1,日銀金融政策決定会合（政策変更）,Change in the Guideline of Money Market Operations and Reduction in the Official Discount Rate,overnight call rate target 0.25%->0.15%; ODR 0.35%->0.25%; same-day decision docs: k010228b.htm,,https://www.boj.or.jp/en/mopo/mpmdeci/mpr_2001/k010228a.htm,2026-09-27,1757ec0d,200,2026-09-27,registration,0,,,,機械規則（年表タイトル / 声明冒頭の目標水準）で抽出
BOJ_CHANGE-2001-03-19,BOJ_CHANGE,ease,-1,2001-03-19,12:00,2001-03-19,12:00,class_default,JP,2001-03-19,0,0,1,量的緩和政策の導入,BOJ introduces quantitative easing (current-account balance target),操作目标由无担保隔夜拆借利率改为日银活期存款余额（约¥5兆円），承诺维持至核心CPI同比稳定在0%以上；必要时增加长期国债买入,,https://www.boj.or.jp/en/mopo/mpmdeci/mpr_2001/k010319a.htm,2026-09-27,dbbf5353,200,2026-09-27,registration,0,,,,日付は日銀「Statements on Monetary Policy 2001」一覧で確認；余额目标随后多次上调（2001-08-14 ¥6兆円、2001-12-19 ¥10〜15兆円、2002-10-30 ¥15〜20兆円、2004-01-20 ¥30〜35兆円）
CTRL_FOMC_OTHER-2001-03-20,CTRL_FOMC_OTHER,other,0,2001-03-20,14:15,2001-03-21,04:15,reported,US,2001-03-20,0,0,0,FOMC（サイクル転換なし）,FOMC statement and Board discount rate action,"cut: target lowered 50bp to 5.00%; meeting: March 20 Meeting; 'For immediate release' (regular afternoon statement, about 2:15 p.m. EST)",,https://www.federalreserve.gov/boarddocs/press/general/2001/20010320/,2026-09-27,f4f49e5f,200,2026-09-27,registration,0,,,,対照池
CTRL_BOJ_NOCHG-2001-04-13,CTRL_BOJ_NOCHG,no_change,0,2001-04-13,12:00,2001-04-13,12:00,class_default,JP,2001-04-13,0,0,0,日銀金融政策決定会合（変更なし）,Announcement of the Monetary Policy Meeting Decisions (unchanged),policy unchanged per title,,https://www.boj.or.jp/en/mopo/mpmdeci/mpr_2001/k010413.htm,2026-09-27,717e8b88,200,2026-09-27,registration,0,,,,対照池
CTRL_FOMC_OTHER-2001-04-18,CTRL_FOMC_OTHER,other,0,2001-04-18,10:54,2001-04-18,23:54,reported,US,2001-04-18,0,0,0,FOMC（サイクル転換なし）,FOMC statement and Board discount rate action,emergency: target lowered 50bp to 4.50%; unscheduled: April 18 Conference Call; released about 10:54 a.m. EDT; intermeeting conference call; release time approx. from contemporaneous reports ,,https://www.federalreserve.gov/boarddocs/press/general/2001/20010418/,2026-09-27,cb95f24b,200,2026-09-27,registration,0,,,,対照池
CTRL_BOJ_NOCHG-2001-04-25,CTRL_BOJ_NOCHG,no_change,0,2001-04-25,12:00,2001-04-25,12:00,class_default,JP,2001-04-25,0,0,0,日銀金融政策決定会合（変更なし）,Announcement of the Monetary Policy Meeting Decisions (unchanged),policy unchanged per title,,https://www.boj.or.jp/en/mopo/mpmdeci/mpr_2001/k010425.htm,2026-09-27,9d4141e6,200,2026-09-27,registration,0,,,,対照池
PM_CHANGE-2001-04-26,PM_CHANGE,new_pm,0,2001-04-26,,2001-04-26,,,JP,2001-04-26,0,0,0,小泉内閣発足,Koizumi cabinet formed,第87代小泉内閣発足（構造改革路線）,,https://www.kantei.go.jp/jp/rekidainaikaku/index.html,2026-09-27,858780c7,200,2026-09-27,registration,0,,,,
CTRL_FOMC_OTHER-2001-05-15,CTRL_FOMC_OTHER,other,0,2001-05-15,14:15,2001-05-16,03:15,reported,US,2001-05-15,0,0,0,FOMC（サイクル転換なし）,FOMC statement and Board discount rate action,"cut: target lowered 50bp to 4.00%; meeting: May 15 Meeting; 'For immediate release' (regular afternoon statement, about 2:15 p.m. EDT)",,https://www.federalreserve.gov/boarddocs/press/general/2001/20010515/,2026-09-27,ee5da240,200,2026-09-27,registration,0,,,,対照池
CTRL_BOJ_NOCHG-2001-05-18,CTRL_BOJ_NOCHG,no_change,0,2001-05-18,12:00,2001-05-18,12:00,class_default,JP,2001-05-18,0,0,0,日銀金融政策決定会合（変更なし）,Announcement of the Monetary Policy Meeting Decisions (unchanged),policy unchanged per title,,https://www.boj.or.jp/en/mopo/mpmdeci/mpr_2001/k010518.htm,2026-09-27,a060e0ac,200,2026-09-27,registration,0,,,,対照池
CTRL_BOJ_NOCHG-2001-06-15,CTRL_BOJ_NOCHG,no_change,0,2001-06-15,12:00,2001-06-15,12:00,class_default,JP,2001-06-15,0,0,0,日銀金融政策決定会合（変更なし）,Announcement of the Monetary Policy Meeting Decisions (unchanged),policy unchanged per title,,https://www.boj.or.jp/en/mopo/mpmdeci/mpr_2001/k010615.htm,2026-09-27,40c679d6,200,2026-09-27,registration,0,,,,対照池
CTRL_FOMC_OTHER-2001-06-27,CTRL_FOMC_OTHER,other,0,2001-06-27,14:15,2001-06-28,03:15,reported,US,2001-06-27,0,0,0,FOMC（サイクル転換なし）,FOMC statement and Board discount rate action,"cut: target lowered 25bp to 3.75%; meeting: June 26-27 Meeting; 'For immediate release' (regular afternoon statement, about 2:15 p.m. EDT)",,https://www.federalreserve.gov/boarddocs/press/general/2001/20010627/,2026-09-27,e1941b48,200,2026-09-27,registration,0,,,,対照池
CTRL_BOJ_NOCHG-2001-06-28,CTRL_BOJ_NOCHG,no_change,0,2001-06-28,12:00,2001-06-28,12:00,class_default,JP,2001-06-28,0,0,0,日銀金融政策決定会合（変更なし）,Announcement of the Monetary Policy Meeting Decisions (unchanged),policy unchanged per title,,https://www.boj.or.jp/en/mopo/mpmdeci/mpr_2001/k010628.htm,2026-09-27,9b7f5a93,200,2026-09-27,registration,0,,,,対照池
CTRL_BOJ_NOCHG-2001-07-13,CTRL_BOJ_NOCHG,no_change,0,2001-07-13,12:00,2001-07-13,12:00,class_default,JP,2001-07-13,0,0,0,日銀金融政策決定会合（変更なし）,Announcement of the Monetary Policy Meeting Decisions (unchanged),policy unchanged per title,,https://www.boj.or.jp/en/mopo/mpmdeci/mpr_2001/k010713.htm,2026-09-27,245f9b7c,200,2026-09-27,registration,0,,,,対照池
BOJ_CHANGE-2001-08-14,BOJ_CHANGE,ease,-1,2001-08-14,12:00,2001-08-14,12:00,class_default,JP,2001-08-14,0,0,1,日銀金融政策決定会合（政策変更）,Change in the Guideline for Money Market Operations,CAB target JPY 5tn->6tn; JGB outright purchases JPY 400bn->600bn per month,,https://www.boj.or.jp/en/mopo/mpmdeci/mpr_2001/k010814.htm,2026-09-27,4b3a4268,200,2026-09-27,registration,0,,,,機械規則（年表タイトル / 声明冒頭の目標水準）で抽出
CTRL_FOMC_OTHER-2001-08-21,CTRL_FOMC_OTHER,other,0,2001-08-21,14:15,2001-08-22,03:15,reported,US,2001-08-21,0,0,0,FOMC（サイクル転換なし）,FOMC statement and Board discount rate action,"cut: target lowered 25bp to 3.50%; meeting: August 21 Meeting; 'For immediate release' (regular afternoon statement, about 2:15 p.m. EDT)",,https://www.federalreserve.gov/boarddocs/press/general/2001/20010821/,2026-09-27,af2affb3,200,2026-09-27,registration,0,,,,対照池
CTRL_FOMC_OTHER-2001-09-17,CTRL_FOMC_OTHER,other,0,2001-09-17,08:20,2001-09-17,21:20,reported,US,2001-09-17,0,0,0,FOMC（サイクル転換なし）,FOMC statement and Board discount rate action,emergency: target lowered 50bp to 3.00%; unscheduled: September 17 Conference Call; released about 8:20 a.m. EDT; intermeeting conference call before US market reopening after 9/11; release t,,https://www.federalreserve.gov/boarddocs/press/general/2001/20010917/,2026-09-27,4f885e5f,200,2026-09-27,registration,0,,,,対照池
MOF_FX-2001-09-17,MOF_FX,yen_sell,-1,2001-09-17,,2001-09-17,,,JP,2001-09-28,1,0,1,円売り・ドル買い介入（回合 10 日）,Yen-selling intervention episode (10 days),"回合首日 2001-09-17、最终日 2001-09-28、实施 10 日、合计 ¥32,107 億円（財務省 外国為替平衡操作の実施状況）",32107,https://www.mof.go.jp/policy/international_policy/reference/feio/foreign_exchange_intervention_operations.csv,2026-09-27,c2869df8,200,2026-09-27,registration,0,,,,当日公表は未確認 → 覆面扱い：Intervention day and amount confirmed by MOF all-data CSV (fetched). Same-day acknowledgement: not verifiable on mof.go.
BOJ_CHANGE-2001-09-18,BOJ_CHANGE,ease,-1,2001-09-18,12:00,2001-09-18,12:00,class_default,JP,2001-09-18,0,0,1,当座預金残高目標引上げ・公定歩合引下げ（9.11後）,QE target raised above ¥6T; official discount rate cut to 0.10%,9·11后紧急宽松：活期存款余额目标提高至¥6兆円以上，公定歩合0.25%→0.10%,,https://www.boj.or.jp/en/mopo/mpmdeci/mpr_2001/k010918.htm,2026-09-27,5f3e2f6d,200,2026-09-27,registration,0,,,,
CTRL_FOMC_OTHER-2001-10-02,CTRL_FOMC_OTHER,other,0,2001-10-02,14:15,2001-10-03,03:15,reported,US,2001-10-02,0,0,0,FOMC（サイクル転換なし）,FOMC statement and Board discount rate action,"cut: target lowered 50bp to 2.50%; meeting: October 2 Meeting; 'For immediate release' (regular afternoon statement, about 2:15 p.m. EDT)",,https://www.federalreserve.gov/boarddocs/press/general/2001/20011002/,2026-09-27,703b1c7d,200,2026-09-27,registration,0,,,,対照池
CTRL_BOJ_NOCHG-2001-10-12,CTRL_BOJ_NOCHG,no_change,0,2001-10-12,12:00,2001-10-12,12:00,class_default,JP,2001-10-12,0,0,0,日銀金融政策決定会合（変更なし）,Announcement of the Monetary Policy Meeting Decisions (unchanged),policy unchanged per title,,https://www.boj.or.jp/en/mopo/mpmdeci/mpr_2001/k011012.htm,2026-09-27,ba1141d9,200,2026-09-27,registration,0,,,,対照池
CTRL_BOJ_NOCHG-2001-10-29,CTRL_BOJ_NOCHG,no_change,0,2001-10-29,12:00,2001-10-29,12:00,class_default,JP,2001-10-29,0,0,0,日銀金融政策決定会合（変更なし）,Announcement of the Monetary Policy Meeting Decisions (unchanged),policy unchanged per title,,https://www.boj.or.jp/en/mopo/mpmdeci/mpr_2001/k011029.htm,2026-09-27,12ef4676,200,2026-09-27,registration,0,,,,対照池
CTRL_FOMC_OTHER-2001-11-06,CTRL_FOMC_OTHER,other,0,2001-11-06,14:15,2001-11-07,04:15,reported,US,2001-11-06,0,0,0,FOMC（サイクル転換なし）,FOMC statement and Board discount rate action,"cut: target lowered 50bp to 2.00%; meeting: November 6 Meeting; 'For immediate release' (regular afternoon statement, about 2:15 p.m. EST)",,https://www.federalreserve.gov/boarddocs/press/general/2001/20011106/,2026-09-27,31c1bf1a,200,2026-09-27,registration,0,,,,対照池
CTRL_BOJ_NOCHG-2001-11-16,CTRL_BOJ_NOCHG,no_change,0,2001-11-16,12:00,2001-11-16,12:00,class_default,JP,2001-11-16,0,0,0,日銀金融政策決定会合（変更なし）,Announcement of the Monetary Policy Meeting Decisions (unchanged),policy unchanged per title,,https://www.boj.or.jp/en/mopo/mpmdeci/mpr_2001/k011116.htm,2026-09-27,c8c2a25e,200,2026-09-27,registration,0,,,,対照池
CTRL_BOJ_NOCHG-2001-11-29,CTRL_BOJ_NOCHG,no_change,0,2001-11-29,12:00,2001-11-29,12:00,class_default,JP,2001-11-29,0,0,0,日銀金融政策決定会合（変更なし）,Announcement of the Monetary Policy Meeting Decisions (unchanged),policy unchanged per title,,https://www.boj.or.jp/en/mopo/mpmdeci/mpr_2001/k011129.htm,2026-09-27,4bfde3c3,200,2026-09-27,registration,0,,,,対照池
CTRL_FOMC_OTHER-2001-12-11,CTRL_FOMC_OTHER,other,0,2001-12-11,14:15,2001-12-12,04:15,reported,US,2001-12-11,0,0,0,FOMC（サイクル転換なし）,FOMC statement and Board discount rate action,"cut: target lowered 25bp to 1.75%; meeting: December 11 Meeting; 'For immediate release' (regular afternoon statement, about 2:15 p.m. EST)",,https://www.federalreserve.gov/boarddocs/press/general/2001/20011211/,2026-09-27,73782403,200,2026-09-27,registration,0,,,,対照池
BOJ_CHANGE-2001-12-19,BOJ_CHANGE,ease,-1,2001-12-19,12:00,2001-12-19,12:00,class_default,JP,2001-12-19,0,0,1,日銀金融政策決定会合（政策変更）,Change in the Guideline for Money Market Operations,CAB target JPY 10-15tn; JGB outright purchases JPY 800bn per month,,https://www.boj.or.jp/en/mopo/mpmdeci/mpr_2001/k011219a.htm,2026-09-27,4e0782de,200,2026-09-27,registration,0,,,,機械規則（年表タイトル / 声明冒頭の目標水準）で抽出
CTRL_BOJ_NOCHG-2002-01-16,CTRL_BOJ_NOCHG,no_change,0,2002-01-16,12:00,2002-01-16,12:00,class_default,JP,2002-01-16,0,0,0,日銀金融政策決定会合（変更なし）,Announcement of the Monetary Policy Meeting Decisions (unchanged),policy unchanged per title,,https://www.boj.or.jp/en/mopo/mpmdeci/mpr_2002/k020116.htm,2026-09-27,a5effe19,200,2026-09-27,registration,0,,,,対照池
CTRL_FOMC_OTHER-2002-01-30,CTRL_FOMC_OTHER,other,0,2002-01-30,14:15,2002-01-31,04:15,reported,US,2002-01-30,0,0,0,FOMC（サイクル転換なし）,FOMC statement,"hold: target unchanged at 1.75%; meeting: January 29-30 Meeting; 'For immediate release' (regular afternoon statement, about 2:15 p.m. EST)",,https://www.federalreserve.gov/boarddocs/press/general/2002/20020130/,2026-09-27,eb80c0fd,200,2026-09-27,registration,0,,,,対照池
CTRL_BOJ_NOCHG-2002-02-08,CTRL_BOJ_NOCHG,no_change,0,2002-02-08,12:00,2002-02-08,12:00,class_default,JP,2002-02-08,0,0,0,日銀金融政策決定会合（変更なし）,Announcement of the Monetary Policy Meeting Decisions (unchanged),policy unchanged per title,,https://www.boj.or.jp/en/mopo/mpmdeci/mpr_2002/k020208.htm,2026-09-27,c3f2f0fe,200,2026-09-27,registration,0,,,,対照池
BOJ_CHANGE-2002-02-28,BOJ_CHANGE,ease,-1,2002-02-28,12:00,2002-02-28,12:00,class_default,JP,2002-02-28,0,0,1,日銀金融政策決定会合（政策変更）,On Today's Decision at the Monetary Policy Meeting,JGB outright purchases JPY 800bn->1tn per month; ample liquidity toward fiscal year-end irrespective of CAB target (target itself unchanged JPY 10-15tn),,https://www.boj.or.jp/en/mopo/mpmdeci/mpr_2002/k020228.htm,2026-09-27,798aea50,200,2026-09-27,registration,0,,,,機械規則（年表タイトル / 声明冒頭の目標水準）で抽出
CTRL_FOMC_OTHER-2002-03-19,CTRL_FOMC_OTHER,other,0,2002-03-19,14:15,2002-03-20,04:15,reported,US,2002-03-19,0,0,0,FOMC（サイクル転換なし）,FOMC statement,"hold: target unchanged at 1.75%; meeting: March 19 Meeting; 'For immediate release' (regular afternoon statement, about 2:15 p.m. EST)",,https://www.federalreserve.gov/boarddocs/press/general/2002/20020319/,2026-09-27,2d74c2f7,200,2026-09-27,registration,0,,,,対照池
CTRL_BOJ_NOCHG-2002-03-20,CTRL_BOJ_NOCHG,no_change,0,2002-03-20,12:00,2002-03-20,12:00,class_default,JP,2002-03-20,0,0,0,日銀金融政策決定会合（変更なし）,Announcement of the Monetary Policy Meeting Decisions (unchanged),policy unchanged per title,,https://www.boj.or.jp/en/mopo/mpmdeci/mpr_2002/k020320.htm,2026-09-27,9e3b5458,200,2026-09-27,registration,0,,,,対照池
CTRL_BOJ_NOCHG-2002-04-11,CTRL_BOJ_NOCHG,no_change,0,2002-04-11,12:00,2002-04-11,12:00,class_default,JP,2002-04-11,0,0,0,日銀金融政策決定会合（変更なし）,Announcement of the Monetary Policy Meeting Decisions (unchanged),policy unchanged per title,,https://www.boj.or.jp/en/mopo/mpmdeci/mpr_2002/k020411.htm,2026-09-27,593eca88,200,2026-09-27,registration,0,,,,対照池
CTRL_BOJ_NOCHG-2002-04-30,CTRL_BOJ_NOCHG,no_change,0,2002-04-30,12:00,2002-04-30,12:00,class_default,JP,2002-04-30,0,0,0,日銀金融政策決定会合（変更なし）,Announcement of the Monetary Policy Meeting Decisions (unchanged),policy unchanged per title,,https://www.boj.or.jp/en/mopo/mpmdeci/mpr_2002/k020430.htm,2026-09-27,41cdb75c,200,2026-09-27,registration,0,,,,対照池
CTRL_FOMC_OTHER-2002-05-07,CTRL_FOMC_OTHER,other,0,2002-05-07,14:15,2002-05-08,03:15,reported,US,2002-05-07,0,0,0,FOMC（サイクル転換なし）,FOMC statement,"hold: target unchanged at 1.75%; meeting: May 7 Meeting; 'For immediate release' (regular afternoon statement, about 2:15 p.m. EDT)",,https://www.federalreserve.gov/boarddocs/press/monetary/2002/20020507/,2026-09-27,3dd74806,200,2026-09-27,registration,0,,,,対照池
CTRL_BOJ_NOCHG-2002-05-21,CTRL_BOJ_NOCHG,no_change,0,2002-05-21,12:00,2002-05-21,12:00,class_default,JP,2002-05-21,0,0,0,日銀金融政策決定会合（変更なし）,Announcement of the Monetary Policy Meeting Decisions (unchanged),policy unchanged per title,,https://www.boj.or.jp/en/mopo/mpmdeci/mpr_2002/k020521.htm,2026-09-27,d3db24cc,200,2026-09-27,registration,0,,,,対照池
MOF_FX-2002-05-22,MOF_FX,yen_sell,-1,2002-05-22,,2002-05-22,,,JP,2002-05-31,1,0,1,円売り・ドル買い介入（回合 4 日）,Yen-selling intervention episode (4 days),"回合首日 2002-05-22、最终日 2002-06-04、实施 4 日、合计 ¥24,901 億円（財務省 外国為替平衡操作の実施状況）",24901,https://www.mof.go.jp/policy/international_policy/reference/feio/foreign_exchange_intervention_operations.csv,2026-09-27,c2869df8,200,2026-09-27,registration,0,,,,当日公表は未確認 → 覆面扱い：CSV confirms the day. Same-day acknowledgement not verifiable on mof.go.jp (WARP-only archive); press reports at the tim
CTRL_BOJ_NOCHG-2002-06-12,CTRL_BOJ_NOCHG,no_change,0,2002-06-12,12:00,2002-06-12,12:00,class_default,JP,2002-06-12,0,0,0,日銀金融政策決定会合（変更なし）,Announcement of the Monetary Policy Meeting Decisions (unchanged),policy unchanged per title,,https://www.boj.or.jp/en/mopo/mpmdeci/mpr_2002/k020612.htm,2026-09-27,6da40fca,200,2026-09-27,registration,0,,,,対照池
MOF_FX-2002-06-24,MOF_FX,yen_sell,-1,2002-06-24,,2002-06-24,,,JP,2002-06-28,1,0,1,円売り・ドル買い介入（回合 4 日）,Yen-selling intervention episode (4 days),"回合首日 2002-06-24、最终日 2002-06-28、实施 4 日、合计 ¥15,261 億円（財務省 外国為替平衡操作の実施状況）",15261,https://www.mof.go.jp/policy/international_policy/reference/feio/foreign_exchange_intervention_operations.csv,2026-09-27,c2869df8,200,2026-09-27,registration,0,,,,当日公表は未確認 → 覆面扱い：CSV confirms the day. Same-day acknowledgement not verifiable on mof.go.jp (WARP-only). known_on is the last business da
CTRL_BOJ_NOCHG-2002-06-26,CTRL_BOJ_NOCHG,no_change,0,2002-06-26,12:00,2002-06-26,12:00,class_default,JP,2002-06-26,0,0,0,日銀金融政策決定会合（変更なし）,Announcement of the Monetary Policy Meeting Decisions (unchanged),policy unchanged per title,,https://www.boj.or.jp/en/mopo/mpmdeci/mpr_2002/k020626.htm,2026-09-27,0653eab8,200,2026-09-27,registration,0,,,,対照池
CTRL_FOMC_OTHER-2002-06-26,CTRL_FOMC_OTHER,other,0,2002-06-26,14:15,2002-06-27,03:15,reported,US,2002-06-26,0,0,0,FOMC（サイクル転換なし）,FOMC statement,"hold: target unchanged at 1.75%; meeting: June 25-26 Meeting; 'For immediate release' (regular afternoon statement, about 2:15 p.m. EDT)",,https://www.federalreserve.gov/boarddocs/press/monetary/2002/20020626/,2026-09-27,0c33882a,200,2026-09-27,registration,0,,,,対照池
CTRL_BOJ_NOCHG-2002-07-16,CTRL_BOJ_NOCHG,no_change,0,2002-07-16,12:00,2002-07-16,12:00,class_default,JP,2002-07-16,0,0,0,日銀金融政策決定会合（変更なし）,Announcement of the Monetary Policy Meeting Decisions (unchanged),policy unchanged per title,,https://www.boj.or.jp/en/mopo/mpmdeci/mpr_2002/k020716.htm,2026-09-27,6614ce90,200,2026-09-27,registration,0,,,,対照池
CTRL_BOJ_NOCHG-2002-08-09,CTRL_BOJ_NOCHG,no_change,0,2002-08-09,12:00,2002-08-09,12:00,class_default,JP,2002-08-09,0,0,0,日銀金融政策決定会合（変更なし）,Announcement of the Monetary Policy Meeting Decisions (unchanged),policy unchanged per title,,https://www.boj.or.jp/en/mopo/mpmdeci/mpr_2002/k020809.htm,2026-09-27,37edc19f,200,2026-09-27,registration,0,,,,対照池
CTRL_FOMC_OTHER-2002-08-13,CTRL_FOMC_OTHER,other,0,2002-08-13,14:15,2002-08-14,03:15,reported,US,2002-08-13,0,0,0,FOMC（サイクル転換なし）,FOMC statement,"hold: target unchanged at 1.75%; meeting: August 13 Meeting; 'For immediate release' (regular afternoon statement, about 2:15 p.m. EDT)",,https://www.federalreserve.gov/boarddocs/press/monetary/2002/20020813/,2026-09-27,f1affe64,200,2026-09-27,registration,0,,,,対照池
CTRL_BOJ_NOCHG-2002-09-18,CTRL_BOJ_NOCHG,no_change,0,2002-09-18,12:00,2002-09-18,12:00,class_default,JP,2002-09-18,0,0,0,日銀金融政策決定会合（変更なし）,On Today's Decision at the Monetary Policy Meeting (unchanged),guideline unchanged (title); the Bank's plan to purchase shares held by banks was also announced on this date (separate from the guideline),,https://www.boj.or.jp/en/mopo/mpmdeci/mpr_2002/k020918.htm,2026-09-27,5fa82146,200,2026-09-27,registration,0,,,,対照池
CTRL_FOMC_OTHER-2002-09-24,CTRL_FOMC_OTHER,other,0,2002-09-24,14:15,2002-09-25,03:15,reported,US,2002-09-24,0,0,0,FOMC（サイクル転換なし）,FOMC statement,"hold: target unchanged at 1.75%; meeting: September 24 Meeting; 'For immediate release' (regular afternoon statement, about 2:15 p.m. EDT)",,https://www.federalreserve.gov/boarddocs/press/monetary/2002/20020924/,2026-09-27,4b5e53cd,200,2026-09-27,registration,0,,,,対照池
CTRL_BOJ_NOCHG-2002-10-11,CTRL_BOJ_NOCHG,no_change,0,2002-10-11,12:00,2002-10-11,12:00,class_default,JP,2002-10-11,0,0,0,日銀金融政策決定会合（変更なし）,Announcement of the Monetary Policy Meeting Decisions (unchanged),policy unchanged per title,,https://www.boj.or.jp/en/mopo/mpmdeci/mpr_2002/k021011.htm,2026-09-27,dac0e572,200,2026-09-27,registration,0,,,,対照池
BOJ_CHANGE-2002-10-30,BOJ_CHANGE,ease,-1,2002-10-30,12:00,2002-10-30,12:00,class_default,JP,2002-10-30,0,0,1,日銀金融政策決定会合（政策変更）,Change in the Guideline for Money Market Operations,CAB target JPY 15-20tn; JGB outright purchases JPY 1tn->1.2tn per month,,https://www.boj.or.jp/en/mopo/mpmdeci/mpr_2002/k021030.htm,2026-09-27,96deae80,200,2026-09-27,registration,0,,,,機械規則（年表タイトル / 声明冒頭の目標水準）で抽出
CTRL_FOMC_OTHER-2002-11-06,CTRL_FOMC_OTHER,other,0,2002-11-06,14:15,2002-11-07,04:15,reported,US,2002-11-06,0,0,0,FOMC（サイクル転換なし）,FOMC statement and Board discount rate action,"cut: target lowered 50bp to 1.25%; meeting: November 6 Meeting; 'For immediate release' (regular afternoon statement, about 2:15 p.m. EST)",,https://www.federalreserve.gov/boarddocs/press/monetary/2002/20021106/,2026-09-27,81a9f67a,200,2026-09-27,registration,0,,,,対照池
CTRL_BOJ_NOCHG-2002-11-19,CTRL_BOJ_NOCHG,no_change,0,2002-11-19,12:00,2002-11-19,12:00,class_default,JP,2002-11-19,0,0,0,日銀金融政策決定会合（変更なし）,Announcement of the Monetary Policy Meeting Decisions (unchanged),policy unchanged per title,,https://www.boj.or.jp/en/mopo/mpmdeci/mpr_2002/k021119.htm,2026-09-27,8c6d25aa,200,2026-09-27,registration,0,,,,対照池
CTRL_FOMC_OTHER-2002-12-10,CTRL_FOMC_OTHER,other,0,2002-12-10,14:15,2002-12-11,04:15,reported,US,2002-12-10,0,0,0,FOMC（サイクル転換なし）,FOMC statement,"hold: target unchanged at 1.25%; meeting: December 10 Meeting; 'For immediate release' (regular afternoon statement, about 2:15 p.m. EST)",,https://www.federalreserve.gov/boarddocs/press/monetary/2002/20021210/,2026-09-27,ffa5c935,200,2026-09-27,registration,0,,,,対照池
CTRL_BOJ_NOCHG-2002-12-17,CTRL_BOJ_NOCHG,no_change,0,2002-12-17,12:00,2002-12-17,12:00,class_default,JP,2002-12-17,0,0,0,日銀金融政策決定会合（変更なし）,Announcement of the Monetary Policy Meeting Decisions (unchanged),guideline unchanged; 'Measures to Facilitate Smooth Corporate Financing' (k021217b: ABCP eligibility etc.); same-day decision docs: k021217b.htm,,https://www.boj.or.jp/en/mopo/mpmdeci/mpr_2002/k021217a.htm,2026-09-27,3dad5de9,200,2026-09-27,registration,0,,,,対照池
MOF_FX-2003-01-15,MOF_FX,yen_sell,-1,2003-01-15,,2003-01-15,,,JP,2003-01-31,1,0,1,円売り・ドル買い介入（回合 8 日）,Yen-selling intervention episode (8 days),"回合首日 2003-01-15、最终日 2003-01-29、实施 8 日、合计 ¥6,781 億円（財務省 外国為替平衡操作の実施状況）",6781,https://www.mof.go.jp/policy/international_policy/reference/feio/foreign_exchange_intervention_operations.csv,2026-09-27,c2869df8,200,2026-09-27,registration,0,,,,覆面介入（当日の公式確認なし）：Stealth (覆面) intervention era under Vice Minister Mizoguchi: not acknowledged on the day; first disclosed in the monthly
CTRL_BOJ_NOCHG-2003-01-22,CTRL_BOJ_NOCHG,no_change,0,2003-01-22,12:00,2003-01-22,12:00,class_default,JP,2003-01-22,0,0,0,日銀金融政策決定会合（変更なし）,Announcement of the Monetary Policy Meeting Decisions (unchanged),policy unchanged per title,,https://www.boj.or.jp/en/mopo/mpmdeci/mpr_2003/k030122.htm,2026-09-27,48231f1e,200,2026-09-27,registration,0,,,,対照池
CTRL_FOMC_OTHER-2003-01-29,CTRL_FOMC_OTHER,other,0,2003-01-29,14:15,2003-01-30,04:15,reported,US,2003-01-29,0,0,0,FOMC（サイクル転換なし）,FOMC statement,"hold: target unchanged at 1.25%; meeting: January 28-29 Meeting; 'For immediate release' (regular afternoon statement, about 2:15 p.m. EST)",,https://www.federalreserve.gov/boarddocs/press/monetary/2003/20030129/default.htm,2026-09-27,b246048f,200,2026-09-27,registration,0,,,,対照池
CTRL_BOJ_NOCHG-2003-02-14,CTRL_BOJ_NOCHG,no_change,0,2003-02-14,12:00,2003-02-14,12:00,class_default,JP,2003-02-14,0,0,0,日銀金融政策決定会合（変更なし）,Announcement of the Monetary Policy Meeting Decisions (unchanged),policy unchanged per title,,https://www.boj.or.jp/en/mopo/mpmdeci/mpr_2003/k030214.htm,2026-09-27,91eca35a,200,2026-09-27,registration,0,,,,対照池
MOF_FX-2003-02-24,MOF_FX,yen_sell,-1,2003-02-24,,2003-02-24,,,JP,2003-02-28,1,0,1,円売り・ドル買い介入（回合 16 日）,Yen-selling intervention episode (16 days),"回合首日 2003-02-24、最终日 2003-03-10、实施 16 日、合计 ¥17,088 億円（財務省 外国為替平衡操作の実施状況）",17088,https://www.mof.go.jp/policy/international_policy/reference/feio/foreign_exchange_intervention_operations.csv,2026-09-27,c2869df8,200,2026-09-27,registration,0,,,,覆面介入（当日の公式確認なし）：Stealth intervention; disclosed in monthly release. known_on is the last business day of the release month per MOF pract
CTRL_BOJ_NOCHG-2003-03-05,CTRL_BOJ_NOCHG,no_change,0,2003-03-05,12:00,2003-03-05,12:00,class_default,JP,2003-03-05,0,0,0,日銀金融政策決定会合（変更なし）,Announcement of the Monetary Policy Meeting Decisions (unchanged),policy unchanged per title,,https://www.boj.or.jp/en/mopo/mpmdeci/mpr_2003/k030305.htm,2026-09-27,88350eea,200,2026-09-27,registration,0,,,,対照池
CTRL_FOMC_OTHER-2003-03-18,CTRL_FOMC_OTHER,other,0,2003-03-18,14:15,2003-03-19,04:15,reported,US,2003-03-18,0,0,0,FOMC（サイクル転換なし）,FOMC statement,"hold: target unchanged at 1.25%; meeting: March 18 Meeting; 'For immediate release' (regular afternoon statement, about 2:15 p.m. EST)",,https://www.federalreserve.gov/boarddocs/press/monetary/2003/20030318/default.htm,2026-09-27,cf3f65f8,200,2026-09-27,registration,0,,,,対照池
CTRL_BOJ_NOCHG-2003-03-25,CTRL_BOJ_NOCHG,no_change,0,2003-03-25,12:00,2003-03-25,12:00,class_default,JP,2003-03-25,0,0,0,日銀金融政策決定会合（変更なし）,On Today's Monetary Policy Meeting,"scheduled one-day meeting (per minutes index); Lombard-lending day restriction suspended, Chairman instructed staff to examine transmission measures; CAB target unchanged JPY 15-20tn",,https://www.boj.or.jp/en/mopo/mpmdeci/mpr_2003/k030325.htm,2026-09-27,8c9a3858,200,2026-09-27,registration,0,,,,対照池
CTRL_BOJ_NOCHG-2003-04-08,CTRL_BOJ_NOCHG,no_change,0,2003-04-08,12:00,2003-04-08,12:00,class_default,JP,2003-04-08,0,0,0,日銀金融政策決定会合（変更なし）,Announcement of the Monetary Policy Meeting Decisions (unchanged),guideline unchanged; examination of possible ABS purchases (k030408b); same-day decision docs: k030408b.htm,,https://www.boj.or.jp/en/mopo/mpmdeci/mpr_2003/k030408a.htm,2026-09-27,fa8377d7,200,2026-09-27,registration,0,,,,対照池
BOJ_CHANGE-2003-04-30,BOJ_CHANGE,ease,-1,2003-04-30,12:00,2003-04-30,12:00,class_default,JP,2003-04-30,0,0,1,日銀金融政策決定会合（政策変更）,Change in the Guideline for Money Market Operations,CAB target JPY 22-27tn,,https://www.boj.or.jp/en/mopo/mpmdeci/mpr_2003/k030430.htm,2026-09-27,ab131d0d,200,2026-09-27,registration,0,,,,機械規則（年表タイトル / 声明冒頭の目標水準）で抽出
CTRL_FOMC_OTHER-2003-05-06,CTRL_FOMC_OTHER,other,0,2003-05-06,14:15,2003-05-07,03:15,reported,US,2003-05-06,0,0,0,FOMC（サイクル転換なし）,FOMC statement,"hold: target unchanged at 1.25%; meeting: May 6 Meeting; 'For immediate release' (regular afternoon statement, about 2:15 p.m. EDT)",,https://www.federalreserve.gov/boarddocs/press/monetary/2003/20030506/default.htm,2026-09-27,7751a17b,200,2026-09-27,registration,0,,,,対照池
MOF_FX-2003-05-08,MOF_FX,yen_sell,-1,2003-05-08,,2003-05-08,,,JP,2003-05-30,1,0,1,円売り・ドル買い介入（回合 29 日）,Yen-selling intervention episode (29 days),"回合首日 2003-05-08、最终日 2003-07-16、实施 29 日、合计 ¥66,386 億円（財務省 外国為替平衡操作の実施状況）",66386,https://www.mof.go.jp/policy/international_policy/reference/feio/foreign_exchange_intervention_operations.csv,2026-09-27,c2869df8,200,2026-09-27,registration,0,,,,覆面介入（当日の公式確認なし）：Stealth intervention; disclosed in monthly release. known_on is the last business day of the release month per MOF pract
BOJ_CHANGE-2003-05-20,BOJ_CHANGE,ease,-1,2003-05-20,12:00,2003-05-20,12:00,class_default,JP,2003-05-20,0,0,1,日銀金融政策決定会合（政策変更）,Change in the Guideline for Money Market Operations,CAB target JPY 27-30tn,,https://www.boj.or.jp/en/mopo/mpmdeci/mpr_2003/k030520.htm,2026-09-27,e7a04a50,200,2026-09-27,registration,0,,,,機械規則（年表タイトル / 声明冒頭の目標水準）で抽出
CTRL_BOJ_NOCHG-2003-06-11,CTRL_BOJ_NOCHG,no_change,0,2003-06-11,12:00,2003-06-11,12:00,class_default,JP,2003-06-11,0,0,0,日銀金融政策決定会合（変更なし）,Announcement of the Monetary Policy Meeting Decisions (unchanged),guideline unchanged; temporary scheme to purchase asset-backed securities decided (k030611b) -> conservative: no_change; same-day decision docs: k030611b.htm,,https://www.boj.or.jp/en/mopo/mpmdeci/mpr_2003/k030611a.htm,2026-09-27,58e03a6b,200,2026-09-27,registration,0,,,,対照池
CTRL_BOJ_NOCHG-2003-06-25,CTRL_BOJ_NOCHG,no_change,0,2003-06-25,12:00,2003-06-25,12:00,class_default,JP,2003-06-25,0,0,0,日銀金融政策決定会合（変更なし）,Announcement of the Monetary Policy Meeting Decisions (unchanged),policy unchanged per title,,https://www.boj.or.jp/en/mopo/mpmdeci/mpr_2003/k030625.htm,2026-09-27,c81031b2,200,2026-09-27,registration,0,,,,対照池
CTRL_FOMC_OTHER-2003-06-25,CTRL_FOMC_OTHER,other,0,2003-06-25,14:15,2003-06-26,03:15,reported,US,2003-06-25,0,0,0,FOMC（サイクル転換なし）,FOMC statement,"cut: target lowered 25bp to 1.00%; meeting: June 24-25 Meeting; 'For immediate release' (regular afternoon statement, about 2:15 p.m. EDT)",,https://www.federalreserve.gov/boarddocs/press/monetary/2003/20030625/default.htm,2026-09-27,2e71a4a9,200,2026-09-27,registration,0,,,,対照池
CTRL_BOJ_NOCHG-2003-07-15,CTRL_BOJ_NOCHG,no_change,0,2003-07-15,12:00,2003-07-15,12:00,class_default,JP,2003-07-15,0,0,0,日銀金融政策決定会合（変更なし）,Announcement of the Monetary Policy Meeting Decisions (unchanged),policy unchanged per title,,https://www.boj.or.jp/en/mopo/mpmdeci/mpr_2003/k030715.htm,2026-09-27,b9077853,200,2026-09-27,registration,0,,,,対照池
CTRL_BOJ_NOCHG-2003-08-08,CTRL_BOJ_NOCHG,no_change,0,2003-08-08,12:00,2003-08-08,12:00,class_default,JP,2003-08-08,0,0,0,日銀金融政策決定会合（変更なし）,Announcement of the Monetary Policy Meeting Decisions (unchanged),policy unchanged per title,,https://www.boj.or.jp/en/mopo/mpmdeci/mpr_2003/k030808.htm,2026-09-27,79a011fd,200,2026-09-27,registration,0,,,,対照池
CTRL_FOMC_OTHER-2003-08-12,CTRL_FOMC_OTHER,other,0,2003-08-12,14:15,2003-08-13,03:15,reported,US,2003-08-12,0,0,0,FOMC（サイクル転換なし）,FOMC statement,"hold: target unchanged at 1.00%; meeting: August 12 Meeting; 'For immediate release' (regular afternoon statement, about 2:15 p.m. EDT)",,https://www.federalreserve.gov/boarddocs/press/monetary/2003/20030812/default.htm,2026-09-27,922286e6,200,2026-09-27,registration,0,,,,対照池
MOF_FX-2003-08-29,MOF_FX,yen_sell,-1,2003-08-29,,2003-08-29,,,JP,2003-09-30,1,0,1,円売り・ドル買い介入（回合 19 日）,Yen-selling intervention episode (19 days),"回合首日 2003-08-29、最终日 2003-10-14、实施 19 日、合计 ¥70,110 億円（財務省 外国為替平衡操作の実施状況）",70110,https://www.mof.go.jp/policy/international_policy/reference/feio/foreign_exchange_intervention_operations.csv,2026-09-27,c2869df8,200,2026-09-27,registration,0,,,,"覆面介入（当日の公式確認なし）：Stealth intervention; Aug 29 falls after the August release cutoff, so it was first disclosed in the September release. "
CTRL_BOJ_NOCHG-2003-09-12,CTRL_BOJ_NOCHG,no_change,0,2003-09-12,12:00,2003-09-12,12:00,class_default,JP,2003-09-12,0,0,0,日銀金融政策決定会合（変更なし）,Announcement of the Monetary Policy Meeting Decisions  (unchanged),guideline unchanged; review of repo maturity extension (k030912b); same-day decision docs: k030912b.htm,,https://www.boj.or.jp/en/mopo/mpmdeci/mpr_2003/k030912.htm,2026-09-27,f6b424ad,200,2026-09-27,registration,0,,,,対照池
CTRL_FOMC_OTHER-2003-09-16,CTRL_FOMC_OTHER,other,0,2003-09-16,14:15,2003-09-17,03:15,reported,US,2003-09-16,0,0,0,FOMC（サイクル転換なし）,FOMC statement,"hold: target unchanged at 1.00%; meeting: September 16 Meeting; 'For immediate release' (regular afternoon statement, about 2:15 p.m. EDT)",,https://www.federalreserve.gov/boarddocs/press/monetary/2003/20030916/default.htm,2026-09-27,512538fd,200,2026-09-27,registration,0,,,,対照池
BOJ_CHANGE-2003-10-10,BOJ_CHANGE,ease,-1,2003-10-10,12:00,2003-10-10,12:00,class_default,JP,2003-10-10,0,0,1,日銀金融政策決定会合（政策変更）,On Today's Decision at the Monetary Policy Meeting,"CAB target upper limit raised to JPY 27-32tn; commitment conditions clarified ('Enhancement of Monetary Policy Transparency', k031010b); same-day decision docs: k031010b.htm",,https://www.boj.or.jp/en/mopo/mpmdeci/mpr_2003/k031010.htm,2026-09-27,be4ab4d1,200,2026-09-27,registration,0,,,,機械規則（年表タイトル / 声明冒頭の目標水準）で抽出
CTRL_FOMC_OTHER-2003-10-28,CTRL_FOMC_OTHER,other,0,2003-10-28,14:15,2003-10-29,04:15,reported,US,2003-10-28,0,0,0,FOMC（サイクル転換なし）,FOMC statement,"hold: target unchanged at 1.00%; meeting: October 28 Meeting; 'For immediate release' (regular afternoon statement, about 2:15 p.m. EST)",,https://www.federalreserve.gov/boarddocs/press/monetary/2003/20031028/default.htm,2026-09-27,23a31879,200,2026-09-27,registration,0,,,,対照池
MOF_FX-2003-10-28,MOF_FX,yen_sell,-1,2003-10-28,,2003-10-28,,,JP,2003-10-31,1,0,1,円売り・ドル買い介入（回合 10 日）,Yen-selling intervention episode (10 days),"回合首日 2003-10-28、最终日 2003-11-21、实施 10 日、合计 ¥17,689 億円（財務省 外国為替平衡操作の実施状況）",17689,https://www.mof.go.jp/policy/international_policy/reference/feio/foreign_exchange_intervention_operations.csv,2026-09-27,c2869df8,200,2026-09-27,registration,0,,,,覆面介入（当日の公式確認なし）：Stealth intervention; disclosed in the October release (window ends ~Oct 29). known_on is the last business day of the r
CTRL_BOJ_NOCHG-2003-10-31,CTRL_BOJ_NOCHG,no_change,0,2003-10-31,12:00,2003-10-31,12:00,class_default,JP,2003-10-31,0,0,0,日銀金融政策決定会合（変更なし）,Announcement of the Monetary Policy Meeting Decisions (unchanged),policy unchanged per title,,https://www.boj.or.jp/en/mopo/mpmdeci/mpr_2003/k031031.htm,2026-09-27,2f04394e,200,2026-09-27,registration,0,,,,対照池
CTRL_BOJ_NOCHG-2003-11-21,CTRL_BOJ_NOCHG,no_change,0,2003-11-21,12:00,2003-11-21,12:00,class_default,JP,2003-11-21,0,0,0,日銀金融政策決定会合（変更なし）,Announcement of the Monetary Policy Meeting Decisions (unchanged),policy unchanged per title,,https://www.boj.or.jp/en/mopo/mpmdeci/mpr_2003/k031121.htm,2026-09-27,c9c37747,200,2026-09-27,registration,0,,,,対照池
MOF_FX-2003-12-08,MOF_FX,yen_sell,-1,2003-12-08,,2003-12-08,,,JP,2003-12-26,1,0,1,円売り・ドル買い介入（回合 56 日）,Yen-selling intervention episode (56 days),"回合首日 2003-12-08、最终日 2004-03-16、实施 56 日、合计 ¥174,509 億円（財務省 外国為替平衡操作の実施状況）",174509,https://www.mof.go.jp/policy/international_policy/reference/feio/foreign_exchange_intervention_operations.csv,2026-09-27,c2869df8,200,2026-09-27,registration,0,,,,覆面介入（当日の公式確認なし）：Stealth intervention; disclosed in December release (MOF last business day of 2003 = Dec 26). known_on is the last busin
CTRL_FOMC_OTHER-2003-12-09,CTRL_FOMC_OTHER,other,0,2003-12-09,14:15,2003-12-10,04:15,reported,US,2003-12-09,0,0,0,FOMC（サイクル転換なし）,FOMC statement,"hold: target unchanged at 1.00%; meeting: December 9 Meeting; 'For immediate release' (regular afternoon statement, about 2:15 p.m. EST)",,https://www.federalreserve.gov/boarddocs/press/monetary/2003/20031209/default.htm,2026-09-27,e77ba31e,200,2026-09-27,registration,0,,,,対照池
CTRL_BOJ_NOCHG-2003-12-16,CTRL_BOJ_NOCHG,no_change,0,2003-12-16,12:00,2003-12-16,12:00,class_default,JP,2003-12-16,0,0,0,日銀金融政策決定会合（変更なし）,Announcement of the Monetary Policy Meeting Decisions (unchanged),guideline unchanged; review of ABS purchase conditions (k031216b); same-day decision docs: k031216b.htm,,https://www.boj.or.jp/en/mopo/mpmdeci/mpr_2003/k031216.htm,2026-09-27,94fd0fdf,200,2026-09-27,registration,0,,,,対照池
BOJ_CHANGE-2004-01-20,BOJ_CHANGE,ease,-1,2004-01-20,12:00,2004-01-20,12:00,class_default,JP,2004-01-20,0,0,1,日銀金融政策決定会合（政策変更）,Change in the Guideline for Money Market Operations,"CAB target JPY 30-35tn; same-day decision docs: k040120b.htm, k040120c.htm",,https://www.boj.or.jp/en/mopo/mpmdeci/mpr_2004/k040120.htm,2026-09-27,a4fb3665,200,2026-09-27,registration,0,,,,機械規則（年表タイトル / 声明冒頭の目標水準）で抽出
CTRL_FOMC_OTHER-2004-01-28,CTRL_FOMC_OTHER,other,0,2004-01-28,14:15,2004-01-29,04:15,reported,US,2004-01-28,0,0,0,FOMC（サイクル転換なし）,FOMC statement,"hold: target unchanged at 1.00%; meeting: January 27-28 Meeting; 'For immediate release' (regular afternoon statement, about 2:15 p.m. EST)",,https://www.federalreserve.gov/boarddocs/press/monetary/2004/20040128/default.htm,2026-09-27,efda403a,200,2026-09-27,registration,0,,,,対照池
CTRL_BOJ_NOCHG-2004-02-05,CTRL_BOJ_NOCHG,no_change,0,2004-02-05,12:00,2004-02-05,12:00,class_default,JP,2004-02-05,0,0,0,日銀金融政策決定会合（変更なし）,Announcement of the Monetary Policy Meeting Decisions (unchanged),policy unchanged per title,,https://www.boj.or.jp/en/mopo/mpmdeci/mpr_2004/k040205.htm,2026-09-27,fc779c82,200,2026-09-27,registration,0,,,,対照池
CTRL_BOJ_NOCHG-2004-02-26,CTRL_BOJ_NOCHG,no_change,0,2004-02-26,12:00,2004-02-26,12:00,class_default,JP,2004-02-26,0,0,0,日銀金融政策決定会合（変更なし）,Announcement of the Monetary Policy Meeting Decisions (unchanged),guideline unchanged; study of a securities lending facility (k040226b); same-day decision docs: k040226b.htm,,https://www.boj.or.jp/en/mopo/mpmdeci/mpr_2004/k040226.htm,2026-09-27,6ad45ba0,200,2026-09-27,registration,0,,,,対照池
CTRL_BOJ_NOCHG-2004-03-16,CTRL_BOJ_NOCHG,no_change,0,2004-03-16,12:00,2004-03-16,12:00,class_default,JP,2004-03-16,0,0,0,日銀金融政策決定会合（変更なし）,Announcement of the Monetary Policy Meeting Decisions (unchanged),policy unchanged per title,,https://www.boj.or.jp/en/mopo/mpmdeci/mpr_2004/k040316.htm,2026-09-27,dc92d8e9,200,2026-09-27,registration,0,,,,対照池
CTRL_FOMC_OTHER-2004-03-16,CTRL_FOMC_OTHER,other,0,2004-03-16,14:15,2004-03-17,04:15,reported,US,2004-03-16,0,0,0,FOMC（サイクル転換なし）,FOMC statement,"hold: target unchanged at 1.00%; meeting: March 16 Meeting; 'For immediate release' (regular afternoon statement, about 2:15 p.m. EST)",,https://www.federalreserve.gov/boarddocs/press/monetary/2004/20040316/default.htm,2026-09-27,98092c56,200,2026-09-27,registration,0,,,,対照池
CTRL_BOJ_NOCHG-2004-04-09,CTRL_BOJ_NOCHG,no_change,0,2004-04-09,12:00,2004-04-09,12:00,class_default,JP,2004-04-09,0,0,0,日銀金融政策決定会合（変更なし）,Announcement of the Monetary Policy Meeting Decisions (unchanged),"guideline unchanged; Securities Lending Facility introduced (operational, k040409b); same-day decision docs: k040409b.htm",,https://www.boj.or.jp/en/mopo/mpmdeci/mpr_2004/k040409.htm,2026-09-27,b79f7651,200,2026-09-27,registration,0,,,,対照池
CTRL_BOJ_NOCHG-2004-04-28,CTRL_BOJ_NOCHG,no_change,0,2004-04-28,12:00,2004-04-28,12:00,class_default,JP,2004-04-28,0,0,0,日銀金融政策決定会合（変更なし）,Announcement of the Monetary Policy Meeting Decisions (unchanged),policy unchanged per title,,https://www.boj.or.jp/en/mopo/mpmdeci/mpr_2004/k040428.htm,2026-09-27,f6bdbab6,200,2026-09-27,registration,0,,,,対照池
CTRL_FOMC_OTHER-2004-05-04,CTRL_FOMC_OTHER,other,0,2004-05-04,14:15,2004-05-05,03:15,reported,US,2004-05-04,0,0,0,FOMC（サイクル転換なし）,FOMC statement,"hold: target unchanged at 1.00%; meeting: May 4 Meeting; 'For immediate release' (regular afternoon statement, about 2:15 p.m. EDT)",,https://www.federalreserve.gov/boarddocs/press/monetary/2004/20040504/default.htm,2026-09-27,a5726d5a,200,2026-09-27,registration,0,,,,対照池
CTRL_BOJ_NOCHG-2004-05-20,CTRL_BOJ_NOCHG,no_change,0,2004-05-20,12:00,2004-05-20,12:00,class_default,JP,2004-05-20,0,0,0,日銀金融政策決定会合（変更なし）,Announcement of the Monetary Policy Meeting Decisions (unchanged),policy unchanged per title,,https://www.boj.or.jp/en/mopo/mpmdeci/mpr_2004/k040520.htm,2026-09-27,c31c9c7a,200,2026-09-27,registration,0,,,,対照池
CTRL_BOJ_NOCHG-2004-06-15,CTRL_BOJ_NOCHG,no_change,0,2004-06-15,12:00,2004-06-15,12:00,class_default,JP,2004-06-15,0,0,0,日銀金融政策決定会合（変更なし）,Announcement of the Monetary Policy Meeting Decisions (unchanged),policy unchanged per title,,https://www.boj.or.jp/en/mopo/mpmdeci/mpr_2004/k040615.htm,2026-09-27,6d58ed9d,200,2026-09-27,registration,0,,,,対照池
CTRL_BOJ_NOCHG-2004-06-25,CTRL_BOJ_NOCHG,no_change,0,2004-06-25,12:00,2004-06-25,12:00,class_default,JP,2004-06-25,0,0,0,日銀金融政策決定会合（変更なし）,Announcement of the Monetary Policy Meeting Decisions (unchanged),policy unchanged per title,,https://www.boj.or.jp/en/mopo/mpmdeci/mpr_2004/k040625.htm,2026-09-27,c909fdf6,200,2026-09-27,registration,0,,,,対照池
FED_TURN-2004-06-30,FED_TURN,first_hike,1,2004-06-30,14:15,2004-07-01,03:15,reported,US,2004-06-30,0,0,-1,FOMC（利上げ / 利下げサイクルの起点）,FOMC statement and Board discount rate action,"target raised 25bp to 1.25%; meeting: June 29-30 Meeting; 'For immediate release' (regular afternoon statement, about 2:15 p.m. EDT)",,https://www.federalreserve.gov/boarddocs/press/monetary/2004/20040630/default.htm,2026-09-27,333258a6,200,2026-09-27,registration,0,,,,
CTRL_BOJ_NOCHG-2004-07-13,CTRL_BOJ_NOCHG,no_change,0,2004-07-13,12:00,2004-07-13,12:00,class_default,JP,2004-07-13,0,0,0,日銀金融政策決定会合（変更なし）,Announcement of the Monetary Policy Meeting Decisions (unchanged),policy unchanged per title,,https://www.boj.or.jp/en/mopo/mpmdeci/mpr_2004/k040713.htm,2026-09-27,c251a60e,200,2026-09-27,registration,0,,,,対照池
CTRL_BOJ_NOCHG-2004-08-10,CTRL_BOJ_NOCHG,no_change,0,2004-08-10,12:00,2004-08-10,12:00,class_default,JP,2004-08-10,0,0,0,日銀金融政策決定会合（変更なし）,Announcement of the Monetary Policy Meeting Decisions (unchanged),policy unchanged per title,,https://www.boj.or.jp/en/mopo/mpmdeci/mpr_2004/k040810.htm,2026-09-27,2e7fb190,200,2026-09-27,registration,0,,,,対照池
CTRL_FOMC_OTHER-2004-08-10,CTRL_FOMC_OTHER,other,0,2004-08-10,14:15,2004-08-11,03:15,reported,US,2004-08-10,0,0,0,FOMC（サイクル転換なし）,FOMC statement and Board discount rate action,"hike: target raised 25bp to 1.50%; meeting: August 10 Meeting; 'For immediate release' (regular afternoon statement, about 2:15 p.m. EDT)",,https://www.federalreserve.gov/boarddocs/press/monetary/2004/20040810/default.htm,2026-09-27,1473a988,200,2026-09-27,registration,0,,,,対照池
CTRL_BOJ_NOCHG-2004-09-09,CTRL_BOJ_NOCHG,no_change,0,2004-09-09,12:00,2004-09-09,12:00,class_default,JP,2004-09-09,0,0,0,日銀金融政策決定会合（変更なし）,Announcement of the Monetary Policy Meeting Decisions (unchanged),policy unchanged per title,,https://www.boj.or.jp/en/mopo/mpmdeci/mpr_2004/k040909.htm,2026-09-27,3cabfe10,200,2026-09-27,registration,0,,,,対照池
CTRL_FOMC_OTHER-2004-09-21,CTRL_FOMC_OTHER,other,0,2004-09-21,14:15,2004-09-22,03:15,reported,US,2004-09-21,0,0,0,FOMC（サイクル転換なし）,FOMC statement and Board discount rate action,"hike: target raised 25bp to 1.75%; meeting: September 21 Meeting; 'For immediate release' (regular afternoon statement, about 2:15 p.m. EDT)",,https://www.federalreserve.gov/boarddocs/press/monetary/2004/20040921/default.htm,2026-09-27,bb312825,200,2026-09-27,registration,0,,,,対照池
CTRL_BOJ_NOCHG-2004-10-13,CTRL_BOJ_NOCHG,no_change,0,2004-10-13,12:00,2004-10-13,12:00,class_default,JP,2004-10-13,0,0,0,日銀金融政策決定会合（変更なし）,Announcement of the Monetary Policy Meeting Decisions (unchanged),policy unchanged per title,,https://www.boj.or.jp/en/mopo/mpmdeci/mpr_2004/k041013.htm,2026-09-27,f0e2215e,200,2026-09-27,registration,0,,,,対照池
CTRL_BOJ_NOCHG-2004-10-29,CTRL_BOJ_NOCHG,no_change,0,2004-10-29,12:00,2004-10-29,12:00,class_default,JP,2004-10-29,0,0,0,日銀金融政策決定会合（変更なし）,Announcement of the Monetary Policy Meeting Decisions (unchanged),policy unchanged per title,,https://www.boj.or.jp/en/mopo/mpmdeci/mpr_2004/k041029.htm,2026-09-27,7b934828,200,2026-09-27,registration,0,,,,対照池
CTRL_FOMC_OTHER-2004-11-10,CTRL_FOMC_OTHER,other,0,2004-11-10,14:15,2004-11-11,04:15,reported,US,2004-11-10,0,0,0,FOMC（サイクル転換なし）,FOMC statement and Board discount rate action,"hike: target raised 25bp to 2.00%; meeting: November 10 Meeting; 'For immediate release' (regular afternoon statement, about 2:15 p.m. EST)",,https://www.federalreserve.gov/boarddocs/press/monetary/2004/20041110/default.htm,2026-09-27,7b11d3c5,200,2026-09-27,registration,0,,,,対照池
CTRL_BOJ_NOCHG-2004-11-18,CTRL_BOJ_NOCHG,no_change,0,2004-11-18,12:00,2004-11-18,12:00,class_default,JP,2004-11-18,0,0,0,日銀金融政策決定会合（変更なし）,Announcement of the Monetary Policy Meeting Decisions (unchanged),policy unchanged per title,,https://www.boj.or.jp/en/mopo/mpmdeci/mpr_2004/k041118.htm,2026-09-27,767a671f,200,2026-09-27,registration,0,,,,対照池
CTRL_FOMC_OTHER-2004-12-14,CTRL_FOMC_OTHER,other,0,2004-12-14,14:15,2004-12-15,04:15,reported,US,2004-12-14,0,0,0,FOMC（サイクル転換なし）,FOMC statement and Board discount rate action,"hike: target raised 25bp to 2.25%; meeting: December 14 Meeting; 'For immediate release' (regular afternoon statement, about 2:15 p.m. EST)",,https://www.federalreserve.gov/boarddocs/press/monetary/2004/20041214/default.htm,2026-09-27,9d4e4bf1,200,2026-09-27,registration,0,,,,対照池
CTRL_BOJ_NOCHG-2004-12-17,CTRL_BOJ_NOCHG,no_change,0,2004-12-17,12:00,2004-12-17,12:00,class_default,JP,2004-12-17,0,0,0,日銀金融政策決定会合（変更なし）,Announcement of the Monetary Policy Meeting Decisions (unchanged),policy unchanged per title,,https://www.boj.or.jp/en/mopo/mpmdeci/mpr_2004/k041217.htm,2026-09-27,8681df71,200,2026-09-27,registration,0,,,,対照池
CTRL_BOJ_NOCHG-2005-01-19,CTRL_BOJ_NOCHG,no_change,0,2005-01-19,12:00,2005-01-19,12:00,class_default,JP,2005-01-19,0,0,0,日銀金融政策決定会合（変更なし）,Announcement of the Monetary Policy Meeting Decisions (unchanged),policy unchanged per title,,https://www.boj.or.jp/en/mopo/mpmdeci/mpr_2005/k050119.htm,2026-09-27,60ccd5e7,200,2026-09-27,registration,0,,,,対照池
CTRL_FOMC_OTHER-2005-02-02,CTRL_FOMC_OTHER,other,0,2005-02-02,14:15,2005-02-03,04:15,reported,US,2005-02-02,0,0,0,FOMC（サイクル転換なし）,FOMC statement and Board discount rate action,"hike: target raised 25bp to 2.50%; meeting: February 1-2 Meeting; 'For immediate release' (regular afternoon statement, about 2:15 p.m. EST)",,https://www.federalreserve.gov/boarddocs/press/monetary/2005/20050202/default.htm,2026-09-27,07697144,200,2026-09-27,registration,0,,,,対照池
CTRL_BOJ_NOCHG-2005-02-17,CTRL_BOJ_NOCHG,no_change,0,2005-02-17,12:00,2005-02-17,12:00,class_default,JP,2005-02-17,0,0,0,日銀金融政策決定会合（変更なし）,Announcement of the Monetary Policy Meeting Decisions (unchanged),policy unchanged per title,,https://www.boj.or.jp/en/mopo/mpmdeci/mpr_2005/k050217.htm,2026-09-27,c734d6e6,200,2026-09-27,registration,0,,,,対照池
CTRL_BOJ_NOCHG-2005-03-16,CTRL_BOJ_NOCHG,no_change,0,2005-03-16,12:00,2005-03-16,12:00,class_default,JP,2005-03-16,0,0,0,日銀金融政策決定会合（変更なし）,Announcement of the Monetary Policy Meeting Decisions (unchanged),policy unchanged per title,,https://www.boj.or.jp/en/mopo/mpmdeci/mpr_2005/k050316.htm,2026-09-27,cc096a2f,200,2026-09-27,registration,0,,,,対照池
CTRL_FOMC_OTHER-2005-03-22,CTRL_FOMC_OTHER,other,0,2005-03-22,14:15,2005-03-23,04:15,reported,US,2005-03-22,0,0,0,FOMC（サイクル転換なし）,FOMC statement and Board discount rate action,"hike: target raised 25bp to 2.75%; meeting: March 22 Meeting; 'For immediate release' (regular afternoon statement, about 2:15 p.m. EST)",,https://www.federalreserve.gov/boarddocs/press/monetary/2005/20050322/default.htm,2026-09-27,ec0d226f,200,2026-09-27,registration,0,,,,対照池
CTRL_BOJ_NOCHG-2005-04-06,CTRL_BOJ_NOCHG,no_change,0,2005-04-06,12:00,2005-04-06,12:00,class_default,JP,2005-04-06,0,0,0,日銀金融政策決定会合（変更なし）,Announcement of the Monetary Policy Meeting Decisions (unchanged),guideline unchanged; Outlook Report projection period extended (k050406b); same-day decision docs: k050406b.htm,,https://www.boj.or.jp/en/mopo/mpmdeci/mpr_2005/k050406.htm,2026-09-27,ee3ea463,200,2026-09-27,registration,0,,,,対照池
CTRL_BOJ_NOCHG-2005-04-28,CTRL_BOJ_NOCHG,no_change,0,2005-04-28,12:00,2005-04-28,12:00,class_default,JP,2005-04-28,0,0,0,日銀金融政策決定会合（変更なし）,Announcement of the Monetary Policy Meeting Decisions (unchanged),policy unchanged per title,,https://www.boj.or.jp/en/mopo/mpmdeci/mpr_2005/k050428.htm,2026-09-27,94d3890b,200,2026-09-27,registration,0,,,,対照池
CTRL_FOMC_OTHER-2005-05-03,CTRL_FOMC_OTHER,other,0,2005-05-03,14:15,2005-05-04,03:15,reported,US,2005-05-03,0,0,0,FOMC（サイクル転換なし）,FOMC statement and Board discount rate action,"hike: target raised 25bp to 3.00%; meeting: May 3 Meeting; 'For immediate release' (regular afternoon statement, about 2:15 p.m. EDT)",,https://www.federalreserve.gov/boarddocs/press/monetary/2005/20050503/default.htm,2026-09-27,f1af80b4,200,2026-09-27,registration,0,,,,対照池
CTRL_BOJ_NOCHG-2005-05-20,CTRL_BOJ_NOCHG,no_change,0,2005-05-20,12:00,2005-05-20,12:00,class_default,JP,2005-05-20,0,0,0,日銀金融政策決定会合（変更なし）,Announcement of the Monetary Policy Meeting Decisions (unchanged with amendment to the proviso),guideline 'unchanged with amendment to the proviso' (CAB may temporarily fall short of the target when liquidity demand is exceptionally weak) -> conservative: no_change,,https://www.boj.or.jp/en/mopo/mpmdeci/mpr_2005/k050520.htm,2026-09-27,6bf298c4,200,2026-09-27,registration,0,,,,対照池
CTRL_BOJ_NOCHG-2005-06-15,CTRL_BOJ_NOCHG,no_change,0,2005-06-15,12:00,2005-06-15,12:00,class_default,JP,2005-06-15,0,0,0,日銀金融政策決定会合（変更なし）,Announcement of the Monetary Policy Meeting Decisions (unchanged),policy unchanged per title,,https://www.boj.or.jp/en/mopo/mpmdeci/mpr_2005/k050615.htm,2026-09-27,33ee674c,200,2026-09-27,registration,0,,,,対照池
CTRL_FOMC_OTHER-2005-06-30,CTRL_FOMC_OTHER,other,0,2005-06-30,14:15,2005-07-01,03:15,reported,US,2005-06-30,0,0,0,FOMC（サイクル転換なし）,FOMC statement and Board discount rate action,"hike: target raised 25bp to 3.25%; meeting: June 29-30 Meeting; 'For immediate release' (regular afternoon statement, about 2:15 p.m. EDT)",,https://www.federalreserve.gov/boarddocs/press/monetary/2005/20050630/default.htm,2026-09-27,e7eb082b,200,2026-09-27,registration,0,,,,対照池
CTRL_BOJ_NOCHG-2005-07-13,CTRL_BOJ_NOCHG,no_change,0,2005-07-13,12:00,2005-07-13,12:00,class_default,JP,2005-07-13,0,0,0,日銀金融政策決定会合（変更なし）,Announcement of the Monetary Policy Meeting Decisions (unchanged),policy unchanged per title,,https://www.boj.or.jp/en/mopo/mpmdeci/mpr_2005/k050713.htm,2026-09-27,cb536491,200,2026-09-27,registration,0,,,,対照池
CTRL_BOJ_NOCHG-2005-07-27,CTRL_BOJ_NOCHG,no_change,0,2005-07-27,12:00,2005-07-27,12:00,class_default,JP,2005-07-27,0,0,0,日銀金融政策決定会合（変更なし）,Announcement of the Monetary Policy Meeting Decisions (unchanged),policy unchanged per title,,https://www.boj.or.jp/en/mopo/mpmdeci/mpr_2005/k050727.htm,2026-09-27,88fd038b,200,2026-09-27,registration,0,,,,対照池
CTRL_BOJ_NOCHG-2005-08-09,CTRL_BOJ_NOCHG,no_change,0,2005-08-09,12:00,2005-08-09,12:00,class_default,JP,2005-08-09,0,0,0,日銀金融政策決定会合（変更なし）,Announcement of the Monetary Policy Meeting Decisions (unchanged),policy unchanged per title,,https://www.boj.or.jp/en/mopo/mpmdeci/mpr_2005/k050809.htm,2026-09-27,102974a3,200,2026-09-27,registration,0,,,,対照池
CTRL_FOMC_OTHER-2005-08-09,CTRL_FOMC_OTHER,other,0,2005-08-09,14:15,2005-08-10,03:15,reported,US,2005-08-09,0,0,0,FOMC（サイクル転換なし）,FOMC statement and Board discount rate action,"hike: target raised 25bp to 3.50%; meeting: August 9 Meeting; 'For immediate release' (regular afternoon statement, about 2:15 p.m. EDT)",,https://www.federalreserve.gov/boarddocs/press/monetary/2005/20050809/default.htm,2026-09-27,ca3177a8,200,2026-09-27,registration,0,,,,対照池
CTRL_BOJ_NOCHG-2005-09-08,CTRL_BOJ_NOCHG,no_change,0,2005-09-08,12:00,2005-09-08,12:00,class_default,JP,2005-09-08,0,0,0,日銀金融政策決定会合（変更なし）,Announcement of the Monetary Policy Meeting Decisions (unchanged),guideline unchanged; collateral margin tables amended (k050908b); same-day decision docs: k050908b.htm,,https://www.boj.or.jp/en/mopo/mpmdeci/mpr_2005/k050908.htm,2026-09-27,8a33b8fd,200,2026-09-27,registration,0,,,,対照池
ELECTION-2005-09-11,ELECTION,lower,0,2005-09-11,,2005-09-11,,,JP,2005-09-11,0,0,1,第44回衆議院議員総選挙（郵政解散）,44th general election (postal privatization landslide),自民党296議席で圧勝、郵政民営化法成立へ,,https://www.soumu.go.jp/senkyo/senkyo_s/data/shugiin44/index.html,2026-09-27,a1aa4d3f,200,2026-09-27,registration,0,,,,market_dir 登记时按総務省结果判定（与党 = 选举前的执政党：≥ 261 席 +1、失去过半 −1、其余 0；2026-02-08 结果待核对 → 0）
CTRL_FOMC_OTHER-2005-09-20,CTRL_FOMC_OTHER,other,0,2005-09-20,14:15,2005-09-21,03:15,reported,US,2005-09-20,0,0,0,FOMC（サイクル転換なし）,FOMC statement and Board discount rate action,"hike: target raised 25bp to 3.75%; meeting: September 20 Meeting; 'For immediate release' (regular afternoon statement, about 2:15 p.m. EDT)",,https://www.federalreserve.gov/boarddocs/press/monetary/2005/20050920/,2026-09-27,e69fbba6,200,2026-09-27,registration,0,,,,対照池
CTRL_BOJ_NOCHG-2005-10-12,CTRL_BOJ_NOCHG,no_change,0,2005-10-12,12:00,2005-10-12,12:00,class_default,JP,2005-10-12,0,0,0,日銀金融政策決定会合（変更なし）,Announcement of the Monetary Policy Meeting Decisions (unchanged),policy unchanged per title,,https://www.boj.or.jp/en/mopo/mpmdeci/mpr_2005/k051012.htm,2026-09-27,8e5ae5ae,200,2026-09-27,registration,0,,,,対照池
CTRL_BOJ_NOCHG-2005-10-31,CTRL_BOJ_NOCHG,no_change,0,2005-10-31,12:00,2005-10-31,12:00,class_default,JP,2005-10-31,0,0,0,日銀金融政策決定会合（変更なし）,Announcement of the Monetary Policy Meeting Decisions (unchanged),policy unchanged per title,,https://www.boj.or.jp/en/mopo/mpmdeci/mpr_2005/k051031.htm,2026-09-27,5eb3c032,200,2026-09-27,registration,0,,,,対照池
CTRL_FOMC_OTHER-2005-11-01,CTRL_FOMC_OTHER,other,0,2005-11-01,14:15,2005-11-02,04:15,reported,US,2005-11-01,0,0,0,FOMC（サイクル転換なし）,FOMC statement,"hike: target raised 25bp to 4.00%; meeting: November 1 Meeting; 'For immediate release' (regular afternoon statement, about 2:15 p.m. EST)",,https://www.federalreserve.gov/boarddocs/press/monetary/2005/20051101/,2026-09-27,3f0862aa,200,2026-09-27,registration,0,,,,対照池
CTRL_BOJ_NOCHG-2005-11-18,CTRL_BOJ_NOCHG,no_change,0,2005-11-18,12:00,2005-11-18,12:00,class_default,JP,2005-11-18,0,0,0,日銀金融政策決定会合（変更なし）,Announcement of the Monetary Policy Meeting Decisions (unchanged),policy unchanged per title,,https://www.boj.or.jp/en/mopo/mpmdeci/mpr_2005/k051118.htm,2026-09-27,7536d64f,200,2026-09-27,registration,0,,,,対照池
CTRL_FOMC_OTHER-2005-12-13,CTRL_FOMC_OTHER,other,0,2005-12-13,14:15,2005-12-14,04:15,reported,US,2005-12-13,0,0,0,FOMC（サイクル転換なし）,FOMC Statement,"hike: target raised 25bp to 4.25%; meeting: December 13 Meeting; 'For immediate release' (regular afternoon statement, about 2:15 p.m. EST)",,https://www.federalreserve.gov/boarddocs/press/monetary/2005/20051213/,2026-09-27,5ce93440,200,2026-09-27,registration,0,,,,対照池
CTRL_BOJ_NOCHG-2005-12-16,CTRL_BOJ_NOCHG,no_change,0,2005-12-16,12:00,2005-12-16,12:00,class_default,JP,2005-12-16,0,0,0,日銀金融政策決定会合（変更なし）,Announcement of the Monetary Policy Meeting Decisions (unchanged),policy unchanged per title,,https://www.boj.or.jp/en/mopo/mpmdeci/mpr_2005/k051216.htm,2026-09-27,972a47b4,200,2026-09-27,registration,0,,,,対照池
CTRL_BOJ_NOCHG-2006-01-20,CTRL_BOJ_NOCHG,no_change,0,2006-01-20,12:00,2006-01-20,12:00,class_default,JP,2006-01-20,0,0,0,日銀金融政策決定会合（変更なし）,Announcement of the Monetary Policy Meeting Decisions (unchanged),policy unchanged per title,,https://www.boj.or.jp/en/mopo/mpmdeci/mpr_2006/k060120.htm,2026-09-27,dfbf8fba,200,2026-09-27,registration,0,,,,対照池
CTRL_FOMC_OTHER-2006-01-31,CTRL_FOMC_OTHER,other,0,2006-01-31,14:15,2006-02-01,04:15,reported,US,2006-01-31,0,0,0,FOMC（サイクル転換なし）,FOMC statement,"hike: target raised 25bp to 4.50%; meeting: January 31 Meeting; 'For immediate release' (regular afternoon statement, about 2:15 p.m. EST)",,https://www.federalreserve.gov/newsevents/press/monetary/20060131a.htm,2026-09-27,7f5ecf86,200,2026-09-27,registration,0,,,,対照池
CTRL_BOJ_NOCHG-2006-02-09,CTRL_BOJ_NOCHG,no_change,0,2006-02-09,12:00,2006-02-09,12:00,class_default,JP,2006-02-09,0,0,0,日銀金融政策決定会合（変更なし）,Announcement of the Monetary Policy Meeting Decisions (unchanged),policy unchanged per title,,https://www.boj.or.jp/en/mopo/mpmdeci/mpr_2006/k060209.htm,2026-09-27,5e24f3b7,200,2026-09-27,registration,0,,,,対照池
BOJ_CHANGE-2006-03-09,BOJ_CHANGE,tighten,1,2006-03-09,12:00,2006-03-09,12:00,class_default,JP,2006-03-09,0,0,-1,量的緩和政策の解除,End of quantitative easing; target back to overnight call rate (~0%),解除量化宽松：操作目标回到无担保隔夜拆借利率（约0%），活期存款余额逐步降至法定准备金水平；引入「物価安定の理解」（0〜2%）,,https://www.boj.or.jp/en/mopo/mpmdeci/mpr_2006/k060309.htm,2026-09-27,ddf19d14,200,2026-09-27,registration,0,,,,
CTRL_FOMC_OTHER-2006-03-28,CTRL_FOMC_OTHER,other,0,2006-03-28,14:15,2006-03-29,04:15,reported,US,2006-03-28,0,0,0,FOMC（サイクル転換なし）,FOMC statement,"hike: target raised 25bp to 4.75%; meeting: March 27-28 Meeting; 'For immediate release' (regular afternoon statement, about 2:15 p.m. EST)",,https://www.federalreserve.gov/newsevents/press/monetary/20060328a.htm,2026-09-27,36946250,200,2026-09-27,registration,0,,,,対照池
CTRL_BOJ_NOCHG-2006-04-11,CTRL_BOJ_NOCHG,no_change,0,2006-04-11,12:00,2006-04-11,12:00,class_default,JP,2006-04-11,0,0,0,日銀金融政策決定会合（変更なし）,Announcement of the Monetary Policy Meeting Decisions (unchanged),guideline unchanged; funds-supplying operations against pooled collateral introduced (operational),,https://www.boj.or.jp/en/mopo/mpmdeci/mpr_2006/k060411.htm,2026-09-27,c2faf5ca,200,2026-09-27,registration,0,,,,対照池
CTRL_BOJ_NOCHG-2006-04-28,CTRL_BOJ_NOCHG,no_change,0,2006-04-28,12:00,2006-04-28,12:00,class_default,JP,2006-04-28,0,0,0,日銀金融政策決定会合（変更なし）,Announcement of the Monetary Policy Meeting Decisions (unchanged),policy unchanged per title,,https://www.boj.or.jp/en/mopo/mpmdeci/mpr_2006/k060428.htm,2026-09-27,24ebc711,200,2026-09-27,registration,0,,,,対照池
CTRL_FOMC_OTHER-2006-05-10,CTRL_FOMC_OTHER,other,0,2006-05-10,14:15,2006-05-11,03:15,reported,US,2006-05-10,0,0,0,FOMC（サイクル転換なし）,"FOMC statement and Board approval of discount rate requests of the Federal Reserve Banks of Boston, New York, Philadelph","hike: target raised 25bp to 5.00%; meeting: May 10 Meeting; 'For immediate release' (regular afternoon statement, about 2:15 p.m. EDT)",,https://www.federalreserve.gov/newsevents/press/monetary/20060510a.htm,2026-09-27,d63258b5,200,2026-09-27,registration,0,,,,対照池
CTRL_BOJ_NOCHG-2006-05-19,CTRL_BOJ_NOCHG,no_change,0,2006-05-19,12:00,2006-05-19,12:00,class_default,JP,2006-05-19,0,0,0,日銀金融政策決定会合（変更なし）,Announcement of the Monetary Policy Meeting Decisions (unchanged),policy unchanged per title,,https://www.boj.or.jp/en/mopo/mpmdeci/mpr_2006/k060519.htm,2026-09-27,b389c04e,200,2026-09-27,registration,0,,,,対照池
CTRL_BOJ_NOCHG-2006-06-15,CTRL_BOJ_NOCHG,no_change,0,2006-06-15,12:00,2006-06-15,12:00,class_default,JP,2006-06-15,0,0,0,日銀金融政策決定会合（変更なし）,Announcement of the Monetary Policy Meeting Decisions (unchanged),policy unchanged per title,,https://www.boj.or.jp/en/mopo/mpmdeci/mpr_2006/k060615.htm,2026-09-27,a3616a56,200,2026-09-27,registration,0,,,,対照池
CTRL_FOMC_OTHER-2006-06-29,CTRL_FOMC_OTHER,other,0,2006-06-29,14:15,2006-06-30,03:15,reported,US,2006-06-29,0,0,0,FOMC（サイクル転換なし）,FOMC statement,"hike: target raised 25bp to 5.25%; meeting: June 28-29 Meeting; 'For immediate release' (regular afternoon statement, about 2:15 p.m. EDT)",,https://www.federalreserve.gov/newsevents/press/monetary/20060629a.htm,2026-09-27,a4de68fe,200,2026-09-27,registration,0,,,,対照池
BOJ_CHANGE-2006-07-14,BOJ_CHANGE,tighten,1,2006-07-14,13:40,2006-07-14,13:40,official_page,JP,2006-07-14,0,0,-1,無担保コールレート誘導目標 0.25%へ,Policy rate raised 0%→0.25% (first hike since 2000),政策利率0%→0.25%，2000年8月以来首次加息,,https://www.boj.or.jp/en/mopo/mpmdeci/mpr_2006/k060714.pdf,2026-09-27,40894480,200,2026-09-27,registration,0,,,,
CTRL_FOMC_OTHER-2006-08-08,CTRL_FOMC_OTHER,other,0,2006-08-08,14:15,2006-08-09,03:15,reported,US,2006-08-08,0,0,0,FOMC（サイクル転換なし）,FOMC statement,"hold: target unchanged at 5.25%; meeting: August 8 Meeting; 'For immediate release' (regular afternoon statement, about 2:15 p.m. EDT)",,https://www.federalreserve.gov/newsevents/press/monetary/20060808a.htm,2026-09-27,952a26b8,200,2026-09-27,registration,0,,,,対照池
CTRL_BOJ_NOCHG-2006-08-11,CTRL_BOJ_NOCHG,no_change,0,2006-08-11,12:17,2006-08-11,12:17,official_page,JP,2006-08-11,0,0,0,日銀金融政策決定会合（変更なし）,"Announcement of the Monetary Policy Meeting Decisions (unchanged, Announced at 12:17 pm)",policy unchanged per title,,https://www.boj.or.jp/en/mopo/mpmdeci/mpr_2006/k060811.pdf,2026-09-27,3dd950df,200,2026-09-27,registration,0,,,,対照池
CTRL_BOJ_NOCHG-2006-09-08,CTRL_BOJ_NOCHG,no_change,0,2006-09-08,12:37,2006-09-08,12:37,official_page,JP,2006-09-08,0,0,0,日銀金融政策決定会合（変更なし）,"Announcement of the Monetary Policy Meeting Decisions (unchanged, Announced at 12:37 pm)",policy unchanged per title,,https://www.boj.or.jp/en/mopo/mpmdeci/mpr_2006/k060908.pdf,2026-09-27,8b1b4503,200,2026-09-27,registration,0,,,,対照池
CTRL_FOMC_OTHER-2006-09-20,CTRL_FOMC_OTHER,other,0,2006-09-20,14:15,2006-09-21,03:15,reported,US,2006-09-20,0,0,0,FOMC（サイクル転換なし）,FOMC statement,"hold: target unchanged at 5.25%; meeting: September 20 Meeting; 'For immediate release' (regular afternoon statement, about 2:15 p.m. EDT)",,https://www.federalreserve.gov/newsevents/press/monetary/20060920a.htm,2026-09-27,542a5cfe,200,2026-09-27,registration,0,,,,対照池
CTRL_BOJ_NOCHG-2006-10-13,CTRL_BOJ_NOCHG,no_change,0,2006-10-13,12:47,2006-10-13,12:47,official_page,JP,2006-10-13,0,0,0,日銀金融政策決定会合（変更なし）,"Announcement of the Monetary Policy Meeting Decisions (unchanged, Announced at 12:47 pm)",same-day decision docs: k061013b.htm; policy unchanged per title,,https://www.boj.or.jp/en/mopo/mpmdeci/mpr_2006/k061013.pdf,2026-09-27,36defc6f,200,2026-09-27,registration,0,,,,対照池
CTRL_FOMC_OTHER-2006-10-25,CTRL_FOMC_OTHER,other,0,2006-10-25,14:15,2006-10-26,03:15,reported,US,2006-10-25,0,0,0,FOMC（サイクル転換なし）,FOMC statement,"hold: target unchanged at 5.25%; meeting: October 24-25 Meeting; 'For immediate release' (regular afternoon statement, about 2:15 p.m. EDT)",,https://www.federalreserve.gov/newsevents/press/monetary/20061025a.htm,2026-09-27,19da2dc0,200,2026-09-27,registration,0,,,,対照池
CTRL_BOJ_NOCHG-2006-10-31,CTRL_BOJ_NOCHG,no_change,0,2006-10-31,12:47,2006-10-31,12:47,official_page,JP,2006-10-31,0,0,0,日銀金融政策決定会合（変更なし）,"Announcement of the Monetary Policy Meeting Decisions (unchanged, Announced at 12:47 pm)",policy unchanged per title,,https://www.boj.or.jp/en/mopo/mpmdeci/mpr_2006/k061031.pdf,2026-09-27,2f72a6de,200,2026-09-27,registration,0,,,,対照池
CTRL_BOJ_NOCHG-2006-11-16,CTRL_BOJ_NOCHG,no_change,0,2006-11-16,12:24,2006-11-16,12:24,official_page,JP,2006-11-16,0,0,0,日銀金融政策決定会合（変更なし）,"Announcement of the Monetary Policy Meeting Decisions (unchanged, Announced at 12:24 pm)",policy unchanged per title,,https://www.boj.or.jp/en/mopo/mpmdeci/mpr_2006/k061116.pdf,2026-09-27,4ffc8c75,200,2026-09-27,registration,0,,,,対照池
CTRL_FOMC_OTHER-2006-12-12,CTRL_FOMC_OTHER,other,0,2006-12-12,14:15,2006-12-13,04:15,reported,US,2006-12-12,0,0,0,FOMC（サイクル転換なし）,FOMC statement,"hold: target unchanged at 5.25%; meeting: December 12 Meeting; 'For immediate release' (regular afternoon statement, about 2:15 p.m. EST)",,https://www.federalreserve.gov/newsevents/press/monetary/20061212a.htm,2026-09-27,cc0d55fc,200,2026-09-27,registration,0,,,,対照池
CTRL_BOJ_NOCHG-2006-12-19,CTRL_BOJ_NOCHG,no_change,0,2006-12-19,12:26,2006-12-19,12:26,official_page,JP,2006-12-19,0,0,0,日銀金融政策決定会合（変更なし）,"Announcement of the Monetary Policy Meeting Decisions (unchanged, Announced at 12:26 pm)",policy unchanged per title,,https://www.boj.or.jp/en/mopo/mpmdeci/mpr_2006/k061219.pdf,2026-09-27,aebba863,200,2026-09-27,registration,0,,,,対照池
CTRL_BOJ_NOCHG-2007-01-18,CTRL_BOJ_NOCHG,no_change,0,2007-01-18,13:05,2007-01-18,13:05,official_page,JP,2007-01-18,0,0,0,日銀金融政策決定会合（変更なし）,"Announcement of the Monetary Policy Meeting Decisions (unchanged, Announced at 1:05 pm)",policy unchanged per title,,https://www.boj.or.jp/en/mopo/mpmdeci/mpr_2007/k070118.pdf,2026-09-27,f467f4d3,200,2026-09-27,registration,0,,,,対照池
CTRL_FOMC_OTHER-2007-01-31,CTRL_FOMC_OTHER,other,0,2007-01-31,14:15,2007-02-01,04:15,reported,US,2007-01-31,0,0,0,FOMC（サイクル転換なし）,FOMC statement,"hold: target unchanged at 5.25%; meeting: January 30-31 Meeting; 'For immediate release' (regular afternoon statement, about 2:15 p.m. EST)",,https://www.federalreserve.gov/newsevents/press/monetary/20070131a.htm,2026-09-27,f47d3859,200,2026-09-27,registration,0,,,,対照池
BOJ_CHANGE-2007-02-21,BOJ_CHANGE,tighten,1,2007-02-21,14:19,2007-02-21,14:19,official_page,JP,2007-02-21,0,0,-1,無担保コールレート誘導目標 0.5%へ,Policy rate raised 0.25%→0.5%,政策利率0.25%→0.50%（8対1）,,https://www.boj.or.jp/en/mopo/mpmdeci/mpr_2007/k070221.pdf,2026-09-27,c261995e,200,2026-09-27,registration,0,,,,
CTRL_BOJ_NOCHG-2007-03-20,CTRL_BOJ_NOCHG,no_change,0,2007-03-20,12:40,2007-03-20,12:40,official_page,JP,2007-03-20,0,0,0,日銀金融政策決定会合（変更なし）,"Announcement of the Monetary Policy Meeting Decisions (unchanged, Announced at 12:40 pm)",same-day decision docs: k070320b.pdf; policy unchanged per title,,https://www.boj.or.jp/en/mopo/mpmdeci/mpr_2007/k070320.pdf,2026-09-27,bc3b7aa4,200,2026-09-27,registration,0,,,,対照池
CTRL_FOMC_OTHER-2007-03-21,CTRL_FOMC_OTHER,other,0,2007-03-21,14:15,2007-03-22,03:15,reported,US,2007-03-21,0,0,0,FOMC（サイクル転換なし）,FOMC statement,"hold: target unchanged at 5.25%; meeting: March 20-21 Meeting; 'For immediate release' (regular afternoon statement, about 2:15 p.m. EDT)",,https://www.federalreserve.gov/newsevents/press/monetary/20070321a.htm,2026-09-27,6de68fab,200,2026-09-27,registration,0,,,,対照池
CTRL_BOJ_NOCHG-2007-04-10,CTRL_BOJ_NOCHG,no_change,0,2007-04-10,12:48,2007-04-10,12:48,official_page,JP,2007-04-10,0,0,0,日銀金融政策決定会合（変更なし）,"Announcement of the Monetary Policy Meeting Decisions (unchanged, Announced at 12:48 pm)",policy unchanged per title,,https://www.boj.or.jp/en/mopo/mpmdeci/mpr_2007/k070410.pdf,2026-09-27,c6790923,200,2026-09-27,registration,0,,,,対照池
CTRL_BOJ_NOCHG-2007-04-27,CTRL_BOJ_NOCHG,no_change,0,2007-04-27,14:07,2007-04-27,14:07,official_page,JP,2007-04-27,0,0,0,日銀金融政策決定会合（変更なし）,"Announcement of the Monetary Policy Meeting Decisions (unchanged, Announced at 2:07 pm)",policy unchanged per title,,https://www.boj.or.jp/en/mopo/mpmdeci/mpr_2007/k070427.pdf,2026-09-27,ee69e961,200,2026-09-27,registration,0,,,,対照池
CTRL_FOMC_OTHER-2007-05-09,CTRL_FOMC_OTHER,other,0,2007-05-09,14:15,2007-05-10,03:15,reported,US,2007-05-09,0,0,0,FOMC（サイクル転換なし）,FOMC statement,"hold: target unchanged at 5.25%; meeting: May 9 Meeting; 'For immediate release' (regular afternoon statement, about 2:15 p.m. EDT)",,https://www.federalreserve.gov/newsevents/press/monetary/20070509a.htm,2026-09-27,8041a4cb,200,2026-09-27,registration,0,,,,対照池
CTRL_BOJ_NOCHG-2007-05-17,CTRL_BOJ_NOCHG,no_change,0,2007-05-17,12:41,2007-05-17,12:41,official_page,JP,2007-05-17,0,0,0,日銀金融政策決定会合（変更なし）,"Announcement of the Monetary Policy Meeting Decisions (unchanged, Announced at 12:41 pm)",policy unchanged per title,,https://www.boj.or.jp/en/mopo/mpmdeci/mpr_2007/k070517.pdf,2026-09-27,a721d032,200,2026-09-27,registration,0,,,,対照池
CTRL_BOJ_NOCHG-2007-06-15,CTRL_BOJ_NOCHG,no_change,0,2007-06-15,12:18,2007-06-15,12:18,official_page,JP,2007-06-15,0,0,0,日銀金融政策決定会合（変更なし）,"Announcement of the Monetary Policy Meeting Decisions (unchanged, Announced at 12:18 pm)",same-day decision docs: k070615b.pdf; policy unchanged per title,,https://www.boj.or.jp/en/mopo/mpmdeci/mpr_2007/k070615.pdf,2026-09-27,26442f5d,200,2026-09-27,registration,0,,,,対照池
CTRL_FOMC_OTHER-2007-06-28,CTRL_FOMC_OTHER,other,0,2007-06-28,14:15,2007-06-29,03:15,reported,US,2007-06-28,0,0,0,FOMC（サイクル転換なし）,FOMC statement,"hold: target unchanged at 5.25%; meeting: June 27-28 Meeting; 'For immediate release' (regular afternoon statement, about 2:15 p.m. EDT)",,https://www.federalreserve.gov/newsevents/press/monetary/20070618a.htm,2026-09-27,f8776276,200,2026-09-27,registration,0,,,,対照池
CTRL_BOJ_NOCHG-2007-07-12,CTRL_BOJ_NOCHG,no_change,0,2007-07-12,12:55,2007-07-12,12:55,official_page,JP,2007-07-12,0,0,0,日銀金融政策決定会合（変更なし）,"Announcement of the Monetary Policy Meeting Decisions (unchanged, Announced at 12:55 pm)",policy unchanged per title,,https://www.boj.or.jp/en/mopo/mpmdeci/mpr_2007/k070712.pdf,2026-09-27,ffdf6553,200,2026-09-27,registration,0,,,,対照池
ELECTION-2007-07-29,ELECTION,upper,0,2007-07-29,,2007-07-29,,,JP,2007-07-29,0,0,-1,第21回参議院議員通常選挙（与党過半数割れ）,21st upper house election: ruling coalition loses majority,民主党第一党、ねじれ国会に；安倍首相は9月退陣,,https://www.soumu.go.jp/senkyo/senkyo_s/data/sangiin21/index.html,2026-09-27,69e5af9d,200,2026-09-27,registration,0,,,,market_dir 登记时按総務省结果判定（与党 = 选举前的执政党：≥ 261 席 +1、失去过半 −1、其余 0；2026-02-08 结果待核对 → 0）
CTRL_FOMC_OTHER-2007-08-07,CTRL_FOMC_OTHER,other,0,2007-08-07,14:15,2007-08-08,03:15,reported,US,2007-08-07,0,0,0,FOMC（サイクル転換なし）,FOMC statement,"hold: target unchanged at 5.25%; meeting: August 7 Meeting; 'For immediate release' (regular afternoon statement, about 2:15 p.m. EDT)",,https://www.federalreserve.gov/newsevents/press/monetary/20070807a.htm,2026-09-27,2b393f26,200,2026-09-27,registration,0,,,,対照池
CTRL_FOMC_OTHER-2007-08-10,CTRL_FOMC_OTHER,other,0,2007-08-10,08:15,2007-08-10,21:15,reported,US,2007-08-10,0,0,0,FOMC（サイクル転換なし）,FOMC statement: The Federal Reserve is providing liquidity to facilitate the orderly functioning of financial markets,"emergency: target unchanged at 5.25%; unscheduled: August 10 Conference Call; released about 8:15 a.m. EDT; unscheduled conference call; liquidity statement, no rate change; release time appr",,https://www.federalreserve.gov/newsevents/press/monetary/20070810a.htm,2026-09-27,eee83d43,200,2026-09-27,registration,0,,,,対照池
CTRL_FOMC_OTHER-2007-08-17,CTRL_FOMC_OTHER,other,0,2007-08-17,08:15,2007-08-17,21:15,reported,US,2007-08-17,0,0,0,FOMC（サイクル転換なし）,FOMC statement,emergency: target unchanged at 5.25%; unscheduled: August 16 Conference Call; released about 8:15 a.m. EDT; unscheduled conference call (Aug 16); statement with Board discount-rate cut 50bp t,,https://www.federalreserve.gov/newsevents/press/monetary/20070817b.htm,2026-09-27,436258cc,200,2026-09-27,registration,0,,,,対照池
CTRL_BOJ_NOCHG-2007-08-23,CTRL_BOJ_NOCHG,no_change,0,2007-08-23,12:35,2007-08-23,12:35,official_page,JP,2007-08-23,0,0,0,日銀金融政策決定会合（変更なし）,"Announcement of the Monetary Policy Meeting Decisions (unchanged, Announced at 12:35 pm)",policy unchanged per title,,https://www.boj.or.jp/en/mopo/mpmdeci/mpr_2007/k070823.pdf,2026-09-27,aa5c72a9,200,2026-09-27,registration,0,,,,対照池
FED_TURN-2007-09-18,FED_TURN,first_cut,-1,2007-09-18,14:15,2007-09-19,03:15,reported,US,2007-09-18,0,0,1,FOMC（利上げ / 利下げサイクルの起点）,FOMC statement,"target lowered 50bp to 4.75%; meeting: September 18 Meeting; 'For immediate release' (regular afternoon statement, about 2:15 p.m. EDT)",,https://www.federalreserve.gov/newsevents/press/monetary/20070918a.htm,2026-09-27,c886ddeb,200,2026-09-27,registration,0,,,,
CTRL_BOJ_NOCHG-2007-09-19,CTRL_BOJ_NOCHG,no_change,0,2007-09-19,13:21,2007-09-19,13:21,official_page,JP,2007-09-19,0,0,0,日銀金融政策決定会合（変更なし）,"Announcement of the Monetary Policy Meeting Decisions (unchanged, Announced at 1:21 pm)",same-day decision docs: k070919b.pdf; policy unchanged per title,,https://www.boj.or.jp/en/mopo/mpmdeci/mpr_2007/k070919.pdf,2026-09-27,ac2683d3,200,2026-09-27,registration,0,,,,対照池
CTRL_BOJ_NOCHG-2007-10-11,CTRL_BOJ_NOCHG,no_change,0,2007-10-11,13:32,2007-10-11,13:32,official_page,JP,2007-10-11,0,0,0,日銀金融政策決定会合（変更なし）,"Announcement of the Monetary Policy Meeting Decisions (unchanged, Announced at 1:32 pm)",same-day decision docs: k071011b.pdf; policy unchanged per title,,https://www.boj.or.jp/en/mopo/mpmdeci/mpr_2007/k071011.pdf,2026-09-27,36cc21d9,200,2026-09-27,registration,0,,,,対照池
CTRL_BOJ_NOCHG-2007-10-31,CTRL_BOJ_NOCHG,no_change,0,2007-10-31,12:42,2007-10-31,12:42,official_page,JP,2007-10-31,0,0,0,日銀金融政策決定会合（変更なし）,"Announcement of the Monetary Policy Meeting Decisions (unchanged, Announced at 12:42 pm)",policy unchanged per title,,https://www.boj.or.jp/en/mopo/mpmdeci/mpr_2007/k071031.pdf,2026-09-27,3af501fa,200,2026-09-27,registration,0,,,,対照池
CTRL_FOMC_OTHER-2007-10-31,CTRL_FOMC_OTHER,other,0,2007-10-31,14:15,2007-11-01,03:15,reported,US,2007-10-31,0,0,0,FOMC（サイクル転換なし）,FOMC statement,"cut: target lowered 25bp to 4.50%; meeting: October 30-31 Meeting; 'For immediate release' (regular afternoon statement, about 2:15 p.m. EDT)",,https://www.federalreserve.gov/newsevents/press/monetary/20071031a.htm,2026-09-27,b8e81ef7,200,2026-09-27,registration,0,,,,対照池
CTRL_BOJ_NOCHG-2007-11-13,CTRL_BOJ_NOCHG,no_change,0,2007-11-13,12:29,2007-11-13,12:29,official_page,JP,2007-11-13,0,0,0,日銀金融政策決定会合（変更なし）,"Announcement of the Monetary Policy Meeting Decisions (unchanged, Announced at 12:29 pm)",policy unchanged per title,,https://www.boj.or.jp/en/mopo/mpmdeci/mpr_2007/k071113.pdf,2026-09-27,fe80caa2,200,2026-09-27,registration,0,,,,対照池
CTRL_FOMC_OTHER-2007-12-11,CTRL_FOMC_OTHER,other,0,2007-12-11,14:15,2007-12-12,04:15,reported,US,2007-12-11,0,0,0,FOMC（サイクル転換なし）,FOMC statement,"cut: target lowered 25bp to 4.25%; meeting: December 11 Meeting; 'For immediate release' (regular afternoon statement, about 2:15 p.m. EST)",,https://www.federalreserve.gov/newsevents/press/monetary/20071211a.htm,2026-09-27,39eb4de0,200,2026-09-27,registration,0,,,,対照池
CTRL_BOJ_NOCHG-2007-12-20,CTRL_BOJ_NOCHG,no_change,0,2007-12-20,12:51,2007-12-20,12:51,official_page,JP,2007-12-20,0,0,0,日銀金融政策決定会合（変更なし）,"Announcement of the Monetary Policy Meeting Decisions (unchanged, Announced at 12:51 pm)",policy unchanged per title,,https://www.boj.or.jp/en/mopo/mpmdeci/mpr_2007/k071220.pdf,2026-09-27,6e200db1,200,2026-09-27,registration,0,,,,対照池
CTRL_BOJ_NOCHG-2008-01-22,CTRL_BOJ_NOCHG,no_change,0,2008-01-22,12:19,2008-01-22,12:19,official_page,JP,2008-01-22,0,0,0,日銀金融政策決定会合（変更なし）,"Announcement of the Monetary Policy Meeting Decisions (unchanged, Announced at 12:19 pm)",policy unchanged per title,,https://www.boj.or.jp/en/mopo/mpmdeci/mpr_2008/k080122.pdf,2026-09-27,4b0170af,200,2026-09-27,registration,0,,,,対照池
CTRL_FOMC_OTHER-2008-01-22,CTRL_FOMC_OTHER,other,0,2008-01-22,08:20,2008-01-22,22:20,reported,US,2008-01-22,0,0,0,FOMC（サイクル転換なし）,FOMC statement,emergency: target lowered 75bp to 3.50%; unscheduled: January 21 Conference Call; released about 8:20 a.m. EST; unscheduled conference call (Jan 21); fed funds target cut 75bp to 3.50%; relea,,https://www.federalreserve.gov/newsevents/press/monetary/20080122b.htm,2026-09-27,93bb6196,200,2026-09-27,registration,0,,,,対照池
CTRL_FOMC_OTHER-2008-01-30,CTRL_FOMC_OTHER,other,0,2008-01-30,14:15,2008-01-31,04:15,reported,US,2008-01-30,0,0,0,FOMC（サイクル転換なし）,FOMC statement,"cut: target lowered 50bp to 3.00%; meeting: January 29-30 Meeting; 'For immediate release' (regular afternoon statement, about 2:15 p.m. EST)",,https://www.federalreserve.gov/newsevents/press/monetary/20080130a.htm,2026-09-27,b46a29e6,200,2026-09-27,registration,0,,,,対照池
CTRL_BOJ_NOCHG-2008-02-15,CTRL_BOJ_NOCHG,no_change,0,2008-02-15,12:51,2008-02-15,12:51,official_page,JP,2008-02-15,0,0,0,日銀金融政策決定会合（変更なし）,"Announcement of the Monetary Policy Meeting Decisions (unchanged, Announced at 12:51 pm)",policy unchanged per title,,https://www.boj.or.jp/en/mopo/mpmdeci/mpr_2008/k080215.pdf,2026-09-27,c0fecaf7,200,2026-09-27,registration,0,,,,対照池
CTRL_BOJ_NOCHG-2008-03-07,CTRL_BOJ_NOCHG,no_change,0,2008-03-07,12:52,2008-03-07,12:52,official_page,JP,2008-03-07,0,0,0,日銀金融政策決定会合（変更なし）,"Announcement of the Monetary Policy Meeting Decisions (unchanged, Announced at 12:52 pm)",policy unchanged per title,,https://www.boj.or.jp/en/mopo/mpmdeci/mpr_2008/k080307.pdf,2026-09-27,6fef883a,200,2026-09-27,registration,0,,,,対照池
CTRL_FOMC_OTHER-2008-03-11,CTRL_FOMC_OTHER,other,0,2008-03-11,09:00,2008-03-11,22:00,reported,US,2008-03-11,0,0,0,FOMC（サイクル転換なし）,FOMC statement: Federal Reserve and other central banks announce specific measures designed to address liquidity pressur,emergency: target unchanged at 3.00%; unscheduled: March 10 Conference Call; released about 9:00 a.m. EDT; unscheduled conference call (Mar 10); Term Securities Lending Facility and swap-line,,https://www.federalreserve.gov/newsevents/press/monetary/20080311a.htm,2026-09-27,9f3b1a16,200,2026-09-27,registration,0,,,,対照池
CTRL_FOMC_OTHER-2008-03-18,CTRL_FOMC_OTHER,other,0,2008-03-18,14:15,2008-03-19,03:15,reported,US,2008-03-18,0,0,0,FOMC（サイクル転換なし）,FOMC statement,"cut: target lowered 75bp to 2.25%; meeting: March 18 Meeting; 'For immediate release' (regular afternoon statement, about 2:15 p.m. EDT)",,https://www.federalreserve.gov/newsevents/press/monetary/20080318a.htm,2026-09-27,418e431b,200,2026-09-27,registration,0,,,,対照池
CTRL_BOJ_NOCHG-2008-04-09,CTRL_BOJ_NOCHG,no_change,0,2008-04-09,12:24,2008-04-09,12:24,official_page,JP,2008-04-09,0,0,0,日銀金融政策決定会合（変更なし）,"Announcement of the Monetary Policy Meeting Decisions (unchanged, Announced at 12:24 pm)",policy unchanged per title,,https://www.boj.or.jp/en/mopo/mpmdeci/mpr_2008/k080409.pdf,2026-09-27,7c2a5409,200,2026-09-27,registration,0,,,,対照池
CTRL_BOJ_NOCHG-2008-04-30,CTRL_BOJ_NOCHG,no_change,0,2008-04-30,13:28,2008-04-30,13:28,official_page,JP,2008-04-30,0,0,0,日銀金融政策決定会合（変更なし）,"Announcement of the Monetary Policy Meeting Decisions (unchanged, Announced at 1:28 pm)",policy unchanged per title,,https://www.boj.or.jp/en/mopo/mpmdeci/mpr_2008/k080430.pdf,2026-09-27,bb7ccb7c,200,2026-09-27,registration,0,,,,対照池
CTRL_FOMC_OTHER-2008-04-30,CTRL_FOMC_OTHER,other,0,2008-04-30,14:15,2008-05-01,03:15,reported,US,2008-04-30,0,0,0,FOMC（サイクル転換なし）,FOMC statement,"cut: target lowered 25bp to 2.00%; meeting: April 29-30 Meeting; 'For immediate release' (regular afternoon statement, about 2:15 p.m. EDT)",,https://www.federalreserve.gov/newsevents/press/monetary/20080430a.htm,2026-09-27,603e3785,200,2026-09-27,registration,0,,,,対照池
CTRL_BOJ_NOCHG-2008-05-20,CTRL_BOJ_NOCHG,no_change,0,2008-05-20,12:04,2008-05-20,12:04,official_page,JP,2008-05-20,0,0,0,日銀金融政策決定会合（変更なし）,"Announcement of the Monetary Policy Meeting Decisions (unchanged, Announced at 12:04 pm)",policy unchanged per title,,https://www.boj.or.jp/en/mopo/mpmdeci/mpr_2008/k080520.pdf,2026-09-27,db6e7509,200,2026-09-27,registration,0,,,,対照池
CTRL_BOJ_NOCHG-2008-06-13,CTRL_BOJ_NOCHG,no_change,0,2008-06-13,12:23,2008-06-13,12:23,official_page,JP,2008-06-13,0,0,0,日銀金融政策決定会合（変更なし）,"Announcement of the Monetary Policy Meeting Decisions (unchanged, Announced at 12:23 pm)",policy unchanged per title,,https://www.boj.or.jp/en/mopo/mpmdeci/mpr_2008/k080613.pdf,2026-09-27,71363e27,200,2026-09-27,registration,0,,,,対照池
CTRL_FOMC_OTHER-2008-06-25,CTRL_FOMC_OTHER,other,0,2008-06-25,14:15,2008-06-26,03:15,reported,US,2008-06-25,0,0,0,FOMC（サイクル転換なし）,FOMC statement,"hold: target unchanged at 2.00%; meeting: June 24-25 Meeting; 'For immediate release' (regular afternoon statement, about 2:15 p.m. EDT)",,https://www.federalreserve.gov/newsevents/press/monetary/20080625a.htm,2026-09-27,b094949b,200,2026-09-27,registration,0,,,,対照池
CTRL_BOJ_NOCHG-2008-07-15,CTRL_BOJ_NOCHG,no_change,0,2008-07-15,13:34,2008-07-15,13:34,official_page,JP,2008-07-15,0,0,0,日銀金融政策決定会合（変更なし）,"Statement on Monetary Policy (Policy unchanged, Announced at 1:34 pm)",policy unchanged; communication strategy enhanced (k080715b); statement renamed 'Statement on Monetary Policy' from this meeting; same-day decision docs: k080715b.pdf,,https://www.boj.or.jp/en/mopo/mpmdeci/mpr_2008/k080715.pdf,2026-09-27,09e7534a,200,2026-09-27,registration,0,,,,対照池
CTRL_FOMC_OTHER-2008-08-05,CTRL_FOMC_OTHER,other,0,2008-08-05,14:15,2008-08-06,03:15,reported,US,2008-08-05,0,0,0,FOMC（サイクル転換なし）,FOMC statement,"hold: target unchanged at 2.00%; meeting: August 5 Meeting; 'For immediate release' (regular afternoon statement, about 2:15 p.m. EDT)",,https://www.federalreserve.gov/newsevents/press/monetary/20080805a.htm,2026-09-27,cbf0505e,200,2026-09-27,registration,0,,,,対照池
CTRL_BOJ_NOCHG-2008-08-19,CTRL_BOJ_NOCHG,no_change,0,2008-08-19,12:30,2008-08-19,12:30,official_page,JP,2008-08-19,0,0,0,日銀金融政策決定会合（変更なし）,"Statement on Monetary Policy (Policy unchanged, Announced at 12:30 pm)",policy unchanged per title,,https://www.boj.or.jp/en/mopo/mpmdeci/mpr_2008/k080819.pdf,2026-09-27,a580f2b7,200,2026-09-27,registration,0,,,,対照池
CTRL_FOMC_OTHER-2008-09-16,CTRL_FOMC_OTHER,other,0,2008-09-16,14:15,2008-09-17,03:15,reported,US,2008-09-16,0,0,0,FOMC（サイクル転換なし）,FOMC statement,"hold: target unchanged at 2.00%; meeting: September 16 Meeting; 'For immediate release' (regular afternoon statement, about 2:15 p.m. EDT)",,https://www.federalreserve.gov/newsevents/press/monetary/20080916a.htm,2026-09-27,71965007,200,2026-09-27,registration,0,,,,対照池
CTRL_BOJ_NOCHG-2008-09-17,CTRL_BOJ_NOCHG,no_change,0,2008-09-17,12:47,2008-09-17,12:47,official_page,JP,2008-09-17,0,0,0,日銀金融政策決定会合（変更なし）,"Statement on Monetary Policy (Policy unchanged, Announced at 12:47 pm)",policy unchanged per title,,https://www.boj.or.jp/en/mopo/mpmdeci/mpr_2008/k080917.pdf,2026-09-27,f035c618,200,2026-09-27,registration,0,,,,対照池
CTRL_BOJ_NOCHG-2008-09-18,CTRL_BOJ_NOCHG,no_change,0,2008-09-18,16:00,2008-09-18,16:00,official_page,JP,2008-09-18,0,0,0,日銀金融政策決定会合（変更なし）,"Announcement of the Monetary Policy Meeting Decisions (unchanged, Announced at 4:00 pm)",unscheduled MPM (announced 4:00 p.m. JST); coordinated action: USD funds-supplying operations introduced; guideline unchanged,,https://www.boj.or.jp/en/mopo/mpmdeci/mpr_2008/k080918.pdf,2026-09-27,ccc917ab,200,2026-09-27,registration,0,,,,対照池
CTRL_BOJ_NOCHG-2008-09-29,CTRL_BOJ_NOCHG,no_change,0,2008-09-29,23:00,2008-09-29,23:00,official_page,JP,2008-09-29,0,0,0,日銀金融政策決定会合（変更なし）,"Announcement of the Monetary Policy Meeting Decisions (unchanged, Announced at 11:00 pm)",unscheduled MPM (announced 11:00 p.m. JST); USD swap line expanded; guideline unchanged,,https://www.boj.or.jp/en/mopo/mpmdeci/mpr_2008/k080929.pdf,2026-09-27,bb71fb06,200,2026-09-27,registration,0,,,,対照池
CTRL_BOJ_NOCHG-2008-10-07,CTRL_BOJ_NOCHG,no_change,0,2008-10-07,12:58,2008-10-07,12:58,official_page,JP,2008-10-07,0,0,0,日銀金融政策決定会合（変更なし）,"Statement on Monetary Policy (Policy unchanged, Announced at 12:58 pm)",same-day decision docs: k081007b.pdf; policy unchanged per title,,https://www.boj.or.jp/en/mopo/mpmdeci/mpr_2008/k081007.pdf,2026-09-27,a7d343eb,200,2026-09-27,registration,0,,,,対照池
CTRL_FOMC_OTHER-2008-10-08,CTRL_FOMC_OTHER,other,0,2008-10-08,07:00,2008-10-08,20:00,official_page,US,2008-10-08,0,0,0,FOMC（サイクル転換なし）,FOMC statement: Federal Reserve and other central banks announce reductions in policy interest rates,emergency: target lowered 50bp to 1.50%; unscheduled: October 7 Conference Call; coordinated cut with other central banks; released 7:00 a.m. EDT,,https://www.federalreserve.gov/newsevents/press/monetary/20081008a.htm,2026-09-27,cc6bed70,200,2026-09-27,registration,0,,,,対照池
CTRL_BOJ_NOCHG-2008-10-14,CTRL_BOJ_NOCHG,no_change,0,2008-10-14,21:38,2008-10-14,21:38,official_page,JP,2008-10-14,0,0,0,日銀金融政策決定会合（変更なし）,"Announcement of the Monetary Policy Meeting Decisions (unchanged, Announced at 9:38 pm)","unscheduled MPM (announced 9:38 p.m. JST); unlimited USD funds-supplying operations, expanded JGB repo / CP repo measures; guideline unchanged",,https://www.boj.or.jp/en/mopo/mpmdeci/mpr_2008/k081014.pdf,2026-09-27,7da64db6,200,2026-09-27,registration,0,,,,対照池
CTRL_FOMC_OTHER-2008-10-29,CTRL_FOMC_OTHER,other,0,2008-10-29,14:15,2008-10-30,03:15,reported,US,2008-10-29,0,0,0,FOMC（サイクル転換なし）,FOMC statement,"cut: target lowered 50bp to 1.00%; meeting: October 28-29 Meeting; 'For immediate release' (regular afternoon statement, about 2:15 p.m. EDT)",,https://www.federalreserve.gov/newsevents/press/monetary/20081029a.htm,2026-09-27,96bf68dd,200,2026-09-27,registration,0,,,,対照池
UNREG-2008-10-30,UNREGISTERED,other,0,2008-10-30,,2008-10-30,,,JP,2008-10-30,0,0,0,生活対策（閣議決定）,'Livelihood Measures' package (cabinet decision),事業規模約¥26.9兆円（定額給付金¥2兆円等）,,https://www5.cao.go.jp/keizai1/keizaitaisaku/keizaitaisaku_kako.html,2026-09-27,ed88cde6,200,2026-09-27,registration,1,类别 FISCAL_STIMULUS 本轮未登记（保留原文，只作参考）,,,orig_category=FISCAL_STIMULUS；閣議決定日は内閣府経済対策一覧で確認；規模は閣議決定文書ベースの概数
BOJ_CHANGE-2008-10-31,BOJ_CHANGE,ease,-1,2008-10-31,13:58,2008-10-31,13:58,official_page,JP,2008-10-31,0,0,1,無担保コールレート誘導目標 0.3%へ,Policy rate cut 0.5%→0.3%,金融危机应对：政策利率0.5%→0.3%（4対4、議長裁決）；補完当座預金制度导入,,https://www.boj.or.jp/en/mopo/mpmdeci/mpr_2008/k081031.pdf,2026-09-27,f1edf663,200,2026-09-27,registration,0,,,,
CTRL_BOJ_NOCHG-2008-11-21,CTRL_BOJ_NOCHG,no_change,0,2008-11-21,12:34,2008-11-21,12:34,official_page,JP,2008-11-21,0,0,0,日銀金融政策決定会合（変更なし）,"Statement on Monetary Policy (Policy unchanged, Announced at 12:34 pm)",policy unchanged per title,,https://www.boj.or.jp/en/mopo/mpmdeci/mpr_2008/k081121.pdf,2026-09-27,ebf9dd35,200,2026-09-27,registration,0,,,,対照池
CTRL_BOJ_NOCHG-2008-12-02,CTRL_BOJ_NOCHG,no_change,0,2008-12-02,14:34,2008-12-02,14:34,official_page,JP,2008-12-02,0,0,0,日銀金融政策決定会合（変更なし）,"Announcement of the Monetary Policy Meeting Decisions (Policy unchanged, Announced at 2:34 pm)",unscheduled MPM (announced 2:34 p.m. JST); new operation to facilitate corporate financing and lower-rated corporate debt accepted as collateral; guideline unchanged,,https://www.boj.or.jp/en/mopo/mpmdeci/mpr_2008/k081202.pdf,2026-09-27,8eb6f89b,200,2026-09-27,registration,0,,,,対照池
CTRL_FOMC_OTHER-2008-12-16,CTRL_FOMC_OTHER,other,0,2008-12-16,14:15,2008-12-17,04:15,reported,US,2008-12-16,0,0,0,FOMC（サイクル転換なし）,FOMC statement,"cut: target lowered 75-100bp to 0-0.25%; meeting: December 15-16 Meeting; target range 0-0.25% established; 'For immediate release' (regular afternoon statement, about 2:15 p.m. EST)",,https://www.federalreserve.gov/newsevents/press/monetary/20081216b.htm,2026-09-27,03809195,200,2026-09-27,registration,0,,,,対照池
BOJ_CHANGE-2008-12-19,BOJ_CHANGE,ease,-1,2008-12-19,14:05,2008-12-19,14:05,official_page,JP,2008-12-19,0,0,1,無担保コールレート誘導目標 0.1%へ・国債買入増額,Policy rate cut 0.3%→0.1%; JGB purchases raised to ¥16.8T/yr; CP purchases prepared,政策利率0.3%→0.1%；长期国债买入年¥14.4兆円→¥16.8兆円；CP买入准备,,https://www.boj.or.jp/en/mopo/mpmdeci/mpr_2008/k081219.pdf,2026-09-27,11db4f05,200,2026-09-27,registration,0,,,,
BOJ_CHANGE-2009-01-22,BOJ_CHANGE,ease,-1,2009-01-22,13:43,2009-01-22,13:43,official_page,JP,2009-01-22,0,0,1,日銀金融政策決定会合（政策変更）,"Statement on Monetary Policy (Policy unchanged, Announced at 1:43 p.m.)",rate unchanged 0.1% (title says policy unchanged); outright purchases of CP up to JPY 3tn decided; corporate bond purchases to be examined -> classified as asset-purchase change,,https://www.boj.or.jp/en/mopo/mpmdeci/mpr_2009/k090122.pdf,2026-09-27,cb77a16e,200,2026-09-27,registration,0,,,,機械規則（年表タイトル / 声明冒頭の目標水準）で抽出
CTRL_FOMC_OTHER-2009-01-28,CTRL_FOMC_OTHER,other,0,2009-01-28,14:15,2009-01-29,04:15,reported,US,2009-01-28,0,0,0,FOMC（サイクル転換なし）,FOMC statement,"hold: target unchanged at 0-0.25%; meeting: January 27-28 Meeting; 'For immediate release' (regular afternoon statement, about 2:15 p.m. EST)",,https://www.federalreserve.gov/newsevents/press/monetary/20090128a.htm,2026-09-27,a495c125,200,2026-09-27,registration,0,,,,対照池
BOJ_CHANGE-2009-02-19,BOJ_CHANGE,ease,-1,2009-02-19,13:52,2009-02-19,13:52,official_page,JP,2009-02-19,0,0,1,日銀金融政策決定会合（政策変更）,"Statement on Monetary Policy (Policy unchanged, Announced at 1:52 p.m.)",rate unchanged (title says policy unchanged); outright purchases of corporate bonds up to JPY 1tn decided; special funds-supplying operations expanded -> classified as asset-purchase change,,https://www.boj.or.jp/en/mopo/mpmdeci/mpr_2009/k090219.pdf,2026-09-27,abc9bb6b,200,2026-09-27,registration,0,,,,機械規則（年表タイトル / 声明冒頭の目標水準）で抽出
BOJ_CHANGE-2009-03-18,BOJ_CHANGE,ease,-1,2009-03-18,12:27,2009-03-18,12:27,official_page,JP,2009-03-18,0,0,1,日銀金融政策決定会合（政策変更）,"Statement on Monetary Policy (Policy unchanged, Announced at 12:27 p.m.)",rate unchanged (title says policy unchanged); JGB outright purchases JPY 1.4tn->1.8tn per month -> classified as asset-purchase change,,https://www.boj.or.jp/en/mopo/mpmdeci/mpr_2009/k090318.pdf,2026-09-27,0faea534,200,2026-09-27,registration,0,,,,機械規則（年表タイトル / 声明冒頭の目標水準）で抽出
CTRL_FOMC_OTHER-2009-03-18,CTRL_FOMC_OTHER,other,0,2009-03-18,14:15,2009-03-19,03:15,reported,US,2009-03-18,0,0,0,FOMC（サイクル転換なし）,FOMC statement,"hold: target unchanged at 0-0.25%; meeting: March 17-18 Meeting; 'For immediate release' (regular afternoon statement, about 2:15 p.m. EDT)",,https://www.federalreserve.gov/newsevents/press/monetary/20090318a.htm,2026-09-27,599652b4,200,2026-09-27,registration,0,,,,対照池
CTRL_BOJ_NOCHG-2009-04-07,CTRL_BOJ_NOCHG,no_change,0,2009-04-07,12:22,2009-04-07,12:22,official_page,JP,2009-04-07,0,0,0,日銀金融政策決定会合（変更なし）,"Statement on Monetary Policy (Policy unchanged, Announced at 12:22 p.m.)",policy unchanged per title,,https://www.boj.or.jp/en/mopo/mpmdeci/mpr_2009/k090407.pdf,2026-09-27,2de55c63,200,2026-09-27,registration,0,,,,対照池
UNREG-2009-04-10,UNREGISTERED,other,0,2009-04-10,,2009-04-10,,,JP,2009-04-10,0,0,0,経済危機対策（閣議決定）,Economic Crisis Countermeasures (cabinet decision),事業規模約¥56.8兆円、財政支出約¥15.4兆円（過去最大の補正）,,https://www5.cao.go.jp/keizai1/keizaitaisaku/keizaitaisaku_kako.html,2026-09-27,ed88cde6,200,2026-09-27,registration,1,类别 FISCAL_STIMULUS 本轮未登记（保留原文，只作参考）,,,orig_category=FISCAL_STIMULUS；閣議決定日は内閣府経済対策一覧で確認；規模は閣議決定文書ベースの概数
CTRL_FOMC_OTHER-2009-04-29,CTRL_FOMC_OTHER,other,0,2009-04-29,14:15,2009-04-30,03:15,reported,US,2009-04-29,0,0,0,FOMC（サイクル転換なし）,FOMC statement,"hold: target unchanged at 0-0.25%; meeting: April 28-29 Meeting; 'For immediate release' (regular afternoon statement, about 2:15 p.m. EDT)",,https://www.federalreserve.gov/newsevents/press/monetary/20090429a.htm,2026-09-27,d937b951,200,2026-09-27,registration,0,,,,対照池
CTRL_BOJ_NOCHG-2009-04-30,CTRL_BOJ_NOCHG,no_change,0,2009-04-30,13:37,2009-04-30,13:37,official_page,JP,2009-04-30,0,0,0,日銀金融政策決定会合（変更なし）,"Announcement of the Monetary Policy Meeting Decision (Policy unchanged, Announced at 1:37 p.m.)",policy unchanged per title,,https://www.boj.or.jp/en/mopo/mpmdeci/mpr_2009/k090430.pdf,2026-09-27,b993dbc4,200,2026-09-27,registration,0,,,,対照池
CTRL_BOJ_NOCHG-2009-05-22,CTRL_BOJ_NOCHG,no_change,0,2009-05-22,12:33,2009-05-22,12:33,official_page,JP,2009-05-22,0,0,0,日銀金融政策決定会合（変更なし）,"Statement on Monetary Policy (Policy unchanged, Announced at 12:33 p.m.)",policy unchanged per title,,https://www.boj.or.jp/en/mopo/mpmdeci/mpr_2009/k090522.pdf,2026-09-27,d16a636f,200,2026-09-27,registration,0,,,,対照池
CTRL_BOJ_NOCHG-2009-06-16,CTRL_BOJ_NOCHG,no_change,0,2009-06-16,12:34,2009-06-16,12:34,official_page,JP,2009-06-16,0,0,0,日銀金融政策決定会合（変更なし）,"Statement on Monetary Policy (Policy unchanged, Announced at 12:34 p.m.)",policy unchanged per title,,https://www.boj.or.jp/en/mopo/mpmdeci/mpr_2009/k090616.pdf,2026-09-27,96a7ad62,200,2026-09-27,registration,0,,,,対照池
CTRL_FOMC_OTHER-2009-06-24,CTRL_FOMC_OTHER,other,0,2009-06-24,14:15,2009-06-25,03:15,reported,US,2009-06-24,0,0,0,FOMC（サイクル転換なし）,FOMC statement,"hold: target unchanged at 0-0.25%; meeting: June 23-24 Meeting; 'For immediate release' (regular afternoon statement, about 2:15 p.m. EDT)",,https://www.federalreserve.gov/newsevents/press/monetary/20090624a.htm,2026-09-27,baddcd82,200,2026-09-27,registration,0,,,,対照池
CTRL_BOJ_NOCHG-2009-07-15,CTRL_BOJ_NOCHG,no_change,0,2009-07-15,13:35,2009-07-15,13:35,official_page,JP,2009-07-15,0,0,0,日銀金融政策決定会合（変更なし）,"Statement on Monetary Policy (Policy unchanged, Announced at 1:35 p.m.)","policy unchanged; temporary measures (CP/corporate bond purchases, special operations) extended to end-Dec 2009",,https://www.boj.or.jp/en/mopo/mpmdeci/mpr_2009/k090715.pdf,2026-09-27,49fc3068,200,2026-09-27,registration,0,,,,対照池
CTRL_BOJ_NOCHG-2009-08-11,CTRL_BOJ_NOCHG,no_change,0,2009-08-11,11:51,2009-08-11,11:51,official_page,JP,2009-08-11,0,0,0,日銀金融政策決定会合（変更なし）,"Statement on Monetary Policy (Policy unchanged, Announced at 11:51 a.m.)",policy unchanged per title,,https://www.boj.or.jp/en/mopo/mpmdeci/mpr_2009/k090811.pdf,2026-09-27,74880377,200,2026-09-27,registration,0,,,,対照池
CTRL_FOMC_OTHER-2009-08-12,CTRL_FOMC_OTHER,other,0,2009-08-12,14:15,2009-08-13,03:15,reported,US,2009-08-12,0,0,0,FOMC（サイクル転換なし）,FOMC statement,"hold: target unchanged at 0-0.25%; meeting: August 11-12 Meeting; 'For immediate release' (regular afternoon statement, about 2:15 p.m. EDT)",,https://www.federalreserve.gov/newsevents/press/monetary/20090812a.htm,2026-09-27,a10f6999,200,2026-09-27,registration,0,,,,対照池
ELECTION-2009-08-30,ELECTION,lower,0,2009-08-30,,2009-08-30,,,JP,2009-08-30,0,0,-1,第45回衆議院議員総選挙（民主党への政権交代）,"45th general election: DPJ wins, change of government",民主党308議席；9/16鳩山内閣発足,,https://www.soumu.go.jp/senkyo/senkyo_s/data/shugiin45/index.html,2026-09-27,e908ba3a,200,2026-09-27,registration,0,,,,market_dir 登记时按総務省结果判定（与党 = 选举前的执政党：≥ 261 席 +1、失去过半 −1、其余 0；2026-02-08 结果待核对 → 0）
CTRL_BOJ_NOCHG-2009-09-17,CTRL_BOJ_NOCHG,no_change,0,2009-09-17,12:39,2009-09-17,12:39,official_page,JP,2009-09-17,0,0,0,日銀金融政策決定会合（変更なし）,"Statement on Monetary Policy (Policy unchanged, Announced at 12:39 p.m.)",policy unchanged per title,,https://www.boj.or.jp/en/mopo/mpmdeci/mpr_2009/k090917.pdf,2026-09-27,f4ca10d2,200,2026-09-27,registration,0,,,,対照池
CTRL_FOMC_OTHER-2009-09-23,CTRL_FOMC_OTHER,other,0,2009-09-23,14:15,2009-09-24,03:15,reported,US,2009-09-23,0,0,0,FOMC（サイクル転換なし）,FOMC statement,"hold: target unchanged at 0-0.25%; meeting: September 22-23 Meeting; 'For immediate release' (regular afternoon statement, about 2:15 p.m. EDT)",,https://www.federalreserve.gov/newsevents/press/monetary/20090923a.htm,2026-09-27,bf7606c4,200,2026-09-27,registration,0,,,,対照池
CTRL_BOJ_NOCHG-2009-10-14,CTRL_BOJ_NOCHG,no_change,0,2009-10-14,13:14,2009-10-14,13:14,official_page,JP,2009-10-14,0,0,0,日銀金融政策決定会合（変更なし）,"Statement on Monetary Policy (Policy unchanged, Announced at 1:14 p.m.)",policy unchanged per title,,https://www.boj.or.jp/en/mopo/mpmdeci/mpr_2009/k091014.pdf,2026-09-27,d0a3aa73,200,2026-09-27,registration,0,,,,対照池
CTRL_BOJ_NOCHG-2009-10-30,CTRL_BOJ_NOCHG,no_change,0,2009-10-30,13:05,2009-10-30,13:05,official_page,JP,2009-10-30,0,0,0,日銀金融政策決定会合（変更なし）,"Statement on Monetary Policy (Policy unchanged, Announced at 1:05 p.m.)","policy unchanged; outright CP/corporate bond purchases to expire at end-Dec 2009, special funds-supplying operations extended to end-Mar 2010 -> conservative: no_change",,https://www.boj.or.jp/en/mopo/mpmdeci/mpr_2009/k091030.pdf,2026-09-27,b34d6ef7,200,2026-09-27,registration,0,,,,対照池
CTRL_FOMC_OTHER-2009-11-04,CTRL_FOMC_OTHER,other,0,2009-11-04,14:15,2009-11-05,04:15,reported,US,2009-11-04,0,0,0,FOMC（サイクル転換なし）,FOMC statement,"hold: target unchanged at 0-0.25%; meeting: November 3-4 Meeting; 'For immediate release' (regular afternoon statement, about 2:15 p.m. EST)",,https://www.federalreserve.gov/newsevents/press/monetary/20091104a.htm,2026-09-27,c7c22159,200,2026-09-27,registration,0,,,,対照池
CTRL_BOJ_NOCHG-2009-11-20,CTRL_BOJ_NOCHG,no_change,0,2009-11-20,12:35,2009-11-20,12:35,official_page,JP,2009-11-20,0,0,0,日銀金融政策決定会合（変更なし）,"Statement on Monetary Policy (Policy unchanged, Announced at 12:35 p.m.)",policy unchanged per title,,https://www.boj.or.jp/en/mopo/mpmdeci/mpr_2009/k091120.pdf,2026-09-27,66f2deec,200,2026-09-27,registration,0,,,,対照池
BOJ_CHANGE-2009-12-01,BOJ_CHANGE,ease,-1,2009-12-01,15:38,2009-12-01,15:38,official_page,JP,2009-12-01,0,0,1,日銀金融政策決定会合（政策変更）,Enhancement of Easy Monetary Conditions (Announced at 3:38 p.m.),unscheduled MPM (announced 3:38 p.m. JST); new fixed-rate (0.1%) 3-month funds-supplying operation JPY 10tn,,https://www.boj.or.jp/en/mopo/mpmdeci/mpr_2009/k091201.pdf,2026-09-27,558f3802,200,2026-09-27,registration,0,,,,機械規則（年表タイトル / 声明冒頭の目標水準）で抽出
CTRL_FOMC_OTHER-2009-12-16,CTRL_FOMC_OTHER,other,0,2009-12-16,14:15,2009-12-17,04:15,reported,US,2009-12-16,0,0,0,FOMC（サイクル転換なし）,FOMC statement,"hold: target unchanged at 0-0.25%; meeting: December 15-16 Meeting; 'For immediate release' (regular afternoon statement, about 2:15 p.m. EST)",,https://www.federalreserve.gov/newsevents/press/monetary/20091216a.htm,2026-09-27,47deb719,200,2026-09-27,registration,0,,,,対照池
CTRL_BOJ_NOCHG-2009-12-18,CTRL_BOJ_NOCHG,no_change,0,2009-12-18,12:13,2009-12-18,12:13,official_page,JP,2009-12-18,0,0,0,日銀金融政策決定会合（変更なし）,"Statement on Monetary Policy (Policy unchanged, Announced at 12:13 p.m.)",policy unchanged; 'understanding of medium- to long-term price stability' clarified,,https://www.boj.or.jp/en/mopo/mpmdeci/mpr_2009/k091218.pdf,2026-09-27,ff83b7bf,200,2026-09-27,registration,0,,,,対照池
CTRL_BOJ_NOCHG-2010-01-26,CTRL_BOJ_NOCHG,no_change,0,2010-01-26,12:26,2010-01-26,12:26,official_page,JP,2010-01-26,0,0,0,日銀金融政策決定会合（変更なし）,"Statement on Monetary Policy (Policy unchanged, Announced at 12:26 p.m.)",policy unchanged per title,,https://www.boj.or.jp/en/mopo/mpmdeci/mpr_2010/k100126.pdf,2026-09-27,94c7a0e3,200,2026-09-27,registration,0,,,,対照池
CTRL_FOMC_OTHER-2010-01-27,CTRL_FOMC_OTHER,other,0,2010-01-27,14:15,2010-01-28,04:15,reported,US,2010-01-27,0,0,0,FOMC（サイクル転換なし）,FOMC statement,"hold: target unchanged at 0-0.25%; meeting: January 26-27 Meeting; 'For immediate release' (regular afternoon statement, about 2:15 p.m. EST)",,https://www.federalreserve.gov/newsevents/press/monetary/20100127a.htm,2026-09-27,0e6c3a16,200,2026-09-27,registration,0,,,,対照池
CTRL_BOJ_NOCHG-2010-02-18,CTRL_BOJ_NOCHG,no_change,0,2010-02-18,11:45,2010-02-18,11:45,official_page,JP,2010-02-18,0,0,0,日銀金融政策決定会合（変更なし）,"Statement on Monetary Policy (Policy unchanged, Announced at 11:45 a.m.)",policy unchanged per title,,https://www.boj.or.jp/en/mopo/mpmdeci/mpr_2010/k100218.pdf,2026-09-27,168adc82,200,2026-09-27,registration,0,,,,対照池
CTRL_FOMC_OTHER-2010-03-16,CTRL_FOMC_OTHER,other,0,2010-03-16,14:15,2010-03-17,03:15,reported,US,2010-03-16,0,0,0,FOMC（サイクル転換なし）,FOMC statement,"hold: target unchanged at 0-0.25%; meeting: March 16 Meeting; 'For immediate release' (regular afternoon statement, about 2:15 p.m. EDT)",,https://www.federalreserve.gov/newsevents/press/monetary/20100316a.htm,2026-09-27,f4dbe3b0,200,2026-09-27,registration,0,,,,対照池
BOJ_CHANGE-2010-03-17,BOJ_CHANGE,ease,-1,2010-03-17,12:49,2010-03-17,12:49,official_page,JP,2010-03-17,0,0,1,日銀金融政策決定会合（政策変更）,"Statement on Monetary Policy (Expansion of the measure to encourage a decline in longer-term interest rates, Announced a",fixed-rate funds-supplying operation expanded JPY 10tn->20tn,,https://www.boj.or.jp/en/mopo/mpmdeci/mpr_2010/k100317.pdf,2026-09-27,866ae41f,200,2026-09-27,registration,0,,,,機械規則（年表タイトル / 声明冒頭の目標水準）で抽出
CTRL_BOJ_NOCHG-2010-04-07,CTRL_BOJ_NOCHG,no_change,0,2010-04-07,12:03,2010-04-07,12:03,official_page,JP,2010-04-07,0,0,0,日銀金融政策決定会合（変更なし）,"Statement on Monetary Policy (Policy unchanged, Announced at 12:03 p.m.)",policy unchanged per title,,https://www.boj.or.jp/en/mopo/mpmdeci/mpr_2010/k100407.pdf,2026-09-27,5e04db67,200,2026-09-27,registration,0,,,,対照池
CTRL_FOMC_OTHER-2010-04-28,CTRL_FOMC_OTHER,other,0,2010-04-28,14:15,2010-04-29,03:15,reported,US,2010-04-28,0,0,0,FOMC（サイクル転換なし）,FOMC statement,"hold: target unchanged at 0-0.25%; meeting: April 27-28 Meeting; 'For immediate release' (regular afternoon statement, about 2:15 p.m. EDT)",,https://www.federalreserve.gov/newsevents/press/monetary/20100428a.htm,2026-09-27,7a65b9e5,200,2026-09-27,registration,0,,,,対照池
CTRL_BOJ_NOCHG-2010-04-30,CTRL_BOJ_NOCHG,no_change,0,2010-04-30,13:18,2010-04-30,13:18,official_page,JP,2010-04-30,0,0,0,日銀金融政策決定会合（変更なし）,"Statement on Monetary Policy (Policy unchanged, Chairman's Instructions to the Staff, Announced at 1:18 p.m.)",policy unchanged; Chairman's instructions to staff on growth-supporting measure,,https://www.boj.or.jp/en/mopo/mpmdeci/mpr_2010/k100430.pdf,2026-09-27,9b2e8f08,200,2026-09-27,registration,0,,,,対照池
CTRL_FOMC_OTHER-2010-05-09,CTRL_FOMC_OTHER,other,0,2010-05-09,21:15,2010-05-10,10:15,official_page,US,2010-05-09,0,0,0,FOMC（サイクル転換なし）,"FOMC statement: Federal Reserve, European Central Bank, Bank of Canada, Bank of England, and Swiss National Bank announc",emergency: target unchanged at 0-0.25%; unscheduled: May 9 Conference Call; Sunday night; USD swap lines re-established; no rate change; released 9:15 p.m. EDT,,https://www.federalreserve.gov/newsevents/press/monetary/20100509a.htm,2026-09-27,e48f2738,200,2026-09-27,registration,0,,,,対照池
CTRL_BOJ_NOCHG-2010-05-10,CTRL_BOJ_NOCHG,no_change,0,2010-05-10,12:11,2010-05-10,12:11,official_page,JP,2010-05-10,0,0,0,日銀金融政策決定会合（変更なし）,"Announcement of the Monetary Policy Meeting decision (Policy unchanged, Announced at 12:11 p.m.)","unscheduled MPM (Monday, announced 12:11 p.m. JST); USD funds-supplying operations re-established (coordinated); guideline unchanged",,https://www.boj.or.jp/en/mopo/mpmdeci/mpr_2010/k100510.pdf,2026-09-27,dc8e40c7,200,2026-09-27,registration,0,,,,対照池
CTRL_BOJ_NOCHG-2010-05-21,CTRL_BOJ_NOCHG,no_change,0,2010-05-21,12:42,2010-05-21,12:42,official_page,JP,2010-05-21,0,0,0,日銀金融政策決定会合（変更なし）,"Statement on Monetary Policy (Policy unchanged, Preliminary Framework for the Fund-Provisioning Measure to Facilitate St",policy unchanged; preliminary framework of growth-supporting fund-provisioning measure,,https://www.boj.or.jp/en/mopo/mpmdeci/mpr_2010/k100521.pdf,2026-09-27,c7db53e2,200,2026-09-27,registration,0,,,,対照池
CTRL_BOJ_NOCHG-2010-06-15,CTRL_BOJ_NOCHG,no_change,0,2010-06-15,12:56,2010-06-15,12:56,official_page,JP,2010-06-15,0,0,0,日銀金融政策決定会合（変更なし）,"Statement on Monetary Policy (Policy unchanged, Fund-Provisioning Measure to Support Strengthening the Foundations for E",policy unchanged; growth-supporting fund-provisioning measure (JPY 3tn) established (lending facility),,https://www.boj.or.jp/en/mopo/mpmdeci/mpr_2010/k100615.pdf,2026-09-27,1609cc35,200,2026-09-27,registration,0,,,,対照池
CTRL_FOMC_OTHER-2010-06-23,CTRL_FOMC_OTHER,other,0,2010-06-23,14:15,2010-06-24,03:15,reported,US,2010-06-23,0,0,0,FOMC（サイクル転換なし）,FOMC statement,"hold: target unchanged at 0-0.25%; meeting: June 22-23 Meeting; 'For immediate release' (regular afternoon statement, about 2:15 p.m. EDT)",,https://www.federalreserve.gov/newsevents/press/monetary/20100623a.htm,2026-09-27,5e4c6886,200,2026-09-27,registration,0,,,,対照池
CTRL_BOJ_NOCHG-2010-07-15,CTRL_BOJ_NOCHG,no_change,0,2010-07-15,12:45,2010-07-15,12:45,official_page,JP,2010-07-15,0,0,0,日銀金融政策決定会合（変更なし）,"Statement on Monetary Policy (Policy unchanged, Announced at 12:45 p.m.)",policy unchanged per title,,https://www.boj.or.jp/en/mopo/mpmdeci/mpr_2010/k100715.pdf,2026-09-27,732855fe,200,2026-09-27,registration,0,,,,対照池
CTRL_BOJ_NOCHG-2010-08-10,CTRL_BOJ_NOCHG,no_change,0,2010-08-10,12:28,2010-08-10,12:28,official_page,JP,2010-08-10,0,0,0,日銀金融政策決定会合（変更なし）,"Statement on Monetary Policy (Policy unchanged, Announced at 12:28 p.m.)",policy unchanged per title,,https://www.boj.or.jp/en/mopo/mpmdeci/mpr_2010/k100810.pdf,2026-09-27,e2d1df8e,200,2026-09-27,registration,0,,,,対照池
CTRL_FOMC_OTHER-2010-08-10,CTRL_FOMC_OTHER,other,0,2010-08-10,14:15,2010-08-11,03:15,reported,US,2010-08-10,0,0,0,FOMC（サイクル転換なし）,FOMC statement,"hold: target unchanged at 0-0.25%; meeting: August 10 Meeting; 'For immediate release' (regular afternoon statement, about 2:15 p.m. EDT)",,https://www.federalreserve.gov/newsevents/press/monetary/20100810a.htm,2026-09-27,24046d30,200,2026-09-27,registration,0,,,,対照池
BOJ_CHANGE-2010-08-30,BOJ_CHANGE,ease,-1,2010-08-30,12:11,2010-08-30,12:11,official_page,JP,2010-08-30,0,0,1,日銀金融政策決定会合（政策変更）,Enhancement of Easy Monetary Conditions (Announced at 12:11 p.m.),unscheduled MPM (announced 12:11 p.m. JST); fixed-rate operation expanded JPY 20tn->30tn (6-month term added),,https://www.boj.or.jp/en/mopo/mpmdeci/mpr_2010/k100830.pdf,2026-09-27,5ba4e9fd,200,2026-09-27,registration,0,,,,機械規則（年表タイトル / 声明冒頭の目標水準）で抽出
CTRL_BOJ_NOCHG-2010-09-07,CTRL_BOJ_NOCHG,no_change,0,2010-09-07,12:39,2010-09-07,12:39,official_page,JP,2010-09-07,0,0,0,日銀金融政策決定会合（変更なし）,"Statement on Monetary Policy (Policy unchanged, Announced at 12:39 p.m.)",policy unchanged per title,,https://www.boj.or.jp/en/mopo/mpmdeci/mpr_2010/k100907.pdf,2026-09-27,9736ca5d,200,2026-09-27,registration,0,,,,対照池
MOF_FX-2010-09-15,MOF_FX,yen_sell,-1,2010-09-15,10:30,2010-09-15,10:30,reported,JP,2010-09-15,0,0,1,円売り・ドル買い介入（回合 1 日）,Yen-selling intervention episode (1 days),"回合首日 2010-09-15、最终日 2010-09-15、实施 1 日、合计 ¥21,249 億円（財務省 外国為替平衡操作の実施状況）",21249,https://www.mof.go.jp/policy/international_policy/reference/feio/foreign_exchange_intervention_operations.csv,2026-09-27,c2869df8,200,2026-09-27,registration,0,,,,"当日公表（時刻は報道ベース、Mac 核対待ち）：Finance Minister Noda held an emergency press conference on the morning of Sept 15, 2010 confirming the intervention (wi"
CTRL_FOMC_OTHER-2010-09-21,CTRL_FOMC_OTHER,other,0,2010-09-21,14:15,2010-09-22,03:15,reported,US,2010-09-21,0,0,0,FOMC（サイクル転換なし）,FOMC statement,"hold: target unchanged at 0-0.25%; meeting: September 21 Meeting; 'For immediate release' (regular afternoon statement, about 2:15 p.m. EDT)",,https://www.federalreserve.gov/newsevents/press/monetary/20100921a.htm,2026-09-27,3bb8b0f9,200,2026-09-27,registration,0,,,,対照池
BOJ_CHANGE-2010-10-05,BOJ_CHANGE,ease,-1,2010-10-05,13:38,2010-10-05,13:38,official_page,JP,2010-10-05,0,0,1,日銀金融政策決定会合（政策変更）,Comprehensive Monetary Easing (Announced at 1:38 p.m.),Comprehensive Monetary Easing: rate target 0-0.1%; Asset Purchase Program (APP) JPY 5tn plus JPY 30tn fixed-rate operations; virtually zero rate commitment,,https://www.boj.or.jp/en/mopo/mpmdeci/mpr_2010/k101005.pdf,2026-09-27,463a02c1,200,2026-09-27,registration,0,,,,機械規則（年表タイトル / 声明冒頭の目標水準）で抽出
BOJ_ETF-2010-10-05,BOJ_ETF,expand,1,2010-10-05,13:38,2010-10-05,13:38,official_page,JP,2010-10-05,0,0,1,包括的な金融緩和政策（資産買入等基金・ETF買入開始）,"Comprehensive Monetary Easing: 0–0.1% rate, ¥5T Asset Purchase Program incl. ETFs","政策利率0〜0.1%（事实零利率）；设立¥5兆円资产买入等基金（含ETF约¥4,500億円、J-REIT约¥500億円），首次将ETF纳入央行买入对象",,https://www.boj.or.jp/en/mopo/mpmdeci/mpr_2010/k101005.pdf,2026-09-27,463a02c1,200,2026-09-27,registration,0,,,,公表時刻13:38は日銀一覧に記載
CTRL_BOJ_NOCHG-2010-10-28,CTRL_BOJ_NOCHG,no_change,0,2010-10-28,13:31,2010-10-28,13:31,official_page,JP,2010-10-28,0,0,0,日銀金融政策決定会合（変更なし）,"Statement on Monetary Policy (Policy unchanged, Establishment of the Asset Purchase Program, Announced at 1:31 p.m.)",policy unchanged; principal terms of the Asset Purchase Program established (program decided 2010-10-05),,https://www.boj.or.jp/en/mopo/mpmdeci/mpr_2010/k101028.pdf,2026-09-27,44fcbebf,200,2026-09-27,registration,0,,,,対照池
CTRL_FOMC_OTHER-2010-11-03,CTRL_FOMC_OTHER,other,0,2010-11-03,14:15,2010-11-04,03:15,reported,US,2010-11-03,0,0,0,FOMC（サイクル転換なし）,FOMC statement,"hold: target unchanged at 0-0.25%; meeting: November 2-3 Meeting; 'For immediate release' (regular afternoon statement, about 2:15 p.m. EDT)",,https://www.federalreserve.gov/newsevents/press/monetary/20101103a.htm,2026-09-27,d1dc1655,200,2026-09-27,registration,0,,,,対照池
CTRL_BOJ_NOCHG-2010-11-05,CTRL_BOJ_NOCHG,no_change,0,2010-11-05,11:36,2010-11-05,11:36,official_page,JP,2010-11-05,0,0,0,日銀金融政策決定会合（変更なし）,"Statement on Monetary Policy (Policy unchanged, Purchases of ETFs and J-REITs, Announced at 11:36 a.m.)",meeting brought forward from Nov 15-16 to Nov 4-5; terms for ETF/J-REIT purchases under APP; policy unchanged,,https://www.boj.or.jp/en/mopo/mpmdeci/mpr_2010/k101105.pdf,2026-09-27,bd27d26f,200,2026-09-27,registration,0,,,,対照池
CTRL_FOMC_OTHER-2010-12-14,CTRL_FOMC_OTHER,other,0,2010-12-14,14:15,2010-12-15,04:15,reported,US,2010-12-14,0,0,0,FOMC（サイクル転換なし）,FOMC statement,"hold: target unchanged at 0-0.25%; meeting: December 14 Meeting; 'For immediate release' (regular afternoon statement, about 2:15 p.m. EST)",,https://www.federalreserve.gov/newsevents/press/monetary/20101214a.htm,2026-09-27,d3da8308,200,2026-09-27,registration,0,,,,対照池
CTRL_BOJ_NOCHG-2010-12-21,CTRL_BOJ_NOCHG,no_change,0,2010-12-21,12:55,2010-12-21,12:55,official_page,JP,2010-12-21,0,0,0,日銀金融政策決定会合（変更なし）,"Statement on Monetary Policy (Policy unchanged, Announced at 12:55 p.m.)",policy unchanged per title,,https://www.boj.or.jp/en/mopo/mpmdeci/mpr_2010/k101221.pdf,2026-09-27,2ca5d06d,200,2026-09-27,registration,0,,,,対照池
CTRL_BOJ_NOCHG-2011-01-25,CTRL_BOJ_NOCHG,no_change,0,2011-01-25,12:29,2011-01-25,12:29,official_page,JP,2011-01-25,0,0,0,日銀金融政策決定会合（変更なし）,"Statement on Monetary Policy (Policy unchanged, Announced at 12:29 p.m.)",policy unchanged per title,,https://www.boj.or.jp/en/mopo/mpmdeci/mpr_2011/k110125a.pdf,2026-09-27,b1514c16,200,2026-09-27,registration,0,,,,対照池
CTRL_FOMC_OTHER-2011-01-26,CTRL_FOMC_OTHER,other,0,2011-01-26,14:15,2011-01-27,04:15,reported,US,2011-01-26,0,0,0,FOMC（サイクル転換なし）,FOMC statement,"hold: target unchanged at 0-0.25%; meeting: January 25-26 Meeting; 'For immediate release' (regular afternoon statement, about 2:15 p.m. EST)",,https://www.federalreserve.gov/newsevents/pressreleases/monetary20110126a.htm,2026-09-27,11144325,200,2026-09-27,registration,0,,,,対照池
CTRL_BOJ_NOCHG-2011-02-15,CTRL_BOJ_NOCHG,no_change,0,2011-02-15,12:37,2011-02-15,12:37,official_page,JP,2011-02-15,0,0,0,日銀金融政策決定会合（変更なし）,"Statement on Monetary Policy (Policy unchanged, Announced at 12:37 p.m.)",policy unchanged per title,,https://www.boj.or.jp/en/mopo/mpmdeci/mpr_2011/k110215.pdf,2026-09-27,0c5c1b05,200,2026-09-27,registration,0,,,,対照池
UNREG-2011-03-11,UNREGISTERED,other,0,2011-03-11,14:46,2011-03-11,14:46,official_page,JP,2011-03-11,0,0,0,東北地方太平洋沖地震（東日本大震災）,Great East Japan Earthquake (M9.0),M9.0（モーメントマグニチュード）、14:46発生；福島第一原発事故、翌週の円急騰・株急落,,https://www.data.jma.go.jp/eqev/data/2011_03_11_tohoku/index.html,2026-09-27,b131193b,200,2026-09-27,registration,1,类别 OTHER 本轮未登记（保留原文，只作参考）,,,orig_category=OTHER；ショック参照用
BOJ_CHANGE-2011-03-14,BOJ_CHANGE,ease,-1,2011-03-14,14:48,2011-03-14,14:48,official_page,JP,2011-03-14,0,0,1,震災後の資産買入等基金 5兆円増額,Post-earthquake: Asset Purchase Program +¥5T (ETF +¥450B),"东日本大地震后：资产买入基金¥5兆円→¥10兆円（ETF追加约¥4,500億円、J-REIT约¥500億円）",,https://www.boj.or.jp/en/mopo/mpmdeci/mpr_2011/k110314a.pdf,2026-09-27,5b9e7d96,200,2026-09-27,registration,0,,,,
CTRL_FOMC_OTHER-2011-03-15,CTRL_FOMC_OTHER,other,0,2011-03-15,14:15,2011-03-16,03:15,reported,US,2011-03-15,0,0,0,FOMC（サイクル転換なし）,FOMC statement,"hold: target unchanged at 0-0.25%; meeting: March 15 Meeting; 'For immediate release' (regular afternoon statement, about 2:15 p.m. EDT)",,https://www.federalreserve.gov/newsevents/pressreleases/monetary20110315a.htm,2026-09-27,d4357e78,200,2026-09-27,registration,0,,,,対照池
MOF_FX-2011-03-18,MOF_FX,yen_sell,-1,2011-03-18,09:00,2011-03-18,09:00,reported,JP,2011-03-18,0,0,1,円売り・ドル買い介入（回合 1 日）,Yen-selling intervention episode (1 days),"回合首日 2011-03-18、最终日 2011-03-18、实施 1 日、合计 ¥6,925 億円（財務省 外国為替平衡操作の実施状況）",6925,https://www.mof.go.jp/policy/international_policy/reference/feio/foreign_exchange_intervention_operations.csv,2026-09-27,c2869df8,200,2026-09-27,registration,0,,,,当日公表（時刻は報道ベース、Mac 核対待ち）：Coordinated G7 intervention announced by a G7 Finance Ministers and Central Bank Governors statement released early on M
CTRL_BOJ_NOCHG-2011-04-07,CTRL_BOJ_NOCHG,no_change,0,2011-04-07,13:10,2011-04-07,13:10,official_page,JP,2011-04-07,0,0,0,日銀金融政策決定会合（変更なし）,"Statement on Monetary Policy (Policy unchanged, Chairman's Instructions to the Staff, Announced at 1:10 p.m.)",policy unchanged; Chairman's instructions on disaster-area funds-supplying operation,,https://www.boj.or.jp/en/mopo/mpmdeci/mpr_2011/k110407a.pdf,2026-09-27,0b352759,200,2026-09-27,registration,0,,,,対照池
CTRL_FOMC_OTHER-2011-04-27,CTRL_FOMC_OTHER,other,0,2011-04-27,14:15,2011-04-28,03:15,reported,US,2011-04-27,0,0,0,FOMC（サイクル転換なし）,FOMC statement,"hold: target unchanged at 0-0.25%; meeting: April 26-27 Meeting; 'For immediate release' (regular afternoon statement, about 2:15 p.m. EDT)",,https://www.federalreserve.gov/newsevents/pressreleases/monetary20110427a.htm,2026-09-27,6e39a1e5,200,2026-09-27,registration,0,,,,対照池
CTRL_BOJ_NOCHG-2011-04-28,CTRL_BOJ_NOCHG,no_change,0,2011-04-28,13:31,2011-04-28,13:31,official_page,JP,2011-04-28,0,0,0,日銀金融政策決定会合（変更なし）,"Announcement of the Monetary Policy Meeting Decision (Policy unchanged, Announced at 1:31 p.m.)",policy unchanged; JPY 1tn funds-supplying operation for financial institutions in disaster areas established,,https://www.boj.or.jp/en/mopo/mpmdeci/mpr_2011/k110428a.pdf,2026-09-27,c4228653,200,2026-09-27,registration,0,,,,対照池
UNREG-2011-05-06,UNREGISTERED,other,0,2011-05-06,,2011-05-06,,,JP,2011-05-06,0,0,0,浜岡原子力発電所 全原子炉の運転停止要請,PM requests shutdown of all Hamaoka reactors,菅首相が中部電力に浜岡原発全炉停止を要請（東海地震リスク）；5/9受諾,,https://www.gov-online.go.jp/prg/prg4791.html,,,403,2026-09-27,registration,1,类别 ENERGY_POLICY 本轮未登记（保留原文，只作参考）,,,orig_category=ENERGY_POLICY；公式文書：首相官邸「菅内閣総理大臣記者会見」平成23年5月6日／政府広報オンライン prg4791（いずれも本セッションのプロキシ経由では403）
CTRL_BOJ_NOCHG-2011-05-20,CTRL_BOJ_NOCHG,no_change,0,2011-05-20,12:14,2011-05-20,12:14,official_page,JP,2011-05-20,0,0,0,日銀金融政策決定会合（変更なし）,"Statement on Monetary Policy (Policy unchanged, Announced at 12:14 p.m.)",policy unchanged per title,,https://www.boj.or.jp/en/mopo/mpmdeci/mpr_2011/k110520a.pdf,2026-09-27,7e046f80,200,2026-09-27,registration,0,,,,対照池
CTRL_BOJ_NOCHG-2011-06-14,CTRL_BOJ_NOCHG,no_change,0,2011-06-14,12:42,2011-06-14,12:42,official_page,JP,2011-06-14,0,0,0,日銀金融政策決定会合（変更なし）,"Statement on Monetary Policy (Policy unchanged, New Line of Credit Established for the Fund-Provisioning Measure to Supp",policy unchanged; new JPY 500bn line of credit (equity investments / ABL) under growth-supporting measure,,https://www.boj.or.jp/en/mopo/mpmdeci/mpr_2011/k110614a.pdf,2026-09-27,b91fd72d,200,2026-09-27,registration,0,,,,対照池
CTRL_FOMC_OTHER-2011-06-22,CTRL_FOMC_OTHER,other,0,2011-06-22,14:15,2011-06-23,03:15,reported,US,2011-06-22,0,0,0,FOMC（サイクル転換なし）,FOMC statement,"hold: target unchanged at 0-0.25%; meeting: June 21-22 Meeting; 'For immediate release' (regular afternoon statement, about 2:15 p.m. EDT)",,https://www.federalreserve.gov/newsevents/pressreleases/monetary20110622a.htm,2026-09-27,5cb54a10,200,2026-09-27,registration,0,,,,対照池
CTRL_BOJ_NOCHG-2011-07-12,CTRL_BOJ_NOCHG,no_change,0,2011-07-12,13:20,2011-07-12,13:20,official_page,JP,2011-07-12,0,0,0,日銀金融政策決定会合（変更なし）,"Statement on Monetary Policy (Policy unchanged, Announced at 1:20 p.m.)",policy unchanged per title,,https://www.boj.or.jp/en/mopo/mpmdeci/mpr_2011/k110712a.pdf,2026-09-27,e1340d68,200,2026-09-27,registration,0,,,,対照池
BOJ_CHANGE-2011-08-04,BOJ_CHANGE,ease,-1,2011-08-04,14:00,2011-08-04,14:00,official_page,JP,2011-08-04,0,0,1,日銀金融政策決定会合（政策変更）,Enhancement of Monetary Easing (Announced at 2:00 p.m.),scheduled Aug 4-5 meeting shortened to one day; APP expanded JPY 40tn->50tn,,https://www.boj.or.jp/en/mopo/mpmdeci/mpr_2011/k110804a.pdf,2026-09-27,42bc71a1,200,2026-09-27,registration,0,,,,機械規則（年表タイトル / 声明冒頭の目標水準）で抽出
MOF_FX-2011-08-04,MOF_FX,yen_sell,-1,2011-08-04,10:00,2011-08-04,10:00,reported,JP,2011-08-04,0,0,1,円売り・ドル買い介入（回合 1 日）,Yen-selling intervention episode (1 days),"回合首日 2011-08-04、最终日 2011-08-04、实施 1 日、合计 ¥45,129 億円（財務省 外国為替平衡操作の実施状況）",45129,https://www.mof.go.jp/policy/international_policy/reference/feio/foreign_exchange_intervention_operations.csv,2026-09-27,c2869df8,200,2026-09-27,registration,0,,,,"当日公表（時刻は報道ベース、Mac 核対待ち）：Minister Noda announced the unilateral intervention at an emergency press conference on the morning of Aug 4, 2011 (repo"
CTRL_FOMC_OTHER-2011-08-09,CTRL_FOMC_OTHER,other,0,2011-08-09,14:15,2011-08-10,03:15,reported,US,2011-08-09,0,0,0,FOMC（サイクル転換なし）,FOMC statement,"hold: target unchanged at 0-0.25%; meeting: August 9 Meeting; 'For immediate release' (regular afternoon statement, about 2:15 p.m. EDT)",,https://www.federalreserve.gov/newsevents/pressreleases/monetary20110809a.htm,2026-09-27,4e279eec,200,2026-09-27,registration,0,,,,対照池
CTRL_BOJ_NOCHG-2011-09-07,CTRL_BOJ_NOCHG,no_change,0,2011-09-07,12:21,2011-09-07,12:21,official_page,JP,2011-09-07,0,0,0,日銀金融政策決定会合（変更なし）,"Statement on Monetary Policy (Policy unchanged, Announced at 12:21 p.m.)",policy unchanged per title,,https://www.boj.or.jp/en/mopo/mpmdeci/mpr_2011/k110907a.pdf,2026-09-27,56a5b7e3,200,2026-09-27,registration,0,,,,対照池
CTRL_FOMC_OTHER-2011-09-21,CTRL_FOMC_OTHER,other,0,2011-09-21,14:15,2011-09-22,03:15,reported,US,2011-09-21,0,0,0,FOMC（サイクル転換なし）,Federal Reserve issues FOMC statement,"hold: target unchanged at 0-0.25%; meeting: September 20-21 Meeting; 'For immediate release' (regular afternoon statement, about 2:15 p.m. EDT)",,https://www.federalreserve.gov/newsevents/pressreleases/monetary20110921a.htm,2026-09-27,4c307ab2,200,2026-09-27,registration,0,,,,対照池
CTRL_BOJ_NOCHG-2011-10-07,CTRL_BOJ_NOCHG,no_change,0,2011-10-07,12:37,2011-10-07,12:37,official_page,JP,2011-10-07,0,0,0,日銀金融政策決定会合（変更なし）,"Statement on Monetary Policy (Policy unchanged, Announced at 12:37 p.m.)",policy unchanged per title,,https://www.boj.or.jp/en/mopo/mpmdeci/mpr_2011/k111007a.pdf,2026-09-27,24d2a169,200,2026-09-27,registration,0,,,,対照池
BOJ_CHANGE-2011-10-27,BOJ_CHANGE,ease,-1,2011-10-27,13:31,2011-10-27,13:31,official_page,JP,2011-10-27,0,0,1,日銀金融政策決定会合（政策変更）,Enhancement of Monetary Easing (Announced at 1:31 p.m.),APP expanded JPY 50tn->55tn,,https://www.boj.or.jp/en/mopo/mpmdeci/mpr_2011/k111027a.pdf,2026-09-27,827827d8,200,2026-09-27,registration,0,,,,機械規則（年表タイトル / 声明冒頭の目標水準）で抽出
MOF_FX-2011-10-31,MOF_FX,yen_sell,-1,2011-10-31,10:25,2011-10-31,10:25,reported,JP,2011-10-31,0,0,1,円売り・ドル買い介入（回合 5 日）,Yen-selling intervention episode (5 days),"回合首日 2011-10-31、最终日 2011-11-04、实施 5 日、合计 ¥90,917 億円（財務省 外国為替平衡操作の実施状況）",90917,https://www.mof.go.jp/policy/international_policy/reference/feio/foreign_exchange_intervention_operations.csv,2026-09-27,c2869df8,200,2026-09-27,registration,0,,,,"当日公表（時刻は報道ベース、Mac 核対待ち）：Minister Azumi announced the intervention at an emergency press conference on the morning of Oct 31, 2011 (reported ~10:"
CTRL_FOMC_OTHER-2011-11-02,CTRL_FOMC_OTHER,other,0,2011-11-02,14:15,2011-11-03,03:15,reported,US,2011-11-02,0,0,0,FOMC（サイクル転換なし）,Federal Reserve issues FOMC statement,"hold: target unchanged at 0-0.25%; meeting: November 1-2 Meeting; 'For immediate release' (regular afternoon statement, about 2:15 p.m. EDT)",,https://www.federalreserve.gov/newsevents/pressreleases/monetary20111102a.htm,2026-09-27,32cf5c5a,200,2026-09-27,registration,0,,,,対照池
CTRL_BOJ_NOCHG-2011-11-16,CTRL_BOJ_NOCHG,no_change,0,2011-11-16,12:49,2011-11-16,12:49,official_page,JP,2011-11-16,0,0,0,日銀金融政策決定会合（変更なし）,"Statement on Monetary Policy (Policy unchanged, Announced at 12:49 p.m.)",policy unchanged per title,,https://www.boj.or.jp/en/mopo/mpmdeci/mpr_2011/k111116a.pdf,2026-09-27,b26667dc,200,2026-09-27,registration,0,,,,対照池
CTRL_BOJ_NOCHG-2011-11-30,CTRL_BOJ_NOCHG,no_change,0,2011-11-30,22:00,2011-11-30,22:00,official_page,JP,2011-11-30,0,0,0,日銀金融政策決定会合（変更なし）,"Statement on Monetary Policy (Policy unchanged, Announced at 10:00 p.m.)",unscheduled MPM (announced 10:00 p.m. JST); coordinated central bank action (USD swap pricing cut); guideline unchanged,,https://www.boj.or.jp/en/mopo/mpmdeci/mpr_2011/k111130a.pdf,2026-09-27,d78d61ac,200,2026-09-27,registration,0,,,,対照池
CTRL_FOMC_OTHER-2011-12-13,CTRL_FOMC_OTHER,other,0,2011-12-13,14:15,2011-12-14,04:15,reported,US,2011-12-13,0,0,0,FOMC（サイクル転換なし）,Federal Reserve issues FOMC statement,"hold: target unchanged at 0-0.25%; meeting: December 13 Meeting; 'For immediate release' (regular afternoon statement, about 2:15 p.m. EST)",,https://www.federalreserve.gov/newsevents/pressreleases/monetary20111213a.htm,2026-09-27,08ded279,200,2026-09-27,registration,0,,,,対照池
CTRL_BOJ_NOCHG-2011-12-21,CTRL_BOJ_NOCHG,no_change,0,2011-12-21,12:16,2011-12-21,12:16,official_page,JP,2011-12-21,0,0,0,日銀金融政策決定会合（変更なし）,"Statement on Monetary Policy (Policy unchanged, Announced at 12:16 p.m.)",policy unchanged per title,,https://www.boj.or.jp/en/mopo/mpmdeci/mpr_2011/k111221a.pdf,2026-09-27,d3738268,200,2026-09-27,registration,0,,,,対照池
CTRL_BOJ_NOCHG-2012-01-24,CTRL_BOJ_NOCHG,no_change,0,2012-01-24,12:31,2012-01-24,12:31,official_page,JP,2012-01-24,0,0,0,日銀金融政策決定会合（変更なし）,"Statement on Monetary Policy (Policy unchanged, Announced at 12:31 p.m.)",policy unchanged per title,,https://www.boj.or.jp/en/mopo/mpmdeci/mpr_2012/k120124a.pdf,2026-09-27,c1d89a83,200,2026-09-27,registration,0,,,,対照池
CTRL_FOMC_OTHER-2012-01-25,CTRL_FOMC_OTHER,other,0,2012-01-25,14:15,2012-01-26,04:15,reported,US,2012-01-25,0,0,0,FOMC（サイクル転換なし）,Federal Reserve issues FOMC statement,"hold: target unchanged at 0-0.25%; meeting: January 24-25 Meeting; 'For immediate release' (regular afternoon statement, about 2:15 p.m. EST)",,https://www.federalreserve.gov/newsevents/pressreleases/monetary20120125a.htm,2026-09-27,bd832970,200,2026-09-27,registration,0,,,,対照池
BOJ_CHANGE-2012-02-14,BOJ_CHANGE,ease,-1,2012-02-14,12:43,2012-02-14,12:43,official_page,JP,2012-02-14,0,0,1,中長期的な物価安定の目途（1%）導入・基金10兆円増額,1% price stability goal introduced; APP +¥10T (to ¥65T),引入「中長期的な物価安定の目途」（当面1%）；资产买入基金增¥10兆円至¥65兆円,,https://www.boj.or.jp/en/mopo/mpmdeci/mpr_2012/k120214a.pdf,2026-09-27,0c54587f,200,2026-09-27,registration,0,,,,
CTRL_BOJ_NOCHG-2012-03-13,CTRL_BOJ_NOCHG,no_change,0,2012-03-13,14:07,2012-03-13,14:07,official_page,JP,2012-03-13,0,0,0,日銀金融政策決定会合（変更なし）,Statement on Monetary Policy (Enhancement of the Fund-Provisioning Measure to Support Strengthening the Foundations for ,rate unchanged; growth-supporting fund-provisioning measure enhanced by JPY 2tn incl. USD 12bn (lending facility) -> conservative: no_change,,https://www.boj.or.jp/en/mopo/mpmdeci/mpr_2012/k120313a.pdf,2026-09-27,a9b3f568,200,2026-09-27,registration,0,,,,対照池
CTRL_FOMC_OTHER-2012-03-13,CTRL_FOMC_OTHER,other,0,2012-03-13,14:15,2012-03-14,03:15,reported,US,2012-03-13,0,0,0,FOMC（サイクル転換なし）,Federal Reserve issues FOMC statement,"hold: target unchanged at 0-0.25%; meeting: March 13 Meeting; 'For immediate release' (regular afternoon statement, about 2:15 p.m. EDT)",,https://www.federalreserve.gov/newsevents/pressreleases/monetary20120313a.htm,2026-09-27,f528765c,200,2026-09-27,registration,0,,,,対照池
CTRL_BOJ_NOCHG-2012-04-10,CTRL_BOJ_NOCHG,no_change,0,2012-04-10,12:09,2012-04-10,12:09,official_page,JP,2012-04-10,0,0,0,日銀金融政策決定会合（変更なし）,"Statement on Monetary Policy (A New U.S. Dollar Lending Arrangement Established as part of the ""Fund-Provisioning Measur",rate unchanged; USD lending arrangement under growth-supporting measure established (lending facility),,https://www.boj.or.jp/en/mopo/mpmdeci/mpr_2012/k120410a.pdf,2026-09-27,e16304b6,200,2026-09-27,registration,0,,,,対照池
CTRL_FOMC_OTHER-2012-04-25,CTRL_FOMC_OTHER,other,0,2012-04-25,14:15,2012-04-26,03:15,reported,US,2012-04-25,0,0,0,FOMC（サイクル転換なし）,Federal Reserve issues FOMC statement,"hold: target unchanged at 0-0.25%; meeting: April 24-25 Meeting; 'For immediate release' (regular afternoon statement, about 2:15 p.m. EDT)",,https://www.federalreserve.gov/newsevents/pressreleases/monetary20120425a.htm,2026-09-27,1abfb2bb,200,2026-09-27,registration,0,,,,対照池
BOJ_CHANGE-2012-04-27,BOJ_CHANGE,ease,-1,2012-04-27,12:46,2012-04-27,12:46,official_page,JP,2012-04-27,0,0,1,日銀金融政策決定会合（政策変更）,Enhancement of Monetary Easing (Announced at 12:46 p.m.),APP expanded JPY 65tn->70tn; JGB purchase maturity extended to 3 years,,https://www.boj.or.jp/en/mopo/mpmdeci/mpr_2012/k120427a.pdf,2026-09-27,cef88e15,200,2026-09-27,registration,0,,,,機械規則（年表タイトル / 声明冒頭の目標水準）で抽出
CTRL_BOJ_NOCHG-2012-05-23,CTRL_BOJ_NOCHG,no_change,0,2012-05-23,11:37,2012-05-23,11:37,official_page,JP,2012-05-23,0,0,0,日銀金融政策決定会合（変更なし）,"Statement on Monetary Policy (Policy unchanged, Announced at 11:37 a.m.)",policy unchanged per title,,https://www.boj.or.jp/en/mopo/mpmdeci/mpr_2012/k120523a.pdf,2026-09-27,bd97b393,200,2026-09-27,registration,0,,,,対照池
CTRL_BOJ_NOCHG-2012-06-15,CTRL_BOJ_NOCHG,no_change,0,2012-06-15,11:52,2012-06-15,11:52,official_page,JP,2012-06-15,0,0,0,日銀金融政策決定会合（変更なし）,"Statement on Monetary Policy (Policy unchanged, Announced at 11:52 a.m.)",policy unchanged per title,,https://www.boj.or.jp/en/mopo/mpmdeci/mpr_2012/k120615a.pdf,2026-09-27,7861030f,200,2026-09-27,registration,0,,,,対照池
CTRL_FOMC_OTHER-2012-06-20,CTRL_FOMC_OTHER,other,0,2012-06-20,14:15,2012-06-21,03:15,reported,US,2012-06-20,0,0,0,FOMC（サイクル転換なし）,Federal Reserve issues FOMC statement,"hold: target unchanged at 0-0.25%; meeting: June 19-20 Meeting; 'For immediate release' (regular afternoon statement, about 2:15 p.m. EDT)",,https://www.federalreserve.gov/newsevents/pressreleases/monetary20120620a.htm,2026-09-27,cdf989ae,200,2026-09-27,registration,0,,,,対照池
BOJ_CHANGE-2012-07-12,BOJ_CHANGE,ease,-1,2012-07-12,12:51,2012-07-12,12:51,official_page,JP,2012-07-12,0,0,1,日銀金融政策決定会合（政策変更）,Statement on Monetary Policy (Announced at 12:51 p.m.),"APP composition changed: outright T-bill purchases +JPY 5tn, fixed-rate operations -JPY 5tn (total JPY 70tn unchanged); minimum bid yield removed for T-bills/CP (verified in statement)",,https://www.boj.or.jp/en/mopo/mpmdeci/mpr_2012/k120712a.pdf,2026-09-27,2a236b8b,200,2026-09-27,registration,1,方向模糊：資産買入等基金の構成変更（総額不変）,,,機械規則（年表タイトル / 声明冒頭の目標水準）で抽出
CTRL_FOMC_OTHER-2012-08-01,CTRL_FOMC_OTHER,other,0,2012-08-01,14:15,2012-08-02,03:15,reported,US,2012-08-01,0,0,0,FOMC（サイクル転換なし）,Federal Reserve issues FOMC statement,"hold: target unchanged at 0-0.25%; meeting: July 31-August 1  Meeting; 'For immediate release' (regular afternoon statement, about 2:15 p.m. EDT)",,https://www.federalreserve.gov/newsevents/pressreleases/monetary20120801a.htm,2026-09-27,f9fc664f,200,2026-09-27,registration,0,,,,対照池
CTRL_BOJ_NOCHG-2012-08-09,CTRL_BOJ_NOCHG,no_change,0,2012-08-09,12:19,2012-08-09,12:19,official_page,JP,2012-08-09,0,0,0,日銀金融政策決定会合（変更なし）,"Statement on Monetary Policy (Policy unchanged, Announced at 12:19 p.m.)",policy unchanged per title,,https://www.boj.or.jp/en/mopo/mpmdeci/mpr_2012/k120809a.pdf,2026-09-27,97c65685,200,2026-09-27,registration,0,,,,対照池
TAX-2012-08-10,TAX,hike,1,2012-08-10,,2012-08-10,,,JP,2012-08-10,0,0,-1,社会保障・税一体改革関連法 成立（消費税8%・10%へ）,"Consumption tax hike law enacted (5→8% Apr 2014, 8→10% Oct 2015 planned)",参院可決・成立：消費税率5%→8%（2014-04-01）、8%→10%（当初2015-10-01予定）；2012-08-22公布,,https://www.mof.go.jp/tax_policy/summary/consumption/consumption_tax/law/index.html,2026-09-27,fee18003,200,2026-09-27,registration,0,,,,enacted
CTRL_FOMC_OTHER-2012-09-13,CTRL_FOMC_OTHER,other,0,2012-09-13,14:15,2012-09-14,03:15,reported,US,2012-09-13,0,0,0,FOMC（サイクル転換なし）,Federal Reserve issues FOMC statement,"hold: target unchanged at 0-0.25%; meeting: September 12-13 Meeting; 'For immediate release' (regular afternoon statement, about 2:15 p.m. EDT)",,https://www.federalreserve.gov/newsevents/pressreleases/monetary20120913a.htm,2026-09-27,10b1fcf9,200,2026-09-27,registration,0,,,,対照池
BOJ_CHANGE-2012-09-19,BOJ_CHANGE,ease,-1,2012-09-19,12:44,2012-09-19,12:44,official_page,JP,2012-09-19,0,0,1,日銀金融政策決定会合（政策変更）,Enhancement of Monetary Easing (Announced at 12:44 p.m.),APP expanded JPY 70tn->80tn,,https://www.boj.or.jp/en/mopo/mpmdeci/mpr_2012/k120919a.pdf,2026-09-27,8179141e,200,2026-09-27,registration,0,,,,機械規則（年表タイトル / 声明冒頭の目標水準）で抽出
CTRL_BOJ_NOCHG-2012-10-05,CTRL_BOJ_NOCHG,no_change,0,2012-10-05,12:14,2012-10-05,12:14,official_page,JP,2012-10-05,0,0,0,日銀金融政策決定会合（変更なし）,"Statement on Monetary Policy (Policy unchanged, Announced at 12:14 p.m.)",policy unchanged per title,,https://www.boj.or.jp/en/mopo/mpmdeci/mpr_2012/k121005a.pdf,2026-09-27,8c982371,200,2026-09-27,registration,0,,,,対照池
CTRL_FOMC_OTHER-2012-10-24,CTRL_FOMC_OTHER,other,0,2012-10-24,14:15,2012-10-25,03:15,reported,US,2012-10-24,0,0,0,FOMC（サイクル転換なし）,Federal Reserve issues FOMC statement,"hold: target unchanged at 0-0.25%; meeting: October 23-24 Meeting; 'For immediate release' (regular afternoon statement, about 2:15 p.m. EDT)",,https://www.federalreserve.gov/newsevents/pressreleases/monetary20121024a.htm,2026-09-27,dd4bbd18,200,2026-09-27,registration,0,,,,対照池
BOJ_CHANGE-2012-10-30,BOJ_CHANGE,ease,-1,2012-10-30,14:46,2012-10-30,14:46,official_page,JP,2012-10-30,0,0,1,日銀金融政策決定会合（政策変更）,Enhancement of Monetary Easing (Announced at 2:46 p.m.),APP expanded JPY 80tn->91tn; Stimulating Bank Lending Facility framework; joint statement with government (k121030b); same-day decision docs: k121030b.pdf,,https://www.boj.or.jp/en/mopo/mpmdeci/mpr_2012/k121030a.pdf,2026-09-27,50c1587d,200,2026-09-27,registration,0,,,,機械規則（年表タイトル / 声明冒頭の目標水準）で抽出
CTRL_BOJ_NOCHG-2012-11-20,CTRL_BOJ_NOCHG,no_change,0,2012-11-20,12:14,2012-11-20,12:14,official_page,JP,2012-11-20,0,0,0,日銀金融政策決定会合（変更なし）,"Statement on Monetary Policy (Policy unchanged, Announced at 12:14 p.m.)",policy unchanged per title,,https://www.boj.or.jp/en/mopo/mpmdeci/mpr_2012/k121120a.pdf,2026-09-27,148a383a,200,2026-09-27,registration,0,,,,対照池
CTRL_FOMC_OTHER-2012-12-12,CTRL_FOMC_OTHER,other,0,2012-12-12,14:15,2012-12-13,04:15,reported,US,2012-12-12,0,0,0,FOMC（サイクル転換なし）,Federal Reserve issues FOMC statement,"hold: target unchanged at 0-0.25%; meeting: December 11-12 Meeting; 'For immediate release' (regular afternoon statement, about 2:15 p.m. EST)",,https://www.federalreserve.gov/newsevents/pressreleases/monetary20121212a.htm,2026-09-27,77ff28e0,200,2026-09-27,registration,0,,,,対照池
ELECTION-2012-12-16,ELECTION,lower,0,2012-12-16,,2012-12-16,,,JP,2012-12-16,0,0,-1,第46回衆議院議員総選挙（自民党政権復帰）,46th general election: LDP returns to power (Abe),自民党294議席；12/26第2次安倍内閣発足、アベノミクス開始,,https://www.soumu.go.jp/senkyo/senkyo_s/data/shugiin46/index.html,2026-09-27,adca521a,200,2026-09-27,registration,0,,,,market_dir 登记时按総務省结果判定（与党 = 选举前的执政党：≥ 261 席 +1、失去过半 −1、其余 0；2026-02-08 结果待核对 → 0）
BOJ_CHANGE-2012-12-20,BOJ_CHANGE,ease,-1,2012-12-20,13:01,2012-12-20,13:01,official_page,JP,2012-12-20,0,0,1,日銀金融政策決定会合（政策変更）,Enhancement of Monetary Easing (Announced at 1:01 p.m.),APP expanded JPY 91tn->101tn,,https://www.boj.or.jp/en/mopo/mpmdeci/mpr_2012/k121220a.pdf,2026-09-27,68f70146,200,2026-09-27,registration,0,,,,機械規則（年表タイトル / 声明冒頭の目標水準）で抽出
UNREG-2013-01-11,UNREGISTERED,other,0,2013-01-11,,2013-01-11,,,JP,2013-01-11,0,0,0,日本経済再生に向けた緊急経済対策（閣議決定）,Emergency Economic Measures for Japan's Revival (Abenomics first arrow) (cabinet decision),事業規模約¥20.2兆円、国費約¥10.3兆円,,https://www5.cao.go.jp/keizai1/keizaitaisaku/keizaitaisaku_kako.html,2026-09-27,ed88cde6,200,2026-09-27,registration,1,类别 FISCAL_STIMULUS 本轮未登记（保留原文，只作参考）,,,orig_category=FISCAL_STIMULUS；閣議決定日は内閣府経済対策一覧で確認；規模は閣議決定文書ベースの概数
BOJ_CHANGE-2013-01-22,BOJ_CHANGE,ease,-1,2013-01-22,12:47,2013-01-22,12:47,official_page,JP,2013-01-22,0,0,1,物価安定の目標（2%）導入・期限を定めない資産買入れ,2% price stability target and open-ended asset purchases; joint statement with government,引入2%「物価安定の目標」；2014年起每月约¥13兆円的无期限资产买入；政府・日銀共同声明,,https://www.boj.or.jp/en/mopo/mpmdeci/mpr_2013/k130122a.pdf,2026-09-27,7e73fda1,200,2026-09-27,registration,0,,,,
CTRL_FOMC_OTHER-2013-01-30,CTRL_FOMC_OTHER,other,0,2013-01-30,14:15,2013-01-31,04:15,reported,US,2013-01-30,0,0,0,FOMC（サイクル転換なし）,Federal Reserve issues FOMC statement,"hold: target unchanged at 0-0.25%; meeting: January 29-30 Meeting; 'For immediate release' (regular afternoon statement, about 2:15 p.m. EST)",,https://www.federalreserve.gov/newsevents/pressreleases/monetary20130130a.htm,2026-09-27,1c35a817,200,2026-09-27,registration,0,,,,対照池
CTRL_BOJ_NOCHG-2013-02-14,CTRL_BOJ_NOCHG,no_change,0,2013-02-14,12:39,2013-02-14,12:39,official_page,JP,2013-02-14,0,0,0,日銀金融政策決定会合（変更なし）,"Statement on Monetary Policy (Policy unchanged, Announced at 12:39 p.m.)",policy unchanged per title,,https://www.boj.or.jp/en/mopo/mpmdeci/mpr_2013/k130214a.pdf,2026-09-27,9e4b5d02,200,2026-09-27,registration,0,,,,対照池
CTRL_BOJ_NOCHG-2013-03-07,CTRL_BOJ_NOCHG,no_change,0,2013-03-07,12:24,2013-03-07,12:24,official_page,JP,2013-03-07,0,0,0,日銀金融政策決定会合（変更なし）,"Statement on Monetary Policy (Policy unchanged, Announced at 12:24 p.m.)",policy unchanged per title,,https://www.boj.or.jp/en/mopo/mpmdeci/mpr_2013/k130307a.pdf,2026-09-27,d7c182ab,200,2026-09-27,registration,0,,,,対照池
CTRL_FOMC_OTHER-2013-03-20,CTRL_FOMC_OTHER,other,0,2013-03-20,14:15,2013-03-21,03:15,reported,US,2013-03-20,0,0,0,FOMC（サイクル転換なし）,Federal Reserve issues FOMC statement,"hold: target unchanged at 0-0.25%; meeting: March 19-20 Meeting; 'For immediate release' (regular afternoon statement, about 2:15 p.m. EDT)",,https://www.federalreserve.gov/newsevents/pressreleases/monetary20130320a.htm,2026-09-27,a52440a6,200,2026-09-27,registration,0,,,,対照池
BOJ_CHANGE-2013-04-04,BOJ_CHANGE,ease,-1,2013-04-04,13:40,2013-04-04,13:40,official_page,JP,2013-04-04,0,0,1,量的・質的金融緩和（QQE）導入,Quantitative and Qualitative Monetary Easing introduced,QQE：マネタリーベース年¥60〜70兆円增（2年で2倍）、长期国债年¥50兆円增、ETF年¥1兆円、J-REIT年¥300億円；操作目标改为MB,,https://www.boj.or.jp/en/mopo/mpmdeci/mpr_2013/k130404a.pdf,2026-09-27,808a67d9,200,2026-09-27,registration,0,,,,
BOJ_ETF-2013-04-04,BOJ_ETF,expand,1,2013-04-04,12:00,2013-04-04,12:00,class_default,JP,2013-04-04,0,0,1,量的・質的金融緩和：ETF 買入れ年 1 兆円へ,QQE: ETF purchases raised to ¥1T/yr,QQE 导入，ETF 年购买额提高到约 ¥1 兆円。,,https://www.boj.or.jp/en/mopo/mpmdeci/mpr_2013/k130404a.pdf,2026-09-27,808a67d9,200,2026-09-27,registration,0,,,,
CTRL_BOJ_NOCHG-2013-04-26,CTRL_BOJ_NOCHG,no_change,0,2013-04-26,13:35,2013-04-26,13:35,official_page,JP,2013-04-26,0,0,0,日銀金融政策決定会合（変更なし）,Statement on Monetary Policy (Announced at 1:35 p.m.),policy unchanged per title,,https://www.boj.or.jp/en/mopo/mpmdeci/mpr_2013/k130426a.pdf,2026-09-27,ad230ad4,200,2026-09-27,registration,0,,,,対照池
CTRL_FOMC_OTHER-2013-05-01,CTRL_FOMC_OTHER,other,0,2013-05-01,14:15,2013-05-02,03:15,reported,US,2013-05-01,0,0,0,FOMC（サイクル転換なし）,Federal Reserve issues FOMC statement,"hold: target unchanged at 0-0.25%; meeting: April/May 30-1 Meeting; 'For immediate release' (regular afternoon statement, about 2:15 p.m. EDT)",,https://www.federalreserve.gov/newsevents/pressreleases/monetary20130501a.htm,2026-09-27,3a2e5b3e,200,2026-09-27,registration,0,,,,対照池
CTRL_BOJ_NOCHG-2013-05-22,CTRL_BOJ_NOCHG,no_change,0,2013-05-22,12:07,2013-05-22,12:07,official_page,JP,2013-05-22,0,0,0,日銀金融政策決定会合（変更なし）,Statement on Monetary Policy (Announced at 12:07 p.m.),policy unchanged per title,,https://www.boj.or.jp/en/mopo/mpmdeci/mpr_2013/k130522a.pdf,2026-09-27,2a56b450,200,2026-09-27,registration,0,,,,対照池
CTRL_BOJ_NOCHG-2013-06-11,CTRL_BOJ_NOCHG,no_change,0,2013-06-11,11:48,2013-06-11,11:48,official_page,JP,2013-06-11,0,0,0,日銀金融政策決定会合（変更なし）,Statement on Monetary Policy (Announced at 11:48 a.m.),policy unchanged per title,,https://www.boj.or.jp/en/mopo/mpmdeci/mpr_2013/k130611a.pdf,2026-09-27,6377652f,200,2026-09-27,registration,0,,,,対照池
CTRL_FOMC_OTHER-2013-06-19,CTRL_FOMC_OTHER,other,0,2013-06-19,14:15,2013-06-20,03:15,reported,US,2013-06-19,0,0,0,FOMC（サイクル転換なし）,Federal Reserve issues FOMC statement,"hold: target unchanged at 0-0.25%; meeting: June 18-19 Meeting; 'For immediate release' (regular afternoon statement, about 2:15 p.m. EDT)",,https://www.federalreserve.gov/newsevents/pressreleases/monetary20130619a.htm,2026-09-27,44f956f4,200,2026-09-27,registration,0,,,,対照池
CTRL_BOJ_NOCHG-2013-07-11,CTRL_BOJ_NOCHG,no_change,0,2013-07-11,11:47,2013-07-11,11:47,official_page,JP,2013-07-11,0,0,0,日銀金融政策決定会合（変更なし）,Statement on Monetary Policy (Announced at 11:47 a.m.),policy unchanged per title,,https://www.boj.or.jp/en/mopo/mpmdeci/mpr_2013/k130711a.pdf,2026-09-27,eb98699f,200,2026-09-27,registration,0,,,,対照池
CTRL_FOMC_OTHER-2013-07-31,CTRL_FOMC_OTHER,other,0,2013-07-31,14:15,2013-08-01,03:15,reported,US,2013-07-31,0,0,0,FOMC（サイクル転換なし）,Federal Reserve issues FOMC statement,"hold: target unchanged at 0-0.25%; meeting: July 30-31 Meeting; 'For immediate release' (regular afternoon statement, about 2:15 p.m. EDT)",,https://www.federalreserve.gov/newsevents/pressreleases/monetary20130731a.htm,2026-09-27,491441c8,200,2026-09-27,registration,0,,,,対照池
CTRL_BOJ_NOCHG-2013-08-08,CTRL_BOJ_NOCHG,no_change,0,2013-08-08,11:59,2013-08-08,11:59,official_page,JP,2013-08-08,0,0,0,日銀金融政策決定会合（変更なし）,Statement on Monetary Policy (Announced at 11:59 a.m.),policy unchanged per title,,https://www.boj.or.jp/en/mopo/mpmdeci/mpr_2013/k130808a.pdf,2026-09-27,b1833afa,200,2026-09-27,registration,0,,,,対照池
CTRL_BOJ_NOCHG-2013-09-05,CTRL_BOJ_NOCHG,no_change,0,2013-09-05,11:42,2013-09-05,11:42,official_page,JP,2013-09-05,0,0,0,日銀金融政策決定会合（変更なし）,Statement on Monetary Policy (Announced at 11:42 a.m.),policy unchanged per title,,https://www.boj.or.jp/en/mopo/mpmdeci/mpr_2013/k130905a.pdf,2026-09-27,a4fffd16,200,2026-09-27,registration,0,,,,対照池
CTRL_FOMC_OTHER-2013-09-18,CTRL_FOMC_OTHER,other,0,2013-09-18,14:15,2013-09-19,03:15,reported,US,2013-09-18,0,0,0,FOMC（サイクル転換なし）,Federal Reserve issues FOMC statement,"hold: target unchanged at 0-0.25%; meeting: September 17-18 Meeting; 'For immediate release' (regular afternoon statement, about 2:15 p.m. EDT)",,https://www.federalreserve.gov/newsevents/pressreleases/monetary20130918a.htm,2026-09-27,426436cc,200,2026-09-27,registration,0,,,,対照池
TAX-2013-10-01,TAX,hike,1,2013-10-01,,2013-10-01,,,JP,2013-10-01,0,0,-1,消費税率8%への引上げ実施を閣議決定,Cabinet confirms 8% hike from April 2014,閣議決定「消費税率及び地方消費税率の引上げとそれに伴う対応について」；同時に¥5兆円規模の経済対策方針,,https://www.mof.go.jp/tax_policy/summary/consumption/consumption_tax/law/index.html,2026-09-27,fee18003,200,2026-09-27,registration,0,,,,decision to implement
CTRL_BOJ_NOCHG-2013-10-04,CTRL_BOJ_NOCHG,no_change,0,2013-10-04,11:49,2013-10-04,11:49,official_page,JP,2013-10-04,0,0,0,日銀金融政策決定会合（変更なし）,Statement on Monetary Policy (Announced at 11:49 a.m.),policy unchanged per title,,https://www.boj.or.jp/en/mopo/mpmdeci/mpr_2013/k131004a.pdf,2026-09-27,19accfe9,200,2026-09-27,registration,0,,,,対照池
CTRL_FOMC_OTHER-2013-10-30,CTRL_FOMC_OTHER,other,0,2013-10-30,14:15,2013-10-31,03:15,reported,US,2013-10-30,0,0,0,FOMC（サイクル転換なし）,Federal Reserve issues FOMC statement,"hold: target unchanged at 0-0.25%; meeting: October 29-30 Meeting; 'For immediate release' (regular afternoon statement, about 2:15 p.m. EDT)",,https://www.federalreserve.gov/newsevents/pressreleases/monetary20131030a.htm,2026-09-27,cc1c3d61,200,2026-09-27,registration,0,,,,対照池
CTRL_BOJ_NOCHG-2013-10-31,CTRL_BOJ_NOCHG,no_change,0,2013-10-31,13:14,2013-10-31,13:14,official_page,JP,2013-10-31,0,0,0,日銀金融政策決定会合（変更なし）,Statement on Monetary Policy (Announced at 1:14 p.m.),policy unchanged; standing USD liquidity swap arrangements introduced (operational),,https://www.boj.or.jp/en/mopo/mpmdeci/mpr_2013/k131031a.pdf,2026-09-27,8c6eb461,200,2026-09-27,registration,0,,,,対照池
CTRL_BOJ_NOCHG-2013-11-21,CTRL_BOJ_NOCHG,no_change,0,2013-11-21,12:15,2013-11-21,12:15,official_page,JP,2013-11-21,0,0,0,日銀金融政策決定会合（変更なし）,Statement on Monetary Policy (Announced at 12:15 p.m.),policy unchanged per title,,https://www.boj.or.jp/en/mopo/mpmdeci/mpr_2013/k131121a.pdf,2026-09-27,7381f3e5,200,2026-09-27,registration,0,,,,対照池
CTRL_FOMC_OTHER-2013-12-18,CTRL_FOMC_OTHER,other,0,2013-12-18,14:15,2013-12-19,04:15,reported,US,2013-12-18,0,0,0,FOMC（サイクル転換なし）,Federal Reserve issues FOMC statement,"hold: target unchanged at 0-0.25%; meeting: December 17-18 Meeting; 'For immediate release' (regular afternoon statement, about 2:15 p.m. EST)",,https://www.federalreserve.gov/newsevents/pressreleases/monetary20131218a.htm,2026-09-27,92951479,200,2026-09-27,registration,0,,,,対照池
CTRL_BOJ_NOCHG-2013-12-20,CTRL_BOJ_NOCHG,no_change,0,2013-12-20,11:57,2013-12-20,11:57,official_page,JP,2013-12-20,0,0,0,日銀金融政策決定会合（変更なし）,Statement on Monetary Policy (Announced at 11:57 a.m.),policy unchanged per title,,https://www.boj.or.jp/en/mopo/mpmdeci/mpr_2013/k131220a.pdf,2026-09-27,d094ac88,200,2026-09-27,registration,0,,,,対照池
NISA-2014-01-01,NISA,expand,1,2014-01-01,,2014-01-01,,,JP,2014-01-01,0,1,1,NISA（少額投資非課税制度）開始,"NISA launched (¥1M/yr, 5-year tax exemption)",一般NISA開始：年間投資枠¥100万円、非課税期間5年,,https://www.fsa.go.jp/policy/nisa2/about/index.html,,,200_nodate,2026-09-27,registration,0,,,,
TSE_STRUCT-2014-01-06,TSE_STRUCT,restructure,1,2014-01-06,,2014-01-06,,,JP,2014-01-06,0,1,0,JPX日経インデックス400 算出開始,JPX-Nikkei Index 400 launched,"ROE・営業利益・時価総額で選定する400銘柄指数の算出開始（基準日2013-08-30=10,000pt）",,https://www.jpx.co.jp/markets/indices/jpx-nikkei400/index.html,,,200_nodate,2026-09-27,registration,0,,,,
TSE_STRUCT-2014-01-14,TSE_STRUCT,restructure,1,2014-01-14,,2014-01-14,,,JP,2014-01-14,0,0,0,呼値の単位適正化 フェーズI（TOPIX100）,Tick size reduction Phase I for TOPIX100 constituents,"TOPIX100構成銘柄の3,000円超の価格帯で呼値の単位を縮小；フェーズII（5,000円以下で円未満の呼値導入）は2014-07-22",,https://www.jpx.co.jp/files/tse/rules-participants/public-comment/data/b7gje6000005712m-att/201412_kabuso_b.pdf,,,200_nodate,2026-09-27,registration,0,,,,東証「呼値の単位の適正化 フェーズI及びII実施後の状況」(2014-12-16)
CTRL_BOJ_NOCHG-2014-01-22,CTRL_BOJ_NOCHG,no_change,0,2014-01-22,12:20,2014-01-22,12:20,official_page,JP,2014-01-22,0,0,0,日銀金融政策決定会合（変更なし）,Statement on Monetary Policy (Announced at 12:20 p.m.),policy unchanged per title,,https://www.boj.or.jp/en/mopo/mpmdeci/mpr_2014/k140122a.pdf,2026-09-27,16c82cbf,200,2026-09-27,registration,0,,,,対照池
CTRL_FOMC_OTHER-2014-01-29,CTRL_FOMC_OTHER,other,0,2014-01-29,14:15,2014-01-30,04:15,reported,US,2014-01-29,0,0,0,FOMC（サイクル転換なし）,Federal Reserve issues FOMC statement,"hold: target unchanged at 0-0.25%; meeting: January 28-29 Meeting; 'For immediate release' (regular afternoon statement, about 2:15 p.m. EST)",,https://www.federalreserve.gov/newsevents/pressreleases/monetary20140129a.htm,2026-09-27,e9831594,200,2026-09-27,registration,0,,,,対照池
CTRL_BOJ_NOCHG-2014-02-18,CTRL_BOJ_NOCHG,no_change,0,2014-02-18,12:28,2014-02-18,12:28,official_page,JP,2014-02-18,0,0,0,日銀金融政策決定会合（変更なし）,Statement on Monetary Policy (Extension and Enhancement of the Stimulating Bank Lending Facility and the Growth-Supporti,policy unchanged; Stimulating Bank Lending Facility and Growth-Supporting Funding Facility doubled in scale and extended one year (lending facilities) -> conservative: no_change,,https://www.boj.or.jp/en/mopo/mpmdeci/mpr_2014/k140218a.pdf,2026-09-27,85ec1364,200,2026-09-27,registration,0,,,,対照池
CTRL_BOJ_NOCHG-2014-03-11,CTRL_BOJ_NOCHG,no_change,0,2014-03-11,12:00,2014-03-11,12:00,official_page,JP,2014-03-11,0,0,0,日銀金融政策決定会合（変更なし）,Statement on Monetary Policy (Announced at 12:00 p.m.),policy unchanged per title,,https://www.boj.or.jp/en/mopo/mpmdeci/mpr_2014/k140311a.pdf,2026-09-27,dea95e66,200,2026-09-27,registration,0,,,,対照池
CTRL_FOMC_OTHER-2014-03-19,CTRL_FOMC_OTHER,other,0,2014-03-19,14:15,2014-03-20,03:15,reported,US,2014-03-19,0,0,0,FOMC（サイクル転換なし）,Federal Reserve issues FOMC statement,"hold: target unchanged at 0-0.25%; meeting: March 18-19 Meeting; 'For immediate release' (regular afternoon statement, about 2:15 p.m. EDT)",,https://www.federalreserve.gov/newsevents/pressreleases/monetary20140319a.htm,2026-09-27,20990b1d,200,2026-09-27,registration,0,,,,対照池
TAX-2014-04-01,TAX,hike,1,2014-04-01,,2014-04-01,,,JP,2014-04-01,0,1,-1,消費税率 5%→8% 施行,Consumption tax rate 5%→8% effective,税率5%→8%（国4%→6.3%、地方1%→1.7%）,,https://www.mof.go.jp/tax_policy/summary/consumption/consumption_tax/law/index.html,2026-09-27,fee18003,200,2026-09-27,registration,0,,,,effective；実施日（只描述）
CTRL_BOJ_NOCHG-2014-04-08,CTRL_BOJ_NOCHG,no_change,0,2014-04-08,11:50,2014-04-08,11:50,official_page,JP,2014-04-08,0,0,0,日銀金融政策決定会合（変更なし）,Statement on Monetary Policy (Announced at 11:50 a.m.),policy unchanged per title,,https://www.boj.or.jp/en/mopo/mpmdeci/mpr_2014/k140408a.pdf,2026-09-27,967f50bb,200,2026-09-27,registration,0,,,,対照池
CTRL_BOJ_NOCHG-2014-04-30,CTRL_BOJ_NOCHG,no_change,0,2014-04-30,12:51,2014-04-30,12:51,official_page,JP,2014-04-30,0,0,0,日銀金融政策決定会合（変更なし）,Statement on Monetary Policy (Announced at 12:51 p.m.),policy unchanged per title,,https://www.boj.or.jp/en/mopo/mpmdeci/mpr_2014/k140430a.pdf,2026-09-27,5549962b,200,2026-09-27,registration,0,,,,対照池
CTRL_FOMC_OTHER-2014-04-30,CTRL_FOMC_OTHER,other,0,2014-04-30,14:15,2014-05-01,03:15,reported,US,2014-04-30,0,0,0,FOMC（サイクル転換なし）,Federal Reserve issues FOMC statement,"hold: target unchanged at 0-0.25%; meeting: April 29-30 Meeting; 'For immediate release' (regular afternoon statement, about 2:15 p.m. EDT)",,https://www.federalreserve.gov/newsevents/pressreleases/monetary20140430a.htm,2026-09-27,d3b03132,200,2026-09-27,registration,0,,,,対照池
CTRL_BOJ_NOCHG-2014-05-21,CTRL_BOJ_NOCHG,no_change,0,2014-05-21,11:41,2014-05-21,11:41,official_page,JP,2014-05-21,0,0,0,日銀金融政策決定会合（変更なし）,Statement on Monetary Policy (Announced at 11:41 a.m.),policy unchanged per title,,https://www.boj.or.jp/en/mopo/mpmdeci/mpr_2014/k140521a.pdf,2026-09-27,868cf559,200,2026-09-27,registration,0,,,,対照池
CTRL_BOJ_NOCHG-2014-06-13,CTRL_BOJ_NOCHG,no_change,0,2014-06-13,11:41,2014-06-13,11:41,official_page,JP,2014-06-13,0,0,0,日銀金融政策決定会合（変更なし）,Statement on Monetary Policy (Announced at 11:41 a.m.),policy unchanged per title,,https://www.boj.or.jp/en/mopo/mpmdeci/mpr_2014/k140613a.pdf,2026-09-27,9cf83db5,200,2026-09-27,registration,0,,,,対照池
CTRL_FOMC_OTHER-2014-06-18,CTRL_FOMC_OTHER,other,0,2014-06-18,14:15,2014-06-19,03:15,reported,US,2014-06-18,0,0,0,FOMC（サイクル転換なし）,Federal Reserve issues FOMC statement,"hold: target unchanged at 0-0.25%; meeting: June 17-18 Meeting; 'For immediate release' (regular afternoon statement, about 2:15 p.m. EDT)",,https://www.federalreserve.gov/newsevents/pressreleases/monetary20140618a.htm,2026-09-27,71059619,200,2026-09-27,registration,0,,,,対照池
CTRL_BOJ_NOCHG-2014-07-15,CTRL_BOJ_NOCHG,no_change,0,2014-07-15,11:58,2014-07-15,11:58,official_page,JP,2014-07-15,0,0,0,日銀金融政策決定会合（変更なし）,Statement on Monetary Policy (Announced at 11:58 a.m.),policy unchanged per title,,https://www.boj.or.jp/en/mopo/mpmdeci/mpr_2014/k140715a.pdf,2026-09-27,0a8297be,200,2026-09-27,registration,0,,,,対照池
CTRL_FOMC_OTHER-2014-07-30,CTRL_FOMC_OTHER,other,0,2014-07-30,14:15,2014-07-31,03:15,reported,US,2014-07-30,0,0,0,FOMC（サイクル転換なし）,Federal Reserve issues FOMC statement,"hold: target unchanged at 0-0.25%; meeting: July 29-30 Meeting; 'For immediate release' (regular afternoon statement, about 2:15 p.m. EDT)",,https://www.federalreserve.gov/newsevents/pressreleases/monetary20140730a.htm,2026-09-27,8a6d937e,200,2026-09-27,registration,0,,,,対照池
CTRL_BOJ_NOCHG-2014-08-08,CTRL_BOJ_NOCHG,no_change,0,2014-08-08,12:08,2014-08-08,12:08,official_page,JP,2014-08-08,0,0,0,日銀金融政策決定会合（変更なし）,Statement on Monetary Policy (Announced at 12:08 p.m.),policy unchanged per title,,https://www.boj.or.jp/en/mopo/mpmdeci/mpr_2014/k140808a.pdf,,,0,2026-09-27,registration,0,,,,対照池
CTRL_BOJ_NOCHG-2014-09-04,CTRL_BOJ_NOCHG,no_change,0,2014-09-04,12:07,2014-09-04,12:07,official_page,JP,2014-09-04,0,0,0,日銀金融政策決定会合（変更なし）,Statement on Monetary Policy (Announced at 12:07 p.m.),policy unchanged per title,,https://www.boj.or.jp/en/mopo/mpmdeci/mpr_2014/k140904a.pdf,2026-09-27,69eec6ec,200,2026-09-27,registration,0,,,,対照池
CTRL_FOMC_OTHER-2014-09-17,CTRL_FOMC_OTHER,other,0,2014-09-17,14:15,2014-09-18,03:15,reported,US,2014-09-17,0,0,0,FOMC（サイクル転換なし）,Federal Reserve issues FOMC statement,"hold: target unchanged at 0-0.25%; meeting: September 16-17 Meeting; 'For immediate release' (regular afternoon statement, about 2:15 p.m. EDT)",,https://www.federalreserve.gov/newsevents/pressreleases/monetary20140917a.htm,2026-09-27,3b6787ab,200,2026-09-27,registration,0,,,,対照池
CTRL_BOJ_NOCHG-2014-10-07,CTRL_BOJ_NOCHG,no_change,0,2014-10-07,13:54,2014-10-07,13:54,official_page,JP,2014-10-07,0,0,0,日銀金融政策決定会合（変更なし）,Statement on Monetary Policy (Announced at 1:54 p.m.),policy unchanged per title,,https://www.boj.or.jp/en/mopo/mpmdeci/mpr_2014/k141007a.pdf,2026-09-27,a638d834,200,2026-09-27,registration,0,,,,対照池
CTRL_FOMC_OTHER-2014-10-29,CTRL_FOMC_OTHER,other,0,2014-10-29,14:15,2014-10-30,03:15,reported,US,2014-10-29,0,0,0,FOMC（サイクル転換なし）,Federal Reserve issues FOMC statement,"hold: target unchanged at 0-0.25%; meeting: October 28-29 Meeting; 'For immediate release' (regular afternoon statement, about 2:15 p.m. EDT)",,https://www.federalreserve.gov/newsevents/pressreleases/monetary20141029a.htm,2026-09-27,52d72798,200,2026-09-27,registration,0,,,,対照池
BOJ_CHANGE-2014-10-31,BOJ_CHANGE,ease,-1,2014-10-31,13:44,2014-10-31,13:44,official_page,JP,2014-10-31,0,0,1,日銀金融政策決定会合（政策変更）,Expansion of the Quantitative and Qualitative Monetary Easing (Announced at 1:44 p.m.),"QQE expanded: monetary base +JPY 80tn/yr; JGB purchases JPY 80tn/yr; ETF JPY 3tn/yr, J-REIT JPY 90bn/yr",,https://www.boj.or.jp/en/mopo/mpmdeci/mpr_2014/k141031a.pdf,2026-09-27,22cca543,200,2026-09-27,registration,0,,,,機械規則（年表タイトル / 声明冒頭の目標水準）で抽出
BOJ_ETF-2014-10-31,BOJ_ETF,expand,1,2014-10-31,13:44,2014-10-31,13:44,official_page,JP,2014-10-31,0,0,1,QQEの拡大（ETF年3兆円）,"QQE expansion: MB +¥80T/yr, ETF purchases tripled to ¥3T/yr",MB年增¥80兆円（+¥10〜20兆円）、国债年¥80兆円、ETF年¥1兆円→¥3兆円、J-REIT年¥900億円（5対4）,,https://www.boj.or.jp/en/mopo/mpmdeci/mpr_2014/k141031a.pdf,2026-09-27,22cca543,200,2026-09-27,registration,0,,,,
TAX-2014-11-18,TAX,cut_delay,-1,2014-11-18,,2014-11-18,,,JP,2014-11-18,0,0,1,安倍首相、消費税 10% への引上げを 2017 年 4 月に延期と表明,PM Abe announces postponement of 10% hike to April 2017,所得税法等改正法成立：10%引上げを2015-10-01→2017-04-01に延期（景気条項削除）,,https://www.kantei.go.jp/jp/96_abe/statement/2014/1118kaiken.html,,,404,2026-09-27,registration,0,,,,首相記者会見（本コンテナから 404 → Mac 核対待ち）；会見は夕方 → 翌営業日が反応日
CTRL_BOJ_NOCHG-2014-11-19,CTRL_BOJ_NOCHG,no_change,0,2014-11-19,12:24,2014-11-19,12:24,official_page,JP,2014-11-19,0,0,0,日銀金融政策決定会合（変更なし）,Statement on Monetary Policy (Announced at 12:24 p.m.),policy unchanged per title,,https://www.boj.or.jp/en/mopo/mpmdeci/mpr_2014/k141119a.pdf,2026-09-27,a1746f6b,200,2026-09-27,registration,0,,,,対照池
ELECTION-2014-12-14,ELECTION,lower,0,2014-12-14,,2014-12-14,,,JP,2014-12-14,0,0,1,第47回衆議院議員総選挙,47th general election (LDP–Komeito retain two-thirds),消費税再延期を掲げ与党326議席,,https://www.soumu.go.jp/senkyo/senkyo_s/data/shugiin47/index.html,2026-09-27,84f8bdf1,200,2026-09-27,registration,0,,,,market_dir 登记时按総務省结果判定（与党 = 选举前的执政党：≥ 261 席 +1、失去过半 −1、其余 0；2026-02-08 结果待核对 → 0）
CTRL_FOMC_OTHER-2014-12-17,CTRL_FOMC_OTHER,other,0,2014-12-17,14:15,2014-12-18,04:15,reported,US,2014-12-17,0,0,0,FOMC（サイクル転換なし）,Federal Reserve issues FOMC statement,"hold: target unchanged at 0-0.25%; meeting: December 16-17 Meeting; 'For immediate release' (regular afternoon statement, about 2:15 p.m. EST)",,https://www.federalreserve.gov/newsevents/pressreleases/monetary20141217a.htm,2026-09-27,8727b12b,200,2026-09-27,registration,0,,,,対照池
CTRL_BOJ_NOCHG-2014-12-19,CTRL_BOJ_NOCHG,no_change,0,2014-12-19,12:28,2014-12-19,12:28,official_page,JP,2014-12-19,0,0,0,日銀金融政策決定会合（変更なし）,Statement on Monetary Policy (Announced at 12:28 p.m.),policy unchanged per title,,https://www.boj.or.jp/en/mopo/mpmdeci/mpr_2014/k141219a.pdf,2026-09-27,e9e4e8ce,200,2026-09-27,registration,0,,,,対照池
CTRL_BOJ_NOCHG-2015-01-21,CTRL_BOJ_NOCHG,no_change,0,2015-01-21,12:29,2015-01-21,12:29,official_page,JP,2015-01-21,0,0,0,日銀金融政策決定会合（変更なし）,Statement on Monetary Policy (Extension of the Stimulating Bank Lending Facility and the Growth-Supporting Funding Facil,policy unchanged; lending facilities extended one year,,https://www.boj.or.jp/en/mopo/mpmdeci/mpr_2015/k150121a.pdf,2026-09-27,49bef7f2,200,2026-09-27,registration,0,,,,対照池
CTRL_FOMC_OTHER-2015-01-28,CTRL_FOMC_OTHER,other,0,2015-01-28,14:15,2015-01-29,04:15,reported,US,2015-01-28,0,0,0,FOMC（サイクル転換なし）,Federal Reserve issues FOMC statement,"hold: target unchanged at 0-0.25%; meeting: January 27-28 Meeting; 'For immediate release' (regular afternoon statement, about 2:15 p.m. EST)",,https://www.federalreserve.gov/newsevents/pressreleases/monetary20150128a.htm,2026-09-27,a2bdc1c1,200,2026-09-27,registration,0,,,,対照池
CTRL_BOJ_NOCHG-2015-02-18,CTRL_BOJ_NOCHG,no_change,0,2015-02-18,11:49,2015-02-18,11:49,official_page,JP,2015-02-18,0,0,0,日銀金融政策決定会合（変更なし）,Statement on Monetary Policy (Announced at 11:49 a.m.),policy unchanged per title,,https://www.boj.or.jp/en/mopo/mpmdeci/mpr_2015/k150218a.pdf,2026-09-27,60db2ee4,200,2026-09-27,registration,0,,,,対照池
CTRL_BOJ_NOCHG-2015-03-17,CTRL_BOJ_NOCHG,no_change,0,2015-03-17,12:04,2015-03-17,12:04,official_page,JP,2015-03-17,0,0,0,日銀金融政策決定会合（変更なし）,Statement on Monetary Policy (Announced at 12:04 p.m.),policy unchanged per title,,https://www.boj.or.jp/en/mopo/mpmdeci/mpr_2015/k150317a.pdf,2026-09-27,762cf9b4,200,2026-09-27,registration,0,,,,対照池
CTRL_FOMC_OTHER-2015-03-18,CTRL_FOMC_OTHER,other,0,2015-03-18,14:15,2015-03-19,03:15,reported,US,2015-03-18,0,0,0,FOMC（サイクル転換なし）,Federal Reserve issues FOMC statement,"hold: target unchanged at 0-0.25%; meeting: March 17-18 Meeting; 'For immediate release' (regular afternoon statement, about 2:15 p.m. EDT)",,https://www.federalreserve.gov/newsevents/pressreleases/monetary20150318a.htm,2026-09-27,15a5013e,200,2026-09-27,registration,0,,,,対照池
TAX-2015-03-31,TAX,cut_delay,-1,2015-03-31,,2015-03-31,,,JP,2015-03-31,0,0,1,消費税10%引上げ延期法 成立（2017年4月へ）,Law enacted postponing 10% hike to April 2017,所得税法等改正法成立：10%引上げを2015-10-01→2017-04-01に延期（景気条項削除）,,https://www.mof.go.jp/tax_policy/summary/consumption/consumption_tax/law/index.html,2026-09-27,fee18003,200,2026-09-27,registration,1,同一措置の成立日（表明日で計上）,,,enacted（延期表明は2014-11-18）
CTRL_BOJ_NOCHG-2015-04-08,CTRL_BOJ_NOCHG,no_change,0,2015-04-08,12:36,2015-04-08,12:36,official_page,JP,2015-04-08,0,0,0,日銀金融政策決定会合（変更なし）,Statement on Monetary Policy (Announced at 12:36 p.m.),policy unchanged per title,,https://www.boj.or.jp/en/mopo/mpmdeci/mpr_2015/k150408a.pdf,2026-09-27,47f4a7db,200,2026-09-27,registration,0,,,,対照池
CTRL_FOMC_OTHER-2015-04-29,CTRL_FOMC_OTHER,other,0,2015-04-29,14:15,2015-04-30,03:15,reported,US,2015-04-29,0,0,0,FOMC（サイクル転換なし）,Federal Reserve issues FOMC statement,"hold: target unchanged at 0-0.25%; meeting: April 28-29 Meeting; 'For immediate release' (regular afternoon statement, about 2:15 p.m. EDT)",,https://www.federalreserve.gov/newsevents/pressreleases/monetary20150429a.htm,2026-09-27,8d123e33,200,2026-09-27,registration,0,,,,対照池
CTRL_BOJ_NOCHG-2015-04-30,CTRL_BOJ_NOCHG,no_change,0,2015-04-30,13:04,2015-04-30,13:04,official_page,JP,2015-04-30,0,0,0,日銀金融政策決定会合（変更なし）,Statement on Monetary Policy (Announced at 1:04 p.m.),policy unchanged per title,,https://www.boj.or.jp/en/mopo/mpmdeci/mpr_2015/k150430a.pdf,2026-09-27,79ecd153,200,2026-09-27,registration,0,,,,対照池
CTRL_BOJ_NOCHG-2015-05-22,CTRL_BOJ_NOCHG,no_change,0,2015-05-22,11:49,2015-05-22,11:49,official_page,JP,2015-05-22,0,0,0,日銀金融政策決定会合（変更なし）,Statement on Monetary Policy (Announced at 11:49 a.m.),policy unchanged per title,,https://www.boj.or.jp/en/mopo/mpmdeci/mpr_2015/k150522a.pdf,2026-09-27,85adef4f,200,2026-09-27,registration,0,,,,対照池
CTRL_FOMC_OTHER-2015-06-17,CTRL_FOMC_OTHER,other,0,2015-06-17,14:15,2015-06-18,03:15,reported,US,2015-06-17,0,0,0,FOMC（サイクル転換なし）,Federal Reserve issues FOMC statement,"hold: target unchanged at 0-0.25%; meeting: June 16-17 Meeting; 'For immediate release' (regular afternoon statement, about 2:15 p.m. EDT)",,https://www.federalreserve.gov/newsevents/pressreleases/monetary20150617a.htm,2026-09-27,90daf6a1,200,2026-09-27,registration,0,,,,対照池
CTRL_BOJ_NOCHG-2015-06-19,CTRL_BOJ_NOCHG,no_change,0,2015-06-19,12:04,2015-06-19,12:04,official_page,JP,2015-06-19,0,0,0,日銀金融政策決定会合（変更なし）,Statement on Monetary Policy (Announced at 12:04 p.m.),policy unchanged; new framework for MPMs from 2016 (8 meetings per year) announced,,https://www.boj.or.jp/en/mopo/mpmdeci/mpr_2015/k150619a.pdf,2026-09-27,3e942fd9,200,2026-09-27,registration,0,,,,対照池
CTRL_BOJ_NOCHG-2015-07-15,CTRL_BOJ_NOCHG,no_change,0,2015-07-15,12:18,2015-07-15,12:18,official_page,JP,2015-07-15,0,0,0,日銀金融政策決定会合（変更なし）,Statement on Monetary Policy (Announced at 12:18 p.m.),policy unchanged per title,,https://www.boj.or.jp/en/mopo/mpmdeci/mpr_2015/k150715a.pdf,2026-09-27,f992a6d5,200,2026-09-27,registration,0,,,,対照池
CTRL_FOMC_OTHER-2015-07-29,CTRL_FOMC_OTHER,other,0,2015-07-29,14:15,2015-07-30,03:15,reported,US,2015-07-29,0,0,0,FOMC（サイクル転換なし）,Federal Reserve issues FOMC statement,"hold: target unchanged at 0-0.25%; meeting: July 28-29 Meeting; 'For immediate release' (regular afternoon statement, about 2:15 p.m. EDT)",,https://www.federalreserve.gov/newsevents/pressreleases/monetary20150729a.htm,2026-09-27,0153a503,200,2026-09-27,registration,0,,,,対照池
CTRL_BOJ_NOCHG-2015-08-07,CTRL_BOJ_NOCHG,no_change,0,2015-08-07,12:18,2015-08-07,12:18,official_page,JP,2015-08-07,0,0,0,日銀金融政策決定会合（変更なし）,Statement on Monetary Policy (Announced at 12:18 p.m.),policy unchanged per title,,https://www.boj.or.jp/en/mopo/mpmdeci/mpr_2015/k150807a.pdf,2026-09-27,ac4184a9,200,2026-09-27,registration,0,,,,対照池
CTRL_BOJ_NOCHG-2015-09-15,CTRL_BOJ_NOCHG,no_change,0,2015-09-15,12:07,2015-09-15,12:07,official_page,JP,2015-09-15,0,0,0,日銀金融政策決定会合（変更なし）,Statement on Monetary Policy (Announced at 12:07 p.m.),policy unchanged per title,,https://www.boj.or.jp/en/mopo/mpmdeci/mpr_2015/k150915a.pdf,2026-09-27,8328fe2b,200,2026-09-27,registration,0,,,,対照池
CTRL_FOMC_OTHER-2015-09-17,CTRL_FOMC_OTHER,other,0,2015-09-17,14:15,2015-09-18,03:15,reported,US,2015-09-17,0,0,0,FOMC（サイクル転換なし）,Federal Reserve issues FOMC statement,"hold: target unchanged at 0-0.25%; meeting: September 16-17 Meeting; 'For immediate release' (regular afternoon statement, about 2:15 p.m. EDT)",,https://www.federalreserve.gov/newsevents/pressreleases/monetary20150917a.htm,2026-09-27,bd025d0b,200,2026-09-27,registration,0,,,,対照池
CTRL_BOJ_NOCHG-2015-10-07,CTRL_BOJ_NOCHG,no_change,0,2015-10-07,12:00,2015-10-07,12:00,official_page,JP,2015-10-07,0,0,0,日銀金融政策決定会合（変更なし）,Statement on Monetary Policy (Announced at 12:00 p.m.),policy unchanged per title,,https://www.boj.or.jp/en/mopo/mpmdeci/mpr_2015/k151007a.pdf,2026-09-27,41247e76,200,2026-09-27,registration,0,,,,対照池
CTRL_FOMC_OTHER-2015-10-28,CTRL_FOMC_OTHER,other,0,2015-10-28,14:15,2015-10-29,03:15,reported,US,2015-10-28,0,0,0,FOMC（サイクル転換なし）,Federal Reserve issues FOMC statement,"hold: target unchanged at 0-0.25%; meeting: October 27-28 Meeting; 'For immediate release' (regular afternoon statement, about 2:15 p.m. EDT)",,https://www.federalreserve.gov/newsevents/pressreleases/monetary20151028a.htm,2026-09-27,901eada5,200,2026-09-27,registration,0,,,,対照池
CTRL_BOJ_NOCHG-2015-10-30,CTRL_BOJ_NOCHG,no_change,0,2015-10-30,12:22,2015-10-30,12:22,official_page,JP,2015-10-30,0,0,0,日銀金融政策決定会合（変更なし）,Statement on Monetary Policy (Announced at 12:22 p.m.),policy unchanged per title,,https://www.boj.or.jp/en/mopo/mpmdeci/mpr_2015/k151030a.pdf,2026-09-27,1d24658d,200,2026-09-27,registration,0,,,,対照池
CTRL_BOJ_NOCHG-2015-11-19,CTRL_BOJ_NOCHG,no_change,0,2015-11-19,12:17,2015-11-19,12:17,official_page,JP,2015-11-19,0,0,0,日銀金融政策決定会合（変更なし）,Statement on Monetary Policy (Announced at 12:17 p.m.),policy unchanged per title,,https://www.boj.or.jp/en/mopo/mpmdeci/mpr_2015/k151119a.pdf,2026-09-27,7c932248,200,2026-09-27,registration,0,,,,対照池
FED_TURN-2015-12-16,FED_TURN,first_hike,1,2015-12-16,14:15,2015-12-17,04:15,reported,US,2015-12-16,0,0,-1,FOMC（利上げ / 利下げサイクルの起点）,Federal Reserve issues FOMC statement,"target raised 25bp to 0.25-0.50%; meeting: December 15-16 Meeting; 'For immediate release' (regular afternoon statement, about 2:15 p.m. EST)",,https://www.federalreserve.gov/newsevents/pressreleases/monetary20151216a.htm,2026-09-27,101efd24,200,2026-09-27,registration,0,,,,
BOJ_CHANGE-2015-12-18,BOJ_CHANGE,ease,-1,2015-12-18,12:50,2015-12-18,12:50,official_page,JP,2015-12-18,0,0,1,日銀金融政策決定会合（政策変更）,"Statement on Monetary Policy (Introduction of Supplementary Measures for Quantitative and Qualitative Monetary Easing, A",supplementary measures for QQE: new ETF purchases JPY 300bn/yr; JGB average maturity 7-12 years; J-REIT per-issue limit raised,,https://www.boj.or.jp/en/mopo/mpmdeci/mpr_2015/k151218a.pdf,2026-09-27,de32df32,200,2026-09-27,registration,0,,,,機械規則（年表タイトル / 声明冒頭の目標水準）で抽出
NISA-2016-01-01,NISA,expand,1,2016-01-01,,2016-01-01,,,JP,2016-01-01,0,1,1,NISA年間投資枠 120万円へ拡大,NISA annual limit raised ¥1M→¥1.2M,平成27年度税制改正：年間投資上限額¥100万円→¥120万円（2016年分から）；同年4月ジュニアNISA開始（年¥80万円）,,https://www.fsa.go.jp/news/26/sonota/20150114-1/01.pdf,,,200_nodate,2026-09-27,registration,0,,,,金融庁「平成27年度税制改正について」(2015-01)
CTRL_FOMC_OTHER-2016-01-27,CTRL_FOMC_OTHER,other,0,2016-01-27,14:00,2016-01-28,04:00,official_page,US,2016-01-27,0,0,0,FOMC（サイクル転換なし）,Federal Reserve issues FOMC statement,hold: target unchanged at 0.25-0.50%; meeting: January 26-27 Meeting; released 2:00 p.m. EST,,https://www.federalreserve.gov/newsevents/pressreleases/monetary20160127a.htm,2026-09-27,3897f246,200,2026-09-27,registration,0,,,,対照池
BOJ_CHANGE-2016-01-29,BOJ_CHANGE,ease,-1,2016-01-29,12:00,2016-01-29,12:00,class_default,JP,2016-01-29,0,0,1,マイナス金利付き量的・質的金融緩和の導入,Negative interest rate policy (-0.1%) introduced,政策金利残高に-0.1%适用（3层构造），2016-02-16起；QQE维持（5対4）,,https://www.boj.or.jp/en/mopo/mpmdeci/mpr_2016/k160129a.pdf,2026-09-27,604f4b9b,200,2026-09-27,registration,0,,,,
CTRL_BOJ_NOCHG-2016-03-15,CTRL_BOJ_NOCHG,no_change,0,2016-03-15,12:00,2016-03-15,12:00,class_default,JP,2016-03-15,0,0,0,日銀金融政策決定会合（変更なし）,Statement on Monetary Policy,policy unchanged per title,,https://www.boj.or.jp/en/mopo/mpmdeci/mpr_2016/k160315a.pdf,2026-09-27,44125da6,200,2026-09-27,registration,0,,,,対照池
CTRL_FOMC_OTHER-2016-03-16,CTRL_FOMC_OTHER,other,0,2016-03-16,14:00,2016-03-17,03:00,official_page,US,2016-03-16,0,0,0,FOMC（サイクル転換なし）,Federal Reserve issues FOMC statement,hold: target unchanged at 0.25-0.50%; meeting: March 15-16 Meeting; released 2:00 p.m. EDT,,https://www.federalreserve.gov/newsevents/pressreleases/monetary20160316a.htm,2026-09-27,4c32444b,200,2026-09-27,registration,0,,,,対照池
CTRL_FOMC_OTHER-2016-04-27,CTRL_FOMC_OTHER,other,0,2016-04-27,14:00,2016-04-28,03:00,official_page,US,2016-04-27,0,0,0,FOMC（サイクル転換なし）,Federal Reserve issues FOMC statement,hold: target unchanged at 0.25-0.50%; meeting: April 26-27 Meeting; released 2:00 p.m. EDT,,https://www.federalreserve.gov/newsevents/pressreleases/monetary20160427a.htm,2026-09-27,aacd763b,200,2026-09-27,registration,0,,,,対照池
CTRL_BOJ_NOCHG-2016-04-28,CTRL_BOJ_NOCHG,no_change,0,2016-04-28,12:00,2016-04-28,12:00,class_default,JP,2016-04-28,0,0,0,日銀金融政策決定会合（変更なし）,Statement on Monetary Policy,policy unchanged; funds-supplying operation for the 2016 Kumamoto earthquake disaster areas,,https://www.boj.or.jp/en/mopo/mpmdeci/mpr_2016/k160428a.pdf,2026-09-27,2f46a50b,200,2026-09-27,registration,0,,,,対照池
TAX-2016-06-01,TAX,cut_delay,-1,2016-06-01,,2016-06-01,,,JP,2016-06-01,0,0,1,安倍首相、消費税 10% への引上げを 2019 年 10 月に再延期と表明,PM Abe announces second postponement of 10% hike to October 2019,改正法成立：10%引上げと軽減税率導入を2017-04-01→2019-10-01に再延期；2016-11-28公布,,https://www.kantei.go.jp/jp/97_abe/statement/2016/0601kaiken.html,,,404,2026-09-27,registration,0,,,,首相記者会見（本コンテナから 404 → Mac 核対待ち）；会見は夕方 → 翌営業日が反応日
CTRL_FOMC_OTHER-2016-06-15,CTRL_FOMC_OTHER,other,0,2016-06-15,14:00,2016-06-16,03:00,official_page,US,2016-06-15,0,0,0,FOMC（サイクル転換なし）,Federal Reserve issues FOMC statement,hold: target unchanged at 0.25-0.50%; meeting: June 14-15 Meeting; released 2:00 p.m. EDT,,https://www.federalreserve.gov/newsevents/pressreleases/monetary20160615a.htm,2026-09-27,d89a0249,200,2026-09-27,registration,0,,,,対照池
CTRL_BOJ_NOCHG-2016-06-16,CTRL_BOJ_NOCHG,no_change,0,2016-06-16,12:00,2016-06-16,12:00,class_default,JP,2016-06-16,0,0,0,日銀金融政策決定会合（変更なし）,Statement on Monetary Policy,policy unchanged per title,,https://www.boj.or.jp/en/mopo/mpmdeci/mpr_2016/k160616a.pdf,2026-09-27,b9a7ba9b,200,2026-09-27,registration,0,,,,対照池
CTRL_FOMC_OTHER-2016-07-27,CTRL_FOMC_OTHER,other,0,2016-07-27,14:00,2016-07-28,03:00,official_page,US,2016-07-27,0,0,0,FOMC（サイクル転換なし）,Federal Reserve issues FOMC statement,hold: target unchanged at 0.25-0.50%; meeting: July 26-27 Meeting; released 2:00 p.m. EDT,,https://www.federalreserve.gov/newsevents/pressreleases/monetary20160727a.htm,2026-09-27,f1b682fb,200,2026-09-27,registration,0,,,,対照池
BOJ_CHANGE-2016-07-29,BOJ_CHANGE,ease,-1,2016-07-29,12:00,2016-07-29,12:00,class_default,JP,2016-07-29,0,0,1,日銀金融政策決定会合（政策変更）,Enhancement of Monetary Easing,ETF purchases JPY 3.3tn->6tn/yr; USD lending program doubled to USD 24bn,,https://www.boj.or.jp/en/mopo/mpmdeci/mpr_2016/k160729a.pdf,2026-09-27,97b35481,200,2026-09-27,registration,0,,,,機械規則（年表タイトル / 声明冒頭の目標水準）で抽出
BOJ_ETF-2016-07-29,BOJ_ETF,expand,1,2016-07-29,12:00,2016-07-29,12:00,class_default,JP,2016-07-29,0,0,1,金融緩和の強化（ETF買入年6兆円へ倍増）,ETF purchases doubled to ¥6T/yr,ETF年买入约¥3.3兆円→约¥6兆円（7対2）；美元资金供给增强,,https://www.boj.or.jp/en/mopo/mpmdeci/mpr_2016/k160729a.pdf,2026-09-27,97b35481,200,2026-09-27,registration,0,,,,
UNREG-2016-08-02,UNREGISTERED,other,0,2016-08-02,,2016-08-02,,,JP,2016-08-02,0,0,0,未来への投資を実現する経済対策（閣議決定）,Economic Measures for Realizing Investment for the Future (cabinet decision),事業規模¥28.1兆円、財政措置¥13.5兆円,,https://www5.cao.go.jp/keizai1/keizaitaisaku/keizaitaisaku_kako.html,2026-09-27,ed88cde6,200,2026-09-27,registration,1,类别 FISCAL_STIMULUS 本轮未登记（保留原文，只作参考）,,,orig_category=FISCAL_STIMULUS；閣議決定日は内閣府経済対策一覧で確認；規模は閣議決定文書ベースの概数
BOJ_CHANGE-2016-09-21,BOJ_CHANGE,ease,-1,2016-09-21,12:00,2016-09-21,12:00,class_default,JP,2016-09-21,0,0,1,長短金利操作付き量的・質的金融緩和（YCC）導入,Yield Curve Control introduced with overshooting commitment,短期政策金利-0.1%、10年国债利率目标0%程度；オーバーシュート型コミットメント（MB扩张持续至CPI超过2%并稳定）,,https://www.boj.or.jp/en/mopo/mpmdeci/mpr_2016/k160921a.pdf,2026-09-27,c15180b0,200,2026-09-27,registration,1,方向模糊：YCC 導入（登记排除）,,,
CTRL_FOMC_OTHER-2016-09-21,CTRL_FOMC_OTHER,other,0,2016-09-21,14:00,2016-09-22,03:00,official_page,US,2016-09-21,0,0,0,FOMC（サイクル転換なし）,Federal Reserve issues FOMC statement,hold: target unchanged at 0.25-0.50%; meeting: September 20-21 Meeting; released 2:00 p.m. EDT,,https://www.federalreserve.gov/newsevents/pressreleases/monetary20160921a.htm,2026-09-27,d8249877,200,2026-09-27,registration,0,,,,対照池
CTRL_BOJ_NOCHG-2016-11-01,CTRL_BOJ_NOCHG,no_change,0,2016-11-01,12:00,2016-11-01,12:00,class_default,JP,2016-11-01,0,0,0,日銀金融政策決定会合（変更なし）,Statement on Monetary Policy,policy unchanged per title,,https://www.boj.or.jp/en/mopo/mpmdeci/mpr_2016/k161101a.pdf,2026-09-27,bc29a3ae,200,2026-09-27,registration,0,,,,対照池
CTRL_FOMC_OTHER-2016-11-02,CTRL_FOMC_OTHER,other,0,2016-11-02,14:00,2016-11-03,03:00,official_page,US,2016-11-02,0,0,0,FOMC（サイクル転換なし）,Federal Reserve issues FOMC statement,hold: target unchanged at 0.25-0.50%; meeting: November 1-2 Meeting; released 2:00 p.m. EDT,,https://www.federalreserve.gov/newsevents/pressreleases/monetary20161102a.htm,2026-09-27,fddde172,200,2026-09-27,registration,0,,,,対照池
TAX-2016-11-18,TAX,cut_delay,-1,2016-11-18,,2016-11-18,,,JP,2016-11-18,0,0,1,消費税10%引上げ再延期法 成立（2019年10月へ）,Law enacted postponing 10% hike to October 2019,改正法成立：10%引上げと軽減税率導入を2017-04-01→2019-10-01に再延期；2016-11-28公布,,https://www.mof.go.jp/tax_policy/summary/consumption/consumption_tax/law/index.html,2026-09-27,fee18003,200,2026-09-27,registration,1,同一措置の成立日（表明日で計上）,,,enacted（再延期表明は2016-06-01）
CTRL_FOMC_OTHER-2016-12-14,CTRL_FOMC_OTHER,other,0,2016-12-14,14:00,2016-12-15,04:00,official_page,US,2016-12-14,0,0,0,FOMC（サイクル転換なし）,Federal Reserve issues FOMC statement,hike: target raised 25bp to 0.50-0.75%; meeting: December 13-14 Meeting; released 2:00 p.m. EST,,https://www.federalreserve.gov/newsevents/pressreleases/monetary20161214a.htm,2026-09-27,fe69264d,200,2026-09-27,registration,0,,,,対照池
CTRL_BOJ_NOCHG-2016-12-20,CTRL_BOJ_NOCHG,no_change,0,2016-12-20,12:00,2016-12-20,12:00,class_default,JP,2016-12-20,0,0,0,日銀金融政策決定会合（変更なし）,Statement on Monetary Policy,policy unchanged per title,,https://www.boj.or.jp/en/mopo/mpmdeci/mpr_2016/k161220a.pdf,2026-09-27,62c6e2ba,200,2026-09-27,registration,0,,,,対照池
CTRL_BOJ_NOCHG-2017-01-31,CTRL_BOJ_NOCHG,no_change,0,2017-01-31,12:00,2017-01-31,12:00,class_default,JP,2017-01-31,0,0,0,日銀金融政策決定会合（変更なし）,Statement on Monetary Policy,policy unchanged; Loan Support Program extended one year,,https://www.boj.or.jp/en/mopo/mpmdeci/mpr_2017/k170131a.pdf,2026-09-27,6c66f8f4,200,2026-09-27,registration,0,,,,対照池
CTRL_FOMC_OTHER-2017-02-01,CTRL_FOMC_OTHER,other,0,2017-02-01,14:00,2017-02-02,04:00,official_page,US,2017-02-01,0,0,0,FOMC（サイクル転換なし）,Federal Reserve issues FOMC statement,hold: target unchanged at 0.50-0.75%; meeting: Jan/Feb 31-1 Meeting; released 2:00 p.m. EST,,https://www.federalreserve.gov/newsevents/pressreleases/monetary20170201a.htm,2026-09-27,6ec221c4,200,2026-09-27,registration,0,,,,対照池
CTRL_FOMC_OTHER-2017-03-15,CTRL_FOMC_OTHER,other,0,2017-03-15,14:00,2017-03-16,03:00,official_page,US,2017-03-15,0,0,0,FOMC（サイクル転換なし）,Federal Reserve issues FOMC statement,hike: target raised 25bp to 0.75-1.00%; meeting: March 14-15 Meeting; released 2:00 p.m. EDT,,https://www.federalreserve.gov/newsevents/pressreleases/monetary20170315a.htm,2026-09-27,bdc5612b,200,2026-09-27,registration,0,,,,対照池
CTRL_BOJ_NOCHG-2017-03-16,CTRL_BOJ_NOCHG,no_change,0,2017-03-16,12:00,2017-03-16,12:00,class_default,JP,2017-03-16,0,0,0,日銀金融政策決定会合（変更なし）,Statement on Monetary Policy,policy unchanged per title,,https://www.boj.or.jp/en/mopo/mpmdeci/mpr_2017/k170316a.pdf,2026-09-27,a2874c97,200,2026-09-27,registration,0,,,,対照池
CTRL_BOJ_NOCHG-2017-04-27,CTRL_BOJ_NOCHG,no_change,0,2017-04-27,12:00,2017-04-27,12:00,class_default,JP,2017-04-27,0,0,0,日銀金融政策決定会合（変更なし）,Statement on Monetary Policy,policy unchanged per title,,https://www.boj.or.jp/en/mopo/mpmdeci/mpr_2017/k170427a.pdf,2026-09-27,29c5ce1f,200,2026-09-27,registration,0,,,,対照池
CTRL_FOMC_OTHER-2017-05-03,CTRL_FOMC_OTHER,other,0,2017-05-03,14:00,2017-05-04,03:00,official_page,US,2017-05-03,0,0,0,FOMC（サイクル転換なし）,Federal Reserve issues FOMC statement,hold: target unchanged at 0.75-1.00%; meeting: May 2-3 Meeting; released 2:00 p.m. EDT,,https://www.federalreserve.gov/newsevents/pressreleases/monetary20170503a.htm,2026-09-27,9674f710,200,2026-09-27,registration,0,,,,対照池
CTRL_FOMC_OTHER-2017-06-14,CTRL_FOMC_OTHER,other,0,2017-06-14,14:00,2017-06-15,03:00,official_page,US,2017-06-14,0,0,0,FOMC（サイクル転換なし）,Federal Reserve issues FOMC statement,hike: target raised 25bp to 1.00-1.25%; meeting: June 13-14 Meeting; released 2:00 p.m. EDT,,https://www.federalreserve.gov/newsevents/pressreleases/monetary20170614a.htm,2026-09-27,6a074c91,200,2026-09-27,registration,0,,,,対照池
CTRL_BOJ_NOCHG-2017-06-16,CTRL_BOJ_NOCHG,no_change,0,2017-06-16,12:00,2017-06-16,12:00,class_default,JP,2017-06-16,0,0,0,日銀金融政策決定会合（変更なし）,Statement on Monetary Policy,policy unchanged per title,,https://www.boj.or.jp/en/mopo/mpmdeci/mpr_2017/k170616a.pdf,2026-09-27,663158e8,200,2026-09-27,registration,0,,,,対照池
CTRL_BOJ_NOCHG-2017-07-20,CTRL_BOJ_NOCHG,no_change,0,2017-07-20,12:00,2017-07-20,12:00,class_default,JP,2017-07-20,0,0,0,日銀金融政策決定会合（変更なし）,Statement on Monetary Policy,policy unchanged per title,,https://www.boj.or.jp/en/mopo/mpmdeci/mpr_2017/k170720a.pdf,2026-09-27,d7caa926,200,2026-09-27,registration,0,,,,対照池
CTRL_FOMC_OTHER-2017-07-26,CTRL_FOMC_OTHER,other,0,2017-07-26,14:00,2017-07-27,03:00,official_page,US,2017-07-26,0,0,0,FOMC（サイクル転換なし）,Federal Reserve issues FOMC statement,hold: target unchanged at 1.00-1.25%; meeting: July 25-26 Meeting; released 2:00 p.m. EDT,,https://www.federalreserve.gov/newsevents/pressreleases/monetary20170726a.htm,2026-09-27,46d3f5bb,200,2026-09-27,registration,0,,,,対照池
CTRL_FOMC_OTHER-2017-09-20,CTRL_FOMC_OTHER,other,0,2017-09-20,14:00,2017-09-21,03:00,official_page,US,2017-09-20,0,0,0,FOMC（サイクル転換なし）,Federal Reserve issues FOMC statement,hold: target unchanged at 1.00-1.25%; meeting: September 19-20 Meeting; released 2:00 p.m. EDT,,https://www.federalreserve.gov/newsevents/pressreleases/monetary20170920a.htm,2026-09-27,975e339d,200,2026-09-27,registration,0,,,,対照池
CTRL_BOJ_NOCHG-2017-09-21,CTRL_BOJ_NOCHG,no_change,0,2017-09-21,12:00,2017-09-21,12:00,class_default,JP,2017-09-21,0,0,0,日銀金融政策決定会合（変更なし）,Statement on Monetary Policy,policy unchanged per title,,https://www.boj.or.jp/en/mopo/mpmdeci/mpr_2017/k170921a.pdf,2026-09-27,9581111e,200,2026-09-27,registration,0,,,,対照池
ELECTION-2017-10-22,ELECTION,lower,0,2017-10-22,,2017-10-22,,,JP,2017-10-22,0,0,1,第48回衆議院議員総選挙,48th general election (LDP–Komeito retain two-thirds),与党313議席,,https://www.soumu.go.jp/senkyo/senkyo_s/data/shugiin48/index.html,2026-09-27,e39da176,200,2026-09-27,registration,0,,,,market_dir 登记时按総務省结果判定（与党 = 选举前的执政党：≥ 261 席 +1、失去过半 −1、其余 0；2026-02-08 结果待核对 → 0）
CTRL_BOJ_NOCHG-2017-10-31,CTRL_BOJ_NOCHG,no_change,0,2017-10-31,12:00,2017-10-31,12:00,class_default,JP,2017-10-31,0,0,0,日銀金融政策決定会合（変更なし）,Statement on Monetary Policy,policy unchanged per title,,https://www.boj.or.jp/en/mopo/mpmdeci/mpr_2017/k171031a.pdf,2026-09-27,52545e28,200,2026-09-27,registration,0,,,,対照池
CTRL_FOMC_OTHER-2017-11-01,CTRL_FOMC_OTHER,other,0,2017-11-01,14:00,2017-11-02,03:00,official_page,US,2017-11-01,0,0,0,FOMC（サイクル転換なし）,Federal Reserve issues FOMC statement,hold: target unchanged at 1.00-1.25%; meeting: Oct/Nov 31-1 Meeting; released 2:00 p.m. EDT,,https://www.federalreserve.gov/newsevents/pressreleases/monetary20171101a.htm,2026-09-27,b5ac3246,200,2026-09-27,registration,0,,,,対照池
CTRL_FOMC_OTHER-2017-12-13,CTRL_FOMC_OTHER,other,0,2017-12-13,14:00,2017-12-14,04:00,official_page,US,2017-12-13,0,0,0,FOMC（サイクル転換なし）,Federal Reserve issues FOMC statement,hike: target raised 25bp to 1.25-1.50%; meeting: December 12-13 Meeting; released 2:00 p.m. EST,,https://www.federalreserve.gov/newsevents/pressreleases/monetary20171213a.htm,2026-09-27,30fff073,200,2026-09-27,registration,0,,,,対照池
CTRL_BOJ_NOCHG-2017-12-21,CTRL_BOJ_NOCHG,no_change,0,2017-12-21,12:00,2017-12-21,12:00,class_default,JP,2017-12-21,0,0,0,日銀金融政策決定会合（変更なし）,Statement on Monetary Policy,policy unchanged per title,,https://www.boj.or.jp/en/mopo/mpmdeci/mpr_2017/k171221a.pdf,2026-09-27,d116781f,200,2026-09-27,registration,0,,,,対照池
NISA-2018-01-01,NISA,expand,1,2018-01-01,,2018-01-01,,,JP,2018-01-01,0,1,1,つみたてNISA開始,"Tsumitate (accumulation) NISA launched (¥400k/yr, 20 years)",つみたてNISA開始：年間¥40万円、非課税期間20年、対象は長期分散投資向け投信,,https://www.fsa.go.jp/policy/nisa2/know/index.html,,,200_nodate,2026-09-27,registration,0,,,,
TARIFF-2018-01-22,TARIFF,impose,1,2018-01-22,,2018-01-22,,,US,2018-01-22,0,0,-1,米通商法201条セーフガード関税（太陽電池・洗濯機）承認,USTR: President approves Section 201 safeguard tariffs on solar cells/modules and large residential washers,美国贸易代表办公室宣布特朗普总统批准对进口太阳能电池/组件（首年30%）和大型家用洗衣机（配额内20%、配额外50%）实施201条保障措施关税。,,https://ustr.gov/about-us/policy-offices/press-office/press-releases/2018/january/president-trump-approves-relief-us,2026-09-27,f9c3b243,200,2026-09-27,registration,0,,,,"USTR page shows date January 22, 2018 only (no time). Proclamations 9693 (solar) and 9694 (washers) signed 2018-01-23, published FR 2018-01-25 (83 FR 3541; 83 FR 3553). Effective 2018-02-07."
CTRL_BOJ_NOCHG-2018-01-23,CTRL_BOJ_NOCHG,no_change,0,2018-01-23,12:00,2018-01-23,12:00,class_default,JP,2018-01-23,0,0,0,日銀金融政策決定会合（変更なし）,Statement on Monetary Policy,policy unchanged; Loan Support Program extended one year,,https://www.boj.or.jp/en/mopo/mpmdeci/state_2018/k180123a.htm,2026-09-27,ccee9778,200,2026-09-27,registration,0,,,,対照池
TARIFF-2018-01-23,TARIFF,impose,1,2018-01-23,,2018-01-23,,,US,2018-01-23,0,1,-1,太陽電池・洗濯機セーフガードの大統領布告署名,Proclamations 9693/9694 signed: solar and washer safeguard tariffs,特朗普签署第9693号（太阳能）和第9694号（洗衣机）布告，正式实施201条保障措施关税，2月7日生效。,,https://trumpwhitehouse.archives.gov/presidential-actions/presidential-proclamation-facilitate-positive-adjustment-competition-imports-large-residential-washers/,2026-09-27,224c6cc2,200,2026-09-27,registration,0,,,,"White House archive page ""Issued on: January 23, 2018"" (washers; solar proclamation page 404 on archive, see FR 83 FR 3541). FR publication 2018-01-25 for both."
CTRL_FOMC_OTHER-2018-01-31,CTRL_FOMC_OTHER,other,0,2018-01-31,14:00,2018-02-01,04:00,official_page,US,2018-01-31,0,0,0,FOMC（サイクル転換なし）,Federal Reserve issues FOMC statement,hold: target unchanged at 1.25-1.50%; meeting: January 30-31 Meeting; released 2:00 p.m. EST,,https://www.federalreserve.gov/newsevents/pressreleases/monetary20180131a.htm,2026-09-27,ec3fcd6e,200,2026-09-27,registration,0,,,,対照池
TARIFF-2018-03-01,TARIFF,impose,1,2018-03-01,,2018-03-01,,,US,2018-03-01,0,0,-1,鉄鋼25%・アルミ10%の232条関税を表明,Trump announces 25% steel / 10% aluminum Section 232 tariffs at industry listening session,特朗普在与钢铁、铝业代表的座谈会上宣布将对进口钢铁征收25%、铝征收10%的232条关税。,,https://trumpwhitehouse.archives.gov/briefings-statements/remarks-president-trump-listening-session-representatives-steel-aluminum-industry/,2026-09-27,da4ac53f,200,2026-09-27,registration,0,,,,"Transcript header reads ""12:17 A.M. EST"" (apparent typo; END stamp 12:28 P.M. EST, i.e. midday). No proclamation signed this day."
TARIFF-2018-03-08,TARIFF,impose,1,2018-03-08,,2018-03-08,,,US,2018-03-08,0,0,-1,米 232条 鉄鋼25%・アルミ10%関税布告,Section 232 steel 25% / aluminum 10% proclamations,鉄鋼25%・アルミ10%（3/23発効、カナダ・メキシコ除外、日本は対象）,,https://trumpwhitehouse.archives.gov/presidential-actions/presidential-proclamation-adjusting-imports-steel-united-states/,2026-09-27,26a8eb60,200,2026-09-27,registration,0,,,,米国時間2018-03-08署名（Proclamation 9705/9704）
CTRL_BOJ_NOCHG-2018-03-09,CTRL_BOJ_NOCHG,no_change,0,2018-03-09,12:00,2018-03-09,12:00,class_default,JP,2018-03-09,0,0,0,日銀金融政策決定会合（変更なし）,Statement on Monetary Policy,policy unchanged per title,,https://www.boj.or.jp/en/mopo/mpmdeci/state_2018/k180309a.htm,2026-09-27,fcffa4a9,200,2026-09-27,registration,0,,,,対照池
CTRL_FOMC_OTHER-2018-03-21,CTRL_FOMC_OTHER,other,0,2018-03-21,14:00,2018-03-22,03:00,official_page,US,2018-03-21,0,0,0,FOMC（サイクル転換なし）,Federal Reserve issues FOMC statement,hike: target raised 25bp to 1.50-1.75%; meeting: March 20-21 Meeting; released 2:00 p.m. EDT,,https://www.federalreserve.gov/newsevents/pressreleases/monetary20180321a.htm,2026-09-27,5ce87c52,200,2026-09-27,registration,0,,,,対照池
TARIFF-2018-03-22,TARIFF,impose,1,2018-03-22,,2018-03-22,,,US,2018-03-22,0,0,-1,対中301条制裁の大統領覚書署名,Presidential Memorandum on Section 301 actions against China (tariffs on ~$50B proposed),特朗普签署301条备忘录，指示USTR对约500亿美元中国商品拟征关税、向WTO提起诉讼并限制中国对美投资。,,https://trumpwhitehouse.archives.gov/presidential-actions/presidential-memorandum-actions-united-states-related-section-301-investigation/,2026-09-27,cc29c521,200,2026-09-27,registration,0,,,,"Issued on March 22, 2018. FR 83 FR 13099 published 2018-03-27 (signing date 2018-03-22). USTR Section 301 report page (https://ustr.gov/about-us/policy-offices/press-office/press-releases/2018/march/section-301-report-chinas-acts) shows date March 27, 2018 on the current site."
TARIFF-2018-04-03,TARIFF,impose,1,2018-04-03,,2018-04-03,,,US,2018-04-03,0,0,-1,対中関税リスト1案（約500億ドル、25%）公表,USTR releases proposed List 1: 25% on ~$50B of Chinese products,USTR公布拟对约1333项、约500亿美元中国商品加征25%关税的清单（清单1），征求公众意见。,,https://ustr.gov/about-us/policy-offices/press-office/press-releases/2018/april/under-section-301-action-ustr,2026-09-27,6933ca7d,200,2026-09-27,registration,0,,,,"USTR page date April 03, 2018 (no time). FR notice published 2018-04-06 (83 FR 14906)."
CTRL_BOJ_NOCHG-2018-04-27,CTRL_BOJ_NOCHG,no_change,0,2018-04-27,12:00,2018-04-27,12:00,class_default,JP,2018-04-27,0,0,0,日銀金融政策決定会合（変更なし）,Statement on Monetary Policy,policy unchanged per title,,https://www.boj.or.jp/en/mopo/mpmdeci/state_2018/k180427a.htm,2026-09-27,9ef6b390,200,2026-09-27,registration,0,,,,対照池
CTRL_FOMC_OTHER-2018-05-02,CTRL_FOMC_OTHER,other,0,2018-05-02,14:00,2018-05-03,03:00,official_page,US,2018-05-02,0,0,0,FOMC（サイクル転換なし）,Federal Reserve issues FOMC statement,hold: target unchanged at 1.50-1.75%; meeting: May 1-2 Meeting; released 2:00 p.m. EDT,,https://www.federalreserve.gov/newsevents/pressreleases/monetary20180502a.htm,2026-09-27,fef8776e,200,2026-09-27,registration,0,,,,対照池
TARIFF-2018-05-23,TARIFF,impose,1,2018-05-23,,2018-05-23,,,US,2018-05-23,0,0,-1,米 232条 自動車・部品 輸入調査開始,Commerce initiates Section 232 investigation on autos and parts,商務省が自動車・部品の安全保障輸入調査を開始（2019-02報告、2019-05-17関税発動見送り）,,https://www.federalregister.gov/documents/2018/05/30/2018-11708/notice-of-request-for-public-comments-and-public-hearing-on-section-232-national-security-investigation-of,,,200_nodate,2026-09-27,registration,0,,,,米国時間2018-05-23開始（FR告示は5/30）
TARIFF-2018-05-29,TARIFF,impose,1,2018-05-29,,2018-05-29,,,US,2018-05-29,0,0,-1,対中制裁関税を実施すると発表（最終リストは6/15まで）,White House statement: US will impose 25% tariffs on $50B of Chinese goods; final list by June 15,白宫声明：美国将对含重要工业技术的约500亿美元中国商品征收25%关税，6月15日前公布最终清单，并推进投资限制和出口管制。,,https://trumpwhitehouse.archives.gov/briefings-statements/statement-steps-protect-domestic-technology-intellectual-property-chinas-discriminatory-burdensome-trade-practices/,2026-09-27,00130bc5,200,2026-09-27,registration,0,,,,"Issued on May 29, 2018 (no time)."
TARIFF-2018-05-31,TARIFF,impose,1,2018-05-31,,2018-05-31,,,US,2018-05-31,0,0,-1,鉄鋼・アルミ関税：EU・カナダ・メキシコの除外終了,"Proclamations 9758/9759 end EU, Canada, Mexico exemptions from steel/aluminum tariffs (effective June 1)",特朗普布告自6月1日起对欧盟、加拿大和墨西哥的钢铁、铝征收232条关税。,,https://www.federalregister.gov/documents/2018/06/05/2018-12140/adjusting-imports-of-steel-into-the-united-states,,,200_nodate,2026-09-27,registration,0,,,,Signed 2018-05-31; FR published 2018-06-05 (83 FR 25857 steel; 83 FR 25849 aluminum). FR HTML served access-check interstitial with HTTP 200; White House archive page not fetched.
CTRL_FOMC_OTHER-2018-06-13,CTRL_FOMC_OTHER,other,0,2018-06-13,14:00,2018-06-14,03:00,official_page,US,2018-06-13,0,0,0,FOMC（サイクル転換なし）,Federal Reserve issues FOMC statement,hike: target raised 25bp to 1.75-2.00%; meeting: June 12-13 Meeting; released 2:00 p.m. EDT,,https://www.federalreserve.gov/newsevents/pressreleases/monetary20180613a.htm,2026-09-27,e3d58b6c,200,2026-09-27,registration,0,,,,対照池
CTRL_BOJ_NOCHG-2018-06-15,CTRL_BOJ_NOCHG,no_change,0,2018-06-15,12:00,2018-06-15,12:00,class_default,JP,2018-06-15,0,0,0,日銀金融政策決定会合（変更なし）,Statement on Monetary Policy,policy unchanged per title,,https://www.boj.or.jp/en/mopo/mpmdeci/state_2018/k180615a.htm,2026-09-27,cd0643ca,200,2026-09-27,registration,0,,,,対照池
TARIFF-2018-06-15,TARIFF,impose,1,2018-06-15,,2018-06-15,,,US,2018-06-15,0,0,-1,対中関税リスト1確定（340億ドル、7/6発動）・リスト2案,"USTR finalizes List 1 ($34B, 25% from July 6) and proposes List 2 ($16B)",USTR公布最终清单：7月6日起对约340亿美元中国商品征收25%关税，另拟对约160亿美元商品加征（清单2）。,,https://ustr.gov/about-us/policy-offices/press-office/press-releases/2018/june/ustr-issues-tariffs-chinese-products,2026-09-27,dbe46081,200,2026-09-27,registration,0,,,,"USTR page date June 15, 2018. Same-day presidential statement: https://trumpwhitehouse.archives.gov/briefings-statements/statement-president-regarding-trade-china/ (Issued June 15, 2018). FR notice published 2018-06-20 (83 FR 28710)."
TARIFF-2018-06-18,TARIFF,impose,1,2018-06-18,,2018-06-18,,,US,2018-06-18,0,0,-1,2000億ドル分への追加関税（10%）を指示,Trump statement directing USTR to identify $200B of Chinese goods for 10% tariffs,特朗普声明指示USTR拟定另2000亿美元中国商品10%关税清单，以回应中国的报复措施。,,https://trumpwhitehouse.archives.gov/briefings-statements/statement-president-regarding-trade-china-2/,2026-09-27,e6651bbd,200,2026-09-27,registration,0,,,,"Issued on June 18, 2018 (no time)."
TARIFF-2018-07-10,TARIFF,impose,1,2018-07-10,,2018-07-10,,,US,2018-07-10,0,0,-1,対中関税リスト3案（2000億ドル、10%）公表,USTR proposes List 3: 10% on ~$200B of Chinese products,USTR公布拟对约2000亿美元中国商品加征10%关税的清单3，启动公众意见程序。,,https://ustr.gov/about-us/policy-offices/press-office/press-releases/2018/july/statement-us-trade-representative,2026-09-27,762847fe,200,2026-09-27,registration,0,,,,"USTR page date July 10, 2018. FR notice published 2018-07-17 (83 FR 33608)."
BOJ_CHANGE-2018-07-31,BOJ_CHANGE,ease,-1,2018-07-31,12:00,2018-07-31,12:00,class_default,JP,2018-07-31,0,0,1,強力な金融緩和継続のための枠組み強化,"Framework strengthened: forward guidance, 10y yield range widened to about ±0.2%, ETF purchases made flexible",引入政策金利のフォワードガイダンス；10年利率容许波动幅约±0.2%（原±0.1%）；ETF买入年¥6兆円维持但可上下变动、TOPIX连动比重上调,,https://www.boj.or.jp/en/mopo/mpmdeci/state_2018/k180731a.htm,2026-09-27,9b4735f9,200,2026-09-27,registration,1,方向模糊：枠組み強化（登记排除）,,,YCC柔軟化を伴う枠組み調整
CTRL_FOMC_OTHER-2018-08-01,CTRL_FOMC_OTHER,other,0,2018-08-01,14:00,2018-08-02,03:00,official_page,US,2018-08-01,0,0,0,FOMC（サイクル転換なし）,Federal Reserve issues FOMC statement,hold: target unchanged at 1.75-2.00%; meeting: Jul/Aug 31-1 Meeting; released 2:00 p.m. EDT,,https://www.federalreserve.gov/newsevents/pressreleases/monetary20180801a.htm,2026-09-27,ec4ec8f3,200,2026-09-27,registration,0,,,,対照池
TARIFF-2018-08-01,TARIFF,impose,1,2018-08-01,,2018-08-01,,,US,2018-08-01,0,0,-1,リスト3の税率を25%へ引上げ検討,USTR considers raising proposed List 3 rate from 10% to 25%,应总统指示，USTR宣布考虑将2000亿美元清单3的拟议税率从10%提高至25%。,,https://ustr.gov/about-us/policy-offices/press-office/press-releases/2018/august/statement-us-trade-representative,2026-09-27,05b11420,200,2026-09-27,registration,0,,,,"USTR page date August 01, 2018. FR notice published 2018-08-07 (83 FR 38760)."
TARIFF-2018-08-07,TARIFF,impose,1,2018-08-07,,2018-08-07,,,US,2018-08-07,0,0,-1,対中関税リスト2確定（160億ドル、8/23発動）,"USTR finalizes List 2: 25% on $16B, effective Aug 23",USTR最终确定对约160亿美元中国商品征收25%关税，8月23日生效。,,https://ustr.gov/about-us/policy-offices/press-office/press-releases/2018/august/ustr-finalizes-second-tranche,2026-09-27,61c147ab,200,2026-09-27,registration,0,,,,"USTR page date August 07, 2018. FR notice published 2018-08-16 (83 FR 40823)."
TARIFF-2018-09-18,TARIFF,impose,1,2018-09-18,,2018-09-18,,,US,2018-09-18,0,0,-1,対中関税リスト3確定（2000億ドル、9/24発動）,"USTR finalizes List 3: 10% on $200B from Sept 24, rising to 25% on Jan 1, 2019",USTR宣布9月24日起对约2000亿美元中国商品征收10%关税，2019年1月1日起升至25%。,,https://ustr.gov/about-us/policy-offices/press-office/press-releases/2018/september/ustr-finalizes-tariffs-200,2026-09-27,8597e39d,200,2026-09-27,registration,0,,,,USTR ページ日付 2018-09-18（発表は 09-17 夜 ET）：公式ページ日付で計上
CTRL_BOJ_NOCHG-2018-09-19,CTRL_BOJ_NOCHG,no_change,0,2018-09-19,12:00,2018-09-19,12:00,class_default,JP,2018-09-19,0,0,0,日銀金融政策決定会合（変更なし）,Statement on Monetary Policy,policy unchanged per title,,https://www.boj.or.jp/en/mopo/mpmdeci/state_2018/k180919a.htm,2026-09-27,c9fe94ab,200,2026-09-27,registration,0,,,,対照池
CTRL_FOMC_OTHER-2018-09-26,CTRL_FOMC_OTHER,other,0,2018-09-26,14:00,2018-09-27,03:00,official_page,US,2018-09-26,0,0,0,FOMC（サイクル転換なし）,Federal Reserve issues FOMC statement,hike: target raised 25bp to 2.00-2.25%; meeting: September 25-26 Meeting; released 2:00 p.m. EDT,,https://www.federalreserve.gov/newsevents/pressreleases/monetary20180926a.htm,2026-09-27,60b6067d,200,2026-09-27,registration,0,,,,対照池
TARIFF-2018-09-26,TARIFF,relief,-1,2018-09-26,,2018-09-26,,,US,2018-09-26,0,0,1,日米共同声明：貿易協定交渉開始,US–Japan joint statement: start negotiations for a trade agreement (no 232 auto tariffs while talks continue),特朗普与安倍发表联合声明，同意启动日美货物贸易协定谈判，谈判期间美方不对日本汽车加征232条关税（声明精神）。,,https://trumpwhitehouse.archives.gov/briefings-statements/joint-statement-united-states-japan/,2026-09-27,31d30740,200,2026-09-27,registration,0,,,,"Issued on September 26, 2018 (New York)."
TSE_STRUCT-2018-10-01,TSE_STRUCT,restructure,1,2018-10-01,,2018-10-01,,,JP,2018-10-01,0,0,0,売買単位の100株統一,Trading unit unified at 100 shares,内国株式の売買単位を100株に統一完了（2007年11月から段階的に集約）,,https://www.jpx.co.jp/equities/improvements/unit/index.html,2026-09-27,eb5f2e27,200,2026-09-27,registration,0,,,,
TAX-2018-10-15,TAX,hike,1,2018-10-15,,2018-10-15,,,JP,2018-10-15,0,0,-1,安倍首相、2019 年 10 月の消費税 10% 引上げを予定通り実施と表明,PM Abe confirms 10% hike in October 2019 as scheduled,临时阁议上首相表明 2019 年 10 月按计划把消费税提高到 10%。,,https://www.kantei.go.jp/jp/98_abe/actions/201810/15rinji_kakugi.html,,,404,2026-09-27,registration,0,,,,臨時閣議（本コンテナから 404 → Mac 核対待ち）；閣議は夕方 → 翌営業日が反応日
CTRL_BOJ_NOCHG-2018-10-31,CTRL_BOJ_NOCHG,no_change,0,2018-10-31,12:00,2018-10-31,12:00,class_default,JP,2018-10-31,0,0,0,日銀金融政策決定会合（変更なし）,Statement on Monetary Policy,policy unchanged per title,,https://www.boj.or.jp/en/mopo/mpmdeci/state_2018/k181031a.htm,2026-09-27,3e91f92e,200,2026-09-27,registration,0,,,,対照池
CTRL_FOMC_OTHER-2018-11-08,CTRL_FOMC_OTHER,other,0,2018-11-08,14:00,2018-11-09,04:00,official_page,US,2018-11-08,0,0,0,FOMC（サイクル転換なし）,Federal Reserve issues FOMC statement,hold: target unchanged at 2.00-2.25%; meeting: November 7-8 Meeting; released 2:00 p.m. EST,,https://www.federalreserve.gov/newsevents/pressreleases/monetary20181108a.htm,2026-09-27,246eda1b,200,2026-09-27,registration,0,,,,対照池
TARIFF-2018-12-01,TARIFF,relief,-1,2018-12-01,,2018-12-01,,,US,2018-12-01,0,0,1,米中首脳会談：関税引上げを90日延期（休戦）,G20 Buenos Aires: US agrees to hold List 3 at 10% (no Jan 1 increase) for 90 days of talks,白宫新闻秘书声明：特朗普与习近平晚宴后同意暂缓1月1日将关税升至25%，进行90天谈判。,,https://trumpwhitehouse.archives.gov/briefings-statements/statement-press-secretary-regarding-presidents-working-dinner-china/,2026-09-27,24b3b413,200,2026-09-27,registration,0,,,,"Issued on December 1, 2018 (Buenos Aires). FR notice postponing increase to March 2, 2019 published 2018-12-19 (83 FR 65198)."
CTRL_FOMC_OTHER-2018-12-19,CTRL_FOMC_OTHER,other,0,2018-12-19,14:00,2018-12-20,04:00,official_page,US,2018-12-19,0,0,0,FOMC（サイクル転換なし）,Federal Reserve issues FOMC statement,hike: target raised 25bp to 2.25-2.50%; meeting: December 18-19 Meeting; released 2:00 p.m. EST,,https://www.federalreserve.gov/newsevents/pressreleases/monetary20181219a.htm,2026-09-27,5985978c,200,2026-09-27,registration,0,,,,対照池
CTRL_BOJ_NOCHG-2018-12-20,CTRL_BOJ_NOCHG,no_change,0,2018-12-20,12:00,2018-12-20,12:00,class_default,JP,2018-12-20,0,0,0,日銀金融政策決定会合（変更なし）,Statement on Monetary Policy,policy unchanged per title,,https://www.boj.or.jp/en/mopo/mpmdeci/state_2018/k181220a.htm,2026-09-27,35c5d345,200,2026-09-27,registration,0,,,,対照池
CTRL_BOJ_NOCHG-2019-01-23,CTRL_BOJ_NOCHG,no_change,0,2019-01-23,12:00,2019-01-23,12:00,class_default,JP,2019-01-23,0,0,0,日銀金融政策決定会合（変更なし）,Statement on Monetary Policy,policy unchanged; Loan Support Program extended one year,,https://www.boj.or.jp/en/mopo/mpmdeci/state_2019/k190123a.htm,2026-09-27,cff40f8d,200,2026-09-27,registration,0,,,,対照池
CTRL_FOMC_OTHER-2019-01-30,CTRL_FOMC_OTHER,other,0,2019-01-30,14:00,2019-01-31,04:00,official_page,US,2019-01-30,0,0,0,FOMC（サイクル転換なし）,Federal Reserve issues FOMC statement,hold: target unchanged at 2.25-2.50%; meeting: January 29-30 Meeting; released 2:00 p.m. EST,,https://www.federalreserve.gov/newsevents/pressreleases/monetary20190130a.htm,2026-09-27,cf46ea25,200,2026-09-27,registration,0,,,,対照池
TARIFF-2019-02-24,TARIFF,relief,-1,2019-02-24,,2019-02-24,,,US,2019-02-24,0,0,1,3月1日の対中関税引上げを延期（ツイート）,Trump announces delay of March 1 tariff increase on $200B (Twitter),特朗普宣布因谈判取得实质进展，推迟原定3月1日将2000亿美元商品关税升至25%的计划。,,,,,,2026-09-27,registration,1,官方来源未找到（只保留原文）,,,Announced via Twitter; no official page. Official record is the USTR FR notice of 2019-03-05 (see next row).
TARIFF-2019-03-05,TARIFF,relief,-1,2019-03-05,,2019-03-05,,,US,2019-03-05,0,1,1,関税引上げ延期の官報告示,USTR FR notice: increase to 25% postponed until further notice,USTR在联邦公报发布通知，将2000亿美元商品关税升至25%的日期推迟至另行通知。,,https://www.federalregister.gov/documents/2019/03/05/2019-03935/notice-of-modification-of-section-301-action-chinas-acts-policies-and-practices-related-to-technology-transfer,,,200_nodate,2026-09-27,registration,0,,,,FR publication 2019-03-05 (84 FR 7966). URL from FR API; the HTML page served an access-check interstitial with HTTP 200.
CTRL_BOJ_NOCHG-2019-03-15,CTRL_BOJ_NOCHG,no_change,0,2019-03-15,12:00,2019-03-15,12:00,class_default,JP,2019-03-15,0,0,0,日銀金融政策決定会合（変更なし）,Statement on Monetary Policy,policy unchanged per title,,https://www.boj.or.jp/en/mopo/mpmdeci/state_2019/k190315a.htm,2026-09-27,edbdbb62,200,2026-09-27,registration,0,,,,対照池
CTRL_FOMC_OTHER-2019-03-20,CTRL_FOMC_OTHER,other,0,2019-03-20,14:00,2019-03-21,03:00,official_page,US,2019-03-20,0,0,0,FOMC（サイクル転換なし）,Federal Reserve issues FOMC statement,hold: target unchanged at 2.25-2.50%; meeting: March 19-20 Meeting; released 2:00 p.m. EDT,,https://www.federalreserve.gov/newsevents/pressreleases/monetary20190320a.htm,2026-09-27,47758f20,200,2026-09-27,registration,0,,,,対照池
CTRL_BOJ_NOCHG-2019-04-25,CTRL_BOJ_NOCHG,no_change,0,2019-04-25,12:00,2019-04-25,12:00,class_default,JP,2019-04-25,0,0,0,日銀金融政策決定会合（変更なし）,Statement on Monetary Policy,policy unchanged; forward guidance clarified (current extremely low rates at least through around spring 2020); SLF terms relaxed,,https://www.boj.or.jp/en/mopo/mpmdeci/state_2019/k190425a.htm,2026-09-27,0ecdb5b2,200,2026-09-27,registration,0,,,,対照池
CTRL_FOMC_OTHER-2019-05-01,CTRL_FOMC_OTHER,other,0,2019-05-01,14:00,2019-05-02,03:00,official_page,US,2019-05-01,0,0,0,FOMC（サイクル転換なし）,Federal Reserve issues FOMC statement,hold: target unchanged at 2.25-2.50%; meeting: April/May 30-1 Meeting; released 2:00 p.m. EDT,,https://www.federalreserve.gov/newsevents/pressreleases/monetary20190501a.htm,2026-09-27,86f1050c,200,2026-09-27,registration,0,,,,対照池
TARIFF-2019-05-05,TARIFF,impose,1,2019-05-05,,2019-05-05,,,US,2019-05-05,0,0,-1,対中関税を5/10に25%へ引上げと表明,Trump announces List 3 tariff to rise to 25% on May 10 (Twitter),特朗普宣布5月10日起将2000亿美元中国商品关税从10%提高到25%。,,,,,,2026-09-27,registration,1,官方来源未找到（只保留原文）,,,Twitter announcement (Sunday); no official page. USTR/Treasury briefing May 6; official record FR notice 2019-05-09 (next row).
TARIFF-2019-05-09,TARIFF,impose,1,2019-05-09,,2019-05-09,,,US,2019-05-09,0,1,-1,リスト3の関税25%へ引上げ（官報）,USTR FR notice: List 3 tariff increased to 25% effective May 10,USTR在联邦公报发布通知，5月10日起2000亿美元中国商品关税升至25%。,,https://www.federalregister.gov/documents/2019/05/09/2019-09681/notice-of-modification-of-section-301-action-chinas-acts-policies-and-practices-related-to-technology-transfer,,,200_nodate,2026-09-27,registration,0,,,,"FR publication 2019-05-09 (84 FR 20459); notice dated May 8; effective 12:01 a.m. EDT May 10, 2019. FR HTML served access-check interstitial with HTTP 200."
TARIFF-2019-05-17,TARIFF,relief,-1,2019-05-17,,2019-05-17,,,US,2019-05-17,0,0,1,自動車232条：関税判断を180日延期し交渉指示,Proclamation 9888: auto imports threaten national security but tariff decision deferred 180 days for negotiations with Japan/EU,特朗普布告认定进口汽车威胁国家安全，但推迟180天决定关税，指示USTR与日本、欧盟谈判。,,https://trumpwhitehouse.archives.gov/presidential-actions/adjusting-imports-automobiles-automobile-parts-united-states/,2026-09-27,5781ef9f,200,2026-09-27,registration,0,,,,"Issued on May 17, 2019. FR published 2019-05-21 (84 FR 23433)."
CTRL_FOMC_OTHER-2019-06-19,CTRL_FOMC_OTHER,other,0,2019-06-19,14:00,2019-06-20,03:00,official_page,US,2019-06-19,0,0,0,FOMC（サイクル転換なし）,Federal Reserve issues FOMC statement,hold: target unchanged at 2.25-2.50%; meeting: June 18-19 Meeting; released 2:00 p.m. EDT,,https://www.federalreserve.gov/newsevents/pressreleases/monetary20190619a.htm,2026-09-27,8a4a45c3,200,2026-09-27,registration,0,,,,対照池
CTRL_BOJ_NOCHG-2019-06-20,CTRL_BOJ_NOCHG,no_change,0,2019-06-20,12:00,2019-06-20,12:00,class_default,JP,2019-06-20,0,0,0,日銀金融政策決定会合（変更なし）,Statement on Monetary Policy,policy unchanged per title,,https://www.boj.or.jp/en/mopo/mpmdeci/state_2019/k190620a.htm,2026-09-27,4f2300cb,200,2026-09-27,registration,0,,,,対照池
SEMI_CTRL-2019-07-01,SEMI_CTRL,control,1,2019-07-01,,2019-07-01,,,US,2019-07-01,0,0,-1,韓国向け輸出管理の運用見直し（3品目個別許可）,Japan tightens export controls on 3 chip materials to Korea,フッ化ポリイミド・レジスト・フッ化水素を個別許可に（7/4）、ホワイト国除外の政令改正（8/2閣議決定、8/28施行）,,https://www.meti.go.jp/policy/external_economy/export_control_korea/index.html,,,403,2026-09-27,registration,0,,,,経産省特設頁に2019-07-01発表を掲載
CTRL_BOJ_NOCHG-2019-07-30,CTRL_BOJ_NOCHG,no_change,0,2019-07-30,12:00,2019-07-30,12:00,class_default,JP,2019-07-30,0,0,0,日銀金融政策決定会合（変更なし）,Statement on Monetary Policy,policy unchanged per title,,https://www.boj.or.jp/en/mopo/mpmdeci/state_2019/k190730a.htm,2026-09-27,643f7524,200,2026-09-27,registration,0,,,,対照池
FED_TURN-2019-07-31,FED_TURN,first_cut,-1,2019-07-31,14:00,2019-08-01,03:00,official_page,US,2019-07-31,0,0,1,FOMC（利上げ / 利下げサイクルの起点）,Federal Reserve issues FOMC statement,target lowered 25bp to 2.00-2.25%; meeting: July 30-31 Meeting; released 2:00 p.m. EDT,,https://www.federalreserve.gov/newsevents/pressreleases/monetary20190731a.htm,2026-09-27,43290165,200,2026-09-27,registration,0,,,,
TARIFF-2019-08-01,TARIFF,impose,1,2019-08-01,,2019-08-01,,,US,2019-08-01,0,0,-1,残り3000億ドルに10%関税を表明,Trump announces 10% tariff on remaining ~$300B (List 4) from Sept 1 (Twitter),特朗普宣布9月1日起对其余约3000亿美元中国商品加征10%关税。,,,,,,2026-09-27,registration,1,官方来源未找到（只保留原文）,,,Twitter announcement; no official page. Official record FR notice 2019-08-20 (84 FR 43304).
TARIFF-2019-08-13,TARIFF,relief,-1,2019-08-13,,2019-08-13,,,US,2019-08-13,0,0,1,リスト4の一部を12/15まで延期,"USTR delays List 4 tariffs on phones, laptops, toys etc. to Dec 15 (List 4B)",USTR宣布将手机、笔记本电脑、玩具等部分商品的10%关税推迟至12月15日实施，其余9月1日实施。,,https://ustr.gov/about-us/policy-offices/press-office/press-releases/2019/august/ustr-announces-next-steps-proposed,2026-09-27,a4559745,200,2026-09-27,registration,0,,,,"USTR page date August 13, 2019. FR notice published 2019-08-20 (84 FR 43304)."
TARIFF-2019-08-23,TARIFF,impose,1,2019-08-23,,2019-08-23,,,US,2019-08-23,0,0,-1,対中関税を30%/15%へ引上げ,USTR: raise Lists 1–3 to 30% on Oct 1 and List 4 to 15%,应总统指示，USTR宣布10月1日起2500亿美元商品关税升至30%，3000亿美元商品关税从10%升至15%。,,https://ustr.gov/about-us/policy-offices/press-office/press-releases/2019/august/ustr-statement-section-301-tariff,2026-09-27,b70e08a0,200,2026-09-27,registration,0,,,,"USTR page date August 23, 2019 (statement issued in the evening after Trump tweets). FR: 15% notice published 2019-08-30 (84 FR 45821); proposed 30% published 2019-09-03 (84 FR 46212), later suspended."
CTRL_FOMC_OTHER-2019-09-18,CTRL_FOMC_OTHER,other,0,2019-09-18,14:00,2019-09-19,03:00,official_page,US,2019-09-18,0,0,0,FOMC（サイクル転換なし）,Federal Reserve issues FOMC statement,cut: target lowered 25bp to 1.75-2.00%; meeting: September 17-18 Meeting; released 2:00 p.m. EDT,,https://www.federalreserve.gov/newsevents/pressreleases/monetary20190918a.htm,2026-09-27,f1504263,200,2026-09-27,registration,0,,,,対照池
CTRL_BOJ_NOCHG-2019-09-19,CTRL_BOJ_NOCHG,no_change,0,2019-09-19,12:00,2019-09-19,12:00,class_default,JP,2019-09-19,0,0,0,日銀金融政策決定会合（変更なし）,Statement on Monetary Policy,policy unchanged per title,,https://www.boj.or.jp/en/mopo/mpmdeci/state_2019/k190919a.htm,2026-09-27,dfecc77a,200,2026-09-27,registration,0,,,,対照池
TARIFF-2019-09-25,TARIFF,relief,-1,2019-09-25,,2019-09-25,,,US,2019-09-25,0,0,1,日米貿易協定に関する共同声明,US–Japan joint statement confirming trade agreement and digital trade agreement,特朗普与安倍在纽约发表联合声明，确认就日美贸易协定和数字贸易协定达成一致。,,https://trumpwhitehouse.archives.gov/briefings-statements/joint-statement-united-states-japan-2/,2026-09-27,5270a2a7,200,2026-09-27,registration,0,,,,"Issued on September 25, 2019 (no time)."
TAX-2019-10-01,TAX,hike,1,2019-10-01,,2019-10-01,,,JP,2019-10-01,0,1,-1,消費税率 8%→10% 施行（軽減税率8%）,"Consumption tax rate 8%→10% effective, reduced rate 8%",税率8%→10%；飲食料品等は軽減税率8%；キャッシュレス還元等の対策,,https://www.mof.go.jp/tax_policy/summary/consumption/consumption_tax/law/index.html,,,200_nodate,2026-09-27,registration,0,,,,effective；実施日（只描述）
TARIFF-2019-10-07,TARIFF,relief,-1,2019-10-07,15:59,2019-10-08,04:59,official_page,US,2019-10-07,0,1,1,日米貿易協定・デジタル貿易協定署名,Signing of US–Japan Trade Agreement and Digital Trade Agreement,美日在白宫签署贸易协定和数字贸易协定：日本降低美国农产品关税，美国降低部分工业品关税。,,https://trumpwhitehouse.archives.gov/briefings-statements/remarks-president-trump-signing-u-s-japan-trade-agreement-u-s-japan-digital-trade-agreement/,2026-09-27,d140daaa,200,2026-09-27,registration,0,,,,"Remarks transcript 3:59 P.M. EDT. Agreement implemented by Proclamation 9974 (signed 2019-12-26, FR 2019-12-30, 84 FR 72187), in force 2020-01-01."
CTRL_FOMC_OTHER-2019-10-11,CTRL_FOMC_OTHER,other,0,2019-10-11,11:00,2019-10-12,00:00,official_page,US,2019-10-11,0,0,0,FOMC（サイクル転換なし）,Statement Regarding Monetary Policy Implementation,emergency: target unchanged at 1.75-2.00%; unscheduled: October 4 (unscheduled); videoconference Oct 4; reserve-management T-bill purchases announced; no rate change; JST exactly 00:00 Oct 12,,https://www.federalreserve.gov/newsevents/pressreleases/monetary20191011a.htm,2026-09-27,64b958ce,200,2026-09-27,registration,0,,,,対照池
CTRL_FOMC_OTHER-2019-10-30,CTRL_FOMC_OTHER,other,0,2019-10-30,14:00,2019-10-31,03:00,official_page,US,2019-10-30,0,0,0,FOMC（サイクル転換なし）,Federal Reserve issues FOMC statement,cut: target lowered 25bp to 1.50-1.75%; meeting: October 29-30 Meeting; released 2:00 p.m. EDT,,https://www.federalreserve.gov/newsevents/pressreleases/monetary20191030a.htm,2026-09-27,13953ec1,200,2026-09-27,registration,0,,,,対照池
CTRL_BOJ_NOCHG-2019-10-31,CTRL_BOJ_NOCHG,no_change,0,2019-10-31,12:00,2019-10-31,12:00,class_default,JP,2019-10-31,0,0,0,日銀金融政策決定会合（変更なし）,Statement on Monetary Policy,policy unchanged; forward guidance modified (rates at present or lower levels as long as needed),,https://www.boj.or.jp/en/mopo/mpmdeci/state_2019/k191031a.htm,2026-09-27,356b0eaf,200,2026-09-27,registration,0,,,,対照池
UNREG-2019-12-05,UNREGISTERED,other,0,2019-12-05,,2019-12-05,,,JP,2019-12-05,0,0,0,安心と成長の未来を拓く総合経済対策（閣議決定）,Comprehensive Economic Measures (Dec 2019) (cabinet decision),事業規模¥26.0兆円、財政措置¥13.2兆円,,https://www5.cao.go.jp/keizai1/keizaitaisaku/keizaitaisaku_kako.html,2026-09-27,ed88cde6,200,2026-09-27,registration,1,类别 FISCAL_STIMULUS 本轮未登记（保留原文，只作参考）,,,orig_category=FISCAL_STIMULUS；閣議決定日は内閣府経済対策一覧で確認；規模は閣議決定文書ベースの概数
CTRL_FOMC_OTHER-2019-12-11,CTRL_FOMC_OTHER,other,0,2019-12-11,14:00,2019-12-12,04:00,official_page,US,2019-12-11,0,0,0,FOMC（サイクル転換なし）,Federal Reserve issues FOMC statement,hold: target unchanged at 1.50-1.75%; meeting: December 10-11 Meeting; released 2:00 p.m. EST,,https://www.federalreserve.gov/newsevents/pressreleases/monetary20191211a.htm,2026-09-27,c9f66524,200,2026-09-27,registration,0,,,,対照池
TARIFF-2019-12-13,TARIFF,relief,-1,2019-12-13,,2019-12-13,,,US,2019-12-13,0,0,1,米中第1段階合意（12/15関税中止）,"US–China Phase One agreement announced; Dec 15 tariffs cancelled, List 4A cut to 7.5%",USTR宣布美中达成第一阶段协议：取消12月15日的关税，1200亿美元商品关税从15%降至7.5%。,,https://ustr.gov/about-us/policy-offices/press-office/press-releases/2019/december/united-states-and-china-reach,2026-09-27,b9d4c415,200,2026-09-27,registration,0,,,,"USTR page date December 13, 2019. FR notice suspending Dec 15 action published 2019-12-18 (84 FR 69447)."
CTRL_BOJ_NOCHG-2019-12-19,CTRL_BOJ_NOCHG,no_change,0,2019-12-19,12:00,2019-12-19,12:00,class_default,JP,2019-12-19,0,0,0,日銀金融政策決定会合（変更なし）,Statement on Monetary Policy,policy unchanged; ETF lending facility introduced,,https://www.boj.or.jp/en/mopo/mpmdeci/state_2019/k191219a.htm,2026-09-27,6544dbdc,200,2026-09-27,registration,0,,,,対照池
TARIFF-2020-01-15,TARIFF,relief,-1,2020-01-15,13:24,2020-01-16,03:24,official_page,US,2020-01-15,0,1,1,米中第1段階合意署名,Phase One agreement signed at the White House,美中在白宫签署第一阶段经贸协议。,,https://ustr.gov/about-us/policy-offices/press-office/press-releases/2020/january/economic-and-trade-agreement-between-government-united-states-and-government-peoples-republic-china,2026-09-27,871d1060,200,2026-09-27,registration,0,,,,"Remarks transcript 1:24 P.M. EST (https://trumpwhitehouse.archives.gov/briefings-statements/remarks-president-trump-signing-u-s-china-phase-one-trade-agreement/). FR notice cutting List 4A to 7.5% from Feb 14, 2020 published 2020-01-22 (85 FR 3741)."
CTRL_BOJ_NOCHG-2020-01-21,CTRL_BOJ_NOCHG,no_change,0,2020-01-21,12:00,2020-01-21,12:00,class_default,JP,2020-01-21,0,0,0,日銀金融政策決定会合（変更なし）,Statement on Monetary Policy,policy unchanged per title,,https://www.boj.or.jp/en/mopo/mpmdeci/state_2020/k200121a.htm,2026-09-27,6e2fb77d,200,2026-09-27,registration,0,,,,対照池
CTRL_FOMC_OTHER-2020-01-29,CTRL_FOMC_OTHER,other,0,2020-01-29,14:00,2020-01-30,04:00,official_page,US,2020-01-29,0,0,0,FOMC（サイクル転換なし）,Federal Reserve issues FOMC statement,hold: target unchanged at 1.50-1.75%; meeting: January 28-29 Meeting; released 2:00 p.m. EST,,https://www.federalreserve.gov/newsevents/pressreleases/monetary20200129a.htm,2026-09-27,7285f0d3,200,2026-09-27,registration,0,,,,対照池
TSE_STRUCT-2020-02-21,TSE_STRUCT,restructure,1,2020-02-21,,2020-02-21,,,JP,2020-02-21,0,0,0,新市場区分の概要等の公表,TSE publishes outline of new market segments,プライム・スタンダード・グロースの3区分の概要と上場基準（流通時価総額¥100億円等）を公表；2022-04-04移行,,https://www.jpx.co.jp/corporate/news/news-releases/0060/20200221-01.html,2026-09-27,e3d5411d,200,2026-09-27,registration,0,,,,選択結果公表は2022-01-11
FED_TURN-2020-03-03,FED_TURN,first_cut,-1,2020-03-03,10:00,2020-03-04,00:00,official_page,US,2020-03-03,0,0,1,FOMC（利上げ / 利下げサイクルの起点）,Federal Reserve issues FOMC statement,target lowered 50bp to 1.00-1.25%; unscheduled: March 2 (unscheduled) Meeting; first cut of the 2020 emergency easing; JST exactly 00:00 Mar 4; released 10:00 a.m. EST,,https://www.federalreserve.gov/newsevents/pressreleases/monetary20200303a.htm,2026-09-27,b292a170,200,2026-09-27,registration,0,,,,緊急会合：サイクル起点
CTRL_FOMC_OTHER-2020-03-15,CTRL_FOMC_OTHER,other,0,2020-03-15,17:00,2020-03-16,06:00,official_page,US,2020-03-15,0,0,0,FOMC（サイクル転換なし）,Federal Reserve issues FOMC statement,emergency: target lowered 100bp to 0-0.25%; unscheduled: March 15 (unscheduled) Meeting; released 5:00 p.m. EDT,,https://www.federalreserve.gov/newsevents/pressreleases/monetary20200315a.htm,2026-09-27,64ca273b,200,2026-09-27,registration,0,,,,対照池
BOJ_CHANGE-2020-03-16,BOJ_CHANGE,ease,-1,2020-03-16,12:00,2020-03-16,12:00,class_default,JP,2020-03-16,0,0,1,日銀金融政策決定会合（政策変更）,Enhancement of Monetary Easing in Light of the Impact of the Outbreak of the Novel Coronavirus (COVID-19),"held ahead of schedule (originally Mar 18-19); ETF purchase upper limit doubled to JPY 12tn/yr, J-REIT JPY 180bn/yr; CP/corporate bond purchase limits raised; special funds-supplying operations for co",,https://www.boj.or.jp/en/mopo/mpmdeci/state_2020/k200316b.htm,2026-09-27,abee5a68,200,2026-09-27,registration,0,,,,機械規則（年表タイトル / 声明冒頭の目標水準）で抽出
BOJ_ETF-2020-03-16,BOJ_ETF,expand,1,2020-03-16,12:00,2020-03-16,12:00,class_default,JP,2020-03-16,0,0,1,新型コロナ対応の金融緩和強化（ETF買入上限年12兆円）,COVID-19 response: ETF purchase ceiling doubled to ¥12T/yr (extraordinary meeting),"臨時会合：ETF年买入上限¥6兆円→¥12兆円、J-REIT¥900億円→¥1,800億円；CP・社債追加买入¥2兆円；新型コロナ対応金融支援オペ导入",,https://www.boj.or.jp/en/mopo/mpmdeci/state_2020/k200316b.htm,2026-09-27,abee5a68,200,2026-09-27,registration,0,,,,
CTRL_FOMC_OTHER-2020-03-23,CTRL_FOMC_OTHER,other,0,2020-03-23,08:00,2020-03-23,21:00,official_page,US,2020-03-23,0,0,0,FOMC（サイクル転換なし）,Federal Reserve issues FOMC statement,emergency: target unchanged at 0-0.25%; unscheduled: March 23 (notation vote); notation vote; open-ended Treasury/MBS purchases; no rate change; released 8:00 a.m. EDT,,https://www.federalreserve.gov/newsevents/pressreleases/monetary20200323a.htm,2026-09-27,ddcb00fb,200,2026-09-27,registration,0,,,,対照池
UNREG-2020-04-07,UNREGISTERED,other,0,2020-04-07,,2020-04-07,,,JP,2020-04-07,0,0,0,新型コロナウイルス感染症緊急経済対策（閣議決定）,COVID-19 Emergency Economic Measures (cabinet decision),事業規模¥108.2兆円（GDPの2割）,,https://www5.cao.go.jp/keizai1/keizaitaisaku/2020/20200420_taisaku.pdf,,,200_nodate,2026-09-27,registration,1,类别 FISCAL_STIMULUS 本轮未登记（保留原文，只作参考）,,,orig_category=FISCAL_STIMULUS；4/7閣議決定は4/20変更版PDF冒頭で確認
UNREG-2020-04-20,UNREGISTERED,other,0,2020-04-20,,2020-04-20,,,JP,2020-04-20,0,0,0,新型コロナ緊急経済対策の変更（一律10万円給付）（閣議決定）,COVID-19 package revised (¥100k universal payment) (cabinet decision),事業規模¥117.1兆円へ拡大、特別定額給付金¥12.9兆円,,https://www5.cao.go.jp/keizai1/keizaitaisaku/keizaitaisaku_kako.html,2026-09-27,ed88cde6,200,2026-09-27,registration,1,类别 FISCAL_STIMULUS 本轮未登记（保留原文，只作参考）,,,orig_category=FISCAL_STIMULUS；閣議決定日は内閣府経済対策一覧で確認；規模は閣議決定文書ベースの概数
BOJ_CHANGE-2020-04-27,BOJ_CHANGE,ease,-1,2020-04-27,12:00,2020-04-27,12:00,class_default,JP,2020-04-27,0,0,1,日銀金融政策決定会合（政策変更）,Enhancement of Monetary Easing,scheduled Apr 27-28 meeting shortened to one day; JGB purchases made unlimited (JPY 80tn/yr guideline removed); CP/corporate bond purchase limit raised to about JPY 20tn,,https://www.boj.or.jp/en/mopo/mpmdeci/state_2020/k200427a.htm,2026-09-27,829b4653,200,2026-09-27,registration,0,,,,機械規則（年表タイトル / 声明冒頭の目標水準）で抽出
CTRL_FOMC_OTHER-2020-04-29,CTRL_FOMC_OTHER,other,0,2020-04-29,14:00,2020-04-30,03:00,official_page,US,2020-04-29,0,0,0,FOMC（サイクル転換なし）,Federal Reserve issues FOMC statement,hold: target unchanged at 0-0.25%; meeting: April 28-29 Meeting; released 2:00 p.m. EDT,,https://www.federalreserve.gov/newsevents/pressreleases/monetary20200429a.htm,2026-09-27,0d6b877c,200,2026-09-27,registration,0,,,,対照池
CTRL_BOJ_NOCHG-2020-05-22,CTRL_BOJ_NOCHG,no_change,0,2020-05-22,12:00,2020-05-22,12:00,class_default,JP,2020-05-22,0,0,0,日銀金融政策決定会合（変更なし）,Statement on Monetary Policy,unscheduled MPM; new fund-provisioning measure to support SME financing (about JPY 30tn) introduced (k200522a); CP/corporate bond purchases extended to Mar 2021; guideline unchanged -> conservative: n,,https://www.boj.or.jp/en/mopo/mpmdeci/state_2020/k200522b.htm,2026-09-27,0a5f7b38,200,2026-09-27,registration,0,,,,対照池
CTRL_FOMC_OTHER-2020-06-10,CTRL_FOMC_OTHER,other,0,2020-06-10,14:00,2020-06-11,03:00,official_page,US,2020-06-10,0,0,0,FOMC（サイクル転換なし）,Federal Reserve issues FOMC statement,hold: target unchanged at 0-0.25%; meeting: June 9-10 Meeting; released 2:00 p.m. EDT,,https://www.federalreserve.gov/newsevents/pressreleases/monetary20200610a.htm,2026-09-27,a4a891f2,200,2026-09-27,registration,0,,,,対照池
CTRL_BOJ_NOCHG-2020-06-16,CTRL_BOJ_NOCHG,no_change,0,2020-06-16,12:00,2020-06-16,12:00,class_default,JP,2020-06-16,0,0,0,日銀金融政策決定会合（変更なし）,Statement on Monetary Policy,policy unchanged; total size of special program raised to about JPY 110tn; same-day decision docs: k200616b.pdf,,https://www.boj.or.jp/en/mopo/mpmdeci/state_2020/k200616a.htm,2026-09-27,9488abb4,200,2026-09-27,registration,0,,,,対照池
CTRL_BOJ_NOCHG-2020-07-15,CTRL_BOJ_NOCHG,no_change,0,2020-07-15,12:00,2020-07-15,12:00,class_default,JP,2020-07-15,0,0,0,日銀金融政策決定会合（変更なし）,Statement on Monetary Policy,policy unchanged per title,,https://www.boj.or.jp/en/mopo/mpmdeci/state_2020/k200715a.htm,2026-09-27,2bf3138a,200,2026-09-27,registration,0,,,,対照池
CTRL_FOMC_OTHER-2020-07-29,CTRL_FOMC_OTHER,other,0,2020-07-29,14:00,2020-07-30,03:00,official_page,US,2020-07-29,0,0,0,FOMC（サイクル転換なし）,Federal Reserve issues FOMC statement,hold: target unchanged at 0-0.25%; meeting: July 28-29 Meeting; released 2:00 p.m. EDT,,https://www.federalreserve.gov/newsevents/pressreleases/monetary20200729a.htm,2026-09-27,e6a93195,200,2026-09-27,registration,0,,,,対照池
CTRL_FOMC_OTHER-2020-09-16,CTRL_FOMC_OTHER,other,0,2020-09-16,14:00,2020-09-17,03:00,official_page,US,2020-09-16,0,0,0,FOMC（サイクル転換なし）,Federal Reserve issues FOMC statement,hold: target unchanged at 0-0.25%; meeting: September 15-16 Meeting; released 2:00 p.m. EDT,,https://www.federalreserve.gov/newsevents/pressreleases/monetary20200916a.htm,2026-09-27,460e72bb,200,2026-09-27,registration,0,,,,対照池
PM_CHANGE-2020-09-16,PM_CHANGE,new_pm,0,2020-09-16,,2020-09-16,,,JP,2020-09-16,0,0,0,菅内閣発足,Suga cabinet formed,第99代菅内閣発足（安倍首相辞任後）,,https://www.kantei.go.jp/jp/rekidainaikaku/index.html,2026-09-27,858780c7,200,2026-09-27,registration,0,,,,
CTRL_BOJ_NOCHG-2020-09-17,CTRL_BOJ_NOCHG,no_change,0,2020-09-17,12:00,2020-09-17,12:00,class_default,JP,2020-09-17,0,0,0,日銀金融政策決定会合（変更なし）,Statement on Monetary Policy,policy unchanged per title,,https://www.boj.or.jp/en/mopo/mpmdeci/state_2020/k200917a.htm,2026-09-27,87ff8c99,200,2026-09-27,registration,0,,,,対照池
CTRL_BOJ_NOCHG-2020-10-29,CTRL_BOJ_NOCHG,no_change,0,2020-10-29,12:00,2020-10-29,12:00,class_default,JP,2020-10-29,0,0,0,日銀金融政策決定会合（変更なし）,Statement on Monetary Policy,policy unchanged per title,,https://www.boj.or.jp/en/mopo/mpmdeci/state_2020/k201029a.htm,2026-09-27,74503789,200,2026-09-27,registration,0,,,,対照池
CTRL_FOMC_OTHER-2020-11-05,CTRL_FOMC_OTHER,other,0,2020-11-05,14:00,2020-11-06,04:00,official_page,US,2020-11-05,0,0,0,FOMC（サイクル転換なし）,Federal Reserve issues FOMC statement,hold: target unchanged at 0-0.25%; meeting: November 4-5 Meeting; released 2:00 p.m. EST,,https://www.federalreserve.gov/newsevents/pressreleases/monetary20201105a.htm,2026-09-27,3d71f660,200,2026-09-27,registration,0,,,,対照池
UNREG-2020-12-08,UNREGISTERED,other,0,2020-12-08,,2020-12-08,,,JP,2020-12-08,0,0,0,国民の命と暮らしを守る安心と希望のための総合経済対策（閣議決定）,Comprehensive Economic Measures (Dec 2020) (cabinet decision),事業規模¥73.6兆円、財政支出¥40.0兆円,,https://www5.cao.go.jp/keizai1/keizaitaisaku/keizaitaisaku_kako.html,2026-09-27,ed88cde6,200,2026-09-27,registration,1,类别 FISCAL_STIMULUS 本轮未登记（保留原文，只作参考）,,,orig_category=FISCAL_STIMULUS；閣議決定日は内閣府経済対策一覧で確認；規模は閣議決定文書ベースの概数
CTRL_FOMC_OTHER-2020-12-16,CTRL_FOMC_OTHER,other,0,2020-12-16,14:00,2020-12-17,04:00,official_page,US,2020-12-16,0,0,0,FOMC（サイクル転換なし）,Federal Reserve issues FOMC statement,hold: target unchanged at 0-0.25%; meeting: December 15-16 Meeting; released 2:00 p.m. EST,,https://www.federalreserve.gov/newsevents/pressreleases/monetary20201216a.htm,2026-09-27,9b577082,200,2026-09-27,registration,0,,,,対照池
CTRL_BOJ_NOCHG-2020-12-18,CTRL_BOJ_NOCHG,no_change,0,2020-12-18,12:00,2020-12-18,12:00,class_default,JP,2020-12-18,0,0,0,日銀金融政策決定会合（変更なし）,Statement on Monetary Policy,policy unchanged; COVID special program extended 6 months; assessment for further effective easing announced for Mar 2021; same-day decision docs: k201218b.pdf,,https://www.boj.or.jp/en/mopo/mpmdeci/state_2020/k201218a.htm,2026-09-27,bc84ac95,200,2026-09-27,registration,0,,,,対照池
CTRL_BOJ_NOCHG-2021-01-21,CTRL_BOJ_NOCHG,no_change,0,2021-01-21,12:00,2021-01-21,12:00,class_default,JP,2021-01-21,0,0,0,日銀金融政策決定会合（変更なし）,Statement on Monetary Policy,policy unchanged; Loan Support Program extended one year,,https://www.boj.or.jp/en/mopo/mpmdeci/state_2021/k210121a.htm,2026-09-27,0740b38a,200,2026-09-27,registration,0,,,,対照池
CTRL_FOMC_OTHER-2021-01-27,CTRL_FOMC_OTHER,other,0,2021-01-27,14:00,2021-01-28,04:00,official_page,US,2021-01-27,0,0,0,FOMC（サイクル転換なし）,Federal Reserve issues FOMC statement,hold: target unchanged at 0-0.25%; meeting: January 26-27; released 2:00 p.m. EST,,https://www.federalreserve.gov/newsevents/pressreleases/monetary20210127a.htm,2026-09-27,3e627bf5,200,2026-09-27,registration,0,,,,対照池
CTRL_FOMC_OTHER-2021-03-17,CTRL_FOMC_OTHER,other,0,2021-03-17,14:00,2021-03-18,03:00,official_page,US,2021-03-17,0,0,0,FOMC（サイクル転換なし）,Federal Reserve issues FOMC statement,hold: target unchanged at 0-0.25%; meeting: March 16-17*; released 2:00 p.m. EDT,,https://www.federalreserve.gov/newsevents/pressreleases/monetary20210317a.htm,2026-09-27,2096b7e8,200,2026-09-27,registration,0,,,,対照池
BOJ_CHANGE-2021-03-19,BOJ_CHANGE,ease,-1,2021-03-19,12:00,2021-03-19,12:00,class_default,JP,2021-03-19,0,0,1,日銀金融政策決定会合（政策変更）,Further Effective and Sustainable Monetary Easing,"'Further Effective and Sustainable Monetary Easing': 10-year yield band clarified +/-0.25%; ETF annual JPY 6tn target removed (JPY 12tn ceiling kept, TOPIX-linked only); interest scheme to promote len",,https://www.boj.or.jp/en/mopo/mpmdeci/state_2021/k210319a.htm,2026-09-27,53a0fa21,200,2026-09-27,registration,1,方向模糊：点検（ETF 目安撤廃 + 変動幅明確化）,,,機械規則（年表タイトル / 声明冒頭の目標水準）で抽出
BOJ_ETF-2021-03-19,BOJ_ETF,shrink,-1,2021-03-19,12:00,2021-03-19,12:00,class_default,JP,2021-03-19,0,0,-1,より効果的で持続的な金融緩和（点検）,"Policy review: ETF ¥6T guideline removed (¥12T ceiling kept, TOPIX-only), 10y band ±0.25% clarified",删除ETF年约¥6兆円目安（上限¥12兆円维持、仅买入TOPIX连动型）；10年利率容许幅±0.25%明确化；貸出促進付利制度导入,,https://www.boj.or.jp/en/mopo/mpmdeci/state_2021/k210319a.htm,2026-09-27,53a0fa21,200,2026-09-27,registration,0,,,,
CTRL_BOJ_NOCHG-2021-04-27,CTRL_BOJ_NOCHG,no_change,0,2021-04-27,12:00,2021-04-27,12:00,class_default,JP,2021-04-27,0,0,0,日銀金融政策決定会合（変更なし）,Statement on Monetary Policy,policy unchanged per title,,https://www.boj.or.jp/en/mopo/mpmdeci/state_2021/k210427a.htm,2026-09-27,9d2444f7,200,2026-09-27,registration,0,,,,対照池
CTRL_FOMC_OTHER-2021-04-28,CTRL_FOMC_OTHER,other,0,2021-04-28,14:00,2021-04-29,03:00,official_page,US,2021-04-28,0,0,0,FOMC（サイクル転換なし）,Federal Reserve issues FOMC statement,hold: target unchanged at 0-0.25%; meeting: April 27-28; released 2:00 p.m. EDT,,https://www.federalreserve.gov/newsevents/pressreleases/monetary20210428a.htm,2026-09-27,94e8aa7e,200,2026-09-27,registration,0,,,,対照池
CTRL_FOMC_OTHER-2021-06-16,CTRL_FOMC_OTHER,other,0,2021-06-16,14:00,2021-06-17,03:00,official_page,US,2021-06-16,0,0,0,FOMC（サイクル転換なし）,Federal Reserve issues FOMC statement,hold: target unchanged at 0-0.25%; meeting: June 15-16*; released 2:00 p.m. EDT,,https://www.federalreserve.gov/newsevents/pressreleases/monetary20210616a.htm,2026-09-27,029ac17f,200,2026-09-27,registration,0,,,,対照池
CTRL_BOJ_NOCHG-2021-06-18,CTRL_BOJ_NOCHG,no_change,0,2021-06-18,12:00,2021-06-18,12:00,class_default,JP,2021-06-18,0,0,0,日銀金融政策決定会合（変更なし）,Statement on Monetary Policy,policy unchanged; COVID special program extended to Mar 2022; climate-change fund-provisioning measure announced (preliminary),,https://www.boj.or.jp/en/mopo/mpmdeci/state_2021/k210618a.htm,2026-09-27,58376534,200,2026-09-27,registration,0,,,,対照池
TSE_STRUCT-2021-07-09,TSE_STRUCT,restructure,1,2021-07-09,,2021-07-09,,,JP,2021-07-09,0,0,0,新市場区分の上場維持基準への適合状況の一次判定結果通知,TSE notifies listed companies of preliminary assessment results against new market segment continued-listing criteria,东证向上市公司通知新市场区分持续上市标准适合状况的一次判定结果。,,,,,,2026-09-27,registration,1,官方来源未找到（只保留原文）,,,"No jpx.co.jp page for this date located (news URL guesses 404). Planned Schedule PDF (as of July 13, 2021) fetched: https://www.jpx.co.jp/english/equities/improvements/market-structure/b5b4pj000002rxte-att/b5b4pj0000048a5h.pdf"
CTRL_BOJ_NOCHG-2021-07-16,CTRL_BOJ_NOCHG,no_change,0,2021-07-16,12:00,2021-07-16,12:00,class_default,JP,2021-07-16,0,0,0,日銀金融政策決定会合（変更なし）,Statement on Monetary Policy,policy unchanged; preliminary outline of climate response financing operations,,https://www.boj.or.jp/en/mopo/mpmdeci/state_2021/k210716a.htm,2026-09-27,916bec12,200,2026-09-27,registration,0,,,,対照池
CTRL_FOMC_OTHER-2021-07-28,CTRL_FOMC_OTHER,other,0,2021-07-28,14:00,2021-07-29,03:00,official_page,US,2021-07-28,0,0,0,FOMC（サイクル転換なし）,Federal Reserve issues FOMC statement,hold: target unchanged at 0-0.25%; meeting: July 27-28; released 2:00 p.m. EDT,,https://www.federalreserve.gov/newsevents/pressreleases/monetary20210728a.htm,2026-09-27,03ab51ad,200,2026-09-27,registration,0,,,,対照池
CTRL_BOJ_NOCHG-2021-09-22,CTRL_BOJ_NOCHG,no_change,0,2021-09-22,12:00,2021-09-22,12:00,class_default,JP,2021-09-22,0,0,0,日銀金融政策決定会合（変更なし）,Statement on Monetary Policy,policy unchanged; principal terms of climate response financing operations established,,https://www.boj.or.jp/en/mopo/mpmdeci/state_2021/k210922a.htm,2026-09-27,a155f186,200,2026-09-27,registration,0,,,,対照池
CTRL_FOMC_OTHER-2021-09-22,CTRL_FOMC_OTHER,other,0,2021-09-22,14:00,2021-09-23,03:00,official_page,US,2021-09-22,0,0,0,FOMC（サイクル転換なし）,Federal Reserve issues FOMC statement,hold: target unchanged at 0-0.25%; meeting: September 21-22*; released 2:00 p.m. EDT,,https://www.federalreserve.gov/newsevents/pressreleases/monetary20210922a.htm,2026-09-27,f3471fde,200,2026-09-27,registration,0,,,,対照池
PM_CHANGE-2021-10-04,PM_CHANGE,new_pm,0,2021-10-04,,2021-10-04,,,JP,2021-10-04,0,0,0,岸田内閣発足,Kishida cabinet formed,第100代岸田内閣発足（金融所得課税見直し発言で株価下落）,,https://www.kantei.go.jp/jp/rekidainaikaku/index.html,2026-09-27,858780c7,200,2026-09-27,registration,0,,,,
CTRL_BOJ_NOCHG-2021-10-28,CTRL_BOJ_NOCHG,no_change,0,2021-10-28,12:00,2021-10-28,12:00,class_default,JP,2021-10-28,0,0,0,日銀金融政策決定会合（変更なし）,Statement on Monetary Policy,policy unchanged per title,,https://www.boj.or.jp/en/mopo/mpmdeci/state_2021/k211028a.htm,2026-09-27,ed255d26,200,2026-09-27,registration,0,,,,対照池
ELECTION-2021-10-31,ELECTION,lower,0,2021-10-31,,2021-10-31,,,JP,2021-10-31,0,0,1,第49回衆議院議員総選挙,49th general election (LDP keeps stable majority),自民党261議席・与党293議席,,https://www.soumu.go.jp/senkyo/senkyo_s/data/shugiin49/index.html,2026-09-27,76792fee,200,2026-09-27,registration,0,,,,market_dir 登记时按総務省结果判定（与党 = 选举前的执政党：≥ 261 席 +1、失去过半 −1、其余 0；2026-02-08 结果待核对 → 0）
CTRL_FOMC_OTHER-2021-11-03,CTRL_FOMC_OTHER,other,0,2021-11-03,14:00,2021-11-04,03:00,official_page,US,2021-11-03,0,0,0,FOMC（サイクル転換なし）,Federal Reserve issues FOMC statement,hold: target unchanged at 0-0.25%; meeting: November 2-3; released 2:00 p.m. EDT,,https://www.federalreserve.gov/newsevents/pressreleases/monetary20211103a.htm,2026-09-27,1f342c3c,200,2026-09-27,registration,0,,,,対照池
SEMI_SUB-2021-11-09,SEMI_SUB,subsidy,1,2021-11-09,,2021-11-09,,,JP,2021-11-09,0,0,0,TSMC 熊本工場（JASM）設立発表,TSMC announces JASM fab in Kumamoto with Sony as minority shareholder,22/28nm、月4.5万枚、初期投資約70億USD、2022年着工・2024年末生産開始；ソニーが約5億USD出資,,https://pr.tsmc.com/english/news/2880,,,403,2026-09-27,registration,1,来源非官方域名（pr.tsmc.com），本轮不计入,,,日本進出意向は2021-10-14決算説明会で先行表明
UNREG-2021-11-19,UNREGISTERED,other,0,2021-11-19,,2021-11-19,,,JP,2021-11-19,0,0,0,コロナ克服・新時代開拓のための経済対策（閣議決定）,Economic Measures to Overcome COVID-19 (Nov 2021) (cabinet decision),事業規模¥78.9兆円、財政支出¥55.7兆円,,https://www5.cao.go.jp/keizai1/keizaitaisaku/keizaitaisaku_kako.html,2026-09-27,ed88cde6,200,2026-09-27,registration,1,类别 FISCAL_STIMULUS 本轮未登记（保留原文，只作参考）,,,orig_category=FISCAL_STIMULUS；閣議決定日は内閣府経済対策一覧で確認；規模は閣議決定文書ベースの概数
CTRL_FOMC_OTHER-2021-12-15,CTRL_FOMC_OTHER,other,0,2021-12-15,14:00,2021-12-16,04:00,official_page,US,2021-12-15,0,0,0,FOMC（サイクル転換なし）,Federal Reserve issues FOMC statement,hold: target unchanged at 0-0.25%; meeting: December 14-15*; released 2:00 p.m. EST,,https://www.federalreserve.gov/newsevents/pressreleases/monetary20211215a.htm,2026-09-27,a5092794,200,2026-09-27,registration,0,,,,対照池
CTRL_BOJ_NOCHG-2021-12-17,CTRL_BOJ_NOCHG,no_change,0,2021-12-17,12:00,2021-12-17,12:00,class_default,JP,2021-12-17,0,0,0,日銀金融政策決定会合（変更なし）,Statement on Monetary Policy,"policy unchanged; additional CP/corporate bond purchases to end Mar 2022, SME funding support extended to Sep 2022 (partial wind-down) -> conservative: no_change; same-day decision docs: k211217b.pdf",,https://www.boj.or.jp/en/mopo/mpmdeci/state_2021/k211217a.htm,2026-09-27,570505ad,200,2026-09-27,registration,0,,,,対照池
TSE_STRUCT-2022-01-11,TSE_STRUCT,restructure,1,2022-01-11,,2022-01-11,,,JP,2022-01-11,0,1,0,新市場区分の選択結果公表,Results of new market segment selections by listed companies published,东证公布各上市公司对新市场区分（プライム・スタンダード・グロース）的选择结果。,,https://www.jpx.co.jp/english/equities/improvements/market-structure/01.html,2026-09-27,19ff0222,200,2026-09-27,registration,0,,,,"Date from the schedule on the Overview of Market Restructuring page (""Jan. 11, 2022 Results ... to be published""); selection window Sept 1–Dec 30, 2021."
CTRL_BOJ_NOCHG-2022-01-18,CTRL_BOJ_NOCHG,no_change,0,2022-01-18,12:00,2022-01-18,12:00,class_default,JP,2022-01-18,0,0,0,日銀金融政策決定会合（変更なし）,Statement on Monetary Policy,policy unchanged; Loan Support Program extended one year,,https://www.boj.or.jp/en/mopo/mpmdeci/state_2022/k220118a.htm,2026-09-27,cf2230f8,200,2026-09-27,registration,0,,,,対照池
CTRL_FOMC_OTHER-2022-01-26,CTRL_FOMC_OTHER,other,0,2022-01-26,14:00,2022-01-27,04:00,official_page,US,2022-01-26,0,0,0,FOMC（サイクル転換なし）,Federal Reserve issues FOMC statement,hold: target unchanged at 0-0.25%; meeting: January 25-26; released 2:00 p.m. EST,,https://www.federalreserve.gov/newsevents/pressreleases/monetary20220126a.htm,2026-09-27,7671f93a,200,2026-09-27,registration,0,,,,対照池
FED_TURN-2022-03-16,FED_TURN,first_hike,1,2022-03-16,14:00,2022-03-17,03:00,official_page,US,2022-03-16,0,0,-1,FOMC（利上げ / 利下げサイクルの起点）,Federal Reserve issues FOMC statement,target raised 25bp to 0.25-0.50%; meeting: March 15-16*; released 2:00 p.m. EDT,,https://www.federalreserve.gov/newsevents/pressreleases/monetary20220316a.htm,2026-09-27,21b17a54,200,2026-09-27,registration,0,,,,
CTRL_BOJ_NOCHG-2022-03-18,CTRL_BOJ_NOCHG,no_change,0,2022-03-18,12:00,2022-03-18,12:00,class_default,JP,2022-03-18,0,0,0,日銀金融政策決定会合（変更なし）,Statement on Monetary Policy,policy unchanged per title,,https://www.boj.or.jp/en/mopo/mpmdeci/state_2022/k220318a.htm,2026-09-27,24c6f69e,200,2026-09-27,registration,0,,,,対照池
TSE_STRUCT-2022-04-04,TSE_STRUCT,restructure,1,2022-04-04,,2022-04-04,,,JP,2022-04-04,0,1,0,新市場区分（プライム・スタンダード・グロース）へ移行,New market segments take effect,"市場第一部・第二部・マザーズ・JASDAQを3区分に再編（プライム1,839社等）",,https://www.jpx.co.jp/corporate/news/news-releases/0060/20220404-02.html,2026-09-27,993a856b,200,2026-09-27,registration,0,,,,
CTRL_BOJ_NOCHG-2022-04-28,CTRL_BOJ_NOCHG,no_change,0,2022-04-28,12:00,2022-04-28,12:00,class_default,JP,2022-04-28,0,0,0,日銀金融政策決定会合（変更なし）,Statement on Monetary Policy,policy unchanged; fixed-rate purchase operations at 0.25% to be offered every business day (YCC implementation strengthened) -> conservative: no_change,,https://www.boj.or.jp/en/mopo/mpmdeci/state_2022/k220428a.htm,2026-09-27,b97b0b6c,200,2026-09-27,registration,0,,,,対照池
CTRL_FOMC_OTHER-2022-05-04,CTRL_FOMC_OTHER,other,0,2022-05-04,14:00,2022-05-05,03:00,official_page,US,2022-05-04,0,0,0,FOMC（サイクル転換なし）,Federal Reserve issues FOMC statement,hike: target raised 50bp to 0.75-1.00%; meeting: May 3-4; released 2:00 p.m. EDT,,https://www.federalreserve.gov/newsevents/pressreleases/monetary20220504a.htm,2026-09-27,3bd19408,200,2026-09-27,registration,0,,,,対照池
CTRL_FOMC_OTHER-2022-06-15,CTRL_FOMC_OTHER,other,0,2022-06-15,14:00,2022-06-16,03:00,official_page,US,2022-06-15,0,0,0,FOMC（サイクル転換なし）,Federal Reserve issues FOMC statement,hike: target raised 75bp to 1.50-1.75%; meeting: June 14-15*; released 2:00 p.m. EDT,,https://www.federalreserve.gov/newsevents/pressreleases/monetary20220615a.htm,2026-09-27,0e454899,200,2026-09-27,registration,0,,,,対照池
CTRL_BOJ_NOCHG-2022-06-17,CTRL_BOJ_NOCHG,no_change,0,2022-06-17,12:00,2022-06-17,12:00,class_default,JP,2022-06-17,0,0,0,日銀金融政策決定会合（変更なし）,Statement on Monetary Policy,policy unchanged per title,,https://www.boj.or.jp/en/mopo/mpmdeci/state_2022/k220617a.htm,2026-09-27,e8843830,200,2026-09-27,registration,0,,,,対照池
SEMI_SUB-2022-06-17,SEMI_SUB,subsidy,1,2022-06-17,,2022-06-17,,,JP,2022-06-17,0,0,0,"経産省 JASM計画認定（助成上限4,760億円）",METI certifies JASM plan; subsidy up to ¥476B,"5G促進法に基づく特定半導体生産施設整備等計画の初認定；助成上限¥4,760億円",,https://www.meti.go.jp/policy/mono_info_service/joho/laws/semiconductor/semiconductor_plan.html,,,403,2026-09-27,registration,0,,,,
CTRL_BOJ_NOCHG-2022-07-21,CTRL_BOJ_NOCHG,no_change,0,2022-07-21,12:00,2022-07-21,12:00,class_default,JP,2022-07-21,0,0,0,日銀金融政策決定会合（変更なし）,Statement on Monetary Policy,policy unchanged per title,,https://www.boj.or.jp/en/mopo/mpmdeci/state_2022/k220721a.htm,,,0,2026-09-27,registration,0,,,,対照池
CTRL_FOMC_OTHER-2022-07-27,CTRL_FOMC_OTHER,other,0,2022-07-27,14:00,2022-07-28,03:00,official_page,US,2022-07-27,0,0,0,FOMC（サイクル転換なし）,Federal Reserve issues FOMC statement,hike: target raised 75bp to 2.25-2.50%; meeting: July 26-27; released 2:00 p.m. EDT,,https://www.federalreserve.gov/newsevents/pressreleases/monetary20220727a.htm,2026-09-27,5aa7b920,200,2026-09-27,registration,0,,,,対照池
UNREG-2022-08-24,UNREGISTERED,other,0,2022-08-24,,2022-08-24,,,JP,2022-08-24,0,0,0,GX実行会議（第2回）：原発再稼働加速・次世代革新炉の検討指示,"GX Implementation Council: PM orders nuclear restarts, next-generation reactors, life extension study",岸田首相が最大17基の再稼働推進、次世代革新炉の開発・建設、運転期間延長の検討を指示,,https://www.cas.go.jp/jp/seisaku/gx_jikkou_kaigi/index.html,,,200_nodate,2026-09-27,registration,1,类别 ENERGY_POLICY 本轮未登记（保留原文，只作参考）,,,orig_category=ENERGY_POLICY；内閣官房GX実行会議頁で第2回=2022-08-24を確認
CTRL_FOMC_OTHER-2022-09-21,CTRL_FOMC_OTHER,other,0,2022-09-21,14:00,2022-09-22,03:00,official_page,US,2022-09-21,0,0,0,FOMC（サイクル転換なし）,Federal Reserve issues FOMC statement,hike: target raised 75bp to 3.00-3.25%; meeting: September 20-21*; released 2:00 p.m. EDT,,https://www.federalreserve.gov/newsevents/pressreleases/monetary20220921a.htm,2026-09-27,15881cf7,200,2026-09-27,registration,0,,,,対照池
CTRL_BOJ_NOCHG-2022-09-22,CTRL_BOJ_NOCHG,no_change,0,2022-09-22,12:00,2022-09-22,12:00,class_default,JP,2022-09-22,0,0,0,日銀金融政策決定会合（変更なし）,Statement on Monetary Policy,policy unchanged; COVID special operations to be phased out by Mar 2023,,https://www.boj.or.jp/en/mopo/mpmdeci/state_2022/k220922a.htm,2026-09-27,79329be6,200,2026-09-27,registration,0,,,,対照池
MOF_FX-2022-09-22,MOF_FX,yen_buy,1,2022-09-22,17:00,2022-09-22,17:00,reported,JP,2022-09-22,0,0,-1,円買い・ドル売り介入（回合 1 日）,Yen-buying intervention episode (1 days),"回合首日 2022-09-22、最终日 2022-09-22、实施 1 日、合计 ¥28,382 億円（財務省 外国為替平衡操作の実施状況）",28382,https://www.mof.go.jp/policy/international_policy/reference/feio/foreign_exchange_intervention_operations.csv,2026-09-27,c2869df8,200,2026-09-27,registration,0,,,,当日公表（時刻は報道ベース、Mac 核対待ち）：Vice Minister Kanda announced to reporters that MOF had intervened (reported ~17:00 JST) and Minister Suzuki spoke to th
SEMI_CTRL-2022-10-07,SEMI_CTRL,control,1,2022-10-07,,2022-10-07,,,US,2022-10-07,0,0,-1,米BIS 先端計算・半導体製造装置の対中輸出規制,US BIS export controls on advanced computing and semiconductor manufacturing items to China,先端AIチップ・スパコン・製造装置・米国人関与の包括規制（10/7、10/12、10/21段階施行）,,https://www.bis.gov/press-release/commerce-implements-new-export-controls-advanced-computing-semiconductor-manufacturing-items-peoples,2026-09-27,523e987e,200,2026-09-27,registration,0,,,,米国時間2022-10-07発表
MOF_FX-2022-10-21,MOF_FX,yen_buy,1,2022-10-21,,2022-10-21,,,JP,2022-10-31,1,0,-1,円買い・ドル売り介入（回合 2 日）,Yen-buying intervention episode (2 days),"回合首日 2022-10-21、最终日 2022-10-24、实施 2 日、合计 ¥63,498 億円（財務省 外国為替平衡操作の実施状況）",63498,https://www.mof.go.jp/policy/international_policy/reference/feio/foreign_exchange_intervention_operations.csv,2026-09-27,c2869df8,200,2026-09-27,registration,0,,,,覆面介入（当日の公式確認なし）：Night-time (NY hours) intervention not acknowledged on the day; Kanda declined to comment on Oct 22. Disclosed in the 20
CTRL_BOJ_NOCHG-2022-10-28,CTRL_BOJ_NOCHG,no_change,0,2022-10-28,12:00,2022-10-28,12:00,class_default,JP,2022-10-28,0,0,0,日銀金融政策決定会合（変更なし）,Statement on Monetary Policy,policy unchanged per title,,https://www.boj.or.jp/en/mopo/mpmdeci/state_2022/k221028a.htm,2026-09-27,5a7a12af,200,2026-09-27,registration,0,,,,対照池
UNREG-2022-10-28,UNREGISTERED,other,0,2022-10-28,,2022-10-28,,,JP,2022-10-28,0,0,0,物価高克服・経済再生実現のための総合経済対策（閣議決定）,Comprehensive Economic Measures against Inflation (Oct 2022) (cabinet decision),事業規模¥71.6兆円、財政支出¥39.0兆円（電気・ガス料金支援）,,https://www5.cao.go.jp/keizai1/keizaitaisaku/keizaitaisaku.html,2026-09-27,8efd2978,200,2026-09-27,registration,1,类别 FISCAL_STIMULUS 本轮未登记（保留原文，只作参考）,,,orig_category=FISCAL_STIMULUS；閣議決定日は内閣府経済対策一覧で確認；規模は閣議決定文書ベースの概数
CTRL_FOMC_OTHER-2022-11-02,CTRL_FOMC_OTHER,other,0,2022-11-02,14:00,2022-11-03,03:00,official_page,US,2022-11-02,0,0,0,FOMC（サイクル転換なし）,Federal Reserve issues FOMC statement,hike: target raised 75bp to 3.75-4.00%; meeting: November 1-2; released 2:00 p.m. EDT,,https://www.federalreserve.gov/newsevents/pressreleases/monetary20221102a.htm,2026-09-27,427b56db,200,2026-09-27,registration,0,,,,対照池
SEMI_SUB-2022-11-11,SEMI_SUB,subsidy,1,2022-11-11,,2022-11-11,,,JP,2022-11-11,0,0,0,Rapidus 次世代半導体プロジェクト採択・LSTC設立,Rapidus selected for 2nm R&D project (¥70B); LSTC established,ポスト5G基金で2nm世代半導体の研究開発をRapidusに委託（2022年度上限¥700億円）；技術研究組合LSTC設立；補正予算¥1.3兆円,,https://www.meti.go.jp/speeches/kaiken/2022/20221111001.html,,,403,2026-09-27,registration,0,,,,経産大臣会見（2022-11-11）で確認；プレス頁は削除済み
CTRL_FOMC_OTHER-2022-12-14,CTRL_FOMC_OTHER,other,0,2022-12-14,14:00,2022-12-15,04:00,official_page,US,2022-12-14,0,0,0,FOMC（サイクル転換なし）,Federal Reserve issues FOMC statement,hike: target raised 50bp to 4.25-4.50%; meeting: December 13-14*; released 2:00 p.m. EST,,https://www.federalreserve.gov/newsevents/pressreleases/monetary20221214a.htm,2026-09-27,692eddcb,200,2026-09-27,registration,0,,,,対照池
NISA-2022-12-16,NISA,expand,1,2022-12-16,,2022-12-16,,,JP,2022-12-16,0,0,1,与党税制改正大綱：NISA抜本的拡充・恒久化,"Ruling-party tax outline: NISA made permanent and expanded (¥3.6M/yr, ¥18M lifetime)","令和5年度与党税制改正大綱：非課税期間無期限化、つみたて投資枠¥120万円+成長投資枠¥240万円（年¥360万円）、生涯非課税限度額¥1,800万円",,https://www.mof.go.jp/tax_policy/tax_reform/outline/index.html,,,200_nodate,2026-09-27,registration,0,,,,閣議決定は2022-12-23；来源改引財務省 税制改正大綱 索引页，待核对
BOJ_CHANGE-2022-12-20,BOJ_CHANGE,tighten,1,2022-12-20,12:00,2022-12-20,12:00,class_default,JP,2022-12-20,0,0,-1,YCC運用見直し（10年金利変動幅±0.5%へ）,10y JGB yield band widened from ±0.25% to ±0.5%; JGB purchases raised to ¥9T/month,10年利率容许幅±0.25%→±0.5%（全员一致）；国债买入月¥7.3兆円→约¥9兆円,,https://www.boj.or.jp/en/mopo/mpmdeci/state_2022/k221220a.htm,2026-09-27,cd230274,200,2026-09-27,registration,0,,,,事实上的紧缩
CTRL_BOJ_NOCHG-2023-01-18,CTRL_BOJ_NOCHG,no_change,0,2023-01-18,12:00,2023-01-18,12:00,class_default,JP,2023-01-18,0,0,0,日銀金融政策決定会合（変更なし）,Statement on Monetary Policy,policy unchanged; funds-supplying operations against pooled collateral expanded (terms up to 10 years); Loan Support Program extended,,https://www.boj.or.jp/en/mopo/mpmdeci/state_2023/k230118a.htm,2026-09-27,347bcfc2,200,2026-09-27,registration,0,,,,対照池
TSE_STRUCT-2023-01-30,TSE_STRUCT,restructure,1,2023-01-30,,2023-01-30,,,JP,2023-01-30,0,0,0,論点整理及び東証の対応（経過措置の取扱い等）公表,"TSE publishes summary of Follow-up Council discussions and TSE's future actions; public consultation on transition measures for continued-listing criteria (Jan 30–Mar 1, 2023)",东证公布后续会议的论点整理及东证的应对方案，并就持续上市标准过渡措施的处理启动公众意见征集（1月30日至3月1日）。,,https://www.jpx.co.jp/english/equities/follow-up/01.html,2026-09-27,344ba12d,200,2026-09-27,registration,0,,,,"Page states consultation ran from Jan. 30, 2023 to Mar. 1, 2023."
CTRL_FOMC_OTHER-2023-02-01,CTRL_FOMC_OTHER,other,0,2023-02-01,14:00,2023-02-02,04:00,official_page,US,2023-02-01,0,0,0,FOMC（サイクル転換なし）,Federal Reserve issues FOMC statement,hike: target raised 25bp to 4.50-4.75%; meeting: Jan/Feb 31-1; released 2:00 p.m. EST,,https://www.federalreserve.gov/newsevents/pressreleases/monetary20230201a.htm,2026-09-27,57cb5788,200,2026-09-27,registration,0,,,,対照池
UNREG-2023-02-10,UNREGISTERED,other,0,2023-02-10,,2023-02-10,,,JP,2023-02-10,0,0,0,GX実現に向けた基本方針 閣議決定,Basic Policy for Realizing GX approved by cabinet,原発の最大限活用（運転期間延長・次世代革新炉）、GX経済移行債¥20兆円、成長志向型カーボンプライシング,,https://www.cas.go.jp/jp/seisaku/gx_jikkou_kaigi/index.html,2026-09-27,22dd5354,200,2026-09-27,registration,1,类别 ENERGY_POLICY 本轮未登记（保留原文，只作参考）,,,orig_category=ENERGY_POLICY；同頁に＜閣議決定（令和５年２月１０日）＞と明記
CTRL_BOJ_NOCHG-2023-03-10,CTRL_BOJ_NOCHG,no_change,0,2023-03-10,12:00,2023-03-10,12:00,class_default,JP,2023-03-10,0,0,0,日銀金融政策決定会合（変更なし）,Statement on Monetary Policy,policy unchanged per title,,https://www.boj.or.jp/en/mopo/mpmdeci/state_2023/k230310a.htm,2026-09-27,48346f90,200,2026-09-27,registration,0,,,,対照池
CTRL_FOMC_OTHER-2023-03-22,CTRL_FOMC_OTHER,other,0,2023-03-22,14:00,2023-03-23,03:00,official_page,US,2023-03-22,0,0,0,FOMC（サイクル転換なし）,Federal Reserve issues FOMC statement,hike: target raised 25bp to 4.75-5.00%; meeting: March 21-22*; released 2:00 p.m. EDT,,https://www.federalreserve.gov/newsevents/pressreleases/monetary20230322a.htm,2026-09-27,ee13dd9a,200,2026-09-27,registration,0,,,,対照池
SEMI_CTRL-2023-03-31,SEMI_CTRL,control,1,2023-03-31,,2023-03-31,,,US,2023-03-31,0,0,-1,経産省、半導体製造装置 23 品目の輸出管理強化案を公表,METI announces draft export controls on 23 types of chipmaking equipment,经产省公布对 23 种半导体制造设备实施出口管理的省令案（公众意见征集），7 月施行。,,https://www.meti.go.jp/press/2022/03/20230331010/20230331010.html,,,403,2026-09-27,registration,0,,,,経産省プレス頁（本コンテナから 403 → Mac 核対待ち）
TSE_GOV-2023-03-31,TSE_GOV,request,1,2023-03-31,,2023-03-31,,,JP,2023-03-31,0,0,1,資本コストや株価を意識した経営の実現に向けた対応の要請,TSE requests management conscious of cost of capital and stock price (PBR<1 focus),プライム・スタンダード全上場会社に資本コスト・株価を意識した経営の計画策定・開示を要請（PBR1倍割れ対応）,,https://www.jpx.co.jp/news/1020/20230331-01.html,2026-09-27,da931a7d,200,2026-09-27,registration,0,,,,
SEMI_SUB-2023-04-25,SEMI_SUB,subsidy,1,2023-04-25,,2023-04-25,,,JP,2023-04-25,0,0,0,"Rapidus 2023年度計画承認（上限2,600億円）",Rapidus FY2023 plan approved; support ceiling ¥260B,"ステージゲート審査を経て2023年度予算増額を承認（2022・2023年度合計上限¥3,300億円）",,https://www.meti.go.jp/policy/mono_info_service/joho/post5g/index.html,,,403,2026-09-27,registration,0,,,,
CTRL_BOJ_NOCHG-2023-04-28,CTRL_BOJ_NOCHG,no_change,0,2023-04-28,12:00,2023-04-28,12:00,class_default,JP,2023-04-28,0,0,0,日銀金融政策決定会合（変更なし）,Statement on Monetary Policy,policy unchanged; forward guidance revised; broad-perspective review of monetary policy announced,,https://www.boj.or.jp/en/mopo/mpmdeci/state_2023/k230428a.htm,2026-09-27,8335758c,200,2026-09-27,registration,0,,,,対照池
CTRL_FOMC_OTHER-2023-05-03,CTRL_FOMC_OTHER,other,0,2023-05-03,14:00,2023-05-04,03:00,official_page,US,2023-05-03,0,0,0,FOMC（サイクル転換なし）,Federal Reserve issues FOMC statement,hike: target raised 25bp to 5.00-5.25%; meeting: May 2-3; released 2:00 p.m. EDT,,https://www.federalreserve.gov/newsevents/pressreleases/monetary20230503a.htm,2026-09-27,793f3c07,200,2026-09-27,registration,0,,,,対照池
SEMI_CTRL-2023-05-23,SEMI_CTRL,control,1,2023-05-23,,2023-05-23,,,US,2023-05-23,0,1,-1,半導体製造装置23品目の輸出管理追加 省令公布,Export controls on 23 types of chipmaking equipment promulgated (effective Jul 23),貨物等省令改正を公布（施行2023-07-23）；対象23品目、全地域向け許可制（42か国・地域は包括許可）,,https://www.meti.go.jp/policy/anpo/law_document/shourei/20230523_gaiyo.pdf,,,403,2026-09-27,registration,0,,,,2023-03-31 案公表（第一報）→ 05-23 省令公布；実施日扱い
CTRL_FOMC_OTHER-2023-06-14,CTRL_FOMC_OTHER,other,0,2023-06-14,14:00,2023-06-15,03:00,official_page,US,2023-06-14,0,0,0,FOMC（サイクル転換なし）,Federal Reserve issues FOMC statement,hold: target unchanged at 5.00-5.25%; meeting: June 13-14*; released 2:00 p.m. EDT,,https://www.federalreserve.gov/newsevents/pressreleases/monetary20230614a.htm,2026-09-27,25eb9fce,200,2026-09-27,registration,0,,,,対照池
CTRL_BOJ_NOCHG-2023-06-16,CTRL_BOJ_NOCHG,no_change,0,2023-06-16,12:00,2023-06-16,12:00,class_default,JP,2023-06-16,0,0,0,日銀金融政策決定会合（変更なし）,Statement on Monetary Policy,policy unchanged per title,,https://www.boj.or.jp/en/mopo/mpmdeci/state_2023/k230616a.htm,2026-09-27,1824aee9,200,2026-09-27,registration,0,,,,対照池
SEMI_CTRL-2023-07-23,SEMI_CTRL,control,1,2023-07-23,,2023-07-23,,,US,2023-07-23,0,0,-1,半導体製造装置23品目の輸出管理 施行,Chipmaking equipment export controls take effect,省令施行日（日曜）；東京エレクトロン等の対中輸出に許可必要,,https://www.meti.go.jp/policy/anpo/law_document/shourei/20230523_gaiyo.pdf,,,403,2026-09-27,registration,1,施行日（2023-05-23 の措置と同一）,,,effective
CTRL_FOMC_OTHER-2023-07-26,CTRL_FOMC_OTHER,other,0,2023-07-26,14:00,2023-07-27,03:00,official_page,US,2023-07-26,0,0,0,FOMC（サイクル転換なし）,Federal Reserve issues FOMC statement,hike: target raised 25bp to 5.25-5.50%; meeting: July 25-26; released 2:00 p.m. EDT,,https://www.federalreserve.gov/newsevents/pressreleases/monetary20230726a.htm,2026-09-27,cd9fc483,200,2026-09-27,registration,0,,,,対照池
BOJ_CHANGE-2023-07-28,BOJ_CHANGE,tighten,1,2023-07-28,12:00,2023-07-28,12:00,class_default,JP,2023-07-28,0,0,-1,YCCの柔軟化（指値オペ1.0%）,"YCC made more flexible: ±0.5% as reference, fixed-rate operations at 1.0%",±0.5%变为「目途」而非硬上限，10年连续指値オペ利率0.5%→1.0%（8対1）,,https://www.boj.or.jp/en/mopo/mpmdeci/state_2023/k230728a.htm,2026-09-27,58ea5a82,200,2026-09-27,registration,0,,,,
TSE_GOV-2023-08-29,TSE_GOV,request,1,2023-08-29,,2023-08-29,,,JP,2023-08-29,0,0,1,開示企業一覧表の公表方針を発表（第11回フォローアップ会議）,Eleventh Follow-up Council: TSE announces it will publish a list of companies that have disclosed actions (from January 2024),东证在第11次后续会议上宣布将从2024年1月起每月公布已依据要请进行披露的公司名单。,,https://www.jpx.co.jp/english/equities/follow-up/index.html,2026-09-27,8eb32f8d,200,2026-09-27,registration,0,,,,"Council page lists ""The Eleventh Council on August 29, 2023""; the list-publication decision is documented in that meeting's materials (not separately fetched)."
CTRL_FOMC_OTHER-2023-09-20,CTRL_FOMC_OTHER,other,0,2023-09-20,14:00,2023-09-21,03:00,official_page,US,2023-09-20,0,0,0,FOMC（サイクル転換なし）,Federal Reserve issues FOMC statement,hold: target unchanged at 5.25-5.50%; meeting: September 19-20*; released 2:00 p.m. EDT,,https://www.federalreserve.gov/newsevents/pressreleases/monetary20230920a.htm,2026-09-27,a6dbb1d1,200,2026-09-27,registration,0,,,,対照池
CTRL_BOJ_NOCHG-2023-09-22,CTRL_BOJ_NOCHG,no_change,0,2023-09-22,12:00,2023-09-22,12:00,class_default,JP,2023-09-22,0,0,0,日銀金融政策決定会合（変更なし）,Statement on Monetary Policy,policy unchanged per title,,https://www.boj.or.jp/en/mopo/mpmdeci/state_2023/k230922a.htm,2026-09-27,c2404059,200,2026-09-27,registration,0,,,,対照池
SEMI_SUB-2023-10-03,SEMI_SUB,subsidy,1,2023-10-03,,2023-10-03,,,JP,2023-10-03,0,0,0,"経産省 マイクロン広島計画認定（助成上限1,670億円）",METI certifies Micron Hiroshima plan; subsidy up to ¥167B,"1γ世代DRAM（国内初EUV）生産計画の認定；助成上限¥1,670億円",,https://www.meti.go.jp/policy/mono_info_service/joho/laws/semiconductor/semiconductor_plan.html,,,403,2026-09-27,registration,0,,,,
BOJ_CHANGE-2023-10-31,BOJ_CHANGE,tighten,1,2023-10-31,12:00,2023-10-31,12:00,class_default,JP,2023-10-31,0,0,-1,YCCの更なる柔軟化（1.0%を上限の目途）,YCC further loosened: 1.0% upper bound as a reference,1.0%改为上限「目途」，取消每日1.0%连续指値オペ（8対1）,,https://www.boj.or.jp/en/mopo/mpmdeci/state_2023/k231031a.htm,2026-09-27,b18b411d,200,2026-09-27,registration,0,,,,
CTRL_FOMC_OTHER-2023-11-01,CTRL_FOMC_OTHER,other,0,2023-11-01,14:00,2023-11-02,03:00,official_page,US,2023-11-01,0,0,0,FOMC（サイクル転換なし）,Federal Reserve issues FOMC statement,hold: target unchanged at 5.25-5.50%; meeting: Oct/Nov 31-1; released 2:00 p.m. EDT,,https://www.federalreserve.gov/newsevents/pressreleases/monetary20231101a.htm,2026-09-27,9d8e5016,200,2026-09-27,registration,0,,,,対照池
UNREG-2023-11-02,UNREGISTERED,other,0,2023-11-02,,2023-11-02,,,JP,2023-11-02,0,0,0,デフレ完全脱却のための総合経済対策（閣議決定）,Comprehensive Economic Measures for Complete Exit from Deflation (cabinet decision),事業規模¥37.4兆円、財政支出¥21.8兆円（所得税・住民税定額減税¥4万円）,,https://www5.cao.go.jp/keizai1/keizaitaisaku/keizaitaisaku.html,2026-09-27,8efd2978,200,2026-09-27,registration,1,类别 FISCAL_STIMULUS 本轮未登记（保留原文，只作参考）,,,orig_category=FISCAL_STIMULUS；閣議決定日は内閣府経済対策一覧で確認；規模は閣議決定文書ベースの概数
CTRL_FOMC_OTHER-2023-12-13,CTRL_FOMC_OTHER,other,0,2023-12-13,14:00,2023-12-14,04:00,official_page,US,2023-12-13,0,0,0,FOMC（サイクル転換なし）,Federal Reserve issues FOMC statement,hold: target unchanged at 5.25-5.50%; meeting: December 12-13*; released 2:00 p.m. EST,,https://www.federalreserve.gov/newsevents/pressreleases/monetary20231213a.htm,2026-09-27,dc0a0cdd,200,2026-09-27,registration,0,,,,対照池
CTRL_BOJ_NOCHG-2023-12-19,CTRL_BOJ_NOCHG,no_change,0,2023-12-19,12:00,2023-12-19,12:00,class_default,JP,2023-12-19,0,0,0,日銀金融政策決定会合（変更なし）,Statement on Monetary Policy,policy unchanged per title,,https://www.boj.or.jp/en/mopo/mpmdeci/state_2023/k231219a.htm,2026-09-27,30adeaa3,200,2026-09-27,registration,0,,,,対照池
NISA-2024-01-01,NISA,expand,1,2024-01-01,,2024-01-01,,,JP,2024-01-01,0,1,1,新NISA開始,"New NISA starts (¥3.6M/yr, ¥18M lifetime, indefinite)","新NISA：年間¥360万円（つみたて¥120万円・成長¥240万円）、生涯¥1,800万円、無期限",,https://www.fsa.go.jp/policy/nisa2/about/index.html,,,200_nodate,2026-09-27,registration,0,,,,
TSE_GOV-2024-01-15,TSE_GOV,request,1,2024-01-15,,2024-01-15,,,JP,2024-01-15,0,1,1,開示企業一覧表（初回）公表,First list of companies that disclosed information on the cost-of-capital request published,东证首次公布已就“关注资本成本与股价的经营”进行披露的公司名单（截至2023年12月末）。,,https://www.jpx.co.jp/english/news/1020/20240115-01.html,2026-09-27,6d7e2b08,200,2026-09-27,registration,0,,,,"JPX market news dated Jan. 15, 2024 (no time). Council page also lists documents ""Published on January 15, 2024""."
CTRL_BOJ_NOCHG-2024-01-23,CTRL_BOJ_NOCHG,no_change,0,2024-01-23,12:00,2024-01-23,12:00,class_default,JP,2024-01-23,0,0,0,日銀金融政策決定会合（変更なし）,Statement on Monetary Policy,policy unchanged; Loan Support Program extended one year,,https://www.boj.or.jp/en/mopo/mpmdeci/state_2024/k240123a.htm,2026-09-27,6ecd1b54,200,2026-09-27,registration,0,,,,対照池
CTRL_FOMC_OTHER-2024-01-31,CTRL_FOMC_OTHER,other,0,2024-01-31,14:00,2024-02-01,04:00,official_page,US,2024-01-31,0,0,0,FOMC（サイクル転換なし）,Federal Reserve issues FOMC statement,hold: target unchanged at 5.25-5.50%; meeting: January 30-31; released 2:00 p.m. EST,,https://www.federalreserve.gov/newsevents/pressreleases/monetary20240131a.htm,2026-09-27,47d280cb,200,2026-09-27,registration,0,,,,対照池
TSE_GOV-2024-02-15,TSE_GOV,request,1,2024-02-15,,2024-02-15,,,JP,2024-02-15,0,1,1,開示企業一覧表 月次更新（1月末時点）,Monthly update of the disclosure list (as of end-January 2024),东证按月更新披露公司名单（截至2024年1月末）。,,https://www.jpx.co.jp/equities/follow-up/02.html,,,200_nodate,2026-09-27,registration,0,,,,"Date inferred from JPX rule on the page (""各月末時点の状況に基づき、翌月15日を目途に毎月更新""); exact publication date not verified on a fetched page."
SEMI_SUB-2024-02-24-1,SEMI_SUB,subsidy,1,2024-02-24,,2024-02-24,,,JP,2024-02-24,0,0,0,JASM（TSMC熊本第1工場）開所式,JASM Kumamoto fab opening ceremony,熊本第1工場開所；2024年末量産；第2工場計画も発表,,https://pr.tsmc.com/english/news/3113,,,403,2026-09-27,registration,1,来源非官方域名（pr.tsmc.com），本轮不计入,,,
SEMI_SUB-2024-02-24-2,SEMI_SUB,subsidy,1,2024-02-24,,2024-02-24,,,JP,2024-02-24,0,0,0,"経産省 JASM第2工場計画認定（助成上限7,320億円）",METI certifies JASM second fab plan; subsidy up to ¥732B,"6/7nm等の第2工場；助成上限¥7,320億円（第1工場と合わせ約¥1.2兆円）",,https://www.meti.go.jp/policy/mono_info_service/joho/laws/semiconductor/semiconductor_plan.html,,,403,2026-09-27,registration,0,,,,
TSE_GOV-2024-03-15,TSE_GOV,request,1,2024-03-15,,2024-03-15,,,JP,2024-03-15,0,1,1,開示企業一覧表 月次更新（2月末時点）,Monthly update of the disclosure list (as of end-February 2024),东证按月更新披露公司名单（截至2024年2月末）。,,https://www.jpx.co.jp/equities/follow-up/02.html,,,200_nodate,2026-09-27,registration,0,,,,"Date inferred from JPX ""翌月15日を目途"" rule; not verified on a fetched page."
BOJ_CHANGE-2024-03-19,BOJ_CHANGE,tighten,1,2024-03-19,12:00,2024-03-19,12:00,class_default,JP,2024-03-19,0,0,-1,マイナス金利政策の解除・YCC終了・ETF買入終了,"End of negative rates (0–0.1%), YCC and ETF/J-REIT purchases discontinued",政策利率-0.1%→0〜0.1%（7対2）；YCC终止；ETF・J-REIT新规买入终止；CP・社債买入约1年内退出,,https://www.boj.or.jp/en/mopo/mpmdeci/state_2024/k240319a.htm,2026-09-27,ff08e3d0,200,2026-09-27,registration,0,,,,
BOJ_ETF-2024-03-19,BOJ_ETF,shrink,-1,2024-03-19,12:00,2024-03-19,12:00,class_default,JP,2024-03-19,0,0,-1,ETF・J-REIT の新規買入れ終了,ETF and J-REIT purchases discontinued,结束负利率与 YCC 的同时，停止 ETF / J-REIT 新购。,,https://www.boj.or.jp/en/mopo/mpmdeci/mpr_2024/k240319a.pdf,2026-09-27,e07e26da,200,2026-09-27,registration,0,,,,
CTRL_FOMC_OTHER-2024-03-20,CTRL_FOMC_OTHER,other,0,2024-03-20,14:00,2024-03-21,03:00,official_page,US,2024-03-20,0,0,0,FOMC（サイクル転換なし）,Federal Reserve issues FOMC statement,hold: target unchanged at 5.25-5.50%; meeting: March 19-20*; released 2:00 p.m. EDT,,https://www.federalreserve.gov/newsevents/pressreleases/monetary20240320a.htm,2026-09-27,55375a2f,200,2026-09-27,registration,0,,,,対照池
SEMI_SUB-2024-04-02,SEMI_SUB,subsidy,1,2024-04-02,,2024-04-02,,,JP,2024-04-02,0,0,0,"Rapidus 2024年度追加支援決定（上限5,365億円）",Additional Rapidus support: FY2024 ceiling ¥536.5B (+¥53.5B packaging),"2024年度支援上限¥5,365億円+先端パッケージング¥535億円；累計上限約¥9,200億円",,https://www.meti.go.jp/policy/mono_info_service/joho/post5g/pdf/240402_theme_01.pdf,,,403,2026-09-27,registration,0,,,,
TSE_GOV-2024-04-15,TSE_GOV,request,1,2024-04-15,,2024-04-15,,,JP,2024-04-15,0,1,1,開示企業一覧表 月次更新（3月末時点）,Monthly update of the disclosure list (as of end-March 2024),东证按月更新披露公司名单（截至2024年3月末）。,,https://www.jpx.co.jp/equities/follow-up/02.html,,,200_nodate,2026-09-27,registration,0,,,,"Date inferred from JPX ""翌月15日を目途"" rule; not verified on a fetched page."
CTRL_BOJ_NOCHG-2024-04-26,CTRL_BOJ_NOCHG,no_change,0,2024-04-26,12:00,2024-04-26,12:00,class_default,JP,2024-04-26,0,0,0,日銀金融政策決定会合（変更なし）,Statement on Monetary Policy,policy unchanged per title,,https://www.boj.or.jp/en/mopo/mpmdeci/state_2024/k240426a.htm,2026-09-27,7d79d6b1,200,2026-09-27,registration,0,,,,対照池
MOF_FX-2024-04-29,MOF_FX,yen_buy,1,2024-04-29,,2024-04-29,,,JP,2024-05-31,1,0,-1,円買い・ドル売り介入（回合 2 日）,Yen-buying intervention episode (2 days),"回合首日 2024-04-29、最终日 2024-05-01、实施 2 日、合计 ¥97,885 億円（財務省 外国為替平衡操作の実施状況）",97885,https://www.mof.go.jp/policy/international_policy/reference/feio/foreign_exchange_intervention_operations.csv,2026-09-27,c2869df8,200,2026-09-27,registration,0,,,,"覆面介入（当日の公式確認なし）：Apr 29, 2024 (Japanese holiday) intervention not acknowledged on the day (Kanda ""no comment""). Fetched monthly page cove"
CTRL_FOMC_OTHER-2024-05-01,CTRL_FOMC_OTHER,other,0,2024-05-01,14:00,2024-05-02,03:00,official_page,US,2024-05-01,0,0,0,FOMC（サイクル転換なし）,Federal Reserve issues FOMC statement,hold: target unchanged at 5.25-5.50%; meeting: Apr/May 30-1; released 2:00 p.m. EDT,,https://www.federalreserve.gov/newsevents/pressreleases/monetary20240501a.htm,2026-09-27,4ca27676,200,2026-09-27,registration,0,,,,対照池
CTRL_FOMC_OTHER-2024-06-12,CTRL_FOMC_OTHER,other,0,2024-06-12,14:00,2024-06-13,03:00,official_page,US,2024-06-12,0,0,0,FOMC（サイクル転換なし）,Federal Reserve issues FOMC statement,hold: target unchanged at 5.25-5.50%; meeting: June 11-12*; released 2:00 p.m. EDT,,https://www.federalreserve.gov/newsevents/pressreleases/monetary20240612a.htm,2026-09-27,f6b7e363,200,2026-09-27,registration,0,,,,対照池
CTRL_BOJ_NOCHG-2024-06-14,CTRL_BOJ_NOCHG,no_change,0,2024-06-14,12:00,2024-06-14,12:00,class_default,JP,2024-06-14,0,0,0,日銀金融政策決定会合（変更なし）,Statement on Monetary Policy,policy unchanged; decided to reduce JGB purchases with the detailed plan to be set at the July meeting -> conservative: no_change,,https://www.boj.or.jp/en/mopo/mpmdeci/state_2024/k240614a.htm,2026-09-27,af0174ad,200,2026-09-27,registration,0,,,,対照池
MOF_FX-2024-07-11,MOF_FX,yen_buy,1,2024-07-11,,2024-07-11,,,JP,2024-07-31,1,0,-1,円買い・ドル売り介入（回合 2 日）,Yen-buying intervention episode (2 days),"回合首日 2024-07-11、最终日 2024-07-12、实施 2 日、合计 ¥55,348 億円（財務省 外国為替平衡操作の実施状況）",55348,https://www.mof.go.jp/policy/international_policy/reference/feio/foreign_exchange_intervention_operations.csv,2026-09-27,c2869df8,200,2026-09-27,registration,0,,,,"覆面介入（当日の公式確認なし）：Not acknowledged on the day; at the July 12, 2024 post-cabinet press conference Minister Suzuki said he would refrain fr"
BOJ_CHANGE-2024-07-31,BOJ_CHANGE,tighten,1,2024-07-31,12:00,2024-07-31,12:00,class_default,JP,2024-07-31,0,0,-1,利上げ（0.25%）と国債買入れ減額計画,Rate hike to 0.25%; JGB purchase reduction plan (to about ¥3T/month by Jan–Mar 2026),"政策利率0.25%（7対2）；国债买入每季度减约¥4,000億円，2026年1〜3月降至月约¥3兆円",,https://www.boj.or.jp/en/mopo/mpmdeci/state_2024/k240731a.htm,2026-09-27,26ea1c36,200,2026-09-27,registration,0,,,,
CTRL_FOMC_OTHER-2024-07-31,CTRL_FOMC_OTHER,other,0,2024-07-31,14:00,2024-08-01,03:00,official_page,US,2024-07-31,0,0,0,FOMC（サイクル転換なし）,Federal Reserve issues FOMC statement,hold: target unchanged at 5.25-5.50%; meeting: July 30-31; released 2:00 p.m. EDT,,https://www.federalreserve.gov/newsevents/pressreleases/monetary20240731a.htm,2026-09-27,d3d2a3be,200,2026-09-27,registration,0,,,,対照池
FED_TURN-2024-09-18,FED_TURN,first_cut,-1,2024-09-18,14:00,2024-09-19,03:00,official_page,US,2024-09-18,0,0,1,FOMC（利上げ / 利下げサイクルの起点）,Federal Reserve issues FOMC statement,target lowered 50bp to 4.75-5.00%; meeting: September 17-18*; released 2:00 p.m. EDT,,https://www.federalreserve.gov/newsevents/pressreleases/monetary20240918a.htm,2026-09-27,feb934fc,200,2026-09-27,registration,0,,,,
CTRL_BOJ_NOCHG-2024-09-20,CTRL_BOJ_NOCHG,no_change,0,2024-09-20,12:00,2024-09-20,12:00,class_default,JP,2024-09-20,0,0,0,日銀金融政策決定会合（変更なし）,Statement on Monetary Policy,policy unchanged per title,,https://www.boj.or.jp/en/mopo/mpmdeci/state_2024/k240920a.htm,2026-09-27,a34f93b5,200,2026-09-27,registration,0,,,,対照池
ELECTION-2024-09-27,ELECTION,lower,0,2024-09-27,,2024-09-27,,,JP,2024-09-27,0,0,0,自民党総裁選 石破氏選出,LDP presidential election: Ishiba elected,決選投票で石破茂氏が第28代総裁に；翌営業日の株価急落（「石破ショック」）,,https://www.jimin.jp/sousai24/,2026-09-27,9142cd10,200,2026-09-27,registration,1,来源非官方域名（www.jimin.jp），本轮不计入,,,；market_dir 未判定（描述里无与党议席数）
TSE_GOV-2024-09-27,TSE_GOV,request,1,2024-09-27,,2024-09-27,,,JP,2024-09-27,0,0,1,開示企業一覧表の見直しについて公表,Revision of the disclosure list format announced (changes from January 2025),东证公布披露公司名单的改版方案（自2025年1月起标注更新日期、希望投资者接触的公司等）。,,https://www.jpx.co.jp/english/equities/follow-up/02.html,2026-09-27,53ec0932,200,2026-09-27,registration,0,,,,"Page: ""published on September 27, 2024""."
PM_CHANGE-2024-10-01,PM_CHANGE,new_pm,0,2024-10-01,,2024-10-01,,,JP,2024-10-01,0,0,0,石破内閣発足,Ishiba cabinet formed,第102代石破内閣発足,,https://www.kantei.go.jp/jp/rekidainaikaku/index.html,2026-09-27,858780c7,200,2026-09-27,registration,0,,,,
ELECTION-2024-10-27,ELECTION,lower,0,2024-10-27,,2024-10-27,,,JP,2024-10-27,0,0,-1,第50回衆議院議員総選挙（与党過半数割れ）,50th general election: ruling coalition loses lower-house majority,自民191・公明24で与党215議席（過半数233未満）,,https://www.soumu.go.jp/senkyo/senkyo_s/data/shugiin50/index.html,2026-09-27,9d4d9946,200,2026-09-27,registration,0,,,,market_dir 登记时按総務省结果判定（与党 = 选举前的执政党：≥ 261 席 +1、失去过半 −1、其余 0；2026-02-08 结果待核对 → 0）
CTRL_BOJ_NOCHG-2024-10-31,CTRL_BOJ_NOCHG,no_change,0,2024-10-31,12:00,2024-10-31,12:00,class_default,JP,2024-10-31,0,0,0,日銀金融政策決定会合（変更なし）,Statement on Monetary Policy,policy unchanged per title,,https://www.boj.or.jp/en/mopo/mpmdeci/state_2024/k241031a.htm,2026-09-27,41da1e0f,200,2026-09-27,registration,0,,,,対照池
TSE_STRUCT-2024-11-05,TSE_STRUCT,restructure,1,2024-11-05,,2024-11-05,,,JP,2024-11-05,0,1,0,取引時間の延伸（15:30まで）・クロージング・オークション導入,Trading hours extended to 15:30 with closing auction (arrowhead 4.0),現物市場の立会終了15:00→15:30（30分延伸）、15:25〜15:30のクロージング・オークション導入,,https://www.jpx.co.jp/corporate/news/news-releases/1030/20241105-01.html,2026-09-27,b2dcb73e,200,2026-09-27,registration,0,,,,正式決定 2023-09-20 https://www.jpx.co.jp/corporate/news/news-releases/1030/20230920-01.html
CTRL_FOMC_OTHER-2024-11-07,CTRL_FOMC_OTHER,other,0,2024-11-07,14:00,2024-11-08,04:00,official_page,US,2024-11-07,0,0,0,FOMC（サイクル転換なし）,Federal Reserve issues FOMC statement,cut: target lowered 25bp to 4.50-4.75%; meeting: November 6-7; released 2:00 p.m. EST,,https://www.federalreserve.gov/newsevents/pressreleases/monetary20241107a.htm,2026-09-27,e8f2e861,200,2026-09-27,registration,0,,,,対照池
TSE_GOV-2024-11-21,TSE_GOV,request,1,2024-11-21,,2024-11-21,,,JP,2024-11-21,0,0,1,投資者の視点を踏まえた対応のポイントと事例（第2版）公表,"Second edition of ""Points and examples for management conscious of cost of capital"" (adds cases with gaps from investor perspective)",东证公布“基于投资者视角的应对要点与案例”第二版，新增与投资者视角存在差距的案例。,,https://www.jpx.co.jp/english/equities/follow-up/02.html,2026-09-27,53ec0932,200,2026-09-27,registration,0,,,,"Page: ""(Reference) Second Edition (published on November 21, 2024)""."
UNREG-2024-11-22,UNREGISTERED,other,0,2024-11-22,,2024-11-22,,,JP,2024-11-22,0,0,0,国民の安心・安全と持続的な成長に向けた総合経済対策（閣議決定）,Comprehensive Economic Measures (Nov 2024) (cabinet decision),事業規模¥39兆円、財政支出¥21.9兆円,,https://www5.cao.go.jp/keizai1/keizaitaisaku/keizaitaisaku.html,2026-09-27,8efd2978,200,2026-09-27,registration,1,类别 FISCAL_STIMULUS 本轮未登记（保留原文，只作参考）,,,orig_category=FISCAL_STIMULUS；閣議決定日は内閣府経済対策一覧で確認；規模は閣議決定文書ベースの概数
CTRL_FOMC_OTHER-2024-12-18,CTRL_FOMC_OTHER,other,0,2024-12-18,14:00,2024-12-19,04:00,official_page,US,2024-12-18,0,0,0,FOMC（サイクル転換なし）,Federal Reserve issues FOMC statement,cut: target lowered 25bp to 4.25-4.50%; meeting: December 17-18*; released 2:00 p.m. EST,,https://www.federalreserve.gov/newsevents/pressreleases/monetary20241218a.htm,2026-09-27,0ebd116b,200,2026-09-27,registration,0,,,,対照池
CTRL_BOJ_NOCHG-2024-12-19,CTRL_BOJ_NOCHG,no_change,0,2024-12-19,12:00,2024-12-19,12:00,class_default,JP,2024-12-19,0,0,0,日銀金融政策決定会合（変更なし）,Statement on Monetary Policy,"policy unchanged (8-1); 'Review of Monetary Policy from a Broad Perspective' published; same-day decision docs: k241219b.pdf, k241219c.pdf",,https://www.boj.or.jp/en/mopo/mpmdeci/state_2024/k241219a.htm,2026-09-27,58cb6d74,200,2026-09-27,registration,0,,,,対照池
BOJ_CHANGE-2025-01-24,BOJ_CHANGE,tighten,1,2025-01-24,12:00,2025-01-24,12:00,class_default,JP,2025-01-24,0,0,-1,利上げ（0.5%）,Rate hike to 0.5%,政策利率0.25%→0.5%（8対1）,,https://www.boj.or.jp/en/mopo/mpmdeci/state_2025/k250124a.htm,2026-09-27,ca9ae157,200,2026-09-27,registration,0,,,,
CTRL_FOMC_OTHER-2025-01-29,CTRL_FOMC_OTHER,other,0,2025-01-29,14:00,2025-01-30,04:00,official_page,US,2025-01-29,0,0,0,FOMC（サイクル転換なし）,Federal Reserve issues FOMC statement,hold: target unchanged at 4.25-4.50%; meeting: January 28-29; released 2:00 p.m. EST,,https://www.federalreserve.gov/newsevents/pressreleases/monetary20250129a.htm,2026-09-27,83ea1ea0,200,2026-09-27,registration,0,,,,対照池
TARIFF-2025-02-01,TARIFF,impose,1,2025-02-01,,2025-02-01,,,US,2025-02-01,0,0,-1,IEEPA関税（カナダ・メキシコ25%、中国10%）,"IEEPA tariffs: 25% on Canada and Mexico (10% Canadian energy), 10% on China",特朗普依据IEEPA签署三项行政令，对加拿大、墨西哥商品加征25%（加拿大能源10%）、对中国商品加征10%关税，2月4日生效。,,https://www.whitehouse.gov/presidential-actions/2025/02/imposing-duties-to-address-the-synthetic-opioid-supply-chain-in-the-peoples-republic-of-china/,2026-09-27,b7fe9041,200,2026-09-27,registration,0,,,,"time_local = whitehouse.gov article:published_time meta (UTC converted to ET), not a stated release time. EO 14195 (China) published 13:42 UTC; EO 14194 (Mexico) 13:38 UTC; fact sheet 20:03 EST. EO 14193 (Canada) whitehouse.gov slug 404; FR https://www.federalregister.gov/documents/2025/02/07/2025-02406/imposing-duties-to-address-the-flow-of-illicit-drugs-across-our-northern-border (signed 2025-02-01, published 2025-02-07)."
TARIFF-2025-02-03,TARIFF,relief,-1,2025-02-03,,2025-02-03,,,US,2025-02-03,0,0,1,カナダ・メキシコ関税を30日間停止,Canada and Mexico tariffs paused for 30 days,特朗普签署行政令，将对墨西哥和加拿大的关税推迟30天实施。,,https://www.whitehouse.gov/presidential-actions/2025/02/progress-on-the-situation-at-our-southern-border/,2026-09-27,0e5cd19a,200,2026-09-27,registration,0,,,,"time_local = whitehouse.gov article:published_time meta (UTC converted to ET), not a stated release time. Mexico order published 23:43 UTC Feb 3; Canada order (https://www.whitehouse.gov/presidential-actions/2025/02/progress-on-the-situation-at-our-northern-border/) 00:27 UTC Feb 4 = 19:27 EST Feb 3."
TARIFF-2025-02-10,TARIFF,impose,1,2025-02-10,,2025-02-10,,,US,2025-02-10,0,0,-1,米 鉄鋼・アルミ25%（例外・割当終了）,"Steel/aluminum 25% restored, exemptions and quotas ended",鉄鋼25%維持・アルミ10%→25%、日本を含む国別例外・割当を終了（3/12発効）,,https://www.whitehouse.gov/presidential-actions/2025/02/adjusting-imports-of-steel-into-the-united-states/,2026-09-27,2ec697fe,200,2026-09-27,registration,0,,,,米国時間2025-02-10署名
TARIFF-2025-02-13,TARIFF,impose,1,2025-02-13,,2025-02-13,,,US,2025-02-13,0,0,-1,相互関税に関する大統領覚書,Presidential memorandum on reciprocal trade and tariffs (plan for country-by-country reciprocal tariffs),特朗普签署备忘录，指示制定针对各贸易伙伴的“对等关税”方案。,,https://www.whitehouse.gov/presidential-actions/2025/02/reciprocal-trade-and-tariffs/,2026-09-27,a5bf0aa0,200,2026-09-27,registration,0,,,,"time_local = whitehouse.gov article:published_time meta (UTC converted to ET), not a stated release time. "
UNREG-2025-02-18,UNREGISTERED,other,0,2025-02-18,,2025-02-18,,,JP,2025-02-18,0,0,0,第7次エネルギー基本計画 閣議決定,7th Strategic Energy Plan approved (nuclear 'maximum utilization'),2040年度電源構成：再エネ4〜5割、原子力2割程度；「原発依存度低減」文言削除；GX2040ビジョンも同日閣議決定,,https://www.meti.go.jp/press/2024/02/20250218001/20250218001.html,,,403,2026-09-27,registration,1,类别 ENERGY_POLICY 本轮未登记（保留原文，只作参考）,,,orig_category=ENERGY_POLICY；
TARIFF-2025-03-03,TARIFF,impose,1,2025-03-03,,2025-03-03,,,US,2025-03-03,0,0,-1,中国IEEPA関税を20%へ引上げ,China IEEPA tariff raised from 10% to 20% (effective March 4); Canada/Mexico tariffs take effect March 4,特朗普签署行政令，3月4日起将对中国商品的IEEPA关税从10%提高至20%；对加拿大、墨西哥的25%关税同日生效。,,https://www.whitehouse.gov/presidential-actions/2025/03/further-amendment-to-duties-addressing-the-synthetic-opioid-supply-chain-in-the-peoples-republic-of-china/,2026-09-27,2c471f1b,200,2026-09-27,registration,0,,,,"time_local = whitehouse.gov article:published_time meta (UTC converted to ET), not a stated release time. EO 14228 (FR signing date 2025-03-03)."
TARIFF-2025-03-06,TARIFF,relief,-1,2025-03-06,,2025-03-06,,,US,2025-03-06,0,0,1,USMCA適合品をカナダ・メキシコ関税から除外,USMCA-compliant goods exempted from Canada/Mexico IEEPA tariffs,特朗普签署行政令，对符合USMCA原产地规则的加拿大和墨西哥商品免征IEEPA关税。,,,,,,2026-09-27,registration,1,官方来源未找到（只保留原文）,,,"whitehouse.gov page not fetched (slug not located in time); orders of March 6, 2025 amending the Canada and Mexico tariff orders."
CTRL_BOJ_NOCHG-2025-03-19,CTRL_BOJ_NOCHG,no_change,0,2025-03-19,12:00,2025-03-19,12:00,class_default,JP,2025-03-19,0,0,0,日銀金融政策決定会合（変更なし）,Statement on Monetary Policy,policy unchanged per title,,https://www.boj.or.jp/en/mopo/mpmdeci/state_2025/k250319a.htm,2026-09-27,e47a44f5,200,2026-09-27,registration,0,,,,対照池
CTRL_FOMC_OTHER-2025-03-19,CTRL_FOMC_OTHER,other,0,2025-03-19,14:00,2025-03-20,03:00,official_page,US,2025-03-19,0,0,0,FOMC（サイクル転換なし）,Federal Reserve issues FOMC statement,hold: target unchanged at 4.25-4.50%; meeting: March 18-19*; released 2:00 p.m. EDT,,https://www.federalreserve.gov/newsevents/pressreleases/monetary20250319a.htm,2026-09-27,12f82325,200,2026-09-27,registration,0,,,,対照池
TARIFF-2025-03-26,TARIFF,impose,1,2025-03-26,,2025-03-26,,,US,2025-03-26,0,0,-1,米 232条 自動車・部品25%関税布告,Section 232 25% tariff on automobiles and parts,自動車25%（4/3発効）、部品は5/3までに発効；日本車が主要対象,,https://www.whitehouse.gov/presidential-actions/2025/03/adjusting-imports-of-automobiles-and-autombile-parts-into-the-united-states/,2026-09-27,d93bb508,200,2026-09-27,registration,0,,,,米国時間2025-03-26署名（Proclamation 10908）
SEMI_SUB-2025-03-31,SEMI_SUB,subsidy,1,2025-03-31,,2025-03-31,,,JP,2025-03-31,0,0,0,"Rapidus 2025年度計画承認（8,025億円）",Rapidus FY2025 plan approved: ¥802.5B; cumulative ceiling ¥1.7225T,"前工程¥6,755億円+後工程¥1,270億円；委託研究予算累計上限¥1兆7,225億円",,https://www.meti.go.jp/policy/mono_info_service/joho/post5g/pdf/20250331_results_stagegate.pdf,,,403,2026-09-27,registration,0,,,,
TARIFF-2025-04-02,TARIFF,impose,1,2025-04-02,16:00,2025-04-03,05:00,official_page,US,2025-04-02,0,0,-1,米 相互関税（EO14257）,"Reciprocal tariff executive order (baseline 10%, Japan 24%)",基本10%（4/5）、国別上乗せ（日本24%、4/9予定）；IEEPA根拠,,https://www.whitehouse.gov/presidential-actions/2025/04/regulating-imports-with-a-reciprocal-tariff-to-rectify-trade-practices-that-contribute-to-large-and-persistent-annual-united-states-goods-trade-deficits/,2026-09-27,c16a8e21,200,2026-09-27,registration,0,,,,ホワイトハウス発表 2025-04-02 16:00 ET（JST 4/3 05:00）
TARIFF-2025-04-09,TARIFF,relief,-1,2025-04-09,13:18,2025-04-10,02:18,reported,US,2025-04-09,0,0,1,米 相互関税の国別上乗せ90日停止,90-day pause of country-specific reciprocal rates (10% baseline),国別上乗せを7/9まで停止し一律10%へ（中国は125%へ引上げ）,,https://www.whitehouse.gov/presidential-actions/2025/04/modifying-reciprocal-tariff-rates-to-reflect-trading-partner-retaliation-and-alignment/,2026-09-27,b7edb6da,200,2026-09-27,registration,0,,,,大統領投稿 2025-04-09 13:18 ET（JST 4/10 02:18）；時刻は報道ベース
TARIFF-2025-04-11,TARIFF,relief,-1,2025-04-11,,2025-04-11,,,US,2025-04-11,0,0,1,スマホ・PC等を相互関税から除外,"Smartphones, computers, semiconductors etc. excluded from reciprocal tariffs",特朗普签署备忘录，明确智能手机、电脑、半导体等产品不适用对等关税。,,https://www.whitehouse.gov/presidential-actions/2025/04/clarification-of-exceptions-under-executive-order-14257-of-april-2-2025-as-amended/,2026-09-27,b55fdba7,200,2026-09-27,registration,0,,,,"time_local = whitehouse.gov article:published_time meta (UTC converted to ET), not a stated release time. "
TARIFF-2025-04-29,TARIFF,relief,-1,2025-04-29,,2025-04-29,,,US,2025-04-29,0,0,1,自動車関税の負担軽減（重複課税回避・部品相殺）,Auto tariff relief: parts offset credit and no stacking with steel/aluminum/Canada-Mexico tariffs,特朗普签署布告和行政令，为美国组装汽车提供零部件关税抵扣，并避免汽车关税与钢铝、加墨关税叠加。,,https://www.whitehouse.gov/presidential-actions/2025/04/amendments-to-adjusting-imports-of-automobiles-and-automobile-parts-into-the-united-states/,2026-09-27,4bcace1d,200,2026-09-27,registration,0,,,,"time_local = whitehouse.gov article:published_time meta (UTC converted to ET), not a stated release time. Proclamation 10925 and EO 14289, FR 2025-05-02."
CTRL_BOJ_NOCHG-2025-05-01,CTRL_BOJ_NOCHG,no_change,0,2025-05-01,12:00,2025-05-01,12:00,class_default,JP,2025-05-01,0,0,0,日銀金融政策決定会合（変更なし）,Statement on Monetary Policy,policy unchanged per title,,https://www.boj.or.jp/en/mopo/mpmdeci/state_2025/k250501a.htm,2026-09-27,86c843c5,200,2026-09-27,registration,0,,,,対照池
CTRL_FOMC_OTHER-2025-05-07,CTRL_FOMC_OTHER,other,0,2025-05-07,14:00,2025-05-08,03:00,official_page,US,2025-05-07,0,0,0,FOMC（サイクル転換なし）,Federal Reserve issues FOMC statement,hold: target unchanged at 4.25-4.50%; meeting: May 6-7; released 2:00 p.m. EDT,,https://www.federalreserve.gov/newsevents/pressreleases/monetary20250507a.htm,2026-09-27,4cea2ba4,200,2026-09-27,registration,0,,,,対照池
TARIFF-2025-05-12,TARIFF,relief,-1,2025-05-12,,2025-05-12,,,US,2025-05-12,0,0,1,米中ジュネーブ合意（対中相互関税を10%に）,US–China Geneva agreement: reciprocal tariff on China cut to 10% for 90 days,特朗普签署行政令，落实美中日内瓦共识，将对中国的对等关税从125%降至10%，为期90天。,,https://www.whitehouse.gov/presidential-actions/2025/05/modifying-reciprocal-tariff-rates-to-reflect-discussions-with-the-peoples-republic-of-china/,2026-09-27,d6ddf6be,200,2026-09-27,registration,0,,,,"time_local = whitehouse.gov article:published_time meta (UTC converted to ET), not a stated release time. Joint statement issued in Geneva earlier on May 12 (Swiss time)."
TARIFF-2025-06-03,TARIFF,impose,1,2025-06-03,,2025-06-03,,,US,2025-06-03,0,0,-1,米 鉄鋼・アルミ関税50%へ,Steel and aluminum tariffs raised to 50%,232条鉄鋼・アルミ25%→50%（6/4発効）,,https://www.whitehouse.gov/presidential-actions/2025/06/adjusting-imports-of-aluminum-and-steel-into-the-united-states/,2026-09-27,1860c574,200,2026-09-27,registration,0,,,,米国時間2025-06-03署名
BOJ_CHANGE-2025-06-17,BOJ_CHANGE,tighten,1,2025-06-17,12:00,2025-06-17,12:00,class_default,JP,2025-06-17,0,0,-1,国債買入れ減額計画の中間評価（減額ペース緩和）,"Interim review: taper slowed to ¥200B/quarter from Apr–Jun 2026, to ¥2T/month by Jan–Mar 2027","政策利率0.5%维持；减额计划：2026年1〜3月前每季度减¥4,000億円，2026年4〜6月起每季度减¥2,000億円，2027年1〜3月月约¥2兆円（8対1）",,https://www.boj.or.jp/en/mopo/mpmdeci/state_2025/k250617a.htm,2026-09-27,808637cc,200,2026-09-27,registration,1,方向模糊：減額計画の中間評価（登记排除）,,,量的引き締めの継続だがペース緩和
CTRL_FOMC_OTHER-2025-06-18,CTRL_FOMC_OTHER,other,0,2025-06-18,14:00,2025-06-19,03:00,official_page,US,2025-06-18,0,0,0,FOMC（サイクル転換なし）,Federal Reserve issues FOMC statement,hold: target unchanged at 4.25-4.50%; meeting: June 17-18*; released 2:00 p.m. EDT,,https://www.federalreserve.gov/newsevents/pressreleases/monetary20250618a.htm,2026-09-27,8a250faf,200,2026-09-27,registration,0,,,,対照池
TARIFF-2025-07-07,TARIFF,relief,-1,2025-07-07,,2025-07-07,,,US,2025-07-07,0,0,1,相互関税停止を8/1まで延長（日本に25%通告）,EO 14316 extends reciprocal tariff pause to Aug 1; tariff letters sent (Japan 25% from Aug 1),特朗普签署行政令，将对等关税暂停期延长至8月1日；同日致函日本等国，宣布8月1日起对日本征收25%关税。,,https://www.whitehouse.gov/presidential-actions/2025/07/extending-the-modification-of-the-reciprocal-tariff-rates/,2026-09-27,ee73d35a,200,2026-09-27,registration,0,,,,"time_local = whitehouse.gov article:published_time meta (UTC converted to ET), not a stated release time. The letters (incl. 25% on Japan) were posted on Truth Social, not on an official page; treat the Japan-letter element as unverified. FR 2025-07-10 (90 FR 30823)."
ELECTION-2025-07-20,ELECTION,upper,0,2025-07-20,,2025-07-20,,,JP,2025-07-20,0,0,-1,第27回参議院議員通常選挙（与党過半数割れ）,27th upper house election: ruling coalition loses majority,与党が参院でも過半数割れ；投票率58.51%,,https://www.soumu.go.jp/senkyo/senkyo_s/data/sangiin27/index.html,2026-09-27,0c789c6e,200,2026-09-27,registration,0,,,,market_dir 登记时按総務省结果判定（与党 = 选举前的执政党：≥ 261 席 +1、失去过半 −1、其余 0；2026-02-08 结果待核对 → 0）
TARIFF-2025-07-22,TARIFF,relief,-1,2025-07-22,,2025-07-22,,,US,2025-07-22,0,0,1,日米関税合意（15%）,"US–Japan trade and investment agreement (15% tariff, $550B investment)","相互関税・自動車関税を15%へ、日本の対米投資5,500億USD、米国産米・農産品・航空機購入",,https://www.whitehouse.gov/fact-sheets/2025/07/fact-sheet-president-donald-j-trump-secures-unprecedented-u-s-japan-strategic-trade-and-investment-agreement/,,,200_nodate,2026-09-27,registration,0,,,,米大統領発表は米国時間2025-07-22夜（JST 7/23）；ファクトシートは7/23付
TARIFF-2025-07-23,TARIFF,relief,-1,2025-07-23,,2025-07-23,,,US,2025-07-23,0,0,1,日米関税合意（相互関税・自動車15%）,US–Japan trade agreement: 15% reciprocal tariff and 15% auto tariff for Japan; $550B Japanese investment,白宫公布美日协议：对日本对等关税定为15%，汽车关税降至15%，日本承诺5500亿美元对美投资。,,https://www.whitehouse.gov/fact-sheets/2025/07/fact-sheet-president-donald-j-trump-secures-unprecedented-u-s-japan-strategic-trade-and-investment-agreement/,2026-09-27,de014402,200,2026-09-27,registration,1,同一措置：大統領発表は 2025-07-22 夜（07-22 の行で計上）,,,"time_local = whitehouse.gov article:published_time meta (UTC converted to ET), not a stated release time. Fact sheet published 19:25 UTC July 23. The deal was first announced by the President on Truth Social on the evening of July 22 ET (= morning of July 23 JST); that post is not an official page, so the row uses the fact-sheet date."
CTRL_FOMC_OTHER-2025-07-30,CTRL_FOMC_OTHER,other,0,2025-07-30,14:00,2025-07-31,03:00,official_page,US,2025-07-30,0,0,0,FOMC（サイクル転換なし）,Federal Reserve issues FOMC statement,hold: target unchanged at 4.25-4.50%; meeting: July 29-30; released 2:00 p.m. EDT,,https://www.federalreserve.gov/newsevents/pressreleases/monetary20250730a.htm,2026-09-27,223227a7,200,2026-09-27,registration,0,,,,対照池
CTRL_BOJ_NOCHG-2025-07-31,CTRL_BOJ_NOCHG,no_change,0,2025-07-31,12:00,2025-07-31,12:00,class_default,JP,2025-07-31,0,0,0,日銀金融政策決定会合（変更なし）,Statement on Monetary Policy,policy unchanged per title,,https://www.boj.or.jp/en/mopo/mpmdeci/state_2025/k250731a.htm,2026-09-27,25f45c89,200,2026-09-27,registration,0,,,,対照池
TARIFF-2025-07-31,TARIFF,impose,1,2025-07-31,,2025-07-31,,,US,2025-07-31,0,0,-1,米 相互関税率の再修正（日本15%、8/7発効）,"Reciprocal tariff rates modified (Japan 15%, effective Aug 7)",付属書で日本15%；8/7発効（当初は既存関税に上乗せ扱いで9/4に修正）,,https://www.whitehouse.gov/presidential-actions/2025/07/further-modifying-the-reciprocal-tariff-rates/,2026-09-27,d51c573e,200,2026-09-27,registration,0,,,,米国時間2025-07-31署名
TARIFF-2025-08-11,TARIFF,relief,-1,2025-08-11,,2025-08-11,,,US,2025-08-11,0,0,1,米中関税休戦を90日延長,US–China tariff truce extended another 90 days,特朗普签署行政令，将对中国的10%对等关税安排再延长90天至11月10日。,,https://www.whitehouse.gov/presidential-actions/2025/08/further-modifying-reciprocal-tariff-rates-to-reflect-ongoing-discussions-with-the-peoples-republic-of-china/,2026-09-27,a734bf3e,200,2026-09-27,registration,0,,,,"time_local = whitehouse.gov article:published_time meta (UTC converted to ET), not a stated release time. Published 00:00 UTC Aug 12 = 20:00 EDT Aug 11."
TARIFF-2025-09-04,TARIFF,relief,-1,2025-09-04,,2025-09-04,,,US,2025-09-04,0,0,1,米 日米合意実施大統領令,"Executive order implementing the US–Japan agreement (15% all-in, autos 15%)","日本製品は既存税率と合わせ15%上限方式（8/7に遡及）、自動車・部品15%、航空機・後発薬等除外；投資5,500億USD",,https://www.whitehouse.gov/presidential-actions/2025/09/implementing-the-united-states-japan-agreement/,2026-09-27,18399a8d,200,2026-09-27,registration,0,,,,米国時間2025-09-04署名
SEMI_SUB-2025-09-12,SEMI_SUB,subsidy,1,2025-09-12,,2025-09-12,,,JP,2025-09-12,0,0,0,"経産省 マイクロン広島 追加計画認定（助成上限5,000億円）",METI certifies additional Micron Hiroshima plan; subsidy up to ¥500B,"次世代DRAM生産施設の追加認定；助成上限¥5,000億円",,https://www.meti.go.jp/policy/mono_info_service/joho/laws/semiconductor/semiconductor_plan.html,,,403,2026-09-27,registration,0,,,,
CTRL_FOMC_OTHER-2025-09-17,CTRL_FOMC_OTHER,other,0,2025-09-17,14:00,2025-09-18,03:00,official_page,US,2025-09-17,0,0,0,FOMC（サイクル転換なし）,Federal Reserve issues FOMC statement,cut: target lowered 25bp to 4.00-4.25%; meeting: September 16-17*; resumption of cuts after a 9-month pause (cycle began 2024-09-18); released 2:00 p.m. EDT,,https://www.federalreserve.gov/newsevents/pressreleases/monetary20250917a.htm,2026-09-27,63a4aaa3,200,2026-09-27,registration,0,,,,対照池
BOJ_CHANGE-2025-09-19,BOJ_CHANGE,tighten,1,2025-09-19,12:00,2025-09-19,12:00,class_default,JP,2025-09-19,0,0,-1,日銀金融政策決定会合（政策変更）,Statement on Monetary Policy,rate unchanged 0.5% (7-2); decided (unanimous) to sell ETF and J-REIT holdings to the market (k250919b); same-day decision docs: k250919b.pdf,,https://www.boj.or.jp/en/mopo/mpmdeci/state_2025/k250919a.htm,2026-09-27,ddb42afd,200,2026-09-27,registration,0,,,,機械規則（年表タイトル / 声明冒頭の目標水準）で抽出
BOJ_ETF-2025-09-19,BOJ_ETF,shrink,-1,2025-09-19,12:00,2025-09-19,12:00,class_default,JP,2025-09-19,0,0,-1,ETF・J-REITの処分（売却）開始決定,Decision to start selling ETF and J-REIT holdings (about ¥330B book value per year),"决定出售ETF・J-REIT：ETF年簿価约¥3,300億円（時価约¥6,200億円）、J-REIT年簿価约¥50億円；相当于成交额约0.05%；准备完成后开始",,https://www.boj.or.jp/en/mopo/mpmdeci/mpr_2025/k250919b.pdf,2026-09-27,f2341add,200,2026-09-27,registration,0,,,,
TSE_GOV-2025-09-26,TSE_GOV,request,1,2025-09-26,,2025-09-26,,,JP,2025-09-26,0,0,1,開示企業一覧表の見直しについて公表（2026年1月から）,Revision of the disclosure list announced (changes from January 2026),东证公布披露公司名单的再次改版方案，自2026年1月起实施。,,https://www.jpx.co.jp/english/equities/follow-up/02.html,2026-09-27,53ec0932,200,2026-09-27,registration,0,,,,"Page: ""published on September 26, 2025""."
TARIFF-2025-09-29,TARIFF,impose,1,2025-09-29,,2025-09-29,,,US,2025-09-29,0,0,-1,木材10%・家具25%の232条関税,Proclamation 10976: Section 232 tariffs on timber/lumber (10%) and furniture/cabinets (25%) from Oct 14,特朗普签署布告，10月14日起对进口软木材征10%、家具和厨柜征25%的232条关税。,,https://www.whitehouse.gov/presidential-actions/2025/09/adjusting-imports-of-timber-lumber-and-their-derivative-products-into-the-united-states/,2026-09-27,6f4ff10a,200,2026-09-27,registration,0,,,,"time_local = whitehouse.gov article:published_time meta (UTC converted to ET), not a stated release time. Published 00:41 UTC Sept 30 = 20:41 EDT Sept 29. FR 2025-10-06 (90 FR 48127)."
ELECTION-2025-10-04,ELECTION,lower,0,2025-10-04,,2025-10-04,,,JP,2025-10-04,0,0,0,自民党総裁選 高市氏選出,LDP presidential election: Takaichi elected,決選投票185対156で高市早苗氏が第29代総裁（初の女性総裁）；「高市トレード」で株高・円安,,https://www.jimin.jp/news/information/211511.html,2026-09-27,99534573,200,2026-09-27,registration,1,来源非官方域名（www.jimin.jp），本轮不计入,,,；market_dir 未判定（描述里无与党议席数）
TARIFF-2025-10-17,TARIFF,impose,1,2025-10-17,,2025-10-17,,,US,2025-10-17,0,0,-1,中大型トラック25%・バス10%の232条関税,"Proclamation 10984: 25% Section 232 tariff on medium/heavy trucks and parts, 10% on buses (from Nov 1)",特朗普签署布告，11月1日起对进口中重型卡车及零部件征25%、客车征10%的232条关税。,,https://www.whitehouse.gov/presidential-actions/2025/10/adjusting-imports-of-medium-and-heavy-duty-vehicles-medium-and-heavy-duty-vehicle-parts-and-buses-into-the-united-states/,2026-09-27,e67bb5b7,200,2026-09-27,registration,0,,,,"time_local = whitehouse.gov article:published_time meta (UTC converted to ET), not a stated release time. FR 2025-10-22 (90 FR 48451)."
PM_CHANGE-2025-10-21,PM_CHANGE,new_pm,0,2025-10-21,,2025-10-21,,,JP,2025-10-21,0,0,0,高市内閣発足,Takaichi cabinet formed,第104代高市内閣発足（自民・維新連立）,,https://www.kantei.go.jp/jp/rekidainaikaku/index.html,2026-09-27,858780c7,200,2026-09-27,registration,0,,,,
CTRL_FOMC_OTHER-2025-10-29,CTRL_FOMC_OTHER,other,0,2025-10-29,14:00,2025-10-30,03:00,official_page,US,2025-10-29,0,0,0,FOMC（サイクル転換なし）,Federal Reserve issues FOMC statement,cut: target lowered 25bp to 3.75-4.00%; meeting: October 28-29; released 2:00 p.m. EDT,,https://www.federalreserve.gov/newsevents/pressreleases/monetary20251029a.htm,2026-09-27,804869c5,200,2026-09-27,registration,0,,,,対照池
CTRL_BOJ_NOCHG-2025-10-30,CTRL_BOJ_NOCHG,no_change,0,2025-10-30,12:00,2025-10-30,12:00,class_default,JP,2025-10-30,0,0,0,日銀金融政策決定会合（変更なし）,Statement on Monetary Policy,policy unchanged per title,,https://www.boj.or.jp/en/mopo/mpmdeci/state_2025/k251030a.htm,2026-09-27,2d1e5bf7,200,2026-09-27,registration,0,,,,対照池
TARIFF-2025-11-04,TARIFF,relief,-1,2025-11-04,,2025-11-04,,,US,2025-11-04,0,0,1,米中合意に基づく対中関税引下げ,EO 14358: China fentanyl tariff cut to 10% and reciprocal truce extended to Nov 2026 (Kuala Lumpur/Busan arrangement),特朗普签署行政令，落实美中经贸安排：对中国的芬太尼相关关税从20%降至10%，对等关税10%延长至2026年11月。,,https://www.federalregister.gov/documents/2025/11/07/2025-19826/modifying-reciprocal-tariff-rates-consistent-with-the-economic-and-trade-arrangement-between-the-united-states-of-america-and,,,200_nodate,2026-09-27,registration,0,,,,"FR signing date 2025-11-04, publication 2025-11-07 (90 FR 50729); whitehouse.gov slug not located. FR HTML served access-check interstitial with HTTP 200."
TARIFF-2025-11-14,TARIFF,relief,-1,2025-11-14,,2025-11-14,,,US,2025-11-14,0,0,1,農産品の一部を相互関税から除外,"EO 14360: certain agricultural products (coffee, beef, bananas etc.) exempted from reciprocal tariffs",特朗普签署行政令，将咖啡、牛肉、香蕉等部分农产品排除在对等关税之外。,,https://www.federalregister.gov/documents/2025/11/25/2025-21203/modifying-the-scope-of-the-reciprocal-tariffs-with-respect-to-certain-agricultural-products,,,200_nodate,2026-09-27,registration,0,,,,"FR signing date 2025-11-14, publication 2025-11-25 (90 FR 54091); whitehouse.gov slug not located."
SEMI_SUB-2025-11-21,SEMI_SUB,subsidy,1,2025-11-21,,2025-11-21,,,JP,2025-11-21,0,0,0,情報処理促進法に基づきRapidusを選定,Rapidus selected under amended IT Promotion Act (government equity framework),改正情報処理促進法に基づく指定高速情報処理用半導体の生産事業者として選定（政府出資・債務保証の枠組み）,,https://www.meti.go.jp/press/2025/11/20251121001/20251121001.html,,,403,2026-09-27,registration,0,,,,
UNREG-2025-11-21,UNREGISTERED,other,0,2025-11-21,,2025-11-21,,,JP,2025-11-21,0,0,0,「強い経済」を実現する総合経済対策（閣議決定）,Comprehensive Economic Measures for a 'Strong Economy' (Nov 2025) (cabinet decision),事業規模約¥42.8兆円、財政支出約¥21.3兆円（物価高対策・成長投資・防衛）,,https://www5.cao.go.jp/keizai1/keizaitaisaku/keizaitaisaku.html,2026-09-27,8efd2978,200,2026-09-27,registration,1,类别 FISCAL_STIMULUS 本轮未登记（保留原文，只作参考）,,,orig_category=FISCAL_STIMULUS；閣議決定日は内閣府経済対策一覧で確認；規模は閣議決定文書ベースの概数
CTRL_FOMC_OTHER-2025-12-10,CTRL_FOMC_OTHER,other,0,2025-12-10,14:00,2025-12-11,04:00,official_page,US,2025-12-10,0,0,0,FOMC（サイクル転換なし）,Federal Reserve issues FOMC statement,cut: target lowered 25bp to 3.50-3.75%; meeting: December 9-10*; released 2:00 p.m. EST,,https://www.federalreserve.gov/newsevents/pressreleases/monetary20251210a.htm,2026-09-27,dc752f9f,200,2026-09-27,registration,0,,,,対照池
BOJ_CHANGE-2025-12-19,BOJ_CHANGE,tighten,1,2025-12-19,12:00,2025-12-19,12:00,class_default,JP,2025-12-19,0,0,-1,利上げ（0.75%）,Rate hike to 0.75% (unanimous),政策利率0.5%→0.75%（全员一致，2025-12-22适用）；補完当座預金0.75%、基準貸付利率1.0%,,https://www.boj.or.jp/en/mopo/mpmdeci/state_2025/k251219a.htm,2026-09-27,c2919ea7,200,2026-09-27,registration,0,,,,
TSE_GOV-2025-12-26,TSE_GOV,request,1,2025-12-26,,2025-12-26,,,JP,2025-12-26,0,0,1,対応のポイントと事例 最新版公表,"Latest edition of ""Points and examples"" published (adds company case studies on solving issues)",东证公布“应对要点与案例”最新版，新增企业解决课题的实践案例。,,https://www.jpx.co.jp/english/equities/follow-up/02.html,2026-09-27,53ec0932,200,2026-09-27,registration,0,,,,"Page: ""Latest Edition (published on December 26, 2025)""."
TARIFF-2026-01-14,TARIFF,impose,1,2026-01-14,,2026-01-14,,,US,2026-01-14,0,0,-1,米 232条 半導体・製造装置関税（25%）,Section 232 tariff on semiconductors and equipment (25% on advanced chips),先端計算チップ等に25%（1/15発効）、データセンター・研究開発等広範な例外；交渉指示,,https://www.whitehouse.gov/presidential-actions/2026/01/adjusting-imports-of-semiconductors-semiconductor-manufacturing-equipment-and-their-derivative-products-into-the-united-states/,2026-09-27,1013425e,200,2026-09-27,registration,0,,,,米国時間2026-01-14署名
CTRL_BOJ_NOCHG-2026-01-23,CTRL_BOJ_NOCHG,no_change,0,2026-01-23,12:00,2026-01-23,12:00,class_default,JP,2026-01-23,0,0,0,日銀金融政策決定会合（変更なし）,Statement on Monetary Policy,rate unchanged 0.75% (8-1),,https://www.boj.or.jp/en/mopo/mpmdeci/state_2026/k260123a.htm,2026-09-27,78947418,200,2026-09-27,registration,0,,,,対照池
CTRL_FOMC_OTHER-2026-01-28,CTRL_FOMC_OTHER,other,0,2026-01-28,14:00,2026-01-29,04:00,official_page,US,2026-01-28,0,0,0,FOMC（サイクル転換なし）,Federal Reserve issues FOMC statement,hold: target unchanged at 3.50-3.75%; meeting: January 27-28; released 2:00 p.m. EST,,https://www.federalreserve.gov/newsevents/pressreleases/monetary20260128a.htm,2026-09-27,d1abb1b4,200,2026-09-27,registration,0,,,,対照池
ELECTION-2026-02-08,ELECTION,lower,0,2026-02-08,,2026-02-08,,,JP,2026-02-08,0,0,0,第51回衆議院議員総選挙,51st general election,投票率56.26%；2/18第2次高市内閣発足,,https://www.soumu.go.jp/senkyo/senkyo_s/data/shugiin51/index.html,2026-09-27,210b2690,200,2026-09-27,registration,0,,,,market_dir 登记时按総務省结果判定（与党 = 选举前的执政党：≥ 261 席 +1、失去过半 −1、其余 0；2026-02-08 结果待核对 → 0）
PM_CHANGE-2026-02-18,PM_CHANGE,new_pm,0,2026-02-18,,2026-02-18,,,JP,2026-02-18,0,0,0,第2次高市内閣発足,Second Takaichi cabinet formed,第105代内閣（総選挙後）,,https://www.kantei.go.jp/jp/rekidainaikaku/index.html,2026-09-27,858780c7,200,2026-09-27,registration,0,,,,
TARIFF-2026-02-20-1,TARIFF,impose,1,2026-02-20,,2026-02-20,,,US,2026-02-20,0,0,-1,米 通商法122条 一時輸入課徴金10%（150日）,Section 122 temporary 10% import surcharge for 150 days,2/24〜7/24の150日間、全輸入に10%（232対象品・医薬品・電子機器・自動車等は除外）,,https://www.whitehouse.gov/presidential-actions/2026/02/imposing-a-temporary-import-surcharge-to-address-fundamental-international-payments-problems/,2026-09-27,b9cc626b,200,2026-09-27,registration,1,同日に相反する措置（最高裁 IEEPA 無効 + EO 終了 + 第 122 条 10% 代替）：方向模糊,,,米国時間2026-02-20署名；期限到来後の後継措置は本調査で未確認；同日：米最高裁 IEEPA関税は違法と判決；同日：米 IEEPA関税の終了（EO14389）
TARIFF-2026-02-20-2,TARIFF,relief,-1,2026-02-20,10:00,2026-02-21,00:00,official_page,US,2026-02-20,0,0,1,米最高裁 IEEPA関税は違法と判決,Supreme Court rules IEEPA does not authorize tariffs (Learning Resources v. Trump),6対3でIEEPAは関税賦課を授権しないと判断；相互関税・麻薬関連関税が無効に,,https://www.supremecourt.gov/opinions/25pdf/24-1287_4gcj.pdf,2026-09-27,6412456e,200,2026-09-27,registration,1,同日に相反する措置（最高裁 IEEPA 無効 + EO 終了 + 第 122 条 10% 代替）：方向模糊,,,米国時間2026-02-20 10:00 ET判決（JST 2/21 0:00）
TARIFF-2026-02-20-3,TARIFF,relief,-1,2026-02-20,,2026-02-20,,,US,2026-02-20,0,0,1,米 IEEPA関税の終了（EO14389）,Executive order ending IEEPA tariffs after Supreme Court ruling,相互関税等9件のIEEPA関税の徴収終了；232・301条関税は継続,,https://www.whitehouse.gov/presidential-actions/2026/02/ending-certain-tariff-actions/,2026-09-27,0662461e,200,2026-09-27,registration,1,同日に相反する措置（最高裁 IEEPA 無効 + EO 終了 + 第 122 条 10% 代替）：方向模糊,,,米国時間2026-02-20署名
CTRL_FOMC_OTHER-2026-03-18,CTRL_FOMC_OTHER,other,0,2026-03-18,14:00,2026-03-19,03:00,official_page,US,2026-03-18,0,0,0,FOMC（サイクル転換なし）,Federal Reserve issues FOMC statement,hold: target unchanged at 3.50-3.75%; meeting: March 17-18*; released 2:00 p.m. EDT,,https://www.federalreserve.gov/newsevents/pressreleases/monetary20260318a.htm,2026-09-27,6d6f430e,200,2026-09-27,registration,0,,,,対照池
CTRL_BOJ_NOCHG-2026-03-19,CTRL_BOJ_NOCHG,no_change,0,2026-03-19,12:00,2026-03-19,12:00,class_default,JP,2026-03-19,0,0,0,日銀金融政策決定会合（変更なし）,Statement on Monetary Policy,rate unchanged 0.75% (8-1),,https://www.boj.or.jp/en/mopo/mpmdeci/mpr_2026/k260319a.pdf,2026-09-27,c67a60ff,200,2026-09-27,registration,0,,,,対照池
TARIFF-2026-04-02,TARIFF,impose,1,2026-04-02,,2026-04-02,,,US,2026-04-02,0,0,-1,米 232条 医薬品関税（100%、日本は15%）,Section 232 pharmaceutical tariff (100%; Japan capped at 15% under deal),特許医薬品・原薬に100%（7/31〜9/29段階発効）；日本・EU・韓国等は合意により15%,,https://www.whitehouse.gov/presidential-actions/2026/04/adjusting-imports-of-pharmaceuticals-and-pharmaceutical-ingredients-into-the-united-states/,2026-09-27,f78d9a23,200,2026-09-27,registration,0,,,,米国時間2026-04-02署名
CTRL_BOJ_NOCHG-2026-04-28,CTRL_BOJ_NOCHG,no_change,0,2026-04-28,12:00,2026-04-28,12:00,class_default,JP,2026-04-28,0,0,0,日銀金融政策決定会合（変更なし）,Statement on Monetary Policy,rate unchanged 0.75% (6-3; three members proposed 1.0%),,https://www.boj.or.jp/en/mopo/mpmdeci/mpr_2026/k260428a.pdf,2026-09-27,a884475c,200,2026-09-27,registration,0,,,,対照池
TSE_GOV-2026-04-28,TSE_GOV,request,1,2026-04-28,,2026-04-28,,,JP,2026-04-28,0,0,1,「資本コストや株価を意識した経営」に関する要請のアップデート,Update to the Request Concerning Management That is Conscious of Cost of Capital and Stock Price,东证公布对“关注资本成本与股价的经营”要请的更新版本。,,https://www.jpx.co.jp/english/equities/follow-up/02.html,2026-09-27,53ec0932,200,2026-09-27,registration,0,,,,"Page: ""published on April 28, 2026"" (PDF link on page)."
CTRL_FOMC_OTHER-2026-04-29,CTRL_FOMC_OTHER,other,0,2026-04-29,14:00,2026-04-30,03:00,official_page,US,2026-04-29,0,0,0,FOMC（サイクル転換なし）,Federal Reserve issues FOMC statement,hold: target unchanged at 3.50-3.75%; meeting: April 28-29; released 2:00 p.m. EDT,,https://www.federalreserve.gov/newsevents/pressreleases/monetary20260429a.htm,2026-09-27,c87a8988,200,2026-09-27,registration,0,,,,対照池
MOF_FX-2026-04-30,MOF_FX,yen_buy,1,2026-04-30,,2026-04-30,,,JP,2026-05-29,1,0,-1,円買い・ドル売り介入（回合 3 日）,Yen-buying intervention episode (3 days),"回合首日 2026-04-30、最终日 2026-05-06、实施 3 日、合计 ¥117,348 億円（財務省 外国為替平衡操作の実施状況）",117348,https://www.mof.go.jp/policy/international_policy/reference/feio/foreign_exchange_intervention_operations.csv,2026-09-27,c2869df8,200,2026-09-27,registration,0,,,,"当日公表は未確認 → 覆面扱い：MOF CSV (fetched) records ¥6,278.7bn USD-selling/JPY-buying on Apr 30, 2026 (Apr–Jun 2026 quarter total ¥11,734.9bn, so "
TARIFF-2026-06-01,TARIFF,relief,-1,2026-06-01,,2026-06-01,,,US,2026-06-01,0,0,1,派生製品の軽減税率（15%）対象拡大,"Proclamation 11032: 15% reduced-rate category for metal derivatives expanded (agricultural equipment, HVAC)",特朗普签署布告，将钢铝铜衍生品15%优惠税率的适用范围扩大至农业机械和部分暖通空调设备。,,https://www.whitehouse.gov/presidential-actions/2026/06/further-adjusting-the-tariff-regimes-for-imports-of-aluminum-steel-and-copper-into-the-united-states/,2026-09-27,f3952883,200,2026-09-27,registration,0,,,,"time_local = whitehouse.gov article:published_time meta (UTC converted to ET), not a stated release time. Published 01:09 UTC June 2 = 21:09 EDT June 1. FR 2026-06-04 (91 FR 34085)."
BOJ_CHANGE-2026-06-16,BOJ_CHANGE,tighten,1,2026-06-16,12:00,2026-06-16,12:00,class_default,JP,2026-06-16,0,0,-1,利上げ（1.0%）・国債買入れ計画,Rate hike to 1.0%; JGB purchases to about ¥2T/month from April 2027,"政策利率0.75%→1.0%（7対1，2026-06-17适用；総裁欠席）；国债买入每季度减¥2,000億円至2027年1〜3月，2027年4月起月约¥2兆円（7対1）",,https://www.boj.or.jp/en/mopo/mpmdeci/mpr_2026/k260616a.pdf,2026-09-27,93fe8f75,200,2026-09-27,registration,0,,,,国債計画は k260616b.pdf
CTRL_FOMC_OTHER-2026-06-17,CTRL_FOMC_OTHER,other,0,2026-06-17,14:00,2026-06-18,03:00,official_page,US,2026-06-17,0,0,0,FOMC（サイクル転換なし）,Federal Reserve issues FOMC statement,hold: target unchanged at 3.50-3.75%; meeting: June 16-17*; released 2:00 p.m. EDT,,https://www.federalreserve.gov/newsevents/pressreleases/monetary20260617a.htm,2026-09-27,0b386c21,200,2026-09-27,registration,0,,,,対照池
SEMI_SUB-2026-06-23,SEMI_SUB,subsidy,1,2026-06-23,,2026-06-23,,,JP,2026-06-23,0,0,0,半導体・デジタル産業戦略 改訂版（2026年6月）,Semiconductor and Digital Industry Strategy revised (June 2026),第16回検討会議で改訂版（案・概要）提示、同月公表；AI・半導体官民投資ロードマップ,,https://www.meti.go.jp/policy/mono_info_service/joho/conference/semicon_digital/0016/0016.html,,,403,2026-09-27,registration,0,,,,初版2021-06-04・改訂2023-06-06（当時のプレス頁は削除済み、月単位は検討会議頁で確認）
TARIFF-2026-07-23,TARIFF,impose,1,2026-07-23,,2026-07-23,,,US,2026-07-23,0,0,-1,301条調査に基づく措置（日本を含む多国）,"Presidential memorandum on Section 301 investigations of 50+ economies incl. Japan: 10%/12.5% tariffs (net of MFN for Japan, EU, Korea, Switzerland, Taiwan) and textile TRQs",特朗普签署备忘录，就USTR对多个经济体（含日本）的301条调查采取措施：对相关商品加征10%或12.5%的301条关税（对日本、欧盟等按扣除最惠国税率后的净额，与既有互惠协定一致），并设立纺织品关税配额。,,https://www.whitehouse.gov/presidential-actions/2026/07/actions-by-the-united-states-in-the-investigations-under-section-301-of-the-trade-act-of-1974/,2026-09-27,6631789f,200,2026-09-27,registration,0,,,,"time_local = whitehouse.gov article:published_time meta (UTC converted to ET), not a stated release time. FR 2026-07-28 (91 FR 47717). Succeeds the Section 122 surcharge that expired July 24, 2026."
TARIFF-2026-07-24,TARIFF,relief,-1,2026-07-24,,2026-07-24,,,US,2026-07-24,0,1,1,122条課徴金の失効,Section 122 import surcharge expires (150-day limit),依据第122条征收的10%临时附加关税于150天期满后自动终止。,,https://www.whitehouse.gov/presidential-actions/2026/02/imposing-a-temporary-import-surcharge-to-address-fundamental-international-payments-problems/,2026-09-27,b9cc626b,200,2026-09-27,registration,0,,,,"Expiry date stated in Proclamation 11012 (""through 12:01 a.m. EDT on July 24, 2026""); no separate official expiry notice fetched."
CTRL_FOMC_OTHER-2026-07-29,CTRL_FOMC_OTHER,other,0,2026-07-29,14:00,2026-07-30,03:00,official_page,US,2026-07-29,0,0,0,FOMC（サイクル転換なし）,Federal Reserve issues FOMC statement,hold: target unchanged at 3.50-3.75%; meeting: July 28-29; released 2:00 p.m. EDT,,https://www.federalreserve.gov/newsevents/pressreleases/monetary20260729a.htm,2026-09-27,9d8eecdd,200,2026-09-27,registration,0,,,,対照池
CTRL_BOJ_NOCHG-2026-07-31,CTRL_BOJ_NOCHG,no_change,0,2026-07-31,12:00,2026-07-31,12:00,class_default,JP,2026-07-31,0,0,0,日銀金融政策決定会合（変更なし）,Statement on Monetary Policy,rate unchanged 1.0% (8-1),,https://www.boj.or.jp/en/mopo/mpmdeci/mpr_2026/k260731a.pdf,2026-09-27,f862844f,200,2026-09-27,registration,0,,,,対照池
TSE_GOV-2026-08-12,TSE_GOV,request,1,2026-08-12,,2026-08-12,,,JP,2026-08-12,0,0,1,投資家が評価する「取組みの進展が見られる企業」一覧等を公表,"TSE publishes investor and company survey results and ""List of Companies Demonstrating Meaningful Progress as Evaluated by Investors""",东证公布企业与机构投资者问卷结果，以及投资者评价“取得进展的企业”名单。,,https://www.jpx.co.jp/english/equities/follow-up/02.html,2026-09-27,53ec0932,200,2026-09-27,registration,0,,,,"Page: ""published on August 12, 2026"". Survey period June 12–July 24, 2026."
MOF_FX-2026-08-28,MOF_FX,yen_buy,1,2026-08-28,,2026-08-28,,,JP,2026-08-28,0,0,-1,円買い介入（2026年7〜8月、月次公表）,"Yen-buying intervention (Jul–Aug 2026, monthly release)","財務省月次公表：2026年7月30日〜8月27日の介入実績 ¥153,993 億円（逐日実施日は四半期公表待ち）",153993,https://www.mof.go.jp/policy/international_policy/reference/feio/foreign_exchange_intervention_operations.csv,,,200_nodate,2026-09-27,registration,1,daily_pending：逐日实施日未公布，公布后按回合规则新增行并写 supersedes,,,known_on = 月次公表日
FED_TURN-2026-09-16,FED_TURN,first_hike,1,2026-09-16,14:00,2026-09-17,03:00,official_page,US,2026-09-16,0,0,-1,FOMC（利上げ / 利下げサイクルの起点）,Federal Reserve issues FOMC statement,target raised 25bp to 3.75-4.00%; meeting: September 15-16*; first hike since 2023-07-26; verified on statement page (12-0 vote); released 2:00 p.m. EDT,,https://www.federalreserve.gov/newsevents/pressreleases/monetary20260916a.htm,2026-09-27,466d482a,200,2026-09-27,registration,0,,,,
BOJ_CHANGE-2026-09-18,BOJ_CHANGE,tighten,1,2026-09-18,12:00,2026-09-18,12:00,class_default,JP,2026-09-18,0,0,-1,利上げ（1.25%）,Rate hike to 1.25%,政策利率1.0%→1.25%（7対2，2026-09-24适用）；基準貸付利率1.5%；気候変動オペ変動金利化,,https://www.boj.or.jp/en/mopo/mpmdeci/mpr_2026/k260918a.pdf,2026-09-27,36d7aa63,200,2026-09-27,registration,0,,,,
